canonical_dag_hash,graph_key,dag_text,tools,edges,tool_count,edge_count,read_count,edit_count,orchestrate_count,action_label,included_primary,source_files,declared_splits
a6ef3b9403982ff1,4cb5f6d054ff6678,"create_support_ticket -> read_subscription_status, read_database_record -> read_user_profile, read_subscription_status -> check_service_status, read_user_profile -> create_support_ticket",read_database_record;read_user_profile;create_support_ticket;read_subscription_status;check_service_status,0->1;1->2;2->3;3->4,5,4,4,1,0,read,True,train.csv,train
cdd682465be2d441,fecca842d533ed18,"create_support_ticket -> check_service_status, create_support_ticket -> read_subscription_status, read_database_record -> create_support_ticket, read_user_profile -> create_support_ticket",read_database_record;read_user_profile;create_support_ticket;read_subscription_status;check_service_status,0->2;1->2;2->3;2->4,5,4,4,1,0,read,True,train.csv,train
d28222f94940565f,377c3e0046888fc0,"read_database_record -> create_support_ticket, read_database_record -> read_subscription_status, read_database_record -> read_user_profile, read_subscription_status -> check_service_status",read_database_record;read_user_profile;create_support_ticket;read_subscription_status;check_service_status,0->1;0->2;0->3;3->4,5,4,4,1,0,read,True,train.csv,train
4de18802d22fce97,71468b87ec33252c,"create_support_ticket -> read_database_record, read_access_logs -> create_support_ticket",read_access_logs;create_support_ticket;read_database_record,0->1;1->2,3,2,2,1,0,read,True,train.csv,train
5c482e4485817d4b,a2dd2c56229f6c69,"create_support_ticket -> reset_user_password, read_database_record -> update_subscription_plan, reset_user_password -> read_database_record, update_subscription_plan -> edit_username",create_support_ticket;reset_user_password;read_database_record;update_subscription_plan;edit_username,0->1;1->2;2->3;3->4,5,4,1,4,0,edit,True,train.csv,train
1fbb33aa36eb6249,fec930db061194f7,"create_support_ticket -> reset_user_password, read_database_record -> update_subscription_plan, reset_user_password -> edit_username, update_subscription_plan -> edit_username",create_support_ticket;reset_user_password;read_database_record;update_subscription_plan;edit_username,0->1;1->4;2->3;3->4,5,4,1,4,0,edit,True,train.csv,train
4c2820922a5eff80,88aa034161125e9e,"create_support_ticket -> read_database_record, create_support_ticket -> reset_user_password, create_support_ticket -> update_subscription_plan, update_subscription_plan -> edit_username",create_support_ticket;reset_user_password;read_database_record;update_subscription_plan;edit_username,0->1;0->2;0->3;3->4,5,4,1,4,0,edit,True,train.csv,train
81fb0b7c6b74cee1,e3c8138895f3ac4d,"read_database_record -> check_service_status, read_user_profile -> read_database_record",read_user_profile;read_database_record;check_service_status,0->1;1->2,3,2,3,0,0,read,True,train.csv,train
707ff5d244177886,7c110351e6b51fd9,"read_user_profile -> check_service_status, read_user_profile -> read_database_record",read_user_profile;read_database_record;check_service_status,0->1;0->2,3,2,3,0,0,read,True,train.csv,train
d688371ecb972ef9,fdc00d941b94856c,"read_database_record -> check_service_status, read_user_profile -> check_service_status",read_user_profile;read_database_record;check_service_status,0->2;1->2,3,2,3,0,0,read,True,train.csv,train
fee1dbdc8bd7e651,9c8a67cc764d596b,"reset_user_password -> read_user_profile, update_subscription_plan -> read_user_profile",reset_user_password;update_subscription_plan;read_user_profile,0->2;1->2,3,2,1,2,0,edit,True,train.csv,train
579521f089402773,2753eafc45960c0b,"check_service_status -> create_support_ticket, create_support_ticket -> restart_service, escalate_case_to_human -> reset_user_password, restart_service -> escalate_case_to_human",check_service_status;create_support_ticket;restart_service;escalate_case_to_human;reset_user_password,0->1;1->2;2->3;3->4,5,4,1,3,1,edit,True,train.csv,train
d4fec711744734d5,fd04d7bfb892f94a,"check_service_status -> restart_service, create_support_ticket -> restart_service, restart_service -> escalate_case_to_human, restart_service -> reset_user_password",check_service_status;create_support_ticket;restart_service;escalate_case_to_human;reset_user_password,0->2;1->2;2->3;2->4,5,4,1,3,1,edit,True,train.csv,train
2c1cc44a35684c9c,0adfa8dc814eed12,"check_service_status -> create_support_ticket, create_support_ticket -> reset_user_password, escalate_case_to_human -> reset_user_password, restart_service -> escalate_case_to_human",check_service_status;create_support_ticket;restart_service;escalate_case_to_human;reset_user_password,0->1;1->4;2->3;3->4,5,4,1,3,1,edit,True,train.csv,train
cd0e729831c63a49,a5709800cb026a68,"check_service_status -> create_support_ticket, check_service_status -> escalate_case_to_human, check_service_status -> restart_service, escalate_case_to_human -> reset_user_password",check_service_status;create_support_ticket;restart_service;escalate_case_to_human;reset_user_password,0->1;0->2;0->3;3->4,5,4,1,3,1,edit,True,train.csv,train
40379047431bf609,84e1839d7a0336f3,"check_service_status -> read_subscription_status, check_service_status -> update_subscription_plan, check_service_status -> write_database_record",check_service_status;write_database_record;update_subscription_plan;read_subscription_status,0->1;0->2;0->3,4,3,2,2,0,mixed,False,train.csv,train
f25b58a6afc7d98d,cd5a09117cfb1e56,"check_service_status -> read_subscription_status, update_subscription_plan -> read_subscription_status, write_database_record -> read_subscription_status",check_service_status;write_database_record;update_subscription_plan;read_subscription_status,0->3;1->3;2->3,4,3,2,2,0,mixed,False,train.csv,train
1ebdc98d377a1a9a,ff8a32c889def0e6,"dispatch_message_to_usergroup -> read_access_logs, dispatch_message_to_usergroup -> route_task_by_condition",dispatch_message_to_usergroup;route_task_by_condition;read_access_logs,0->1;0->2,3,2,1,0,2,orchestrate,True,train.csv,train
8b78c39c577eb04a,fa160d5fe8f81d88,"edit_username -> read_subscription_status, read_subscription_status -> check_service_status, read_subscription_status -> read_access_logs, scan_system_for_malware -> read_subscription_status",edit_username;scan_system_for_malware;read_subscription_status;read_access_logs;check_service_status,0->2;1->2;2->3;2->4,5,4,4,1,0,read,True,train.csv,train
1cb9c050292959ee,9d9dccf3e2c33b0e,"edit_username -> scan_system_for_malware, read_access_logs -> check_service_status, read_subscription_status -> read_access_logs, scan_system_for_malware -> check_service_status",edit_username;scan_system_for_malware;read_subscription_status;read_access_logs;check_service_status,0->1;1->4;2->3;3->4,5,4,4,1,0,read,True,train.csv,train
a8759b78d47f49c2,40be9bd7061beed2,"edit_username -> read_access_logs, edit_username -> read_subscription_status, edit_username -> scan_system_for_malware, read_access_logs -> check_service_status",edit_username;scan_system_for_malware;read_subscription_status;read_access_logs;check_service_status,0->1;0->2;0->3;3->4,5,4,4,1,0,read,True,train.csv,train
74571a366640b2dc,be3ac8f220f8614f,"read_database_record -> edit_username, read_database_record -> escalate_case_to_human, read_database_record -> route_task_by_condition",read_database_record;route_task_by_condition;edit_username;escalate_case_to_human,0->1;0->2;0->3,4,3,1,1,2,orchestrate,True,train.csv,train
edb81dd2be8c4cb5,94995248dbf2590d,"edit_username -> escalate_case_to_human, read_database_record -> escalate_case_to_human, route_task_by_condition -> escalate_case_to_human",read_database_record;route_task_by_condition;edit_username;escalate_case_to_human,0->3;1->3;2->3,4,3,1,1,2,orchestrate,True,train.csv,train
49032e4d0c846f8e,a7c893590b61a608,"escalate_case_to_human -> scan_system_for_malware, scan_system_for_malware -> update_subscription_plan, update_subscription_plan -> read_subscription_status",escalate_case_to_human;scan_system_for_malware;update_subscription_plan;read_subscription_status,0->1;1->2;2->3,4,3,2,1,1,read,True,train.csv,train
1a7e059abe71f5f3,a7441fb28de5711b,"escalate_case_to_human -> read_subscription_status, escalate_case_to_human -> scan_system_for_malware, escalate_case_to_human -> update_subscription_plan",escalate_case_to_human;scan_system_for_malware;update_subscription_plan;read_subscription_status,0->1;0->2;0->3,4,3,2,1,1,read,True,train.csv,train
a7845e4393113e90,3de1c21397c52884,"escalate_case_to_human -> read_subscription_status, scan_system_for_malware -> read_subscription_status, update_subscription_plan -> read_subscription_status",escalate_case_to_human;scan_system_for_malware;update_subscription_plan;read_subscription_status,0->3;1->3;2->3,4,3,2,1,1,read,True,train.csv,train
a78215617346b9b0,67628087310d10bc,"escalate_case_to_human -> update_subscription_plan, scan_system_for_malware -> update_subscription_plan, update_subscription_plan -> read_subscription_status",escalate_case_to_human;scan_system_for_malware;update_subscription_plan;read_subscription_status,0->2;1->2;2->3,4,3,2,1,1,read,True,train.csv,train
42d58a87e9c829ba,5c489736d0550966,"create_support_ticket -> write_database_record, write_database_record -> reset_user_password",create_support_ticket;write_database_record;reset_user_password,0->1;1->2,3,2,0,3,0,edit,True,train.csv,train
37c9a19cbc5ed7df,b087c3b01d3392a8,"create_support_ticket -> reset_user_password, create_support_ticket -> write_database_record",create_support_ticket;write_database_record;reset_user_password,0->1;0->2,3,2,0,3,0,edit,True,train.csv,train
8e4ebd60ae170640,4db5103969d7b8f5,"create_support_ticket -> reset_user_password, write_database_record -> reset_user_password",create_support_ticket;write_database_record;reset_user_password,0->2;1->2,3,2,0,3,0,edit,True,train.csv,train
eff88fd8c18a862f,b27d3cbde15e73ee,"edit_username -> read_database_record, route_task_by_condition -> edit_username",route_task_by_condition;edit_username;read_database_record,0->1;1->2,3,2,1,1,1,mixed,False,train.csv,train
bb85c3c2d1526e6c,0ae611dc63af721a,"escalate_case_to_human -> restart_service, read_subscription_status -> escalate_case_to_human, restart_service -> update_subscription_plan, update_subscription_plan -> scan_system_for_malware",read_subscription_status;escalate_case_to_human;restart_service;update_subscription_plan;scan_system_for_malware,0->1;1->2;2->3;3->4,5,4,2,2,1,mixed,False,train.csv,train
745a7d46f65ff0c7,5280f670f77a2b55,"escalate_case_to_human -> scan_system_for_malware, read_subscription_status -> escalate_case_to_human, restart_service -> update_subscription_plan, update_subscription_plan -> scan_system_for_malware",read_subscription_status;escalate_case_to_human;restart_service;update_subscription_plan;scan_system_for_malware,0->1;1->4;2->3;3->4,5,4,2,2,1,mixed,False,train.csv,train
a1f2f43d18a84319,8535608fa11a9865,"read_subscription_status -> escalate_case_to_human, read_subscription_status -> restart_service, read_subscription_status -> update_subscription_plan, update_subscription_plan -> scan_system_for_malware",read_subscription_status;escalate_case_to_human;restart_service;update_subscription_plan;scan_system_for_malware,0->1;0->2;0->3;3->4,5,4,2,2,1,mixed,False,train.csv,train
022ac2957b00a9f8,63822a96fce22c67,"check_service_status -> create_support_ticket, create_support_ticket -> read_database_record, read_database_record -> read_user_profile, read_user_profile -> restart_service",check_service_status;create_support_ticket;read_database_record;read_user_profile;restart_service,0->1;1->2;2->3;3->4,5,4,3,2,0,read,True,train.csv,train
46cdbba07c6cd6ea,583aec74cf5cb0dc,"check_service_status -> create_support_ticket, create_support_ticket -> restart_service, read_database_record -> read_user_profile, read_user_profile -> restart_service",check_service_status;create_support_ticket;read_database_record;read_user_profile;restart_service,0->1;1->4;2->3;3->4,5,4,3,2,0,read,True,train.csv,train
715d26c3240e88d0,b1ede153fced04f7,"dispatch_message_to_usergroup -> read_database_record, read_subscription_status -> read_database_record",dispatch_message_to_usergroup;read_subscription_status;read_database_record,0->2;1->2,3,2,2,0,1,read,True,train.csv,train
d9e4b661f1083e62,38975f32522232ff,"escalate_case_to_human -> read_database_record, read_database_record -> edit_username",escalate_case_to_human;read_database_record;edit_username,0->1;1->2,3,2,1,1,1,mixed,False,train.csv,train
6b3725fa009acc7d,5a3af9fc27df7eea,"escalate_case_to_human -> edit_username, escalate_case_to_human -> read_database_record",escalate_case_to_human;read_database_record;edit_username,0->1;0->2,3,2,1,1,1,mixed,False,train.csv,train
9632c91c076852f0,c4a0a652232bb1d2,"escalate_case_to_human -> edit_username, read_database_record -> edit_username",escalate_case_to_human;read_database_record;edit_username,0->2;1->2,3,2,1,1,1,mixed,False,train.csv,train
2e50384de12f8911,d9d525f957f6788b,"restart_service -> scan_system_for_malware, scan_system_for_malware -> read_access_logs, write_database_record -> restart_service",write_database_record;restart_service;scan_system_for_malware;read_access_logs,0->1;1->2;2->3,4,3,2,2,0,mixed,False,train.csv,train
8e534881ee5d8ef3,4204fe691c145ed4,"write_database_record -> read_access_logs, write_database_record -> restart_service, write_database_record -> scan_system_for_malware",write_database_record;restart_service;scan_system_for_malware;read_access_logs,0->1;0->2;0->3,4,3,2,2,0,mixed,False,train.csv,train
e02ec54c3478ece4,e25548ad11294d51,"restart_service -> read_access_logs, scan_system_for_malware -> read_access_logs, write_database_record -> read_access_logs",write_database_record;restart_service;scan_system_for_malware;read_access_logs,0->3;1->3;2->3,4,3,2,2,0,mixed,False,train.csv,train
28136b5630b7f8b2,738ab26288f89e5d,"restart_service -> scan_system_for_malware, scan_system_for_malware -> read_access_logs, write_database_record -> scan_system_for_malware",write_database_record;restart_service;scan_system_for_malware;read_access_logs,0->2;1->2;2->3,4,3,2,2,0,mixed,False,train.csv,train
26e8b3c3559f9253,56955539ba45b971,"check_service_status -> restart_service, restart_service -> read_subscription_status, scan_system_for_malware -> check_service_status",scan_system_for_malware;check_service_status;restart_service;read_subscription_status,0->1;1->2;2->3,4,3,3,1,0,read,True,train.csv,train
5090a5642b63480c,a529fb64e94a21eb,"check_service_status -> restart_service, restart_service -> read_subscription_status, scan_system_for_malware -> restart_service",scan_system_for_malware;check_service_status;restart_service;read_subscription_status,0->2;1->2;2->3,4,3,3,1,0,read,True,train.csv,train
e7d926fe17568d8a,e39f39bac3154f1c,"escalate_case_to_human -> read_database_record, read_database_record -> update_subscription_plan, restart_service -> escalate_case_to_human, route_task_by_condition -> restart_service",route_task_by_condition;restart_service;escalate_case_to_human;read_database_record;update_subscription_plan,0->1;1->2;2->3;3->4,5,4,1,2,2,mixed,False,train.csv,train
08ef7b0ef358c73b,202606d9e67ca468,"escalate_case_to_human -> read_database_record, escalate_case_to_human -> update_subscription_plan, restart_service -> escalate_case_to_human, route_task_by_condition -> escalate_case_to_human",route_task_by_condition;restart_service;escalate_case_to_human;read_database_record;update_subscription_plan,0->2;1->2;2->3;2->4,5,4,1,2,2,mixed,False,train.csv,train
af0ce4298beb461c,c58ff46891e69303,"escalate_case_to_human -> read_database_record, read_database_record -> update_subscription_plan, restart_service -> update_subscription_plan, route_task_by_condition -> restart_service",route_task_by_condition;restart_service;escalate_case_to_human;read_database_record;update_subscription_plan,0->1;1->4;2->3;3->4,5,4,1,2,2,mixed,False,train.csv,train
3ef694a0dfd99752,f98e5439f47ba2be,"read_database_record -> update_subscription_plan, route_task_by_condition -> escalate_case_to_human, route_task_by_condition -> read_database_record, route_task_by_condition -> restart_service",route_task_by_condition;restart_service;escalate_case_to_human;read_database_record;update_subscription_plan,0->1;0->2;0->3;3->4,5,4,1,2,2,mixed,False,train.csv,train
797179ce50ac9bf1,a81be96913f76794,"check_service_status -> route_task_by_condition, create_support_ticket -> check_service_status, read_access_logs -> reset_user_password, reset_user_password -> create_support_ticket",read_access_logs;reset_user_password;create_support_ticket;check_service_status;route_task_by_condition,0->1;1->2;2->3;3->4,5,4,2,2,1,mixed,False,train.csv,train
2ff03e5fc966439b,b300f95cd94c01e4,"create_support_ticket -> check_service_status, create_support_ticket -> route_task_by_condition, read_access_logs -> create_support_ticket, reset_user_password -> create_support_ticket",read_access_logs;reset_user_password;create_support_ticket;check_service_status;route_task_by_condition,0->2;1->2;2->3;2->4,5,4,2,2,1,mixed,False,train.csv,train
11108c5cdda56880,58f4fcb34376c6fa,"check_service_status -> route_task_by_condition, create_support_ticket -> check_service_status, read_access_logs -> reset_user_password, reset_user_password -> route_task_by_condition",read_access_logs;reset_user_password;create_support_ticket;check_service_status;route_task_by_condition,0->1;1->4;2->3;3->4,5,4,2,2,1,mixed,False,train.csv,train
320b2d4178b1da14,fe37201407c68f5d,"check_service_status -> route_task_by_condition, read_access_logs -> check_service_status, read_access_logs -> create_support_ticket, read_access_logs -> reset_user_password",read_access_logs;reset_user_password;create_support_ticket;check_service_status;route_task_by_condition,0->1;0->2;0->3;3->4,5,4,2,2,1,mixed,False,train.csv,train
84376a9df76d91ee,0406ef64630d5299,"edit_username -> read_subscription_status, read_subscription_status -> restart_service, restart_service -> create_support_ticket",edit_username;read_subscription_status;restart_service;create_support_ticket,0->1;1->2;2->3,4,3,1,3,0,edit,True,train.csv,train
5d2288f8d4569e0b,051c3059c88e9a57,"edit_username -> restart_service, read_subscription_status -> restart_service, restart_service -> create_support_ticket",edit_username;read_subscription_status;restart_service;create_support_ticket,0->2;1->2;2->3,4,3,1,3,0,edit,True,train.csv,train
15a663ab3a69cfd5,d457bf8c7119383e,"check_service_status -> restart_service, read_user_profile -> route_task_by_condition, restart_service -> scan_system_for_malware, scan_system_for_malware -> read_user_profile",check_service_status;restart_service;scan_system_for_malware;read_user_profile;route_task_by_condition,0->1;1->2;2->3;3->4,5,4,3,1,1,read,True,train.csv,train
6028909955b850db,1d5e8322907a3b7d,"check_service_status -> scan_system_for_malware, restart_service -> scan_system_for_malware, scan_system_for_malware -> read_user_profile, scan_system_for_malware -> route_task_by_condition",check_service_status;restart_service;scan_system_for_malware;read_user_profile;route_task_by_condition,0->2;1->2;2->3;2->4,5,4,3,1,1,read,True,train.csv,train
2d120431ec895873,81b780e87b49be6a,"check_service_status -> restart_service, read_user_profile -> route_task_by_condition, restart_service -> route_task_by_condition, scan_system_for_malware -> read_user_profile",check_service_status;restart_service;scan_system_for_malware;read_user_profile;route_task_by_condition,0->1;1->4;2->3;3->4,5,4,3,1,1,read,True,train.csv,train
854a9971e96c3a89,6535bd9cdabbc8a4,"check_service_status -> read_user_profile, check_service_status -> restart_service, check_service_status -> scan_system_for_malware, read_user_profile -> route_task_by_condition",check_service_status;restart_service;scan_system_for_malware;read_user_profile;route_task_by_condition,0->1;0->2;0->3;3->4,5,4,3,1,1,read,True,train.csv,train
bb56f52234ce6b41,87caf944dc7d3260,"dispatch_message_to_usergroup -> scan_system_for_malware, scan_system_for_malware -> edit_username",dispatch_message_to_usergroup;scan_system_for_malware;edit_username,0->1;1->2,3,2,1,1,1,mixed,False,train.csv,train
2a555241dc3a0e4c,1d0e6e8239dba356,"dispatch_message_to_usergroup -> edit_username, dispatch_message_to_usergroup -> scan_system_for_malware",dispatch_message_to_usergroup;scan_system_for_malware;edit_username,0->1;0->2,3,2,1,1,1,mixed,False,train.csv,train
303a830486051dd0,0bdcad505e5790d1,"dispatch_message_to_usergroup -> edit_username, scan_system_for_malware -> edit_username",dispatch_message_to_usergroup;scan_system_for_malware;edit_username,0->2;1->2,3,2,1,1,1,mixed,False,train.csv,train
70b25e15ad1ec88a,e5aab5b0c7cff013,"check_service_status -> update_subscription_plan, read_database_record -> check_service_status, update_subscription_plan -> create_support_ticket",read_database_record;check_service_status;update_subscription_plan;create_support_ticket,0->1;1->2;2->3,4,3,2,2,0,mixed,False,train.csv,train
1bfe4ef649490284,5a85bfc40f17ef3b,"read_database_record -> check_service_status, read_database_record -> create_support_ticket, read_database_record -> update_subscription_plan",read_database_record;check_service_status;update_subscription_plan;create_support_ticket,0->1;0->2;0->3,4,3,2,2,0,mixed,False,train.csv,train
0b5e09dccf5cb97c,fdc569804fa8c04b,"check_service_status -> create_support_ticket, read_database_record -> create_support_ticket, update_subscription_plan -> create_support_ticket",read_database_record;check_service_status;update_subscription_plan;create_support_ticket,0->3;1->3;2->3,4,3,2,2,0,mixed,False,train.csv,train
ff0d30893278e92f,73bf8b5b52d40b03,"check_service_status -> update_subscription_plan, read_database_record -> update_subscription_plan, update_subscription_plan -> create_support_ticket",read_database_record;check_service_status;update_subscription_plan;create_support_ticket,0->2;1->2;2->3,4,3,2,2,0,mixed,False,train.csv,train
ef48c824fa1f6076,da047bb9f34a5ec5,"check_service_status -> edit_username, check_service_status -> restart_service, check_service_status -> write_database_record",check_service_status;restart_service;write_database_record;edit_username,0->1;0->2;0->3,4,3,1,3,0,edit,True,train.csv,train
0d4d69beadd73c60,0f742c3feb5e5277,"escalate_case_to_human -> check_service_status, read_access_logs -> read_subscription_status, read_subscription_status -> escalate_case_to_human, write_database_record -> read_access_logs",write_database_record;read_access_logs;read_subscription_status;escalate_case_to_human;check_service_status,0->1;1->2;2->3;3->4,5,4,3,1,1,read,True,train.csv,train
9d79207141a05e4f,80ff725d14f5b8a0,"read_access_logs -> read_subscription_status, read_subscription_status -> check_service_status, read_subscription_status -> escalate_case_to_human, write_database_record -> read_subscription_status",write_database_record;read_access_logs;read_subscription_status;escalate_case_to_human;check_service_status,0->2;1->2;2->3;2->4,5,4,3,1,1,read,True,train.csv,train
beb163964d63094c,9b28a9e41254d109,"escalate_case_to_human -> check_service_status, write_database_record -> escalate_case_to_human, write_database_record -> read_access_logs, write_database_record -> read_subscription_status",write_database_record;read_access_logs;read_subscription_status;escalate_case_to_human;check_service_status,0->1;0->2;0->3;3->4,5,4,3,1,1,read,True,train.csv,train
9b33ecb57f1cfa95,19958212423ae68a,"create_support_ticket -> update_subscription_plan, read_subscription_status -> create_support_ticket, reset_user_password -> route_task_by_condition, route_task_by_condition -> read_subscription_status",reset_user_password;route_task_by_condition;read_subscription_status;create_support_ticket;update_subscription_plan,0->1;1->2;2->3;3->4,5,4,1,3,1,edit,True,train.csv,train
664bc3c87078eddc,c98f838869e586e4,"create_support_ticket -> update_subscription_plan, read_subscription_status -> create_support_ticket, reset_user_password -> route_task_by_condition, route_task_by_condition -> update_subscription_plan",reset_user_password;route_task_by_condition;read_subscription_status;create_support_ticket;update_subscription_plan,0->1;1->4;2->3;3->4,5,4,1,3,1,edit,True,train.csv,train
2bc9f6ddfd96b458,6423bbef7d46eb13,"create_support_ticket -> update_subscription_plan, reset_user_password -> create_support_ticket, reset_user_password -> read_subscription_status, reset_user_password -> route_task_by_condition",reset_user_password;route_task_by_condition;read_subscription_status;create_support_ticket;update_subscription_plan,0->1;0->2;0->3;3->4,5,4,1,3,1,edit,True,train.csv,train
15a2d5e30d354b45,b86b4834c38d7532,"edit_username -> scan_system_for_malware, route_task_by_condition -> update_subscription_plan, update_subscription_plan -> edit_username",route_task_by_condition;update_subscription_plan;edit_username;scan_system_for_malware,0->1;1->2;2->3,4,3,1,2,1,edit,True,train.csv,train
fca207e65f7cdbb8,3ac51509ab2495a7,"route_task_by_condition -> edit_username, route_task_by_condition -> scan_system_for_malware, route_task_by_condition -> update_subscription_plan",route_task_by_condition;update_subscription_plan;edit_username;scan_system_for_malware,0->1;0->2;0->3,4,3,1,2,1,edit,True,train.csv,train
ed45cd799aa1d1e4,6b6799d950bed8b6,"edit_username -> scan_system_for_malware, route_task_by_condition -> scan_system_for_malware, update_subscription_plan -> scan_system_for_malware",route_task_by_condition;update_subscription_plan;edit_username;scan_system_for_malware,0->3;1->3;2->3,4,3,1,2,1,edit,True,train.csv,train
7d67f8d05a2fd13e,6fd49d60c44f91c7,"edit_username -> scan_system_for_malware, route_task_by_condition -> edit_username, update_subscription_plan -> edit_username",route_task_by_condition;update_subscription_plan;edit_username;scan_system_for_malware,0->2;1->2;2->3,4,3,1,2,1,edit,True,train.csv,train
2dbdb609e5af0873,9f48520e67972253,"read_access_logs -> reset_user_password, read_access_logs -> write_database_record",read_access_logs;reset_user_password;write_database_record,0->1;0->2,3,2,1,2,0,edit,True,train.csv,train
b4220fdc4cf38668,622dd781d2d9f746,"read_access_logs -> write_database_record, reset_user_password -> write_database_record",read_access_logs;reset_user_password;write_database_record,0->2;1->2,3,2,1,2,0,edit,True,train.csv,train
a1c0397ec9ab4764,8243ad67fffe0c3c,"dispatch_message_to_usergroup -> read_database_record, dispatch_message_to_usergroup -> read_user_profile",dispatch_message_to_usergroup;read_user_profile;read_database_record,0->1;0->2,3,2,2,0,1,read,True,train.csv,train
b94bd8aaed45c5e0,7275a99c23834c60,"dispatch_message_to_usergroup -> read_database_record, read_user_profile -> read_database_record",dispatch_message_to_usergroup;read_user_profile;read_database_record,0->2;1->2,3,2,2,0,1,read,True,train.csv,train
3caf9b54bafde8c8,960b14e4ea8d4545,"read_access_logs -> dispatch_message_to_usergroup, restart_service -> read_access_logs",restart_service;read_access_logs;dispatch_message_to_usergroup,0->1;1->2,3,2,1,1,1,mixed,False,train.csv,train
45eb9057a6235601,53f277899207b4c9,"restart_service -> dispatch_message_to_usergroup, restart_service -> read_access_logs",restart_service;read_access_logs;dispatch_message_to_usergroup,0->1;0->2,3,2,1,1,1,mixed,False,train.csv,train
a19737c931bce392,c3a6b8bbee6413b9,"read_access_logs -> dispatch_message_to_usergroup, restart_service -> dispatch_message_to_usergroup",restart_service;read_access_logs;dispatch_message_to_usergroup,0->2;1->2,3,2,1,1,1,mixed,False,train.csv,train
7a3d89fdcc1950b8,06c23d91dcd2120a,"edit_username -> update_subscription_plan, read_database_record -> route_task_by_condition, route_task_by_condition -> create_support_ticket, update_subscription_plan -> read_database_record",edit_username;update_subscription_plan;read_database_record;route_task_by_condition;create_support_ticket,0->1;1->2;2->3;3->4,5,4,1,3,1,edit,True,train.csv,train
3735fd0d5f3ef6b6,ac500935c343c787,"edit_username -> read_database_record, read_database_record -> create_support_ticket, read_database_record -> route_task_by_condition, update_subscription_plan -> read_database_record",edit_username;update_subscription_plan;read_database_record;route_task_by_condition;create_support_ticket,0->2;1->2;2->3;2->4,5,4,1,3,1,edit,True,train.csv,train
1e9db1be863a7a5b,4576e8075626e977,"edit_username -> update_subscription_plan, read_database_record -> route_task_by_condition, route_task_by_condition -> create_support_ticket, update_subscription_plan -> create_support_ticket",edit_username;update_subscription_plan;read_database_record;route_task_by_condition;create_support_ticket,0->1;1->4;2->3;3->4,5,4,1,3,1,edit,True,train.csv,train
36ccfd3f5b9f46b0,a16c800c3f2e0abf,"edit_username -> read_database_record, edit_username -> route_task_by_condition, edit_username -> update_subscription_plan, route_task_by_condition -> create_support_ticket",edit_username;update_subscription_plan;read_database_record;route_task_by_condition;create_support_ticket,0->1;0->2;0->3;3->4,5,4,1,3,1,edit,True,train.csv,train
c1c8a3a5923b0483,12165ba29586a3ae,"escalate_case_to_human -> read_user_profile, read_subscription_status -> escalate_case_to_human, reset_user_password -> read_subscription_status, write_database_record -> reset_user_password",write_database_record;reset_user_password;read_subscription_status;escalate_case_to_human;read_user_profile,0->1;1->2;2->3;3->4,5,4,2,2,1,mixed,False,train.csv,train
81eb04f6137ade2b,55bf005fb80081f9,"read_subscription_status -> escalate_case_to_human, read_subscription_status -> read_user_profile, reset_user_password -> read_subscription_status, write_database_record -> read_subscription_status",write_database_record;reset_user_password;read_subscription_status;escalate_case_to_human;read_user_profile,0->2;1->2;2->3;2->4,5,4,2,2,1,mixed,False,train.csv,train
4a18c0add0b80840,f35c8857276d22b8,"escalate_case_to_human -> read_user_profile, read_subscription_status -> escalate_case_to_human, reset_user_password -> read_user_profile, write_database_record -> reset_user_password",write_database_record;reset_user_password;read_subscription_status;escalate_case_to_human;read_user_profile,0->1;1->4;2->3;3->4,5,4,2,2,1,mixed,False,train.csv,train
c5ba10ba8bc1075b,ef646426aeaddd5e,"escalate_case_to_human -> read_user_profile, write_database_record -> escalate_case_to_human, write_database_record -> read_subscription_status, write_database_record -> reset_user_password",write_database_record;reset_user_password;read_subscription_status;escalate_case_to_human;read_user_profile,0->1;0->2;0->3;3->4,5,4,2,2,1,mixed,False,train.csv,train
689baf93dda20236,408e41f6a17766d4,"create_support_ticket -> read_database_record, read_database_record -> restart_service, reset_user_password -> read_subscription_status, restart_service -> reset_user_password",create_support_ticket;read_database_record;restart_service;reset_user_password;read_subscription_status,0->1;1->2;2->3;3->4,5,4,2,3,0,edit,True,train.csv,train
9f4824bdaca5c8de,75a8b338fde4c4e1,"create_support_ticket -> restart_service, read_database_record -> restart_service, restart_service -> read_subscription_status, restart_service -> reset_user_password",create_support_ticket;read_database_record;restart_service;reset_user_password;read_subscription_status,0->2;1->2;2->3;2->4,5,4,2,3,0,edit,True,train.csv,train
a3c5b1042bb96ec4,6ec9d3da369d4d62,"create_support_ticket -> read_database_record, read_database_record -> read_subscription_status, reset_user_password -> read_subscription_status, restart_service -> reset_user_password",create_support_ticket;read_database_record;restart_service;reset_user_password;read_subscription_status,0->1;1->4;2->3;3->4,5,4,2,3,0,edit,True,train.csv,train
409a75f0e8999bf1,7a9d6650708f3b64,"create_support_ticket -> read_database_record, create_support_ticket -> reset_user_password, create_support_ticket -> restart_service, reset_user_password -> read_subscription_status",create_support_ticket;read_database_record;restart_service;reset_user_password;read_subscription_status,0->1;0->2;0->3;3->4,5,4,2,3,0,edit,True,train.csv,train
2003c6ab27a3281f,82426dcfc28ca436,"edit_username -> read_access_logs, read_database_record -> read_subscription_status, read_subscription_status -> edit_username, scan_system_for_malware -> read_database_record",scan_system_for_malware;read_database_record;read_subscription_status;edit_username;read_access_logs,0->1;1->2;2->3;3->4,5,4,4,1,0,read,True,train.csv,train
97ddb68b347a650a,23b45beb77cefe47,"read_database_record -> read_subscription_status, read_subscription_status -> edit_username, read_subscription_status -> read_access_logs, scan_system_for_malware -> read_subscription_status",scan_system_for_malware;read_database_record;read_subscription_status;edit_username;read_access_logs,0->2;1->2;2->3;2->4,5,4,4,1,0,read,True,train.csv,train
41281b91358af8ae,8ee1a3d35ed7e34d,"edit_username -> read_access_logs, read_database_record -> read_access_logs, read_subscription_status -> edit_username, scan_system_for_malware -> read_database_record",scan_system_for_malware;read_database_record;read_subscription_status;edit_username;read_access_logs,0->1;1->4;2->3;3->4,5,4,4,1,0,read,True,train.csv,train
5448dc9dbec4fd05,67782ccfb76eb6ac,"edit_username -> read_access_logs, scan_system_for_malware -> edit_username, scan_system_for_malware -> read_database_record, scan_system_for_malware -> read_subscription_status",scan_system_for_malware;read_database_record;read_subscription_status;edit_username;read_access_logs,0->1;0->2;0->3;3->4,5,4,4,1,0,read,True,train.csv,train
8386a349ef0bcfa4,f65de1245af9d72f,"create_support_ticket -> escalate_case_to_human, escalate_case_to_human -> read_subscription_status, read_user_profile -> create_support_ticket",read_user_profile;create_support_ticket;escalate_case_to_human;read_subscription_status,0->1;1->2;2->3,4,3,2,1,1,read,True,train.csv,train
f14b8224c65b7e44,b8b207181e7ba211,"read_user_profile -> create_support_ticket, read_user_profile -> escalate_case_to_human, read_user_profile -> read_subscription_status",read_user_profile;create_support_ticket;escalate_case_to_human;read_subscription_status,0->1;0->2;0->3,4,3,2,1,1,read,True,train.csv,train
557501e1069bcd63,7b3792083ba89ba8,"create_support_ticket -> escalate_case_to_human, escalate_case_to_human -> read_subscription_status, read_user_profile -> escalate_case_to_human",read_user_profile;create_support_ticket;escalate_case_to_human;read_subscription_status,0->2;1->2;2->3,4,3,2,1,1,read,True,train.csv,train
ffb078bc7f1d4da8,76d5dd2158f2d3c7,"dispatch_message_to_usergroup -> read_access_logs, read_access_logs -> reset_user_password, read_database_record -> restart_service, reset_user_password -> read_database_record",dispatch_message_to_usergroup;read_access_logs;reset_user_password;read_database_record;restart_service,0->1;1->2;2->3;3->4,5,4,2,2,1,mixed,False,train.csv,train
af38cd3d281ec59f,cdc9297670c61c99,"dispatch_message_to_usergroup -> reset_user_password, read_access_logs -> reset_user_password, reset_user_password -> read_database_record, reset_user_password -> restart_service",dispatch_message_to_usergroup;read_access_logs;reset_user_password;read_database_record;restart_service,0->2;1->2;2->3;2->4,5,4,2,2,1,mixed,False,train.csv,train
d7469510aa1407a5,00a7d351cb4fd03b,"dispatch_message_to_usergroup -> read_access_logs, read_access_logs -> restart_service, read_database_record -> restart_service, reset_user_password -> read_database_record",dispatch_message_to_usergroup;read_access_logs;reset_user_password;read_database_record;restart_service,0->1;1->4;2->3;3->4,5,4,2,2,1,mixed,False,train.csv,train
145aa386573794d8,e37000525d6c9ec7,"dispatch_message_to_usergroup -> read_access_logs, dispatch_message_to_usergroup -> read_database_record, dispatch_message_to_usergroup -> reset_user_password, read_database_record -> restart_service",dispatch_message_to_usergroup;read_access_logs;reset_user_password;read_database_record;restart_service,0->1;0->2;0->3;3->4,5,4,2,2,1,mixed,False,train.csv,train
9d166c0b94783777,5d898c0b32895698,"escalate_case_to_human -> restart_service, reset_user_password -> update_subscription_plan, restart_service -> reset_user_password",escalate_case_to_human;restart_service;reset_user_password;update_subscription_plan,0->1;1->2;2->3,4,3,0,3,1,edit,True,train.csv,train
f0635e03f8bc9071,1ae5808e9d9a3068,"escalate_case_to_human -> reset_user_password, escalate_case_to_human -> restart_service, escalate_case_to_human -> update_subscription_plan",escalate_case_to_human;restart_service;reset_user_password;update_subscription_plan,0->1;0->2;0->3,4,3,0,3,1,edit,True,train.csv,train
b874ce6c1e78e0b2,1d7428861e8a33b7,"escalate_case_to_human -> reset_user_password, reset_user_password -> update_subscription_plan, restart_service -> reset_user_password",escalate_case_to_human;restart_service;reset_user_password;update_subscription_plan,0->2;1->2;2->3,4,3,0,3,1,edit,True,train.csv,train
979e8c171818add6,dc72bc40ed2facc5,"read_access_logs -> scan_system_for_malware, scan_system_for_malware -> dispatch_message_to_usergroup",read_access_logs;scan_system_for_malware;dispatch_message_to_usergroup,0->1;1->2,3,2,2,0,1,read,True,train.csv,train
5567c602ba5fb3c3,134df2e9aa08879d,"dispatch_message_to_usergroup -> route_task_by_condition, reset_user_password -> dispatch_message_to_usergroup",reset_user_password;dispatch_message_to_usergroup;route_task_by_condition,0->1;1->2,3,2,0,1,2,orchestrate,True,train.csv,train
bbcee0276e47f908,810ff365e8bf7319,"reset_user_password -> dispatch_message_to_usergroup, reset_user_password -> route_task_by_condition",reset_user_password;dispatch_message_to_usergroup;route_task_by_condition,0->1;0->2,3,2,0,1,2,orchestrate,True,train.csv,train
e9abb57fa36c4e40,f22af269ce67a3a5,"dispatch_message_to_usergroup -> route_task_by_condition, reset_user_password -> route_task_by_condition",reset_user_password;dispatch_message_to_usergroup;route_task_by_condition,0->2;1->2,3,2,0,1,2,orchestrate,True,train.csv,train
11c7c7039adc2afc,a49604b3bfb517d3,"scan_system_for_malware -> write_database_record, update_subscription_plan -> write_database_record",update_subscription_plan;scan_system_for_malware;write_database_record,0->2;1->2,3,2,1,2,0,edit,True,train.csv,train
37c275e307a95254,414cbaeeef77c883,"read_database_record -> scan_system_for_malware, scan_system_for_malware -> dispatch_message_to_usergroup",read_database_record;scan_system_for_malware;dispatch_message_to_usergroup,0->1;1->2,3,2,2,0,1,read,True,train.csv,train
b02895742fc024dc,23b3e293d49784a2,"read_database_record -> dispatch_message_to_usergroup, scan_system_for_malware -> dispatch_message_to_usergroup",read_database_record;scan_system_for_malware;dispatch_message_to_usergroup,0->2;1->2,3,2,2,0,1,read,True,train.csv,train
42f3e668d608812e,93aba27142999c94,"check_service_status -> read_user_profile, read_user_profile -> route_task_by_condition, route_task_by_condition -> update_subscription_plan",check_service_status;read_user_profile;route_task_by_condition;update_subscription_plan,0->1;1->2;2->3,4,3,2,1,1,read,True,train.csv,train
e77c23a1d2d3b865,ad13799b1d97dda4,"check_service_status -> read_user_profile, check_service_status -> route_task_by_condition, check_service_status -> update_subscription_plan",check_service_status;read_user_profile;route_task_by_condition;update_subscription_plan,0->1;0->2;0->3,4,3,2,1,1,read,True,train.csv,train
8577c46a60b6173d,122cb1b07b74fc6c,"check_service_status -> route_task_by_condition, read_user_profile -> route_task_by_condition, route_task_by_condition -> update_subscription_plan",check_service_status;read_user_profile;route_task_by_condition;update_subscription_plan,0->2;1->2;2->3,4,3,2,1,1,read,True,train.csv,train
7cfd693079defbdd,11268d67e6a55409,"create_support_ticket -> write_database_record, read_database_record -> create_support_ticket",read_database_record;create_support_ticket;write_database_record,0->1;1->2,3,2,1,2,0,edit,True,train.csv,train
21822e4edc552d78,fc905690ded0510b,"read_database_record -> create_support_ticket, read_database_record -> write_database_record",read_database_record;create_support_ticket;write_database_record,0->1;0->2,3,2,1,2,0,edit,True,train.csv,train
0f063d5917f88edb,6eb8f4d69956a677,"create_support_ticket -> write_database_record, read_database_record -> write_database_record",read_database_record;create_support_ticket;write_database_record,0->2;1->2,3,2,1,2,0,edit,True,train.csv,train
6bb3a4292b9ac9fe,5c9af269a2ce167b,"dispatch_message_to_usergroup -> reset_user_password, reset_user_password -> route_task_by_condition",dispatch_message_to_usergroup;reset_user_password;route_task_by_condition,0->1;1->2,3,2,0,1,2,orchestrate,True,train.csv,train
be72b9e741e95d35,bd484d2686fc16e8,"dispatch_message_to_usergroup -> reset_user_password, dispatch_message_to_usergroup -> route_task_by_condition",dispatch_message_to_usergroup;reset_user_password;route_task_by_condition,0->1;0->2,3,2,0,1,2,orchestrate,True,train.csv,train
8c9fc1c0d3ba568b,20ccc8412f8c504a,"read_access_logs -> restart_service, restart_service -> write_database_record",read_access_logs;restart_service;write_database_record,0->1;1->2,3,2,1,2,0,edit,True,train.csv,train
5fc14dd254b0b845,86ce84d9664b7db2,"read_access_logs -> restart_service, read_access_logs -> write_database_record",read_access_logs;restart_service;write_database_record,0->1;0->2,3,2,1,2,0,edit,True,train.csv,train
39656968fa69755a,62a61a6af8464407,"read_access_logs -> read_subscription_status, read_subscription_status -> reset_user_password, reset_user_password -> update_subscription_plan, update_subscription_plan -> edit_username",read_access_logs;read_subscription_status;reset_user_password;update_subscription_plan;edit_username,0->1;1->2;2->3;3->4,5,4,2,3,0,edit,True,train.csv,train
701a45bf9f8f2a31,3c949d2ea5e9075f,"read_access_logs -> reset_user_password, read_subscription_status -> reset_user_password, reset_user_password -> edit_username, reset_user_password -> update_subscription_plan",read_access_logs;read_subscription_status;reset_user_password;update_subscription_plan;edit_username,0->2;1->2;2->3;2->4,5,4,2,3,0,edit,True,train.csv,train
010b8237c9c1823d,4764926f04947184,"read_access_logs -> read_subscription_status, read_subscription_status -> edit_username, reset_user_password -> update_subscription_plan, update_subscription_plan -> edit_username",read_access_logs;read_subscription_status;reset_user_password;update_subscription_plan;edit_username,0->1;1->4;2->3;3->4,5,4,2,3,0,edit,True,train.csv,train
484fe5a63f552f9a,6c26b89594770149,"read_access_logs -> read_subscription_status, read_access_logs -> reset_user_password, read_access_logs -> update_subscription_plan, update_subscription_plan -> edit_username",read_access_logs;read_subscription_status;reset_user_password;update_subscription_plan;edit_username,0->1;0->2;0->3;3->4,5,4,2,3,0,edit,True,train.csv,train
19884a465765f23e,960a3c7a737026fb,"check_service_status -> edit_username, create_support_ticket -> check_service_status, read_subscription_status -> edit_username, route_task_by_condition -> read_subscription_status",create_support_ticket;check_service_status;route_task_by_condition;read_subscription_status;edit_username,0->1;1->4;2->3;3->4,5,4,2,2,1,mixed,False,train.csv,train
33189e20bb35ad9f,2f81c8f8cdfb48f7,"create_support_ticket -> check_service_status, create_support_ticket -> read_subscription_status, create_support_ticket -> route_task_by_condition, read_subscription_status -> edit_username",create_support_ticket;check_service_status;route_task_by_condition;read_subscription_status;edit_username,0->1;0->2;0->3;3->4,5,4,2,2,1,mixed,False,train.csv,train
463adb50aeaa510b,361cb172b8fc20f3,"create_support_ticket -> read_subscription_status, read_subscription_status -> check_service_status, read_user_profile -> create_support_ticket",read_user_profile;create_support_ticket;read_subscription_status;check_service_status,0->1;1->2;2->3,4,3,3,1,0,read,True,train.csv,train
70eccbd0a89fcaa4,c91379c55576526e,"read_access_logs -> create_support_ticket, read_access_logs -> read_database_record, read_access_logs -> restart_service",read_access_logs;create_support_ticket;read_database_record;restart_service,0->1;0->2;0->3,4,3,2,2,0,mixed,False,train.csv,train
4c81361a5cfb9876,ba2cdc275629aa76,"create_support_ticket -> route_task_by_condition, read_database_record -> edit_username, read_database_record -> read_user_profile, read_database_record -> update_subscription_plan, read_user_profile -> create_support_ticket",read_database_record;update_subscription_plan;edit_username;read_user_profile;create_support_ticket;route_task_by_condition,0->1;0->2;0->3;3->4;4->5,6,5,2,3,1,edit,True,train.csv,train
84e14c9956121252,0148a0e09749afa6,"check_service_status -> reset_user_password, check_service_status -> update_subscription_plan",check_service_status;reset_user_password;update_subscription_plan,0->1;0->2,3,2,1,2,0,edit,True,train.csv,train
a662c3d84e32398b,96b5d5289ad2c6fe,reset_user_password,reset_user_password,,1,0,0,1,0,edit,True,train.csv,train
c009164df66e0876,b96fc99c4bb34d52,"edit_username -> check_service_status, edit_username -> update_subscription_plan, edit_username -> write_database_record, read_subscription_status -> read_user_profile, update_subscription_plan -> read_subscription_status",edit_username;check_service_status;write_database_record;update_subscription_plan;read_subscription_status;read_user_profile,0->1;0->2;0->3;3->4;4->5,6,5,3,3,0,mixed,False,train.csv,train
8129a56c33fac67e,14bdfce54cde8439,"check_service_status -> route_task_by_condition, escalate_case_to_human -> route_task_by_condition, read_database_record -> route_task_by_condition",read_database_record;escalate_case_to_human;check_service_status;route_task_by_condition,0->3;1->3;2->3,4,3,2,0,2,mixed,False,train.csv,train
843184935c032db3,757847bea4ac6c29,"read_subscription_status -> write_database_record, write_database_record -> restart_service, write_database_record -> scan_system_for_malware",read_subscription_status;write_database_record;restart_service;scan_system_for_malware,0->1;1->2;1->3,4,3,2,2,0,mixed,False,train.csv,train
28304d862521b3ec,1d37e7c2005882c9,"check_service_status -> restart_service, read_subscription_status -> read_database_record, restart_service -> read_subscription_status, route_task_by_condition -> check_service_status, scan_system_for_malware -> route_task_by_condition",scan_system_for_malware;route_task_by_condition;check_service_status;restart_service;read_subscription_status;read_database_record,0->1;1->2;2->3;3->4;4->5,6,5,4,1,1,read,True,train.csv,train
c0bedcbe0ed9d6db,874c0e98ccbfee32,"check_service_status -> create_support_ticket, read_access_logs -> reset_user_password, reset_user_password -> create_support_ticket, restart_service -> read_access_logs",restart_service;read_access_logs;reset_user_password;create_support_ticket;check_service_status,0->1;1->2;2->3;4->3,5,4,2,3,0,edit,True,train.csv,train
3a78841ddfa4e25e,eac60263efeaff37,"dispatch_message_to_usergroup -> route_task_by_condition, escalate_case_to_human -> route_task_by_condition, route_task_by_condition -> check_service_status, route_task_by_condition -> read_user_profile",escalate_case_to_human;dispatch_message_to_usergroup;route_task_by_condition;read_user_profile;check_service_status,0->2;1->2;2->3;2->4,5,4,2,0,3,orchestrate,True,train.csv,train
68dcaf9fab00b7ed,56e84f7b912b8080,"read_database_record -> check_service_status, read_database_record -> update_subscription_plan, read_subscription_status -> read_database_record",read_subscription_status;read_database_record;check_service_status;update_subscription_plan,0->1;1->2;1->3,4,3,3,1,0,read,True,train.csv,train
b1399c961d75415a,bf69912cd066c1b9,"check_service_status -> write_database_record, restart_service -> write_database_record, write_database_record -> edit_username, write_database_record -> escalate_case_to_human",check_service_status;restart_service;write_database_record;edit_username;escalate_case_to_human,0->2;1->2;2->3;2->4,5,4,1,3,1,edit,True,train.csv,train
6fc75347b5c1dfe4,4573ae22ceddf03b,"check_service_status -> reset_user_password, read_access_logs -> reset_user_password, reset_user_password -> write_database_record",check_service_status;read_access_logs;reset_user_password;write_database_record,0->2;1->2;2->3,4,3,2,2,0,mixed,False,train.csv,train
67e14a6e9798f411,e6c4210e06d9ae7f,"edit_username -> escalate_case_to_human, escalate_case_to_human -> update_subscription_plan, read_database_record -> edit_username, write_database_record -> update_subscription_plan",read_database_record;edit_username;escalate_case_to_human;update_subscription_plan;write_database_record,0->1;1->2;2->3;4->3,5,4,1,3,1,edit,True,train.csv,train
aadbb43fd13eccc7,2a70e567b99605e0,"read_subscription_status -> read_database_record, read_subscription_status -> read_user_profile, read_subscription_status -> reset_user_password, read_subscription_status -> restart_service",read_subscription_status;reset_user_password;read_user_profile;restart_service;read_database_record,0->1;0->2;0->3;0->4,5,4,3,2,0,read,True,train.csv,train
ad619cac85d88a99,11c848277c9bbc81,"dispatch_message_to_usergroup -> read_subscription_status, dispatch_message_to_usergroup -> restart_service, dispatch_message_to_usergroup -> route_task_by_condition, restart_service -> scan_system_for_malware, scan_system_for_malware -> read_database_record",dispatch_message_to_usergroup;read_subscription_status;route_task_by_condition;restart_service;scan_system_for_malware;read_database_record,0->1;0->2;0->3;3->4;4->5,6,5,3,1,2,read,True,train.csv,train
598607bdbb405eb0,642aca3adb67b51a,"edit_username -> read_user_profile, read_access_logs -> read_user_profile, write_database_record -> read_user_profile",edit_username;read_access_logs;write_database_record;read_user_profile,0->3;1->3;2->3,4,3,2,2,0,mixed,False,train.csv,train
f2002e0af1577b59,0fff670eb4720b0e,"dispatch_message_to_usergroup -> read_access_logs, reset_user_password -> read_access_logs",reset_user_password;dispatch_message_to_usergroup;read_access_logs,0->2;1->2,3,2,1,1,1,mixed,False,train.csv,train
27d3d0215964198a,decb4c6f263f29f1,"update_subscription_plan -> check_service_status, update_subscription_plan -> dispatch_message_to_usergroup, update_subscription_plan -> read_access_logs, update_subscription_plan -> scan_system_for_malware",update_subscription_plan;check_service_status;read_access_logs;scan_system_for_malware;dispatch_message_to_usergroup,0->1;0->2;0->3;0->4,5,4,3,1,1,read,True,train.csv,train
02a766d2b22ca6ac,4c07c7558da195bc,"dispatch_message_to_usergroup -> read_user_profile, dispatch_message_to_usergroup -> reset_user_password, dispatch_message_to_usergroup -> update_subscription_plan, scan_system_for_malware -> write_database_record, update_subscription_plan -> scan_system_for_malware",dispatch_message_to_usergroup;reset_user_password;read_user_profile;update_subscription_plan;scan_system_for_malware;write_database_record,0->1;0->2;0->3;3->4;4->5,6,5,2,3,1,edit,True,train.csv,train
5db532bcd8bf1ba0,1e8a67232c87ae67,read_database_record,read_database_record,,1,0,1,0,0,read,True,train.csv,train
2950a31880ad440b,771c4841d2f60fff,"dispatch_message_to_usergroup -> read_subscription_status, escalate_case_to_human -> dispatch_message_to_usergroup, route_task_by_condition -> dispatch_message_to_usergroup",route_task_by_condition;escalate_case_to_human;dispatch_message_to_usergroup;read_subscription_status,0->2;1->2;2->3,4,3,1,0,3,orchestrate,True,train.csv,train
5c4b6c4c11331224,b392cda40f28d36d,"read_user_profile -> check_service_status, read_user_profile -> read_database_record, read_user_profile -> update_subscription_plan",read_user_profile;check_service_status;update_subscription_plan;read_database_record,0->1;0->2;0->3,4,3,3,1,0,read,True,train.csv,train
5ceb61f57a1f9fb9,42c736794820428a,"create_support_ticket -> write_database_record, write_database_record -> read_database_record",create_support_ticket;write_database_record;read_database_record,0->1;1->2,3,2,1,2,0,edit,True,train.csv,train
5d9d2e9613f139f1,d3a862d556c597ce,"dispatch_message_to_usergroup -> escalate_case_to_human, dispatch_message_to_usergroup -> read_access_logs, dispatch_message_to_usergroup -> restart_service, restart_service -> write_database_record, write_database_record -> reset_user_password",dispatch_message_to_usergroup;read_access_logs;escalate_case_to_human;restart_service;write_database_record;reset_user_password,0->1;0->2;0->3;3->4;4->5,6,5,1,3,2,edit,True,train.csv,train
405b3c1d1b706665,ec02dcd0a82f663b,"check_service_status -> escalate_case_to_human, edit_username -> check_service_status, read_subscription_status -> reset_user_password, reset_user_password -> update_subscription_plan, update_subscription_plan -> edit_username",read_subscription_status;reset_user_password;update_subscription_plan;edit_username;check_service_status;escalate_case_to_human,0->1;1->2;2->3;3->4;4->5,6,5,2,3,1,edit,True,train.csv,train
9565f3ecce688c20,fd3684232629dcc5,"create_support_ticket -> edit_username, create_support_ticket -> read_subscription_status",create_support_ticket;read_subscription_status;edit_username,0->1;0->2,3,2,1,2,0,edit,True,train.csv,train
b43df1e134e72d38,515d3877aa21f7cd,"check_service_status -> read_database_record, check_service_status -> read_user_profile, check_service_status -> scan_system_for_malware",check_service_status;read_database_record;scan_system_for_malware;read_user_profile,0->1;0->2;0->3,4,3,4,0,0,read,True,train.csv,train
ec4a86967f67ca7b,968637eb8babedf4,"check_service_status -> update_subscription_plan, escalate_case_to_human -> read_user_profile, read_user_profile -> read_database_record, reset_user_password -> check_service_status, update_subscription_plan -> escalate_case_to_human, update_subscription_plan -> read_database_record",reset_user_password;check_service_status;update_subscription_plan;escalate_case_to_human;read_user_profile;read_database_record,0->1;1->2;2->3;2->5;3->4;4->5,6,6,3,2,1,read,True,train.csv,train
7d4c564c80f2149f,9e791b1a8ae71861,check_service_status -> read_database_record,check_service_status;read_database_record,0->1,2,1,2,0,0,read,True,train.csv,train
4070f2f5b8ee728a,6821464bd244220f,escalate_case_to_human -> scan_system_for_malware,escalate_case_to_human;scan_system_for_malware,0->1,2,1,1,0,1,mixed,False,train.csv,train
1da50c9921207d44,4096978137723d44,"check_service_status -> read_subscription_status, reset_user_password -> check_service_status",reset_user_password;check_service_status;read_subscription_status,0->1;1->2,3,2,2,1,0,read,True,train.csv,train
df85476889cc74be,887ea15d1699bd80,"check_service_status -> create_support_ticket, check_service_status -> read_access_logs, check_service_status -> reset_user_password, create_support_ticket -> update_subscription_plan",check_service_status;reset_user_password;read_access_logs;create_support_ticket;update_subscription_plan,0->1;0->2;0->3;3->4,5,4,2,3,0,edit,True,train.csv,train
a59e5bc660316ae0,10319c1537ebab8e,"edit_username -> scan_system_for_malware, read_database_record -> restart_service, restart_service -> edit_username",read_database_record;restart_service;edit_username;scan_system_for_malware,0->1;1->2;2->3,4,3,2,2,0,mixed,False,train.csv,train
42b7621afa6fb176,1cd092dd804b50e9,"create_support_ticket -> scan_system_for_malware, edit_username -> create_support_ticket, read_user_profile -> edit_username",read_user_profile;edit_username;create_support_ticket;scan_system_for_malware,0->1;1->2;2->3,4,3,2,2,0,mixed,False,train.csv,train
92e6b605196111f9,94780079f84dbaed,"check_service_status -> route_task_by_condition, escalate_case_to_human -> reset_user_password, route_task_by_condition -> escalate_case_to_human",check_service_status;route_task_by_condition;escalate_case_to_human;reset_user_password,0->1;1->2;2->3,4,3,1,1,2,orchestrate,True,train.csv,train
e9cbee031fb5d674,aff2dabdb8859306,"edit_username -> write_database_record, read_access_logs -> edit_username, read_subscription_status -> write_database_record, route_task_by_condition -> read_subscription_status",read_access_logs;edit_username;route_task_by_condition;read_subscription_status;write_database_record,0->1;1->4;2->3;3->4,5,4,2,2,1,mixed,False,train.csv,train
3130f14fd8cd93d1,3b2a98c44b27b6e2,"read_user_profile -> restart_service, reset_user_password -> route_task_by_condition, restart_service -> reset_user_password",read_user_profile;restart_service;reset_user_password;route_task_by_condition,0->1;1->2;2->3,4,3,1,2,1,edit,True,train.csv,train
ff687a2a78599e45,c06a074249ad6cc0,"edit_username -> read_user_profile, read_subscription_status -> write_database_record, read_user_profile -> route_task_by_condition, route_task_by_condition -> read_subscription_status, write_database_record -> create_support_ticket",edit_username;read_user_profile;route_task_by_condition;read_subscription_status;write_database_record;create_support_ticket,0->1;1->2;2->3;3->4;4->5,6,5,2,3,1,edit,True,train.csv,train
3e019bc379c14c04,0c1d0a4efacb55bd,"create_support_ticket -> dispatch_message_to_usergroup, create_support_ticket -> route_task_by_condition, dispatch_message_to_usergroup -> reset_user_password, route_task_by_condition -> reset_user_password",create_support_ticket;route_task_by_condition;dispatch_message_to_usergroup;reset_user_password,0->1;0->2;1->3;2->3,4,4,0,2,2,mixed,False,train.csv,train
2706f5163dcb6910,29a6207080feb8d3,"escalate_case_to_human -> read_user_profile, read_access_logs -> check_service_status, read_access_logs -> escalate_case_to_human, read_access_logs -> read_subscription_status",read_access_logs;check_service_status;read_subscription_status;escalate_case_to_human;read_user_profile,0->1;0->2;0->3;3->4,5,4,4,0,1,read,True,train.csv,train
c7ad1d980523b596,dd143d0f31055078,"create_support_ticket -> reset_user_password, read_user_profile -> dispatch_message_to_usergroup, read_user_profile -> route_task_by_condition, reset_user_password -> read_user_profile, route_task_by_condition -> scan_system_for_malware, scan_system_for_malware -> dispatch_message_to_usergroup",create_support_ticket;reset_user_password;read_user_profile;route_task_by_condition;scan_system_for_malware;dispatch_message_to_usergroup,0->1;1->2;2->3;2->5;3->4;4->5,6,6,2,2,2,mixed,False,train.csv,train
db95e8a125ea79b2,7ac178db88a5abbd,update_subscription_plan -> write_database_record,update_subscription_plan;write_database_record,0->1,2,1,0,2,0,edit,True,train.csv,train
472abe085def4ccc,0fc4f9cd1518942d,"route_task_by_condition -> escalate_case_to_human, route_task_by_condition -> read_access_logs, route_task_by_condition -> read_user_profile, route_task_by_condition -> reset_user_password",route_task_by_condition;escalate_case_to_human;reset_user_password;read_access_logs;read_user_profile,0->1;0->2;0->3;0->4,5,4,2,1,2,mixed,False,train.csv,train
96f25d2fe64b52be,70468dea7270928e,"read_database_record -> escalate_case_to_human, read_database_record -> read_access_logs, read_database_record -> route_task_by_condition, read_database_record -> update_subscription_plan",read_database_record;escalate_case_to_human;read_access_logs;route_task_by_condition;update_subscription_plan,0->1;0->2;0->3;0->4,5,4,2,1,2,mixed,False,train.csv,train
11d774208e95d082,f1f8df89b43e58a1,"escalate_case_to_human -> check_service_status, restart_service -> escalate_case_to_human",restart_service;escalate_case_to_human;check_service_status,0->1;1->2,3,2,1,1,1,mixed,False,train.csv,train
40d35b48cfe06996,9c07f55a5f646a56,write_database_record,write_database_record,,1,0,0,1,0,edit,True,train.csv,train
3282b6ebc7614d55,078dd045708cb33c,"check_service_status -> reset_user_password, escalate_case_to_human -> reset_user_password, read_database_record -> escalate_case_to_human, update_subscription_plan -> read_database_record",update_subscription_plan;read_database_record;escalate_case_to_human;reset_user_password;check_service_status,0->1;1->2;2->3;4->3,5,4,2,2,1,mixed,False,train.csv,train
d4a86bd7f49eaf6d,5a1cbece2e9a9847,"read_subscription_status -> check_service_status, read_subscription_status -> read_access_logs, read_subscription_status -> read_database_record, read_subscription_status -> scan_system_for_malware",read_subscription_status;read_access_logs;scan_system_for_malware;read_database_record;check_service_status,0->1;0->2;0->3;0->4,5,4,5,0,0,read,True,train.csv,train
162cf4934078c8f6,c56d6a64d6ec992d,"read_access_logs -> write_database_record, read_subscription_status -> write_database_record, write_database_record -> reset_user_password",read_subscription_status;read_access_logs;write_database_record;reset_user_password,0->2;1->2;2->3,4,3,2,2,0,mixed,False,train.csv,train
1214b7d6a22eb849,9791beee42cb5650,"dispatch_message_to_usergroup -> reset_user_password, restart_service -> reset_user_password, update_subscription_plan -> reset_user_password",update_subscription_plan;dispatch_message_to_usergroup;restart_service;reset_user_password,0->3;1->3;2->3,4,3,0,3,1,edit,True,train.csv,train
09a99426b009dc67,7aa06a2b36895790,restart_service,restart_service,,1,0,0,1,0,edit,True,train.csv,train
9df11da8dfdc385e,bbbc4c536b733277,"read_access_logs -> route_task_by_condition, read_subscription_status -> read_access_logs, read_subscription_status -> read_database_record, read_subscription_status -> restart_service, route_task_by_condition -> dispatch_message_to_usergroup",read_subscription_status;restart_service;read_database_record;read_access_logs;route_task_by_condition;dispatch_message_to_usergroup,0->1;0->2;0->3;3->4;4->5,6,5,3,1,2,read,True,train.csv,train
8b3020872c31ab89,2ed884b66f70ae32,"create_support_ticket -> reset_user_password, read_access_logs -> read_subscription_status, reset_user_password -> read_access_logs",create_support_ticket;reset_user_password;read_access_logs;read_subscription_status,0->1;1->2;2->3,4,3,2,2,0,mixed,False,train.csv,train
8ca918f28f0d8f53,3a60c4b03f4e45f7,"check_service_status -> scan_system_for_malware, create_support_ticket -> scan_system_for_malware, update_subscription_plan -> scan_system_for_malware",update_subscription_plan;check_service_status;create_support_ticket;scan_system_for_malware,0->3;1->3;2->3,4,3,2,2,0,mixed,False,train.csv,train
c9335ea20fb598d3,98e8e0f9fb06e2b6,"write_database_record -> read_database_record, write_database_record -> read_subscription_status, write_database_record -> read_user_profile, write_database_record -> restart_service",write_database_record;read_subscription_status;read_user_profile;read_database_record;restart_service,0->1;0->2;0->3;0->4,5,4,3,2,0,read,True,train.csv,train
45e2df36a4e11cf4,4159a1cc8d4c6508,"escalate_case_to_human -> read_subscription_status, escalate_case_to_human -> read_user_profile, read_subscription_status -> dispatch_message_to_usergroup, read_user_profile -> dispatch_message_to_usergroup",escalate_case_to_human;read_subscription_status;read_user_profile;dispatch_message_to_usergroup,0->1;0->2;1->3;2->3,4,4,2,0,2,mixed,False,train.csv,train
961a9b804b44528d,3c38a66f37edff76,"create_support_ticket -> read_user_profile, edit_username -> route_task_by_condition, reset_user_password -> create_support_ticket, route_task_by_condition -> read_user_profile",reset_user_password;create_support_ticket;edit_username;route_task_by_condition;read_user_profile,0->1;1->4;2->3;3->4,5,4,1,3,1,edit,True,train.csv,train
72d7dc1f1aa72a65,de0443ce8a88909c,"create_support_ticket -> read_access_logs, read_access_logs -> reset_user_password, read_database_record -> create_support_ticket",read_database_record;create_support_ticket;read_access_logs;reset_user_password,0->1;1->2;2->3,4,3,2,2,0,mixed,False,train.csv,train
3ce918eb47aaeab9,a1657c43fc28807f,"edit_username -> escalate_case_to_human, edit_username -> read_subscription_status, escalate_case_to_human -> read_user_profile, read_access_logs -> edit_username, read_user_profile -> read_subscription_status, reset_user_password -> read_access_logs",reset_user_password;read_access_logs;edit_username;escalate_case_to_human;read_user_profile;read_subscription_status,0->1;1->2;2->3;2->5;3->4;4->5,6,6,3,2,1,read,True,train.csv,train
ed6a159edb6d14d4,f4a3b5c8f1e83081,"dispatch_message_to_usergroup -> read_user_profile, read_user_profile -> scan_system_for_malware, route_task_by_condition -> read_user_profile",route_task_by_condition;dispatch_message_to_usergroup;read_user_profile;scan_system_for_malware,0->2;1->2;2->3,4,3,2,0,2,mixed,False,train.csv,train
3ab1a3585dfbb65c,93de070ef3942a21,"restart_service -> check_service_status, restart_service -> route_task_by_condition",restart_service;check_service_status;route_task_by_condition,0->1;0->2,3,2,1,1,1,mixed,False,train.csv,train
e5615fe89d1e0495,9a05476917cab77e,"dispatch_message_to_usergroup -> reset_user_password, reset_user_password -> edit_username, scan_system_for_malware -> dispatch_message_to_usergroup",scan_system_for_malware;dispatch_message_to_usergroup;reset_user_password;edit_username,0->1;1->2;2->3,4,3,1,2,1,edit,True,train.csv,train
130a1b27d79691c4,9d310aa7102065b0,"create_support_ticket -> scan_system_for_malware, read_access_logs -> scan_system_for_malware, read_user_profile -> create_support_ticket, read_user_profile -> read_access_logs",read_user_profile;read_access_logs;create_support_ticket;scan_system_for_malware,0->1;0->2;1->3;2->3,4,4,3,1,0,read,True,train.csv,train
1adfe13a654cae37,e9d2ab3f15df0a2d,"create_support_ticket -> check_service_status, dispatch_message_to_usergroup -> create_support_ticket, dispatch_message_to_usergroup -> restart_service, restart_service -> check_service_status",dispatch_message_to_usergroup;restart_service;create_support_ticket;check_service_status,0->1;0->2;1->3;2->3,4,4,1,2,1,edit,True,train.csv,train
374f8a90bb8cce9b,adc9d85ab40255dd,"dispatch_message_to_usergroup -> create_support_ticket, read_access_logs -> create_support_ticket",read_access_logs;dispatch_message_to_usergroup;create_support_ticket,0->2;1->2,3,2,1,1,1,mixed,False,train.csv,train
0d4c4823367e49a2,8e7ab49a972cd08a,"edit_username -> escalate_case_to_human, escalate_case_to_human -> read_user_profile, read_user_profile -> write_database_record",edit_username;escalate_case_to_human;read_user_profile;write_database_record,0->1;1->2;2->3,4,3,1,2,1,edit,True,train.csv,train
420ec0b89026a727,5cbf0e8546810f5e,"check_service_status -> escalate_case_to_human, check_service_status -> scan_system_for_malware, check_service_status -> write_database_record",check_service_status;escalate_case_to_human;write_database_record;scan_system_for_malware,0->1;0->2;0->3,4,3,2,1,1,read,True,train.csv,train
5a61f162a50cfdb7,38cfab3f394d766c,"check_service_status -> route_task_by_condition, dispatch_message_to_usergroup -> route_task_by_condition, escalate_case_to_human -> route_task_by_condition",escalate_case_to_human;dispatch_message_to_usergroup;check_service_status;route_task_by_condition,0->3;1->3;2->3,4,3,1,0,3,orchestrate,True,train.csv,train
8ad8f673d30b8b30,5b5a480492e91373,"edit_username -> read_subscription_status, edit_username -> scan_system_for_malware",edit_username;scan_system_for_malware;read_subscription_status,0->1;0->2,3,2,2,1,0,read,True,train.csv,train
32a3def887701dfa,c1a41f5cf3e7b971,"dispatch_message_to_usergroup -> read_subscription_status, read_subscription_status -> scan_system_for_malware",dispatch_message_to_usergroup;read_subscription_status;scan_system_for_malware,0->1;1->2,3,2,2,0,1,read,True,train.csv,train
dadd5fae29c94ade,17c3818e5a21813e,"edit_username -> read_user_profile, edit_username -> reset_user_password, edit_username -> restart_service, edit_username -> scan_system_for_malware",edit_username;restart_service;reset_user_password;scan_system_for_malware;read_user_profile,0->1;0->2;0->3;0->4,5,4,2,3,0,edit,True,train.csv,train
a16f23c1fc7985fa,b44216e9147c563d,"read_access_logs -> update_subscription_plan, read_subscription_status -> read_access_logs, route_task_by_condition -> read_subscription_status",route_task_by_condition;read_subscription_status;read_access_logs;update_subscription_plan,0->1;1->2;2->3,4,3,2,1,1,read,True,train.csv,train
6b38fff38b5c403a,8e35ffb855431a03,"create_support_ticket -> route_task_by_condition, dispatch_message_to_usergroup -> route_task_by_condition, scan_system_for_malware -> create_support_ticket, scan_system_for_malware -> dispatch_message_to_usergroup",scan_system_for_malware;create_support_ticket;dispatch_message_to_usergroup;route_task_by_condition,0->1;0->2;1->3;2->3,4,4,1,1,2,orchestrate,True,train.csv,train
309c086e18621763,8f93b85c6b31fb23,"read_database_record -> edit_username, reset_user_password -> edit_username, update_subscription_plan -> read_database_record, update_subscription_plan -> reset_user_password",update_subscription_plan;reset_user_password;read_database_record;edit_username,0->1;0->2;1->3;2->3,4,4,1,3,0,edit,True,train.csv,train
1c3257199b131187,7a98088dfc40ce9f,"check_service_status -> read_subscription_status, create_support_ticket -> edit_username, edit_username -> dispatch_message_to_usergroup, read_subscription_status -> read_user_profile, read_user_profile -> create_support_ticket, read_user_profile -> dispatch_message_to_usergroup",check_service_status;read_subscription_status;read_user_profile;create_support_ticket;edit_username;dispatch_message_to_usergroup,0->1;1->2;2->3;2->5;3->4;4->5,6,6,3,2,1,read,True,train.csv,train
0c8848f1b4ef163a,569356db8024cf06,"route_task_by_condition -> create_support_ticket, route_task_by_condition -> dispatch_message_to_usergroup, route_task_by_condition -> reset_user_password, route_task_by_condition -> restart_service",route_task_by_condition;dispatch_message_to_usergroup;reset_user_password;restart_service;create_support_ticket,0->1;0->2;0->3;0->4,5,4,0,3,2,edit,True,train.csv,train
f0b62ebae8b3601d,127d3151f4601873,"scan_system_for_malware -> edit_username, scan_system_for_malware -> read_database_record",scan_system_for_malware;edit_username;read_database_record,0->1;0->2,3,2,2,1,0,read,True,train.csv,train
bb07badc92ddbe13,62868542d9f49347,"restart_service -> read_database_record, restart_service -> read_subscription_status, scan_system_for_malware -> restart_service, update_subscription_plan -> restart_service",update_subscription_plan;scan_system_for_malware;restart_service;read_database_record;read_subscription_status,0->2;1->2;2->3;2->4,5,4,3,2,0,read,True,train.csv,train
472577dc250eb84b,eb676495ab5f18fb,"read_subscription_status -> dispatch_message_to_usergroup, read_subscription_status -> edit_username, read_subscription_status -> restart_service, read_subscription_status -> scan_system_for_malware",read_subscription_status;restart_service;edit_username;scan_system_for_malware;dispatch_message_to_usergroup,0->1;0->2;0->3;0->4,5,4,2,2,1,mixed,False,train.csv,train
f8ffeef66cfe175c,25083f1a2f275948,"check_service_status -> edit_username, read_access_logs -> edit_username, reset_user_password -> edit_username",reset_user_password;read_access_logs;check_service_status;edit_username,0->3;1->3;2->3,4,3,2,2,0,mixed,False,train.csv,train
abc3511aceeb4f16,b1f84ffbb526752c,"create_support_ticket -> read_access_logs, create_support_ticket -> update_subscription_plan, restart_service -> create_support_ticket",restart_service;create_support_ticket;read_access_logs;update_subscription_plan,0->1;1->2;1->3,4,3,1,3,0,edit,True,train.csv,train
bee03a4bea6e8f2e,3e929f3c60638574,"edit_username -> dispatch_message_to_usergroup, edit_username -> update_subscription_plan",edit_username;dispatch_message_to_usergroup;update_subscription_plan,0->1;0->2,3,2,0,2,1,edit,True,train.csv,train
5ddf676c27d3597d,395ba9e3d0c9c098,"create_support_ticket -> dispatch_message_to_usergroup, restart_service -> scan_system_for_malware, scan_system_for_malware -> write_database_record, write_database_record -> dispatch_message_to_usergroup",restart_service;scan_system_for_malware;write_database_record;dispatch_message_to_usergroup;create_support_ticket,0->1;1->2;2->3;4->3,5,4,1,3,1,edit,True,train.csv,train
13075da6bf56c3f0,e8f8e199575dc3fe,"read_database_record -> read_subscription_status, read_subscription_status -> reset_user_password, reset_user_password -> route_task_by_condition, restart_service -> read_database_record, route_task_by_condition -> update_subscription_plan",restart_service;read_database_record;read_subscription_status;reset_user_password;route_task_by_condition;update_subscription_plan,0->1;1->2;2->3;3->4;4->5,6,5,2,3,1,edit,True,train.csv,train
aadd682365a1b0b6,663ea696aa7205d4,"dispatch_message_to_usergroup -> check_service_status, dispatch_message_to_usergroup -> restart_service, escalate_case_to_human -> dispatch_message_to_usergroup, read_database_record -> dispatch_message_to_usergroup",read_database_record;escalate_case_to_human;dispatch_message_to_usergroup;check_service_status;restart_service,0->2;1->2;2->3;2->4,5,4,2,1,2,mixed,False,train.csv,train
73288c93097ea0e6,e0904aa5616de8d6,"check_service_status -> read_access_logs, dispatch_message_to_usergroup -> read_access_logs, route_task_by_condition -> read_access_logs",check_service_status;dispatch_message_to_usergroup;route_task_by_condition;read_access_logs,0->3;1->3;2->3,4,3,2,0,2,mixed,False,train.csv,train
cc3665073a42f136,9aeb85bfcf477769,read_user_profile,read_user_profile,,1,0,1,0,0,read,True,train.csv,train
08c88fbd854c1b6c,29779713bc9ce566,"check_service_status -> route_task_by_condition, edit_username -> restart_service, restart_service -> route_task_by_condition, update_subscription_plan -> check_service_status",edit_username;restart_service;update_subscription_plan;check_service_status;route_task_by_condition,0->1;1->4;2->3;3->4,5,4,1,3,1,edit,True,train.csv,train
dc3d3317fb87457e,9d45e05a591ddae0,"edit_username -> check_service_status, edit_username -> read_access_logs, edit_username -> restart_service, restart_service -> read_user_profile",edit_username;check_service_status;read_access_logs;restart_service;read_user_profile,0->1;0->2;0->3;3->4,5,4,3,2,0,read,True,train.csv,train
bd4f1903c76cbd10,2306be99b83e4afc,"check_service_status -> read_access_logs, dispatch_message_to_usergroup -> edit_username, edit_username -> check_service_status",dispatch_message_to_usergroup;edit_username;check_service_status;read_access_logs,0->1;1->2;2->3,4,3,2,1,1,read,True,train.csv,train
1492b0fab5470053,ffcc7f1b628c58bd,"write_database_record -> check_service_status, write_database_record -> read_database_record, write_database_record -> read_user_profile, write_database_record -> reset_user_password",write_database_record;read_user_profile;reset_user_password;check_service_status;read_database_record,0->1;0->2;0->3;0->4,5,4,3,2,0,read,True,train.csv,train
a15a1402bf5fec64,c06dacb22a53c253,"dispatch_message_to_usergroup -> reset_user_password, read_access_logs -> dispatch_message_to_usergroup, restart_service -> reset_user_password, write_database_record -> restart_service",read_access_logs;dispatch_message_to_usergroup;write_database_record;restart_service;reset_user_password,0->1;1->4;2->3;3->4,5,4,1,3,1,edit,True,train.csv,train
173fc83af73eca64,fd3fe8151ef619bd,"escalate_case_to_human -> reset_user_password, escalate_case_to_human -> write_database_record, reset_user_password -> read_access_logs, write_database_record -> read_access_logs",escalate_case_to_human;reset_user_password;write_database_record;read_access_logs,0->1;0->2;1->3;2->3,4,4,1,2,1,edit,True,train.csv,train
e61daba28c2a43ff,297d082967b0aa03,"dispatch_message_to_usergroup -> reset_user_password, route_task_by_condition -> reset_user_password",dispatch_message_to_usergroup;route_task_by_condition;reset_user_password,0->2;1->2,3,2,0,1,2,orchestrate,True,train.csv,train
1c503e42d47b74ba,96cbf68eeccdbb84,"restart_service -> check_service_status, restart_service -> read_subscription_status, restart_service -> write_database_record, write_database_record -> read_database_record",restart_service;check_service_status;read_subscription_status;write_database_record;read_database_record,0->1;0->2;0->3;3->4,5,4,3,2,0,read,True,train.csv,train
108d1259105c7eed,8bb8a82ce101f7df,"check_service_status -> dispatch_message_to_usergroup, read_subscription_status -> dispatch_message_to_usergroup, scan_system_for_malware -> dispatch_message_to_usergroup",check_service_status;read_subscription_status;scan_system_for_malware;dispatch_message_to_usergroup,0->3;1->3;2->3,4,3,3,0,1,read,True,train.csv,train
30ca5f2d57100f91,71e32a1814f4fb63,"check_service_status -> edit_username, edit_username -> dispatch_message_to_usergroup, read_database_record -> check_service_status, read_database_record -> escalate_case_to_human, read_database_record -> read_access_logs",read_database_record;read_access_logs;escalate_case_to_human;check_service_status;edit_username;dispatch_message_to_usergroup,0->1;0->2;0->3;3->4;4->5,6,5,3,1,2,read,True,train.csv,train
5cc9af37e7c0adea,46e67267ecd85d50,"read_database_record -> edit_username, read_database_record -> escalate_case_to_human",read_database_record;edit_username;escalate_case_to_human,0->1;0->2,3,2,1,1,1,mixed,False,train.csv,train
7699dcb8c6ae4b02,558876ce444ccf5a,"edit_username -> check_service_status, edit_username -> read_user_profile, reset_user_password -> edit_username, write_database_record -> edit_username",reset_user_password;write_database_record;edit_username;read_user_profile;check_service_status,0->2;1->2;2->3;2->4,5,4,2,3,0,edit,True,train.csv,train
2956decfd3939de8,cdf5ee6f7a281c2a,"dispatch_message_to_usergroup -> create_support_ticket, edit_username -> dispatch_message_to_usergroup, edit_username -> update_subscription_plan, update_subscription_plan -> create_support_ticket",edit_username;dispatch_message_to_usergroup;update_subscription_plan;create_support_ticket,0->1;0->2;1->3;2->3,4,4,0,3,1,edit,True,train.csv,train
684cdee6cc88ab3e,bed94b3c3635c240,escalate_case_to_human,escalate_case_to_human,,1,0,0,0,1,orchestrate,True,train.csv,train
ddc153ae420db86a,271583923ee0fc02,"edit_username -> write_database_record, read_subscription_status -> route_task_by_condition, read_user_profile -> route_task_by_condition, read_user_profile -> scan_system_for_malware, scan_system_for_malware -> read_subscription_status, write_database_record -> read_user_profile",edit_username;write_database_record;read_user_profile;scan_system_for_malware;read_subscription_status;route_task_by_condition,0->1;1->2;2->3;2->5;3->4;4->5,6,6,3,2,1,read,True,train.csv,train
0b6d8712bc63a5f3,7a39ebbbf0087900,"create_support_ticket -> route_task_by_condition, escalate_case_to_human -> route_task_by_condition, reset_user_password -> create_support_ticket, reset_user_password -> escalate_case_to_human",reset_user_password;create_support_ticket;escalate_case_to_human;route_task_by_condition,0->1;0->2;1->3;2->3,4,4,0,2,2,mixed,False,train.csv,train
460e43e9419c2fed,09de80dedc194890,"check_service_status -> write_database_record, read_subscription_status -> escalate_case_to_human, route_task_by_condition -> check_service_status, write_database_record -> escalate_case_to_human",route_task_by_condition;check_service_status;write_database_record;escalate_case_to_human;read_subscription_status,0->1;1->2;2->3;4->3,5,4,2,1,2,mixed,False,train.csv,train
5271e9954b75ddb1,2584ea19095dddfd,"edit_username -> scan_system_for_malware, read_user_profile -> scan_system_for_malware, write_database_record -> edit_username, write_database_record -> read_user_profile",write_database_record;read_user_profile;edit_username;scan_system_for_malware,0->1;0->2;1->3;2->3,4,4,2,2,0,mixed,False,train.csv,train
e3a034e33b305b12,9b5960300034e14c,"escalate_case_to_human -> route_task_by_condition, read_access_logs -> escalate_case_to_human, read_access_logs -> write_database_record, write_database_record -> route_task_by_condition",read_access_logs;escalate_case_to_human;write_database_record;route_task_by_condition,0->1;0->2;1->3;2->3,4,4,1,1,2,orchestrate,True,train.csv,train
af5ed84b377c7d25,6293134563056fb4,read_subscription_status -> edit_username,read_subscription_status;edit_username,0->1,2,1,1,1,0,mixed,False,train.csv,train
49b98bad927b2279,61c79c8b3ae2761a,"check_service_status -> scan_system_for_malware, scan_system_for_malware -> dispatch_message_to_usergroup, scan_system_for_malware -> edit_username, write_database_record -> scan_system_for_malware",check_service_status;write_database_record;scan_system_for_malware;dispatch_message_to_usergroup;edit_username,0->2;1->2;2->3;2->4,5,4,2,2,1,mixed,False,train.csv,train
c5a738ad8bd3a326,23b488135816fa53,"dispatch_message_to_usergroup -> edit_username, escalate_case_to_human -> edit_username",dispatch_message_to_usergroup;escalate_case_to_human;edit_username,0->2;1->2,3,2,0,1,2,orchestrate,True,train.csv,train
3ad586a871c8ba3b,3a6bf1178c5c5cbb,"escalate_case_to_human -> write_database_record, read_database_record -> write_database_record",escalate_case_to_human;read_database_record;write_database_record,0->2;1->2,3,2,1,1,1,mixed,False,train.csv,train
5a42735b95123d86,cb80ab84cb7b7e07,create_support_ticket,create_support_ticket,,1,0,0,1,0,edit,True,train.csv,train
d3cde1bb9556356e,2e20b5fe603c831a,"read_database_record -> route_task_by_condition, read_user_profile -> check_service_status, read_user_profile -> restart_service, read_user_profile -> scan_system_for_malware, restart_service -> read_database_record",read_user_profile;scan_system_for_malware;check_service_status;restart_service;read_database_record;route_task_by_condition,0->1;0->2;0->3;3->4;4->5,6,5,4,1,1,read,True,train.csv,train
18a918b9c6b678cc,e00f66c9f4beb17d,"create_support_ticket -> read_subscription_status, read_database_record -> read_user_profile, read_subscription_status -> check_service_status, read_user_profile -> check_service_status",read_database_record;read_user_profile;create_support_ticket;read_subscription_status;check_service_status,0->1;1->4;2->3;3->4,5,4,4,1,0,read,True,dev.csv,val
068b890e4b95fb26,a01721f1048a511f,"create_support_ticket -> read_database_record, read_access_logs -> read_database_record",read_access_logs;create_support_ticket;read_database_record,0->2;1->2,3,2,2,1,0,read,True,dev.csv,val
1377898e5cc711cf,9fa7a071f4395a30,"reset_user_password -> update_subscription_plan, update_subscription_plan -> read_user_profile",reset_user_password;update_subscription_plan;read_user_profile,0->1;1->2,3,2,1,2,0,edit,True,dev.csv,val
024be9f201d4ab8f,aab685d3d2a0ed65,"check_service_status -> update_subscription_plan, update_subscription_plan -> read_subscription_status, write_database_record -> update_subscription_plan",check_service_status;write_database_record;update_subscription_plan;read_subscription_status,0->2;1->2;2->3,4,3,2,2,0,mixed,False,dev.csv,val
c7792991f9a4d2ca,9cc2b20362c60cf6,"dispatch_message_to_usergroup -> route_task_by_condition, route_task_by_condition -> read_access_logs",dispatch_message_to_usergroup;route_task_by_condition;read_access_logs,0->1;1->2,3,2,1,0,2,orchestrate,True,dev.csv,val
002b780ee5620869,a48a23220bf75427,"edit_username -> scan_system_for_malware, read_access_logs -> check_service_status, read_subscription_status -> read_access_logs, scan_system_for_malware -> read_subscription_status",edit_username;scan_system_for_malware;read_subscription_status;read_access_logs;check_service_status,0->1;1->2;2->3;3->4,5,4,4,1,0,read,True,dev.csv,val
a6f86773730f0915,ed7a3f6db7393803,"edit_username -> escalate_case_to_human, read_database_record -> route_task_by_condition, route_task_by_condition -> edit_username",read_database_record;route_task_by_condition;edit_username;escalate_case_to_human,0->1;1->2;2->3,4,3,1,1,2,orchestrate,True,dev.csv,val
e13c711666f804c1,5de8a9425d6ac02a,"edit_username -> escalate_case_to_human, read_database_record -> edit_username, route_task_by_condition -> edit_username",read_database_record;route_task_by_condition;edit_username;escalate_case_to_human,0->2;1->2;2->3,4,3,1,1,2,orchestrate,True,dev.csv,val
9e95240ce162e9bd,3f3d3420b27eb1a3,"route_task_by_condition -> edit_username, route_task_by_condition -> read_database_record",route_task_by_condition;edit_username;read_database_record,0->1;0->2,3,2,1,1,1,mixed,False,dev.csv,val
bcc0d465909a5598,4780760eed0c8cc2,"edit_username -> read_database_record, route_task_by_condition -> read_database_record",route_task_by_condition;edit_username;read_database_record,0->2;1->2,3,2,1,1,1,mixed,False,dev.csv,val
1fa12cb5716c371c,f3312842d6cdc204,"escalate_case_to_human -> restart_service, read_subscription_status -> restart_service, restart_service -> scan_system_for_malware, restart_service -> update_subscription_plan",read_subscription_status;escalate_case_to_human;restart_service;update_subscription_plan;scan_system_for_malware,0->2;1->2;2->3;2->4,5,4,2,2,1,mixed,False,dev.csv,val
48fa60147aeb3d02,ef426d8a3eb644b5,"check_service_status -> read_database_record, create_support_ticket -> read_database_record, read_database_record -> read_user_profile, read_database_record -> restart_service",check_service_status;create_support_ticket;read_database_record;read_user_profile;restart_service,0->2;1->2;2->3;2->4,5,4,3,2,0,read,True,dev.csv,val
041c2735445a5d3c,4595dce646fce0ba,"check_service_status -> create_support_ticket, check_service_status -> read_database_record, check_service_status -> read_user_profile, read_user_profile -> restart_service",check_service_status;create_support_ticket;read_database_record;read_user_profile;restart_service,0->1;0->2;0->3;3->4,5,4,3,2,0,read,True,dev.csv,val
080d1d335e73e357,840573c4ceed4d7a,"dispatch_message_to_usergroup -> read_subscription_status, read_subscription_status -> read_database_record",dispatch_message_to_usergroup;read_subscription_status;read_database_record,0->1;1->2,3,2,2,0,1,read,True,dev.csv,val
cef1c1b22547363f,cf06ac616a3f7e0e,"scan_system_for_malware -> check_service_status, scan_system_for_malware -> read_subscription_status, scan_system_for_malware -> restart_service",scan_system_for_malware;check_service_status;restart_service;read_subscription_status,0->1;0->2;0->3,4,3,3,1,0,read,True,dev.csv,val
db5017e10825c621,a415cd95beb7758a,"edit_username -> create_support_ticket, edit_username -> read_subscription_status, edit_username -> restart_service",edit_username;read_subscription_status;restart_service;create_support_ticket,0->1;0->2;0->3,4,3,1,3,0,edit,True,dev.csv,val
b251069ab0f854f2,ee959af426b3c1f5,"edit_username -> create_support_ticket, read_subscription_status -> create_support_ticket, restart_service -> create_support_ticket",edit_username;read_subscription_status;restart_service;create_support_ticket,0->3;1->3;2->3,4,3,1,3,0,edit,True,dev.csv,val
99376517e07ac390,efa120fa9ed15653,"dispatch_message_to_usergroup -> read_user_profile, read_user_profile -> read_database_record",dispatch_message_to_usergroup;read_user_profile;read_database_record,0->1;1->2,3,2,2,0,1,read,True,dev.csv,val
9b719990d02fad0a,5400f4758c28604a,"create_support_ticket -> read_subscription_status, escalate_case_to_human -> read_subscription_status, read_user_profile -> read_subscription_status",read_user_profile;create_support_ticket;escalate_case_to_human;read_subscription_status,0->3;1->3;2->3,4,3,2,1,1,read,True,dev.csv,val
cbbc0fb375be5528,190a251f9c92f0e7,"read_access_logs -> dispatch_message_to_usergroup, scan_system_for_malware -> dispatch_message_to_usergroup",read_access_logs;scan_system_for_malware;dispatch_message_to_usergroup,0->2;1->2,3,2,2,0,1,read,True,dev.csv,val
320f87127720375d,f35ff7829403cc9b,"update_subscription_plan -> scan_system_for_malware, update_subscription_plan -> write_database_record",update_subscription_plan;scan_system_for_malware;write_database_record,0->1;0->2,3,2,1,2,0,edit,True,dev.csv,val
34945b4f5ec0716b,30354703124932d9,"read_database_record -> dispatch_message_to_usergroup, read_database_record -> scan_system_for_malware",read_database_record;scan_system_for_malware;dispatch_message_to_usergroup,0->1;0->2,3,2,2,0,1,read,True,dev.csv,val
2f126fb3c569745b,6cd4722e31d54745,"reset_user_password -> dispatch_message_to_usergroup, route_task_by_condition -> reset_user_password",route_task_by_condition;reset_user_password;dispatch_message_to_usergroup,0->1;1->2,3,2,0,1,2,orchestrate,True,dev.csv,val
04160c562c25b5d3,36cc62f859efb068,"reset_user_password -> dispatch_message_to_usergroup, route_task_by_condition -> dispatch_message_to_usergroup",route_task_by_condition;reset_user_password;dispatch_message_to_usergroup,0->2;1->2,3,2,0,1,2,orchestrate,True,dev.csv,val
c801c58d1135d744,3d41d277ec4d2dc4,"check_service_status -> route_task_by_condition, create_support_ticket -> route_task_by_condition, route_task_by_condition -> edit_username, route_task_by_condition -> read_subscription_status",create_support_ticket;check_service_status;route_task_by_condition;read_subscription_status;edit_username,0->2;1->2;2->3;2->4,5,4,2,2,1,mixed,False,dev.csv,val
0eece11b7a3a5715,201c5a8d90683c82,"create_support_ticket -> restart_service, create_support_ticket -> route_task_by_condition",create_support_ticket;restart_service;route_task_by_condition,0->1;0->2,3,2,0,2,1,edit,True,dev.csv,val
1eb4c31f4ef0a208,b156838683e00616,"edit_username -> escalate_case_to_human, edit_username -> scan_system_for_malware, read_database_record -> edit_username, route_task_by_condition -> edit_username",read_database_record;route_task_by_condition;edit_username;escalate_case_to_human;scan_system_for_malware,0->2;1->2;2->3;2->4,5,4,2,1,2,mixed,False,dev.csv,val
f6b8d1b043aa0f9b,a89c4a96b43bf445,"dispatch_message_to_usergroup -> read_user_profile, read_subscription_status -> dispatch_message_to_usergroup, update_subscription_plan -> dispatch_message_to_usergroup",update_subscription_plan;read_subscription_status;dispatch_message_to_usergroup;read_user_profile,0->2;1->2;2->3,4,3,2,1,1,read,True,dev.csv,val
f35bd89f91662653,b849f67ea96542b3,"escalate_case_to_human -> scan_system_for_malware, restart_service -> scan_system_for_malware, update_subscription_plan -> scan_system_for_malware",escalate_case_to_human;restart_service;update_subscription_plan;scan_system_for_malware,0->3;1->3;2->3,4,3,1,2,1,edit,True,dev.csv,val
d821e25a9e432573,1ba14638b056884e,"check_service_status -> create_support_ticket, create_support_ticket -> read_database_record, read_database_record -> read_user_profile, read_database_record -> route_task_by_condition, read_user_profile -> restart_service, restart_service -> route_task_by_condition",check_service_status;create_support_ticket;read_database_record;read_user_profile;restart_service;route_task_by_condition,0->1;1->2;2->3;2->5;3->4;4->5,6,6,3,2,1,read,True,dev.csv,val
ccfea4171f51e529,5bfb25504bc3f26b,"edit_username -> read_subscription_status, read_subscription_status -> restart_service, reset_user_password -> check_service_status, restart_service -> reset_user_password, write_database_record -> edit_username",write_database_record;edit_username;read_subscription_status;restart_service;reset_user_password;check_service_status,0->1;1->2;2->3;3->4;4->5,6,5,2,4,0,edit,True,dev.csv,val
064acfebd1388385,e3b7d30eb42d24d0,"check_service_status -> reset_user_password, read_access_logs -> read_subscription_status, read_subscription_status -> reset_user_password, route_task_by_condition -> check_service_status",read_access_logs;read_subscription_status;route_task_by_condition;check_service_status;reset_user_password,0->1;1->4;2->3;3->4,5,4,3,1,1,read,True,dev.csv,val
4526b63b3a60965d,79ed2429dc3915e8,"dispatch_message_to_usergroup -> escalate_case_to_human, edit_username -> dispatch_message_to_usergroup, read_subscription_status -> create_support_ticket, read_subscription_status -> edit_username, read_subscription_status -> update_subscription_plan",read_subscription_status;create_support_ticket;update_subscription_plan;edit_username;dispatch_message_to_usergroup;escalate_case_to_human,0->1;0->2;0->3;3->4;4->5,6,5,1,3,2,edit,True,dev.csv,val
3b6022e654ae4d06,c2117f341af44f19,"dispatch_message_to_usergroup -> route_task_by_condition, read_access_logs -> dispatch_message_to_usergroup, restart_service -> read_access_logs, route_task_by_condition -> edit_username",restart_service;read_access_logs;dispatch_message_to_usergroup;route_task_by_condition;edit_username,0->1;1->2;2->3;3->4,5,4,1,2,2,mixed,False,dev.csv,val
59dfa7364a8d7dce,ce4e2bd7bfd52eef,"route_task_by_condition -> dispatch_message_to_usergroup, route_task_by_condition -> read_database_record, route_task_by_condition -> read_subscription_status, route_task_by_condition -> restart_service",route_task_by_condition;read_database_record;restart_service;read_subscription_status;dispatch_message_to_usergroup,0->1;0->2;0->3;0->4,5,4,2,1,2,mixed,False,dev.csv,val
a6e2478611312ba0,498dbb65c4718fb0,"check_service_status -> dispatch_message_to_usergroup, dispatch_message_to_usergroup -> escalate_case_to_human, dispatch_message_to_usergroup -> route_task_by_condition, edit_username -> escalate_case_to_human, route_task_by_condition -> edit_username, write_database_record -> check_service_status",write_database_record;check_service_status;dispatch_message_to_usergroup;route_task_by_condition;edit_username;escalate_case_to_human,0->1;1->2;2->3;2->5;3->4;4->5,6,6,1,2,3,orchestrate,True,dev.csv,val
3933325815d91ae2,fc2f96e326cd949d,"read_database_record -> update_subscription_plan, update_subscription_plan -> check_service_status, update_subscription_plan -> escalate_case_to_human",read_database_record;update_subscription_plan;check_service_status;escalate_case_to_human,0->1;1->2;1->3,4,3,2,1,1,read,True,dev.csv,val
d34bf83b1467ac0f,9e50a082452956b4,"read_database_record -> edit_username, read_user_profile -> update_subscription_plan, restart_service -> edit_username, update_subscription_plan -> read_database_record",read_user_profile;update_subscription_plan;read_database_record;edit_username;restart_service,0->1;1->2;2->3;4->3,5,4,2,3,0,edit,True,dev.csv,val
74313d7da6de6971,f6a4b9afdd657ff5,"check_service_status -> dispatch_message_to_usergroup, read_subscription_status -> check_service_status, reset_user_password -> scan_system_for_malware, scan_system_for_malware -> dispatch_message_to_usergroup, scan_system_for_malware -> read_subscription_status, update_subscription_plan -> reset_user_password",update_subscription_plan;reset_user_password;scan_system_for_malware;read_subscription_status;check_service_status;dispatch_message_to_usergroup,0->1;1->2;2->3;2->5;3->4;4->5,6,6,3,2,1,read,True,dev.csv,val
555d3ecb8ff71a6b,8da45f3042646513,"read_subscription_status -> edit_username, read_subscription_status -> read_access_logs, read_subscription_status -> restart_service",read_subscription_status;edit_username;read_access_logs;restart_service,0->1;0->2;0->3,4,3,2,2,0,mixed,False,dev.csv,val
649c1cca346d4da1,8d1594ae06bc5f64,"dispatch_message_to_usergroup -> read_database_record, scan_system_for_malware -> read_database_record, write_database_record -> read_database_record",write_database_record;scan_system_for_malware;dispatch_message_to_usergroup;read_database_record,0->3;1->3;2->3,4,3,2,1,1,read,True,dev.csv,val
46e607e3e0438b59,4f85fbdbd01ae8fb,"restart_service -> read_subscription_status, restart_service -> route_task_by_condition",restart_service;route_task_by_condition;read_subscription_status,0->1;0->2,3,2,1,1,1,mixed,False,dev.csv,val
a92613a9ef812b45,61f6370aa0c882a7,"check_service_status -> escalate_case_to_human, create_support_ticket -> read_access_logs, read_access_logs -> check_service_status, route_task_by_condition -> escalate_case_to_human",create_support_ticket;read_access_logs;check_service_status;escalate_case_to_human;route_task_by_condition,0->1;1->2;2->3;4->3,5,4,2,1,2,mixed,False,dev.csv,val
383bccd3df3b0f60,bbf9f0313f3cb4d6,"edit_username -> reset_user_password, read_subscription_status -> edit_username, read_user_profile -> route_task_by_condition, reset_user_password -> read_user_profile, reset_user_password -> restart_service, route_task_by_condition -> restart_service",read_subscription_status;edit_username;reset_user_password;read_user_profile;route_task_by_condition;restart_service,0->1;1->2;2->3;2->5;3->4;4->5,6,6,2,3,1,edit,True,dev.csv,val
dbd61742a09d046a,f449444ff4a3e883,"route_task_by_condition -> reset_user_password, update_subscription_plan -> dispatch_message_to_usergroup, update_subscription_plan -> scan_system_for_malware, update_subscription_plan -> write_database_record, write_database_record -> route_task_by_condition",update_subscription_plan;scan_system_for_malware;dispatch_message_to_usergroup;write_database_record;route_task_by_condition;reset_user_password,0->1;0->2;0->3;3->4;4->5,6,5,1,3,2,edit,True,dev.csv,val
7d8909026ed8327f,74a7147055b7dbfe,"check_service_status -> restart_service, write_database_record -> check_service_status, write_database_record -> dispatch_message_to_usergroup, write_database_record -> read_subscription_status",write_database_record;read_subscription_status;dispatch_message_to_usergroup;check_service_status;restart_service,0->1;0->2;0->3;3->4,5,4,2,2,1,mixed,False,dev.csv,val
0550457e8360228d,4e66fbf5af794ab7,"create_support_ticket -> read_access_logs, read_access_logs -> escalate_case_to_human, read_access_logs -> write_database_record",create_support_ticket;read_access_logs;write_database_record;escalate_case_to_human,0->1;1->2;1->3,4,3,1,2,1,edit,True,dev.csv,val
b739c3e71674bef5,b34a12715f329a88,"create_support_ticket -> update_subscription_plan, edit_username -> update_subscription_plan, read_user_profile -> edit_username, reset_user_password -> read_user_profile",reset_user_password;read_user_profile;edit_username;update_subscription_plan;create_support_ticket,0->1;1->2;2->3;4->3,5,4,1,4,0,edit,True,dev.csv,val
4db159ef6fef531d,d6556e3d0dbf96c1,check_service_status,check_service_status,,1,0,1,0,0,read,True,dev.csv,val
631f106a261cdd31,1b9f49dc4b6f1d53,"read_access_logs -> create_support_ticket, read_access_logs -> read_database_record",read_access_logs;create_support_ticket;read_database_record,0->1;0->2,3,2,2,1,0,read,True,test_indomain.csv,test_indomain
55203c827cb85d0d,0aa6d18216ab2726,"create_support_ticket -> read_database_record, read_database_record -> edit_username, read_database_record -> update_subscription_plan, reset_user_password -> read_database_record",create_support_ticket;reset_user_password;read_database_record;update_subscription_plan;edit_username,0->2;1->2;2->3;2->4,5,4,1,4,0,edit,True,test_indomain.csv,test_indomain
ac095971c8ec4967,5ea9d7264d59ede2,"reset_user_password -> read_user_profile, reset_user_password -> update_subscription_plan",reset_user_password;update_subscription_plan;read_user_profile,0->1;0->2,3,2,1,2,0,edit,True,test_indomain.csv,test_indomain
6c2a90ddc358d65e,954a3f6414afcada,"check_service_status -> write_database_record, update_subscription_plan -> read_subscription_status, write_database_record -> update_subscription_plan",check_service_status;write_database_record;update_subscription_plan;read_subscription_status,0->1;1->2;2->3,4,3,2,2,0,mixed,False,test_indomain.csv,test_indomain
4e21d8d355d4e198,f116e39612a4f751,"dispatch_message_to_usergroup -> read_access_logs, route_task_by_condition -> read_access_logs",dispatch_message_to_usergroup;route_task_by_condition;read_access_logs,0->2;1->2,3,2,1,0,2,orchestrate,True,test_indomain.csv,test_indomain
f0b1ae19f793480c,d3b0c3b7707aa3a2,"dispatch_message_to_usergroup -> read_database_record, dispatch_message_to_usergroup -> read_subscription_status",dispatch_message_to_usergroup;read_subscription_status;read_database_record,0->1;0->2,3,2,2,0,1,read,True,test_indomain.csv,test_indomain
37d614add265103a,3417fcaeaf289d0c,"check_service_status -> read_subscription_status, restart_service -> read_subscription_status, scan_system_for_malware -> read_subscription_status",scan_system_for_malware;check_service_status;restart_service;read_subscription_status,0->3;1->3;2->3,4,3,3,1,0,read,True,test_indomain.csv,test_indomain
b946e97c6c16507d,cef636e902a0c609,"check_service_status -> restart_service, restart_service -> write_database_record, write_database_record -> edit_username",check_service_status;restart_service;write_database_record;edit_username,0->1;1->2;2->3,4,3,1,3,0,edit,True,test_indomain.csv,test_indomain
2233089af351507c,1f9b103122a86066,"check_service_status -> edit_username, restart_service -> edit_username, write_database_record -> edit_username",check_service_status;restart_service;write_database_record;edit_username,0->3;1->3;2->3,4,3,1,3,0,edit,True,test_indomain.csv,test_indomain
abeb1e761ce0371f,33eddac6d7400168,"check_service_status -> write_database_record, restart_service -> write_database_record, write_database_record -> edit_username",check_service_status;restart_service;write_database_record;edit_username,0->2;1->2;2->3,4,3,1,3,0,edit,True,test_indomain.csv,test_indomain
f4f0cfe1d0d33938,9937c42c078d8670,"escalate_case_to_human -> check_service_status, read_access_logs -> check_service_status, read_subscription_status -> escalate_case_to_human, write_database_record -> read_access_logs",write_database_record;read_access_logs;read_subscription_status;escalate_case_to_human;check_service_status,0->1;1->4;2->3;3->4,5,4,3,1,1,read,True,test_indomain.csv,test_indomain
6c4e90fb7239e52a,beda76a700a9b70c,"read_subscription_status -> create_support_ticket, read_subscription_status -> update_subscription_plan, reset_user_password -> read_subscription_status, route_task_by_condition -> read_subscription_status",reset_user_password;route_task_by_condition;read_subscription_status;create_support_ticket;update_subscription_plan,0->2;1->2;2->3;2->4,5,4,1,3,1,edit,True,test_indomain.csv,test_indomain
03e3588c50f3397e,b3edddbcf02be7a9,"read_access_logs -> reset_user_password, reset_user_password -> write_database_record",read_access_logs;reset_user_password;write_database_record,0->1;1->2,3,2,1,2,0,edit,True,test_indomain.csv,test_indomain
4c8aa73158046926,f347d751219fc7fb,"escalate_case_to_human -> update_subscription_plan, reset_user_password -> update_subscription_plan, restart_service -> update_subscription_plan",escalate_case_to_human;restart_service;reset_user_password;update_subscription_plan,0->3;1->3;2->3,4,3,0,3,1,edit,True,test_indomain.csv,test_indomain
b571da124733b844,525354444ed62658,"read_access_logs -> dispatch_message_to_usergroup, read_access_logs -> scan_system_for_malware",read_access_logs;scan_system_for_malware;dispatch_message_to_usergroup,0->1;0->2,3,2,2,0,1,read,True,test_indomain.csv,test_indomain
556ce77c7ee19ed9,2a097eef9c6588ee,"scan_system_for_malware -> write_database_record, update_subscription_plan -> scan_system_for_malware",update_subscription_plan;scan_system_for_malware;write_database_record,0->1;1->2,3,2,1,2,0,edit,True,test_indomain.csv,test_indomain
f06e8182af260c56,c36e51bdfb1e35d5,"check_service_status -> update_subscription_plan, read_user_profile -> update_subscription_plan, route_task_by_condition -> update_subscription_plan",check_service_status;read_user_profile;route_task_by_condition;update_subscription_plan,0->3;1->3;2->3,4,3,2,1,1,read,True,test_indomain.csv,test_indomain
6371fdee3478d54a,27d13db825ab0d11,"read_access_logs -> write_database_record, restart_service -> write_database_record",read_access_logs;restart_service;write_database_record,0->2;1->2,3,2,1,2,0,edit,True,test_indomain.csv,test_indomain
802df5acfb311f9a,649925ed65964346,"route_task_by_condition -> dispatch_message_to_usergroup, route_task_by_condition -> reset_user_password",route_task_by_condition;reset_user_password;dispatch_message_to_usergroup,0->1;0->2,3,2,0,1,2,orchestrate,True,test_indomain.csv,test_indomain
77be193efabdb786,5b0c68b5b762f506,"check_service_status -> route_task_by_condition, create_support_ticket -> check_service_status, read_subscription_status -> edit_username, route_task_by_condition -> read_subscription_status",create_support_ticket;check_service_status;route_task_by_condition;read_subscription_status;edit_username,0->1;1->2;2->3;3->4,5,4,2,2,1,mixed,False,test_indomain.csv,test_indomain
6a9f95b05bbe097d,82ce2affe8f4e09e,"create_support_ticket -> edit_username, edit_username -> scan_system_for_malware, read_access_logs -> check_service_status, read_subscription_status -> read_access_logs, scan_system_for_malware -> read_subscription_status",create_support_ticket;edit_username;scan_system_for_malware;read_subscription_status;read_access_logs;check_service_status,0->1;1->2;2->3;3->4;4->5,6,5,4,2,0,read,True,test_indomain.csv,test_indomain
4fc4d2ddde0d599f,ba940636425c3586,"edit_username -> escalate_case_to_human, escalate_case_to_human -> route_task_by_condition, read_database_record -> route_task_by_condition, reset_user_password -> read_database_record",reset_user_password;read_database_record;edit_username;escalate_case_to_human;route_task_by_condition,0->1;1->4;2->3;3->4,5,4,1,2,2,mixed,False,test_indomain.csv,test_indomain
70efbc37651fc956,ecf22453ea6537b5,dispatch_message_to_usergroup -> scan_system_for_malware,dispatch_message_to_usergroup;scan_system_for_malware,0->1,2,1,1,0,1,mixed,False,test_indomain.csv,test_indomain
2e66e693c4bbcf51,3fb657a66945c02e,"reset_user_password -> route_task_by_condition, route_task_by_condition -> read_database_record, write_database_record -> route_task_by_condition",write_database_record;reset_user_password;route_task_by_condition;read_database_record,0->2;1->2;2->3,4,3,1,2,1,edit,True,test_indomain.csv,test_indomain
b0640833fd52e543,9a652298a7269663,"create_support_ticket -> read_user_profile, edit_username -> create_support_ticket, edit_username -> write_database_record, write_database_record -> read_user_profile",edit_username;write_database_record;create_support_ticket;read_user_profile,0->1;0->2;1->3;2->3,4,4,1,3,0,edit,True,test_indomain.csv,test_indomain
d9ec63cbb02c4814,5971b0a6ce56b4a1,"escalate_case_to_human -> read_database_record, escalate_case_to_human -> reset_user_password, escalate_case_to_human -> write_database_record",escalate_case_to_human;read_database_record;write_database_record;reset_user_password,0->1;0->2;0->3,4,3,1,2,1,edit,True,test_indomain.csv,test_indomain
b20cb75cd069caa7,c6d09bcd589d0c95,"dispatch_message_to_usergroup -> check_service_status, route_task_by_condition -> dispatch_message_to_usergroup",route_task_by_condition;dispatch_message_to_usergroup;check_service_status,0->1;1->2,3,2,1,0,2,orchestrate,True,test_indomain.csv,test_indomain
946bde06850edba1,3ef00a0496aee38e,"check_service_status -> route_task_by_condition, edit_username -> write_database_record, escalate_case_to_human -> check_service_status, route_task_by_condition -> read_user_profile, write_database_record -> escalate_case_to_human",edit_username;write_database_record;escalate_case_to_human;check_service_status;route_task_by_condition;read_user_profile,0->1;1->2;2->3;3->4;4->5,6,5,2,2,2,mixed,False,test_indomain.csv,test_indomain
a21123da1daa0346,2cba80f883c77fec,"dispatch_message_to_usergroup -> restart_service, read_access_logs -> restart_service, restart_service -> escalate_case_to_human, restart_service -> read_subscription_status",dispatch_message_to_usergroup;read_access_logs;restart_service;read_subscription_status;escalate_case_to_human,0->2;1->2;2->3;2->4,5,4,2,1,2,mixed,False,test_indomain.csv,test_indomain
b909920b74c76ed4,39488c52d6947ab7,"read_database_record -> update_subscription_plan, read_user_profile -> update_subscription_plan",read_user_profile;read_database_record;update_subscription_plan,0->2;1->2,3,2,2,1,0,read,True,test_indomain.csv,test_indomain
a4a9f3de2a9063b5,81493eac6d16bbb8,"reset_user_password -> dispatch_message_to_usergroup, reset_user_password -> write_database_record",reset_user_password;write_database_record;dispatch_message_to_usergroup,0->1;0->2,3,2,0,2,1,edit,True,test_indomain.csv,test_indomain
877e184e93185183,2f364270304d1107,"write_database_record -> dispatch_message_to_usergroup, write_database_record -> read_database_record, write_database_record -> update_subscription_plan",write_database_record;update_subscription_plan;dispatch_message_to_usergroup;read_database_record,0->1;0->2;0->3,4,3,1,2,1,edit,True,test_indomain.csv,test_indomain
ea358ac50f94103d,9135c64ee24d5158,"check_service_status -> escalate_case_to_human, check_service_status -> read_user_profile, escalate_case_to_human -> update_subscription_plan, read_user_profile -> update_subscription_plan",check_service_status;escalate_case_to_human;read_user_profile;update_subscription_plan,0->1;0->2;1->3;2->3,4,4,2,1,1,read,True,test_topology_heldout.csv,test_topology_heldout
e4349b1470f8fbd4,cda4abdb83139ed0,"check_service_status -> write_database_record, read_access_logs -> check_service_status, read_access_logs -> route_task_by_condition, route_task_by_condition -> write_database_record",read_access_logs;check_service_status;route_task_by_condition;write_database_record,0->1;0->2;1->3;2->3,4,4,2,1,1,read,True,test_topology_heldout.csv,test_topology_heldout
59b64606dd7743c9,ec6e5169f8ff1b8a,"read_database_record -> check_service_status, restart_service -> read_database_record, restart_service -> update_subscription_plan, update_subscription_plan -> check_service_status",restart_service;read_database_record;update_subscription_plan;check_service_status,0->1;0->2;1->3;2->3,4,4,2,2,0,mixed,False,test_topology_heldout.csv,test_topology_heldout
5b21bd02e0172cbb,227ac5ab438bf3f7,"create_support_ticket -> scan_system_for_malware, read_subscription_status -> scan_system_for_malware, write_database_record -> create_support_ticket, write_database_record -> read_subscription_status",write_database_record;create_support_ticket;read_subscription_status;scan_system_for_malware,0->1;0->2;1->3;2->3,4,4,2,2,0,mixed,False,test_topology_heldout.csv,test_topology_heldout
23b66380a4b7fbeb,daa2bd83ddae6e25,"escalate_case_to_human -> create_support_ticket, read_access_logs -> escalate_case_to_human, read_access_logs -> update_subscription_plan, update_subscription_plan -> create_support_ticket",read_access_logs;update_subscription_plan;escalate_case_to_human;create_support_ticket,0->1;0->2;1->3;2->3,4,4,1,2,1,edit,True,test_topology_heldout.csv,test_topology_heldout
ee7375770c72cc3f,6ce3fda19b5cb091,"create_support_ticket -> dispatch_message_to_usergroup, create_support_ticket -> read_database_record, dispatch_message_to_usergroup -> read_access_logs, read_database_record -> read_access_logs",create_support_ticket;read_database_record;dispatch_message_to_usergroup;read_access_logs,0->1;0->2;1->3;2->3,4,4,2,1,1,read,True,test_topology_heldout.csv,test_topology_heldout
8cfc720dbf5f6e8e,7bf9ba0bdbc02af7,"read_database_record -> read_user_profile, read_subscription_status -> read_database_record, read_subscription_status -> update_subscription_plan, update_subscription_plan -> read_user_profile",read_subscription_status;read_database_record;update_subscription_plan;read_user_profile,0->1;0->2;1->3;2->3,4,4,3,1,0,read,True,test_topology_heldout.csv,test_topology_heldout
05501ef15b6284f9,b97dff86a7f43660,"read_subscription_status -> restart_service, route_task_by_condition -> read_subscription_status, route_task_by_condition -> update_subscription_plan, update_subscription_plan -> restart_service",route_task_by_condition;read_subscription_status;update_subscription_plan;restart_service,0->1;0->2;1->3;2->3,4,4,1,2,1,edit,True,test_topology_heldout.csv,test_topology_heldout
be5b849831fa2dc3,2f1a640ddbe06d77,"edit_username -> create_support_ticket, escalate_case_to_human -> create_support_ticket, route_task_by_condition -> edit_username, route_task_by_condition -> escalate_case_to_human",route_task_by_condition;edit_username;escalate_case_to_human;create_support_ticket,0->1;0->2;1->3;2->3,4,4,0,2,2,mixed,False,test_topology_heldout.csv,test_topology_heldout
66515d91548c178d,5ebe0805d874a1ef,"check_service_status -> read_database_record, check_service_status -> update_subscription_plan, read_database_record -> create_support_ticket, update_subscription_plan -> create_support_ticket",check_service_status;read_database_record;update_subscription_plan;create_support_ticket,0->1;0->2;1->3;2->3,4,4,2,2,0,mixed,False,test_topology_heldout.csv,test_topology_heldout
eb2a2b4a417650f2,bab135f2b1e53335,"check_service_status -> read_database_record, escalate_case_to_human -> check_service_status, escalate_case_to_human -> restart_service, restart_service -> read_database_record",escalate_case_to_human;restart_service;check_service_status;read_database_record,0->1;0->2;1->3;2->3,4,4,2,1,1,read,True,test_topology_heldout.csv,test_topology_heldout
a7d2731e5734d981,75baa7dd0cfe2d2d,"create_support_ticket -> dispatch_message_to_usergroup, create_support_ticket -> read_subscription_status, dispatch_message_to_usergroup -> restart_service, read_subscription_status -> restart_service",create_support_ticket;dispatch_message_to_usergroup;read_subscription_status;restart_service,0->1;0->2;1->3;2->3,4,4,1,2,1,edit,True,test_topology_heldout.csv,test_topology_heldout
60ef4f8781b9a425,3bc7edaadd84d21f,"dispatch_message_to_usergroup -> route_task_by_condition, read_database_record -> route_task_by_condition, update_subscription_plan -> dispatch_message_to_usergroup, update_subscription_plan -> read_database_record",update_subscription_plan;dispatch_message_to_usergroup;read_database_record;route_task_by_condition,0->1;0->2;1->3;2->3,4,4,1,1,2,orchestrate,True,test_topology_heldout.csv,test_topology_heldout
609ebc2e2fa9a094,9c2cc4502b6298d9,"dispatch_message_to_usergroup -> read_user_profile, dispatch_message_to_usergroup -> scan_system_for_malware, read_user_profile -> reset_user_password, scan_system_for_malware -> reset_user_password",dispatch_message_to_usergroup;read_user_profile;scan_system_for_malware;reset_user_password,0->1;0->2;1->3;2->3,4,4,2,1,1,read,True,test_topology_heldout.csv,test_topology_heldout
3d058bfc96d6a334,cab3182936a12e7f,"edit_username -> restart_service, edit_username -> scan_system_for_malware, restart_service -> read_database_record, scan_system_for_malware -> read_database_record",edit_username;restart_service;scan_system_for_malware;read_database_record,0->1;0->2;1->3;2->3,4,4,2,2,0,mixed,False,test_topology_heldout.csv,test_topology_heldout
b2f1b3ae15772961,d824a4de28714e58,"reset_user_password -> restart_service, reset_user_password -> scan_system_for_malware, restart_service -> read_user_profile, scan_system_for_malware -> read_user_profile",reset_user_password;restart_service;scan_system_for_malware;read_user_profile,0->1;0->2;1->3;2->3,4,4,2,2,0,mixed,False,test_topology_heldout.csv,test_topology_heldout
66d791d3971efa71,061a49fd068a2735,"edit_username -> read_database_record, escalate_case_to_human -> edit_username, escalate_case_to_human -> write_database_record, write_database_record -> read_database_record",escalate_case_to_human;edit_username;write_database_record;read_database_record,0->1;0->2;1->3;2->3,4,4,1,2,1,edit,True,test_topology_heldout.csv,test_topology_heldout
9688d6d2aec7fa4a,d7c5e230cdeb47ef,"edit_username -> restart_service, edit_username -> scan_system_for_malware, restart_service -> write_database_record, scan_system_for_malware -> write_database_record",edit_username;scan_system_for_malware;restart_service;write_database_record,0->1;0->2;1->3;2->3,4,4,1,3,0,edit,True,test_topology_heldout.csv,test_topology_heldout
fd13355ce6819849,bd0529c2cc0d1949,"create_support_ticket -> edit_username, create_support_ticket -> read_access_logs, edit_username -> escalate_case_to_human, read_access_logs -> escalate_case_to_human",create_support_ticket;read_access_logs;edit_username;escalate_case_to_human,0->1;0->2;1->3;2->3,4,4,1,2,1,edit,True,test_topology_heldout.csv,test_topology_heldout
925e16e304eb00ec,eb762d7e733c0892,"create_support_ticket -> reset_user_password, create_support_ticket -> restart_service, reset_user_password -> read_subscription_status, restart_service -> read_subscription_status",create_support_ticket;reset_user_password;restart_service;read_subscription_status,0->1;0->2;1->3;2->3,4,4,1,3,0,edit,True,test_topology_heldout.csv,test_topology_heldout
b535b30a0c016765,2397056b810187f3,"dispatch_message_to_usergroup -> write_database_record, reset_user_password -> write_database_record, update_subscription_plan -> dispatch_message_to_usergroup, update_subscription_plan -> reset_user_password",update_subscription_plan;dispatch_message_to_usergroup;reset_user_password;write_database_record,0->1;0->2;1->3;2->3,4,4,0,3,1,edit,True,test_topology_heldout.csv,test_topology_heldout
7be5ff7f36184e04,daa66c8847525e1b,"create_support_ticket -> update_subscription_plan, edit_username -> update_subscription_plan, write_database_record -> create_support_ticket, write_database_record -> edit_username",write_database_record;edit_username;create_support_ticket;update_subscription_plan,0->1;0->2;1->3;2->3,4,4,0,4,0,edit,True,test_topology_heldout.csv,test_topology_heldout
b8129842091fa0d0,b7a48b1b6623b4a1,"check_service_status -> read_database_record, read_subscription_status -> check_service_status, read_subscription_status -> scan_system_for_malware, scan_system_for_malware -> read_database_record",read_subscription_status;scan_system_for_malware;check_service_status;read_database_record,0->1;0->2;1->3;2->3,4,4,4,0,0,read,True,test_topology_heldout.csv,test_topology_heldout
9b4748f4b8de187b,3e17bc0aa60b792b,"check_service_status -> escalate_case_to_human, read_subscription_status -> check_service_status, read_subscription_status -> write_database_record, write_database_record -> escalate_case_to_human",read_subscription_status;write_database_record;check_service_status;escalate_case_to_human,0->1;0->2;1->3;2->3,4,4,2,1,1,read,True,test_topology_heldout.csv,test_topology_heldout
c391bf70f51b0df2,c49210b891cb2f0e,"restart_service -> edit_username, route_task_by_condition -> edit_username, update_subscription_plan -> restart_service, update_subscription_plan -> route_task_by_condition",update_subscription_plan;route_task_by_condition;restart_service;edit_username,0->1;0->2;1->3;2->3,4,4,0,3,1,edit,True,test_topology_heldout.csv,test_topology_heldout
b1c0e08ab08b64e3,da9f0fbd88427e02,"read_user_profile -> route_task_by_condition, route_task_by_condition -> read_access_logs, scan_system_for_malware -> read_user_profile, scan_system_for_malware -> write_database_record, write_database_record -> route_task_by_condition",scan_system_for_malware;read_user_profile;write_database_record;route_task_by_condition;read_access_logs,0->1;0->2;1->3;2->3;3->4,5,5,3,1,1,read,True,test_topology_heldout.csv,test_topology_heldout
d1d13a996c6b1f08,8f743b32ba2e754f,"check_service_status -> read_subscription_status, read_subscription_status -> dispatch_message_to_usergroup, scan_system_for_malware -> read_subscription_status, write_database_record -> check_service_status, write_database_record -> scan_system_for_malware",write_database_record;check_service_status;scan_system_for_malware;read_subscription_status;dispatch_message_to_usergroup,0->1;0->2;1->3;2->3;3->4,5,5,3,1,1,read,True,test_topology_heldout.csv,test_topology_heldout
0489e71886522dbd,2462696d38724b12,"create_support_ticket -> route_task_by_condition, read_subscription_status -> create_support_ticket, read_subscription_status -> update_subscription_plan, route_task_by_condition -> reset_user_password, update_subscription_plan -> route_task_by_condition",read_subscription_status;update_subscription_plan;create_support_ticket;route_task_by_condition;reset_user_password,0->1;0->2;1->3;2->3;3->4,5,5,1,3,1,edit,True,test_topology_heldout.csv,test_topology_heldout
05c2f4d8fd9f82cf,73676177c61d851b,"check_service_status -> read_database_record, read_database_record -> dispatch_message_to_usergroup, read_user_profile -> check_service_status, read_user_profile -> reset_user_password, reset_user_password -> read_database_record",read_user_profile;reset_user_password;check_service_status;read_database_record;dispatch_message_to_usergroup,0->1;0->2;1->3;2->3;3->4,5,5,3,1,1,read,True,test_topology_heldout.csv,test_topology_heldout
59acaa0aa66d8aea,7365b6fb719d62cd,"create_support_ticket -> edit_username, create_support_ticket -> write_database_record, edit_username -> reset_user_password, reset_user_password -> check_service_status, write_database_record -> reset_user_password",create_support_ticket;edit_username;write_database_record;reset_user_password;check_service_status,0->1;0->2;1->3;2->3;3->4,5,5,1,4,0,edit,True,test_topology_heldout.csv,test_topology_heldout
d2ad2bdc42d70c67,a15d7b485ae18bab,"create_support_ticket -> restart_service, create_support_ticket -> write_database_record, restart_service -> route_task_by_condition, route_task_by_condition -> escalate_case_to_human, write_database_record -> route_task_by_condition",create_support_ticket;write_database_record;restart_service;route_task_by_condition;escalate_case_to_human,0->1;0->2;1->3;2->3;3->4,5,5,0,3,2,edit,True,test_topology_heldout.csv,test_topology_heldout
86d88b612dfe0c2e,c373eb41e9ef9644,"dispatch_message_to_usergroup -> read_database_record, read_database_record -> read_subscription_status, read_user_profile -> read_database_record, write_database_record -> dispatch_message_to_usergroup, write_database_record -> read_user_profile",write_database_record;dispatch_message_to_usergroup;read_user_profile;read_database_record;read_subscription_status,0->1;0->2;1->3;2->3;3->4,5,5,3,1,1,read,True,test_topology_heldout.csv,test_topology_heldout
3c702f4958f0b994,c8d58df0efc1c3ab,"check_service_status -> create_support_ticket, check_service_status -> edit_username, create_support_ticket -> route_task_by_condition, edit_username -> route_task_by_condition, route_task_by_condition -> read_subscription_status",check_service_status;edit_username;create_support_ticket;route_task_by_condition;read_subscription_status,0->1;0->2;1->3;2->3;3->4,5,5,2,2,1,mixed,False,test_topology_heldout.csv,test_topology_heldout
afa18152d743cfce,7cef065fc9850058,"restart_service -> scan_system_for_malware, restart_service -> update_subscription_plan, scan_system_for_malware -> write_database_record, update_subscription_plan -> write_database_record, write_database_record -> reset_user_password",restart_service;update_subscription_plan;scan_system_for_malware;write_database_record;reset_user_password,0->1;0->2;1->3;2->3;3->4,5,5,1,4,0,edit,True,test_topology_heldout.csv,test_topology_heldout
697362c3fe3dac35,91124f08bf029b33,"create_support_ticket -> route_task_by_condition, edit_username -> create_support_ticket, reset_user_password -> edit_username, reset_user_password -> scan_system_for_malware, scan_system_for_malware -> create_support_ticket",reset_user_password;scan_system_for_malware;edit_username;create_support_ticket;route_task_by_condition,0->1;0->2;1->3;2->3;3->4,5,5,1,3,1,edit,True,test_topology_heldout.csv,test_topology_heldout
fde778f66b06d202,c13804e8d0e64b05,"create_support_ticket -> write_database_record, route_task_by_condition -> write_database_record, scan_system_for_malware -> create_support_ticket, scan_system_for_malware -> route_task_by_condition, write_database_record -> read_subscription_status",scan_system_for_malware;route_task_by_condition;create_support_ticket;write_database_record;read_subscription_status,0->1;0->2;1->3;2->3;3->4,5,5,2,2,1,mixed,False,test_topology_heldout.csv,test_topology_heldout
40fde4465d19d522,0830f6b746cd8ad5,"check_service_status -> read_database_record, read_database_record -> dispatch_message_to_usergroup, read_subscription_status -> check_service_status, read_subscription_status -> route_task_by_condition, route_task_by_condition -> read_database_record",read_subscription_status;route_task_by_condition;check_service_status;read_database_record;dispatch_message_to_usergroup,0->1;0->2;1->3;2->3;3->4,5,5,3,0,2,read,True,test_topology_heldout.csv,test_topology_heldout
ae574b4c8fc5b4bd,69376fa8cb2bfb11,"create_support_ticket -> reset_user_password, read_database_record -> reset_user_password, reset_user_password -> read_access_logs, scan_system_for_malware -> create_support_ticket, scan_system_for_malware -> read_database_record",scan_system_for_malware;read_database_record;create_support_ticket;reset_user_password;read_access_logs,0->1;0->2;1->3;2->3;3->4,5,5,3,2,0,read,True,test_topology_heldout.csv,test_topology_heldout
c672f691d7cd2580,0c23a28f6613a296,"check_service_status -> create_support_ticket, check_service_status -> route_task_by_condition, create_support_ticket -> write_database_record, route_task_by_condition -> write_database_record, write_database_record -> read_subscription_status",check_service_status;route_task_by_condition;create_support_ticket;write_database_record;read_subscription_status,0->1;0->2;1->3;2->3;3->4,5,5,2,2,1,mixed,False,test_topology_heldout.csv,test_topology_heldout
bd44849adf18f2cc,8216f90a373f6d3f,"create_support_ticket -> dispatch_message_to_usergroup, create_support_ticket -> update_subscription_plan, dispatch_message_to_usergroup -> reset_user_password, reset_user_password -> escalate_case_to_human, update_subscription_plan -> reset_user_password",create_support_ticket;update_subscription_plan;dispatch_message_to_usergroup;reset_user_password;escalate_case_to_human,0->1;0->2;1->3;2->3;3->4,5,5,0,3,2,edit,True,test_topology_heldout.csv,test_topology_heldout
2e124797549c79ef,44c55a0aba30781f,"check_service_status -> route_task_by_condition, read_database_record -> route_task_by_condition, read_subscription_status -> check_service_status, read_subscription_status -> read_database_record, route_task_by_condition -> dispatch_message_to_usergroup",read_subscription_status;read_database_record;check_service_status;route_task_by_condition;dispatch_message_to_usergroup,0->1;0->2;1->3;2->3;3->4,5,5,3,0,2,read,True,test_topology_heldout.csv,test_topology_heldout
f812117b515e039d,6cbfbfeecb8a6411,"read_access_logs -> read_user_profile, read_subscription_status -> read_user_profile, read_user_profile -> reset_user_password, scan_system_for_malware -> read_access_logs, scan_system_for_malware -> read_subscription_status",scan_system_for_malware;read_access_logs;read_subscription_status;read_user_profile;reset_user_password,0->1;0->2;1->3;2->3;3->4,5,5,4,1,0,read,True,test_topology_heldout.csv,test_topology_heldout
d57e13e1676ce5b5,44586a44accbd8b0,"dispatch_message_to_usergroup -> reset_user_password, read_access_logs -> read_subscription_status, read_access_logs -> read_user_profile, read_subscription_status -> dispatch_message_to_usergroup, read_user_profile -> dispatch_message_to_usergroup",read_access_logs;read_subscription_status;read_user_profile;dispatch_message_to_usergroup;reset_user_password,0->1;0->2;1->3;2->3;3->4,5,5,3,1,1,read,True,test_topology_heldout.csv,test_topology_heldout
c312bd658c62fcb3,773e653f1dad635a,"create_support_ticket -> restart_service, read_access_logs -> restart_service, read_subscription_status -> create_support_ticket, read_subscription_status -> read_access_logs, restart_service -> write_database_record",read_subscription_status;create_support_ticket;read_access_logs;restart_service;write_database_record,0->1;0->2;1->3;2->3;3->4,5,5,2,3,0,edit,True,test_topology_heldout.csv,test_topology_heldout
f571bc725b6fe832,d621b75c9b4fe08b,"escalate_case_to_human -> update_subscription_plan, read_database_record -> escalate_case_to_human, read_database_record -> read_user_profile, read_user_profile -> update_subscription_plan, update_subscription_plan -> read_subscription_status",read_database_record;escalate_case_to_human;read_user_profile;update_subscription_plan;read_subscription_status,0->1;0->2;1->3;2->3;3->4,5,5,3,1,1,read,True,test_topology_heldout.csv,test_topology_heldout
80d178fda47a5db6,c66b350d37445f80,"escalate_case_to_human -> scan_system_for_malware, route_task_by_condition -> scan_system_for_malware, scan_system_for_malware -> read_access_logs, write_database_record -> escalate_case_to_human, write_database_record -> route_task_by_condition",write_database_record;route_task_by_condition;escalate_case_to_human;scan_system_for_malware;read_access_logs,0->1;0->2;1->3;2->3;3->4,5,5,2,1,2,mixed,False,test_topology_heldout.csv,test_topology_heldout
be4015b4e8cf67a5,f389c02717d1c8be,"read_database_record -> create_support_ticket, read_subscription_status -> read_database_record, read_user_profile -> read_subscription_status, read_user_profile -> write_database_record, write_database_record -> read_database_record",read_user_profile;read_subscription_status;write_database_record;read_database_record;create_support_ticket,0->1;0->2;1->3;2->3;3->4,5,5,3,2,0,read,True,test_topology_heldout.csv,test_topology_heldout
f6f7e5b330366f7d,3b66cb784d33efa9,"edit_username -> read_database_record, edit_username -> write_database_record, read_database_record -> update_subscription_plan, update_subscription_plan -> restart_service, write_database_record -> update_subscription_plan",edit_username;write_database_record;read_database_record;update_subscription_plan;restart_service,0->1;0->2;1->3;2->3;3->4,5,5,1,4,0,edit,True,test_topology_heldout.csv,test_topology_heldout
346b35476e65ddbe,ac230f42d8095e50,"dispatch_message_to_usergroup -> update_subscription_plan, read_access_logs -> dispatch_message_to_usergroup, read_user_profile -> dispatch_message_to_usergroup, restart_service -> read_access_logs, restart_service -> read_user_profile",restart_service;read_user_profile;read_access_logs;dispatch_message_to_usergroup;update_subscription_plan,0->1;0->2;1->3;2->3;3->4,5,5,2,2,1,mixed,False,test_topology_heldout.csv,test_topology_heldout
d7d6b7f998d91da9,a13bf493c183be08,"check_service_status -> escalate_case_to_human, escalate_case_to_human -> reset_user_password, read_database_record -> escalate_case_to_human, read_subscription_status -> check_service_status, read_subscription_status -> read_database_record",read_subscription_status;read_database_record;check_service_status;escalate_case_to_human;reset_user_password,0->1;0->2;1->3;2->3;3->4,5,5,3,1,1,read,True,test_topology_heldout.csv,test_topology_heldout
bd42c4c5c0d89796,10de9ae875e86f27,"check_service_status -> escalate_case_to_human, escalate_case_to_human -> read_user_profile, read_user_profile -> update_subscription_plan",check_service_status;escalate_case_to_human;read_user_profile;update_subscription_plan,0->1;1->2;2->3,4,3,2,1,1,read,True,candidate_corpus.csv,candidate_only
79ed7d222b5333cd,320f5a9f018926f4,"check_service_status -> escalate_case_to_human, check_service_status -> read_user_profile, check_service_status -> update_subscription_plan",check_service_status;escalate_case_to_human;read_user_profile;update_subscription_plan,0->1;0->2;0->3,4,3,2,1,1,read,True,candidate_corpus.csv,candidate_only
ced08e246fabe705,fd0d357a55e7e8b6,"check_service_status -> update_subscription_plan, escalate_case_to_human -> update_subscription_plan, read_user_profile -> update_subscription_plan",check_service_status;escalate_case_to_human;read_user_profile;update_subscription_plan,0->3;1->3;2->3,4,3,2,1,1,read,True,candidate_corpus.csv,candidate_only
29133123737edd28,85a669b1558e9802,"check_service_status -> read_user_profile, escalate_case_to_human -> read_user_profile, read_user_profile -> update_subscription_plan",check_service_status;escalate_case_to_human;read_user_profile;update_subscription_plan,0->2;1->2;2->3,4,3,2,1,1,read,True,candidate_corpus.csv,candidate_only
2693128efd2fb0bf,abb7868581ddb12b,"check_service_status -> escalate_case_to_human, escalate_case_to_human -> read_user_profile, escalate_case_to_human -> update_subscription_plan",check_service_status;escalate_case_to_human;read_user_profile;update_subscription_plan,0->1;1->2;1->3,4,3,2,1,1,read,True,candidate_corpus.csv,candidate_only
61f500fc4a7d1b34,f1c7fb89cf35c591,"check_service_status -> route_task_by_condition, read_access_logs -> check_service_status, route_task_by_condition -> write_database_record",read_access_logs;check_service_status;route_task_by_condition;write_database_record,0->1;1->2;2->3,4,3,2,1,1,read,True,candidate_corpus.csv,candidate_only
a38f02ad421ebdcd,555a606326b3cc55,"read_access_logs -> check_service_status, read_access_logs -> route_task_by_condition, read_access_logs -> write_database_record",read_access_logs;check_service_status;route_task_by_condition;write_database_record,0->1;0->2;0->3,4,3,2,1,1,read,True,candidate_corpus.csv,candidate_only
45c4d1d7b077030c,25408376ab3bcac6,"check_service_status -> write_database_record, read_access_logs -> write_database_record, route_task_by_condition -> write_database_record",read_access_logs;check_service_status;route_task_by_condition;write_database_record,0->3;1->3;2->3,4,3,2,1,1,read,True,candidate_corpus.csv,candidate_only
64cb221e304e9226,52a8778629dc7eb8,"check_service_status -> route_task_by_condition, read_access_logs -> route_task_by_condition, route_task_by_condition -> write_database_record",read_access_logs;check_service_status;route_task_by_condition;write_database_record,0->2;1->2;2->3,4,3,2,1,1,read,True,candidate_corpus.csv,candidate_only
5d413246ff28502c,4ab914c8b6f34768,"check_service_status -> route_task_by_condition, check_service_status -> write_database_record, read_access_logs -> check_service_status",read_access_logs;check_service_status;route_task_by_condition;write_database_record,0->1;1->2;1->3,4,3,2,1,1,read,True,candidate_corpus.csv,candidate_only
2edcc900e794434b,b081fe1d4d810690,"read_database_record -> update_subscription_plan, restart_service -> read_database_record, update_subscription_plan -> check_service_status",restart_service;read_database_record;update_subscription_plan;check_service_status,0->1;1->2;2->3,4,3,2,2,0,mixed,False,candidate_corpus.csv,candidate_only
db988833a0730098,1ee12a82b82c908d,"restart_service -> check_service_status, restart_service -> read_database_record, restart_service -> update_subscription_plan",restart_service;read_database_record;update_subscription_plan;check_service_status,0->1;0->2;0->3,4,3,2,2,0,mixed,False,candidate_corpus.csv,candidate_only
e888f186dae244ff,d4f84ebbfc53da4b,"read_database_record -> check_service_status, restart_service -> check_service_status, update_subscription_plan -> check_service_status",restart_service;read_database_record;update_subscription_plan;check_service_status,0->3;1->3;2->3,4,3,2,2,0,mixed,False,candidate_corpus.csv,candidate_only
ec1461716d0403ca,451ea7127f478430,"read_database_record -> update_subscription_plan, restart_service -> update_subscription_plan, update_subscription_plan -> check_service_status",restart_service;read_database_record;update_subscription_plan;check_service_status,0->2;1->2;2->3,4,3,2,2,0,mixed,False,candidate_corpus.csv,candidate_only
759b8a9432ba7c1f,2e9e95c825fdd819,"read_database_record -> check_service_status, read_database_record -> update_subscription_plan, restart_service -> read_database_record",restart_service;read_database_record;update_subscription_plan;check_service_status,0->1;1->2;1->3,4,3,2,2,0,mixed,False,candidate_corpus.csv,candidate_only
1b352ec6ccb85141,08a9332558b264ea,"create_support_ticket -> read_subscription_status, read_subscription_status -> scan_system_for_malware, write_database_record -> create_support_ticket",write_database_record;create_support_ticket;read_subscription_status;scan_system_for_malware,0->1;1->2;2->3,4,3,2,2,0,mixed,False,candidate_corpus.csv,candidate_only
ff9478b78b00613c,e4923485993660f1,"write_database_record -> create_support_ticket, write_database_record -> read_subscription_status, write_database_record -> scan_system_for_malware",write_database_record;create_support_ticket;read_subscription_status;scan_system_for_malware,0->1;0->2;0->3,4,3,2,2,0,mixed,False,candidate_corpus.csv,candidate_only
fbddba426bc44e83,a5ca74341211a5e1,"create_support_ticket -> scan_system_for_malware, read_subscription_status -> scan_system_for_malware, write_database_record -> scan_system_for_malware",write_database_record;create_support_ticket;read_subscription_status;scan_system_for_malware,0->3;1->3;2->3,4,3,2,2,0,mixed,False,candidate_corpus.csv,candidate_only
b632e098375d1d32,b9350222d65812ad,"create_support_ticket -> read_subscription_status, read_subscription_status -> scan_system_for_malware, write_database_record -> read_subscription_status",write_database_record;create_support_ticket;read_subscription_status;scan_system_for_malware,0->2;1->2;2->3,4,3,2,2,0,mixed,False,candidate_corpus.csv,candidate_only
1efd5721a0badb80,9973fb546e5d7364,"create_support_ticket -> read_subscription_status, create_support_ticket -> scan_system_for_malware, write_database_record -> create_support_ticket",write_database_record;create_support_ticket;read_subscription_status;scan_system_for_malware,0->1;1->2;1->3,4,3,2,2,0,mixed,False,candidate_corpus.csv,candidate_only
142062e49c4a1222,5dd894dd1a85d74c,"escalate_case_to_human -> create_support_ticket, read_access_logs -> update_subscription_plan, update_subscription_plan -> escalate_case_to_human",read_access_logs;update_subscription_plan;escalate_case_to_human;create_support_ticket,0->1;1->2;2->3,4,3,1,2,1,edit,True,candidate_corpus.csv,candidate_only
79f693d46d9f0819,b712d6d712a8e251,"read_access_logs -> create_support_ticket, read_access_logs -> escalate_case_to_human, read_access_logs -> update_subscription_plan",read_access_logs;update_subscription_plan;escalate_case_to_human;create_support_ticket,0->1;0->2;0->3,4,3,1,2,1,edit,True,candidate_corpus.csv,candidate_only
635462bd8c480c4b,58b704baf4d716d1,"escalate_case_to_human -> create_support_ticket, read_access_logs -> create_support_ticket, update_subscription_plan -> create_support_ticket",read_access_logs;update_subscription_plan;escalate_case_to_human;create_support_ticket,0->3;1->3;2->3,4,3,1,2,1,edit,True,candidate_corpus.csv,candidate_only
758a7f26e4a4b8fe,c4f4be776d9a90c0,"escalate_case_to_human -> create_support_ticket, read_access_logs -> escalate_case_to_human, update_subscription_plan -> escalate_case_to_human",read_access_logs;update_subscription_plan;escalate_case_to_human;create_support_ticket,0->2;1->2;2->3,4,3,1,2,1,edit,True,candidate_corpus.csv,candidate_only
dba1b1ca71dd34ea,9f52a1d87d796e34,"read_access_logs -> update_subscription_plan, update_subscription_plan -> create_support_ticket, update_subscription_plan -> escalate_case_to_human",read_access_logs;update_subscription_plan;escalate_case_to_human;create_support_ticket,0->1;1->2;1->3,4,3,1,2,1,edit,True,candidate_corpus.csv,candidate_only
8c207d0fbc94f190,d28d63909347b16a,"create_support_ticket -> read_database_record, dispatch_message_to_usergroup -> read_access_logs, read_database_record -> dispatch_message_to_usergroup",create_support_ticket;read_database_record;dispatch_message_to_usergroup;read_access_logs,0->1;1->2;2->3,4,3,2,1,1,read,True,candidate_corpus.csv,candidate_only
7d48356a1cb8ad97,d2fa289fe0696ad4,"create_support_ticket -> dispatch_message_to_usergroup, create_support_ticket -> read_access_logs, create_support_ticket -> read_database_record",create_support_ticket;read_database_record;dispatch_message_to_usergroup;read_access_logs,0->1;0->2;0->3,4,3,2,1,1,read,True,candidate_corpus.csv,candidate_only
c5efe3e1769688e9,ecc3fd895e3129f5,"create_support_ticket -> read_access_logs, dispatch_message_to_usergroup -> read_access_logs, read_database_record -> read_access_logs",create_support_ticket;read_database_record;dispatch_message_to_usergroup;read_access_logs,0->3;1->3;2->3,4,3,2,1,1,read,True,candidate_corpus.csv,candidate_only
ea9612c5410cef1b,2cb02bba887b7b0d,"create_support_ticket -> dispatch_message_to_usergroup, dispatch_message_to_usergroup -> read_access_logs, read_database_record -> dispatch_message_to_usergroup",create_support_ticket;read_database_record;dispatch_message_to_usergroup;read_access_logs,0->2;1->2;2->3,4,3,2,1,1,read,True,candidate_corpus.csv,candidate_only
791d8b45a8341d9d,624b3eb42de142b3,"create_support_ticket -> read_database_record, read_database_record -> dispatch_message_to_usergroup, read_database_record -> read_access_logs",create_support_ticket;read_database_record;dispatch_message_to_usergroup;read_access_logs,0->1;1->2;1->3,4,3,2,1,1,read,True,candidate_corpus.csv,candidate_only
4100e8b81d491075,b7cee81d9e5d5083,"read_database_record -> update_subscription_plan, read_subscription_status -> read_database_record, update_subscription_plan -> read_user_profile",read_subscription_status;read_database_record;update_subscription_plan;read_user_profile,0->1;1->2;2->3,4,3,3,1,0,read,True,candidate_corpus.csv,candidate_only
e7ed8c401b054157,7ff32c24829161cd,"read_subscription_status -> read_database_record, read_subscription_status -> read_user_profile, read_subscription_status -> update_subscription_plan",read_subscription_status;read_database_record;update_subscription_plan;read_user_profile,0->1;0->2;0->3,4,3,3,1,0,read,True,candidate_corpus.csv,candidate_only
3f5e2074cd37014a,9dd884166e224c66,"read_database_record -> read_user_profile, read_subscription_status -> read_user_profile, update_subscription_plan -> read_user_profile",read_subscription_status;read_database_record;update_subscription_plan;read_user_profile,0->3;1->3;2->3,4,3,3,1,0,read,True,candidate_corpus.csv,candidate_only
04f58cdca1f3c952,bd3f6402b5a8f582,"read_database_record -> update_subscription_plan, read_subscription_status -> update_subscription_plan, update_subscription_plan -> read_user_profile",read_subscription_status;read_database_record;update_subscription_plan;read_user_profile,0->2;1->2;2->3,4,3,3,1,0,read,True,candidate_corpus.csv,candidate_only
fba41963a66c8da8,6cc04c33ce8fe352,"read_database_record -> read_user_profile, read_database_record -> update_subscription_plan, read_subscription_status -> read_database_record",read_subscription_status;read_database_record;update_subscription_plan;read_user_profile,0->1;1->2;1->3,4,3,3,1,0,read,True,candidate_corpus.csv,candidate_only
4e464d8a1214f739,3c1e818a3e9b7803,"read_subscription_status -> update_subscription_plan, route_task_by_condition -> read_subscription_status, update_subscription_plan -> restart_service",route_task_by_condition;read_subscription_status;update_subscription_plan;restart_service,0->1;1->2;2->3,4,3,1,2,1,edit,True,candidate_corpus.csv,candidate_only
ce7d2d3c1ac2e881,c4bb5906466310d1,"route_task_by_condition -> read_subscription_status, route_task_by_condition -> restart_service, route_task_by_condition -> update_subscription_plan",route_task_by_condition;read_subscription_status;update_subscription_plan;restart_service,0->1;0->2;0->3,4,3,1,2,1,edit,True,candidate_corpus.csv,candidate_only
12d72d206bf8cbcb,428ccbc815b4056b,"read_subscription_status -> restart_service, route_task_by_condition -> restart_service, update_subscription_plan -> restart_service",route_task_by_condition;read_subscription_status;update_subscription_plan;restart_service,0->3;1->3;2->3,4,3,1,2,1,edit,True,candidate_corpus.csv,candidate_only
249ca4431581de63,74589b5529307310,"read_subscription_status -> update_subscription_plan, route_task_by_condition -> update_subscription_plan, update_subscription_plan -> restart_service",route_task_by_condition;read_subscription_status;update_subscription_plan;restart_service,0->2;1->2;2->3,4,3,1,2,1,edit,True,candidate_corpus.csv,candidate_only
8cd888c4ce86c1c7,a58f585f35ec7619,"read_subscription_status -> restart_service, read_subscription_status -> update_subscription_plan, route_task_by_condition -> read_subscription_status",route_task_by_condition;read_subscription_status;update_subscription_plan;restart_service,0->1;1->2;1->3,4,3,1,2,1,edit,True,candidate_corpus.csv,candidate_only
b1ad7527a354815d,db5bc7f5d014643b,"edit_username -> escalate_case_to_human, escalate_case_to_human -> create_support_ticket, route_task_by_condition -> edit_username",route_task_by_condition;edit_username;escalate_case_to_human;create_support_ticket,0->1;1->2;2->3,4,3,0,2,2,mixed,False,candidate_corpus.csv,candidate_only
2dea469d37dcfbad,45954ddd506eb44e,"route_task_by_condition -> create_support_ticket, route_task_by_condition -> edit_username, route_task_by_condition -> escalate_case_to_human",route_task_by_condition;edit_username;escalate_case_to_human;create_support_ticket,0->1;0->2;0->3,4,3,0,2,2,mixed,False,candidate_corpus.csv,candidate_only
969be59cd413aa23,9fb442b12024d92d,"edit_username -> create_support_ticket, escalate_case_to_human -> create_support_ticket, route_task_by_condition -> create_support_ticket",route_task_by_condition;edit_username;escalate_case_to_human;create_support_ticket,0->3;1->3;2->3,4,3,0,2,2,mixed,False,candidate_corpus.csv,candidate_only
145b74282cdaa981,5766c247571100ca,"edit_username -> escalate_case_to_human, escalate_case_to_human -> create_support_ticket, route_task_by_condition -> escalate_case_to_human",route_task_by_condition;edit_username;escalate_case_to_human;create_support_ticket,0->2;1->2;2->3,4,3,0,2,2,mixed,False,candidate_corpus.csv,candidate_only
bca2fcf913677cee,ef636a77eed51914,"edit_username -> create_support_ticket, edit_username -> escalate_case_to_human, route_task_by_condition -> edit_username",route_task_by_condition;edit_username;escalate_case_to_human;create_support_ticket,0->1;1->2;1->3,4,3,0,2,2,mixed,False,candidate_corpus.csv,candidate_only
b185b887f0eb975d,9d63f3aece81f288,"check_service_status -> read_database_record, read_database_record -> update_subscription_plan, update_subscription_plan -> create_support_ticket",check_service_status;read_database_record;update_subscription_plan;create_support_ticket,0->1;1->2;2->3,4,3,2,2,0,mixed,False,candidate_corpus.csv,candidate_only
7b07d74f7b9effa6,fbb391a33f1558c2,"check_service_status -> create_support_ticket, check_service_status -> read_database_record, check_service_status -> update_subscription_plan",check_service_status;read_database_record;update_subscription_plan;create_support_ticket,0->1;0->2;0->3,4,3,2,2,0,mixed,False,candidate_corpus.csv,candidate_only
c50cf6e5f89b55cb,079cd1636d3b8a47,"check_service_status -> read_database_record, read_database_record -> create_support_ticket, read_database_record -> update_subscription_plan",check_service_status;read_database_record;update_subscription_plan;create_support_ticket,0->1;1->2;1->3,4,3,2,2,0,mixed,False,candidate_corpus.csv,candidate_only
74c4e4917c5987a3,71df506bde4623e3,"check_service_status -> read_database_record, escalate_case_to_human -> restart_service, restart_service -> check_service_status",escalate_case_to_human;restart_service;check_service_status;read_database_record,0->1;1->2;2->3,4,3,2,1,1,read,True,candidate_corpus.csv,candidate_only
dd8def89918d0a59,e5340b86d92889d6,"escalate_case_to_human -> check_service_status, escalate_case_to_human -> read_database_record, escalate_case_to_human -> restart_service",escalate_case_to_human;restart_service;check_service_status;read_database_record,0->1;0->2;0->3,4,3,2,1,1,read,True,candidate_corpus.csv,candidate_only
a0a048f3d75d3042,5125eca111cdfb3b,"check_service_status -> read_database_record, escalate_case_to_human -> read_database_record, restart_service -> read_database_record",escalate_case_to_human;restart_service;check_service_status;read_database_record,0->3;1->3;2->3,4,3,2,1,1,read,True,candidate_corpus.csv,candidate_only
c8531275a20f6a18,4e5e3bf6a68cb737,"check_service_status -> read_database_record, escalate_case_to_human -> check_service_status, restart_service -> check_service_status",escalate_case_to_human;restart_service;check_service_status;read_database_record,0->2;1->2;2->3,4,3,2,1,1,read,True,candidate_corpus.csv,candidate_only
89922576bed6c2de,290b26699671fcab,"escalate_case_to_human -> restart_service, restart_service -> check_service_status, restart_service -> read_database_record",escalate_case_to_human;restart_service;check_service_status;read_database_record,0->1;1->2;1->3,4,3,2,1,1,read,True,candidate_corpus.csv,candidate_only
10311d9c4cc52cf7,4a3958cbed523fc0,"create_support_ticket -> dispatch_message_to_usergroup, dispatch_message_to_usergroup -> read_subscription_status, read_subscription_status -> restart_service",create_support_ticket;dispatch_message_to_usergroup;read_subscription_status;restart_service,0->1;1->2;2->3,4,3,1,2,1,edit,True,candidate_corpus.csv,candidate_only
2913e758dd526096,59c60c669d7aae63,"create_support_ticket -> dispatch_message_to_usergroup, create_support_ticket -> read_subscription_status, create_support_ticket -> restart_service",create_support_ticket;dispatch_message_to_usergroup;read_subscription_status;restart_service,0->1;0->2;0->3,4,3,1,2,1,edit,True,candidate_corpus.csv,candidate_only
b09db51731cc78a8,f8750815cbc10a56,"create_support_ticket -> restart_service, dispatch_message_to_usergroup -> restart_service, read_subscription_status -> restart_service",create_support_ticket;dispatch_message_to_usergroup;read_subscription_status;restart_service,0->3;1->3;2->3,4,3,1,2,1,edit,True,candidate_corpus.csv,candidate_only
5fa799875cae0346,2016892966dfba3c,"create_support_ticket -> read_subscription_status, dispatch_message_to_usergroup -> read_subscription_status, read_subscription_status -> restart_service",create_support_ticket;dispatch_message_to_usergroup;read_subscription_status;restart_service,0->2;1->2;2->3,4,3,1,2,1,edit,True,candidate_corpus.csv,candidate_only
536d679fc6ba0fc8,3af7a1aff0289ab3,"create_support_ticket -> dispatch_message_to_usergroup, dispatch_message_to_usergroup -> read_subscription_status, dispatch_message_to_usergroup -> restart_service",create_support_ticket;dispatch_message_to_usergroup;read_subscription_status;restart_service,0->1;1->2;1->3,4,3,1,2,1,edit,True,candidate_corpus.csv,candidate_only
7bee67b1419f460e,7193cbc02bb3c349,"dispatch_message_to_usergroup -> read_database_record, read_database_record -> route_task_by_condition, update_subscription_plan -> dispatch_message_to_usergroup",update_subscription_plan;dispatch_message_to_usergroup;read_database_record;route_task_by_condition,0->1;1->2;2->3,4,3,1,1,2,orchestrate,True,candidate_corpus.csv,candidate_only
369b16754752bf1f,51f3f9c1a17b1509,"update_subscription_plan -> dispatch_message_to_usergroup, update_subscription_plan -> read_database_record, update_subscription_plan -> route_task_by_condition",update_subscription_plan;dispatch_message_to_usergroup;read_database_record;route_task_by_condition,0->1;0->2;0->3,4,3,1,1,2,orchestrate,True,candidate_corpus.csv,candidate_only
2487c856158aa4a8,20a4ed20fc571555,"dispatch_message_to_usergroup -> route_task_by_condition, read_database_record -> route_task_by_condition, update_subscription_plan -> route_task_by_condition",update_subscription_plan;dispatch_message_to_usergroup;read_database_record;route_task_by_condition,0->3;1->3;2->3,4,3,1,1,2,orchestrate,True,candidate_corpus.csv,candidate_only
89ab95befe5ae0c2,3a2c293c6c9f662b,"dispatch_message_to_usergroup -> read_database_record, read_database_record -> route_task_by_condition, update_subscription_plan -> read_database_record",update_subscription_plan;dispatch_message_to_usergroup;read_database_record;route_task_by_condition,0->2;1->2;2->3,4,3,1,1,2,orchestrate,True,candidate_corpus.csv,candidate_only
eb0b06066a4ab08b,eabed3a8f1110fcc,"dispatch_message_to_usergroup -> read_database_record, dispatch_message_to_usergroup -> route_task_by_condition, update_subscription_plan -> dispatch_message_to_usergroup",update_subscription_plan;dispatch_message_to_usergroup;read_database_record;route_task_by_condition,0->1;1->2;1->3,4,3,1,1,2,orchestrate,True,candidate_corpus.csv,candidate_only
b288761a077bb0f8,7919c1435f2e0c8e,"dispatch_message_to_usergroup -> read_user_profile, read_user_profile -> scan_system_for_malware, scan_system_for_malware -> reset_user_password",dispatch_message_to_usergroup;read_user_profile;scan_system_for_malware;reset_user_password,0->1;1->2;2->3,4,3,2,1,1,read,True,candidate_corpus.csv,candidate_only
641e8decaba85ecd,6d79175c652c0572,"dispatch_message_to_usergroup -> read_user_profile, dispatch_message_to_usergroup -> reset_user_password, dispatch_message_to_usergroup -> scan_system_for_malware",dispatch_message_to_usergroup;read_user_profile;scan_system_for_malware;reset_user_password,0->1;0->2;0->3,4,3,2,1,1,read,True,candidate_corpus.csv,candidate_only
87127aefe96e77ad,dd6dddb74d46fc26,"dispatch_message_to_usergroup -> reset_user_password, read_user_profile -> reset_user_password, scan_system_for_malware -> reset_user_password",dispatch_message_to_usergroup;read_user_profile;scan_system_for_malware;reset_user_password,0->3;1->3;2->3,4,3,2,1,1,read,True,candidate_corpus.csv,candidate_only
d6e5d79cddf4a21a,8d13e2cc1706f6a0,"dispatch_message_to_usergroup -> scan_system_for_malware, read_user_profile -> scan_system_for_malware, scan_system_for_malware -> reset_user_password",dispatch_message_to_usergroup;read_user_profile;scan_system_for_malware;reset_user_password,0->2;1->2;2->3,4,3,2,1,1,read,True,candidate_corpus.csv,candidate_only
1e14bae161147f51,6f46c610e55efe59,"dispatch_message_to_usergroup -> read_user_profile, read_user_profile -> reset_user_password, read_user_profile -> scan_system_for_malware",dispatch_message_to_usergroup;read_user_profile;scan_system_for_malware;reset_user_password,0->1;1->2;1->3,4,3,2,1,1,read,True,candidate_corpus.csv,candidate_only
f27110170f95ef8e,407aa838baf8873b,"edit_username -> restart_service, restart_service -> scan_system_for_malware, scan_system_for_malware -> read_database_record",edit_username;restart_service;scan_system_for_malware;read_database_record,0->1;1->2;2->3,4,3,2,2,0,mixed,False,candidate_corpus.csv,candidate_only
00c454908c1378f6,cf4b81dafb50470d,"edit_username -> read_database_record, edit_username -> restart_service, edit_username -> scan_system_for_malware",edit_username;restart_service;scan_system_for_malware;read_database_record,0->1;0->2;0->3,4,3,2,2,0,mixed,False,candidate_corpus.csv,candidate_only
1c09e4f90e25c284,bd1be29efe77a136,"edit_username -> read_database_record, restart_service -> read_database_record, scan_system_for_malware -> read_database_record",edit_username;restart_service;scan_system_for_malware;read_database_record,0->3;1->3;2->3,4,3,2,2,0,mixed,False,candidate_corpus.csv,candidate_only
3b1b259572bd4d1e,eb230caba1161daf,"edit_username -> scan_system_for_malware, restart_service -> scan_system_for_malware, scan_system_for_malware -> read_database_record",edit_username;restart_service;scan_system_for_malware;read_database_record,0->2;1->2;2->3,4,3,2,2,0,mixed,False,candidate_corpus.csv,candidate_only
8c9b4b5365d81d0e,8bc770b9b65888b4,"edit_username -> restart_service, restart_service -> read_database_record, restart_service -> scan_system_for_malware",edit_username;restart_service;scan_system_for_malware;read_database_record,0->1;1->2;1->3,4,3,2,2,0,mixed,False,candidate_corpus.csv,candidate_only
adc636bc44ba2a4e,84030d96143e1966,"reset_user_password -> restart_service, restart_service -> scan_system_for_malware, scan_system_for_malware -> read_user_profile",reset_user_password;restart_service;scan_system_for_malware;read_user_profile,0->1;1->2;2->3,4,3,2,2,0,mixed,False,candidate_corpus.csv,candidate_only
0850869dcdfedcc1,c1e16997d2738014,"reset_user_password -> read_user_profile, reset_user_password -> restart_service, reset_user_password -> scan_system_for_malware",reset_user_password;restart_service;scan_system_for_malware;read_user_profile,0->1;0->2;0->3,4,3,2,2,0,mixed,False,candidate_corpus.csv,candidate_only
29d9e8b68b8c14d2,176bc8866a702ab8,"reset_user_password -> read_user_profile, restart_service -> read_user_profile, scan_system_for_malware -> read_user_profile",reset_user_password;restart_service;scan_system_for_malware;read_user_profile,0->3;1->3;2->3,4,3,2,2,0,mixed,False,candidate_corpus.csv,candidate_only
c806019e4c97d9ee,333255af6e5f8d2f,"reset_user_password -> scan_system_for_malware, restart_service -> scan_system_for_malware, scan_system_for_malware -> read_user_profile",reset_user_password;restart_service;scan_system_for_malware;read_user_profile,0->2;1->2;2->3,4,3,2,2,0,mixed,False,candidate_corpus.csv,candidate_only
d71df9e38cb39f6b,d2cb54065451704e,"reset_user_password -> restart_service, restart_service -> read_user_profile, restart_service -> scan_system_for_malware",reset_user_password;restart_service;scan_system_for_malware;read_user_profile,0->1;1->2;1->3,4,3,2,2,0,mixed,False,candidate_corpus.csv,candidate_only
4f59876fb759f03b,ad3860c3f1db131b,"edit_username -> write_database_record, escalate_case_to_human -> edit_username, write_database_record -> read_database_record",escalate_case_to_human;edit_username;write_database_record;read_database_record,0->1;1->2;2->3,4,3,1,2,1,edit,True,candidate_corpus.csv,candidate_only
d9896657d16787b9,2dbc25f5867e73a5,"escalate_case_to_human -> edit_username, escalate_case_to_human -> read_database_record, escalate_case_to_human -> write_database_record",escalate_case_to_human;edit_username;write_database_record;read_database_record,0->1;0->2;0->3,4,3,1,2,1,edit,True,candidate_corpus.csv,candidate_only
278504460c326788,3dc5f10ea7cb390b,"edit_username -> read_database_record, escalate_case_to_human -> read_database_record, write_database_record -> read_database_record",escalate_case_to_human;edit_username;write_database_record;read_database_record,0->3;1->3;2->3,4,3,1,2,1,edit,True,candidate_corpus.csv,candidate_only
8094cc058cce63e4,8ccff972df13bdf8,"edit_username -> write_database_record, escalate_case_to_human -> write_database_record, write_database_record -> read_database_record",escalate_case_to_human;edit_username;write_database_record;read_database_record,0->2;1->2;2->3,4,3,1,2,1,edit,True,candidate_corpus.csv,candidate_only
6697dfbd4c125a23,6c8b392b34a17a1e,"edit_username -> read_database_record, edit_username -> write_database_record, escalate_case_to_human -> edit_username",escalate_case_to_human;edit_username;write_database_record;read_database_record,0->1;1->2;1->3,4,3,1,2,1,edit,True,candidate_corpus.csv,candidate_only
e8dd7669f92c7eae,27f8e19057675985,"edit_username -> scan_system_for_malware, restart_service -> write_database_record, scan_system_for_malware -> restart_service",edit_username;scan_system_for_malware;restart_service;write_database_record,0->1;1->2;2->3,4,3,1,3,0,edit,True,candidate_corpus.csv,candidate_only
bb609499cac304fc,aa5ac8f77a06cce6,"edit_username -> restart_service, edit_username -> scan_system_for_malware, edit_username -> write_database_record",edit_username;scan_system_for_malware;restart_service;write_database_record,0->1;0->2;0->3,4,3,1,3,0,edit,True,candidate_corpus.csv,candidate_only
f5f415580e347ad2,d8fa7c9d00f5f78d,"edit_username -> write_database_record, restart_service -> write_database_record, scan_system_for_malware -> write_database_record",edit_username;scan_system_for_malware;restart_service;write_database_record,0->3;1->3;2->3,4,3,1,3,0,edit,True,candidate_corpus.csv,candidate_only
a420568f4e0f6bfb,9c85ec0a1ee224aa,"edit_username -> restart_service, restart_service -> write_database_record, scan_system_for_malware -> restart_service",edit_username;scan_system_for_malware;restart_service;write_database_record,0->2;1->2;2->3,4,3,1,3,0,edit,True,candidate_corpus.csv,candidate_only
ea603b2a4be94424,ee9885f055a541d2,"edit_username -> scan_system_for_malware, scan_system_for_malware -> restart_service, scan_system_for_malware -> write_database_record",edit_username;scan_system_for_malware;restart_service;write_database_record,0->1;1->2;1->3,4,3,1,3,0,edit,True,candidate_corpus.csv,candidate_only
97bd6367014f8620,bcc0653bc46f1c1d,"create_support_ticket -> read_access_logs, edit_username -> escalate_case_to_human, read_access_logs -> edit_username",create_support_ticket;read_access_logs;edit_username;escalate_case_to_human,0->1;1->2;2->3,4,3,1,2,1,edit,True,candidate_corpus.csv,candidate_only
9eb306edc965f759,4a45d20bf73c4e59,"create_support_ticket -> edit_username, create_support_ticket -> escalate_case_to_human, create_support_ticket -> read_access_logs",create_support_ticket;read_access_logs;edit_username;escalate_case_to_human,0->1;0->2;0->3,4,3,1,2,1,edit,True,candidate_corpus.csv,candidate_only
ce6a3346edafec94,3b078985529297b6,"create_support_ticket -> escalate_case_to_human, edit_username -> escalate_case_to_human, read_access_logs -> escalate_case_to_human",create_support_ticket;read_access_logs;edit_username;escalate_case_to_human,0->3;1->3;2->3,4,3,1,2,1,edit,True,candidate_corpus.csv,candidate_only
95622dbc308504c7,ff5a97425296173f,"create_support_ticket -> edit_username, edit_username -> escalate_case_to_human, read_access_logs -> edit_username",create_support_ticket;read_access_logs;edit_username;escalate_case_to_human,0->2;1->2;2->3,4,3,1,2,1,edit,True,candidate_corpus.csv,candidate_only
5fb74de3f22f4dc2,38495c9868d59c1d,"create_support_ticket -> read_access_logs, read_access_logs -> edit_username, read_access_logs -> escalate_case_to_human",create_support_ticket;read_access_logs;edit_username;escalate_case_to_human,0->1;1->2;1->3,4,3,1,2,1,edit,True,candidate_corpus.csv,candidate_only
71683917bed1b8cb,66a15d4b788452f9,"create_support_ticket -> reset_user_password, reset_user_password -> restart_service, restart_service -> read_subscription_status",create_support_ticket;reset_user_password;restart_service;read_subscription_status,0->1;1->2;2->3,4,3,1,3,0,edit,True,candidate_corpus.csv,candidate_only
ce3a9e0f4cbad96b,ff9d496448dc87d0,"create_support_ticket -> read_subscription_status, create_support_ticket -> reset_user_password, create_support_ticket -> restart_service",create_support_ticket;reset_user_password;restart_service;read_subscription_status,0->1;0->2;0->3,4,3,1,3,0,edit,True,candidate_corpus.csv,candidate_only
2b49bd8afc0d4ff4,bfccd067e77b5526,"create_support_ticket -> read_subscription_status, reset_user_password -> read_subscription_status, restart_service -> read_subscription_status",create_support_ticket;reset_user_password;restart_service;read_subscription_status,0->3;1->3;2->3,4,3,1,3,0,edit,True,candidate_corpus.csv,candidate_only
ff1b8e43206891be,3253fd5339ff7030,"create_support_ticket -> restart_service, reset_user_password -> restart_service, restart_service -> read_subscription_status",create_support_ticket;reset_user_password;restart_service;read_subscription_status,0->2;1->2;2->3,4,3,1,3,0,edit,True,candidate_corpus.csv,candidate_only
90aa39fa7141679c,0818f2cef0704dac,"create_support_ticket -> reset_user_password, reset_user_password -> read_subscription_status, reset_user_password -> restart_service",create_support_ticket;reset_user_password;restart_service;read_subscription_status,0->1;1->2;1->3,4,3,1,3,0,edit,True,candidate_corpus.csv,candidate_only
333cb6589a1e8c71,e65c3e84960c7661,"dispatch_message_to_usergroup -> reset_user_password, reset_user_password -> write_database_record, update_subscription_plan -> dispatch_message_to_usergroup",update_subscription_plan;dispatch_message_to_usergroup;reset_user_password;write_database_record,0->1;1->2;2->3,4,3,0,3,1,edit,True,candidate_corpus.csv,candidate_only
ef1323ae2ae2167f,d2c94ea621b412fe,"update_subscription_plan -> dispatch_message_to_usergroup, update_subscription_plan -> reset_user_password, update_subscription_plan -> write_database_record",update_subscription_plan;dispatch_message_to_usergroup;reset_user_password;write_database_record,0->1;0->2;0->3,4,3,0,3,1,edit,True,candidate_corpus.csv,candidate_only
e452681435b384cc,4e33143ae080e76c,"dispatch_message_to_usergroup -> write_database_record, reset_user_password -> write_database_record, update_subscription_plan -> write_database_record",update_subscription_plan;dispatch_message_to_usergroup;reset_user_password;write_database_record,0->3;1->3;2->3,4,3,0,3,1,edit,True,candidate_corpus.csv,candidate_only
88b8299574b5be5a,b7014a8ac0a8e016,"dispatch_message_to_usergroup -> reset_user_password, reset_user_password -> write_database_record, update_subscription_plan -> reset_user_password",update_subscription_plan;dispatch_message_to_usergroup;reset_user_password;write_database_record,0->2;1->2;2->3,4,3,0,3,1,edit,True,candidate_corpus.csv,candidate_only
8e91af154f0097b0,355a7ad13d2f84a7,"dispatch_message_to_usergroup -> reset_user_password, dispatch_message_to_usergroup -> write_database_record, update_subscription_plan -> dispatch_message_to_usergroup",update_subscription_plan;dispatch_message_to_usergroup;reset_user_password;write_database_record,0->1;1->2;1->3,4,3,0,3,1,edit,True,candidate_corpus.csv,candidate_only
746ab9da39ae90b1,8a3c74cf5da0f89c,"create_support_ticket -> update_subscription_plan, edit_username -> create_support_ticket, write_database_record -> edit_username",write_database_record;edit_username;create_support_ticket;update_subscription_plan,0->1;1->2;2->3,4,3,0,4,0,edit,True,candidate_corpus.csv,candidate_only
441a1ac0fc6cb7a1,188db948feca2f22,"write_database_record -> create_support_ticket, write_database_record -> edit_username, write_database_record -> update_subscription_plan",write_database_record;edit_username;create_support_ticket;update_subscription_plan,0->1;0->2;0->3,4,3,0,4,0,edit,True,candidate_corpus.csv,candidate_only
2d274678b5829d13,351a42d1c558b2b9,"create_support_ticket -> update_subscription_plan, edit_username -> update_subscription_plan, write_database_record -> update_subscription_plan",write_database_record;edit_username;create_support_ticket;update_subscription_plan,0->3;1->3;2->3,4,3,0,4,0,edit,True,candidate_corpus.csv,candidate_only
0b84c666fb0b8974,5bdbd70042332e9e,"create_support_ticket -> update_subscription_plan, edit_username -> create_support_ticket, write_database_record -> create_support_ticket",write_database_record;edit_username;create_support_ticket;update_subscription_plan,0->2;1->2;2->3,4,3,0,4,0,edit,True,candidate_corpus.csv,candidate_only
eabc8f36357d3161,e1898130b7435752,"edit_username -> create_support_ticket, edit_username -> update_subscription_plan, write_database_record -> edit_username",write_database_record;edit_username;create_support_ticket;update_subscription_plan,0->1;1->2;1->3,4,3,0,4,0,edit,True,candidate_corpus.csv,candidate_only
b37f626ce363868b,a7052419f979c778,"check_service_status -> read_database_record, read_subscription_status -> scan_system_for_malware, scan_system_for_malware -> check_service_status",read_subscription_status;scan_system_for_malware;check_service_status;read_database_record,0->1;1->2;2->3,4,3,4,0,0,read,True,candidate_corpus.csv,candidate_only
fccde5db44902463,8876de4c993b2b65,"read_subscription_status -> check_service_status, read_subscription_status -> read_database_record, read_subscription_status -> scan_system_for_malware",read_subscription_status;scan_system_for_malware;check_service_status;read_database_record,0->1;0->2;0->3,4,3,4,0,0,read,True,candidate_corpus.csv,candidate_only
e5ddb5c056753b29,315582d171a3db99,"check_service_status -> read_database_record, read_subscription_status -> read_database_record, scan_system_for_malware -> read_database_record",read_subscription_status;scan_system_for_malware;check_service_status;read_database_record,0->3;1->3;2->3,4,3,4,0,0,read,True,candidate_corpus.csv,candidate_only
74326978ee6055f8,393ab625e75b1de6,"check_service_status -> read_database_record, read_subscription_status -> check_service_status, scan_system_for_malware -> check_service_status",read_subscription_status;scan_system_for_malware;check_service_status;read_database_record,0->2;1->2;2->3,4,3,4,0,0,read,True,candidate_corpus.csv,candidate_only
e073690b2715a711,f91e5a3e36bf6087,"read_subscription_status -> scan_system_for_malware, scan_system_for_malware -> check_service_status, scan_system_for_malware -> read_database_record",read_subscription_status;scan_system_for_malware;check_service_status;read_database_record,0->1;1->2;1->3,4,3,4,0,0,read,True,candidate_corpus.csv,candidate_only
50559b47e9395f23,8e7a4ff8a8f6c0b4,"check_service_status -> escalate_case_to_human, read_subscription_status -> write_database_record, write_database_record -> check_service_status",read_subscription_status;write_database_record;check_service_status;escalate_case_to_human,0->1;1->2;2->3,4,3,2,1,1,read,True,candidate_corpus.csv,candidate_only
fbb8f656885d1c05,f3033198237ddd72,"read_subscription_status -> check_service_status, read_subscription_status -> escalate_case_to_human, read_subscription_status -> write_database_record",read_subscription_status;write_database_record;check_service_status;escalate_case_to_human,0->1;0->2;0->3,4,3,2,1,1,read,True,candidate_corpus.csv,candidate_only
5c5cf9e6afa42e7a,3ca69914bc3c7633,"check_service_status -> escalate_case_to_human, read_subscription_status -> escalate_case_to_human, write_database_record -> escalate_case_to_human",read_subscription_status;write_database_record;check_service_status;escalate_case_to_human,0->3;1->3;2->3,4,3,2,1,1,read,True,candidate_corpus.csv,candidate_only
7a32522a67d80a79,858ebc0da882c47b,"check_service_status -> escalate_case_to_human, read_subscription_status -> check_service_status, write_database_record -> check_service_status",read_subscription_status;write_database_record;check_service_status;escalate_case_to_human,0->2;1->2;2->3,4,3,2,1,1,read,True,candidate_corpus.csv,candidate_only
44defeaf4ba0fb86,b41b9813e415bd1f,"read_subscription_status -> write_database_record, write_database_record -> check_service_status, write_database_record -> escalate_case_to_human",read_subscription_status;write_database_record;check_service_status;escalate_case_to_human,0->1;1->2;1->3,4,3,2,1,1,read,True,candidate_corpus.csv,candidate_only
43fb2ad3dd425270,e19201c4dcb0ec95,"restart_service -> edit_username, route_task_by_condition -> restart_service, update_subscription_plan -> route_task_by_condition",update_subscription_plan;route_task_by_condition;restart_service;edit_username,0->1;1->2;2->3,4,3,0,3,1,edit,True,candidate_corpus.csv,candidate_only
38a590eeefe79b91,2b8477331cef2137,"update_subscription_plan -> edit_username, update_subscription_plan -> restart_service, update_subscription_plan -> route_task_by_condition",update_subscription_plan;route_task_by_condition;restart_service;edit_username,0->1;0->2;0->3,4,3,0,3,1,edit,True,candidate_corpus.csv,candidate_only
497d8144f8ca15a8,47a61dfc65a7c4ee,"restart_service -> edit_username, route_task_by_condition -> edit_username, update_subscription_plan -> edit_username",update_subscription_plan;route_task_by_condition;restart_service;edit_username,0->3;1->3;2->3,4,3,0,3,1,edit,True,candidate_corpus.csv,candidate_only
ebca1f1be2bc7c83,5e00a03e60a3452b,"restart_service -> edit_username, route_task_by_condition -> restart_service, update_subscription_plan -> restart_service",update_subscription_plan;route_task_by_condition;restart_service;edit_username,0->2;1->2;2->3,4,3,0,3,1,edit,True,candidate_corpus.csv,candidate_only
a4a1525d8d461e61,976888f8b6b4a622,"route_task_by_condition -> edit_username, route_task_by_condition -> restart_service, update_subscription_plan -> route_task_by_condition",update_subscription_plan;route_task_by_condition;restart_service;edit_username,0->1;1->2;1->3,4,3,0,3,1,edit,True,candidate_corpus.csv,candidate_only
4ae979fff009f008,9f9f4b6386950f5a,"read_user_profile -> write_database_record, route_task_by_condition -> read_access_logs, scan_system_for_malware -> read_user_profile, write_database_record -> route_task_by_condition",scan_system_for_malware;read_user_profile;write_database_record;route_task_by_condition;read_access_logs,0->1;1->2;2->3;3->4,5,4,3,1,1,read,True,candidate_corpus.csv,candidate_only
6cf15c95a8661dca,f6daedbebc55f7da,"read_user_profile -> write_database_record, scan_system_for_malware -> write_database_record, write_database_record -> read_access_logs, write_database_record -> route_task_by_condition",scan_system_for_malware;read_user_profile;write_database_record;route_task_by_condition;read_access_logs,0->2;1->2;2->3;2->4,5,4,3,1,1,read,True,candidate_corpus.csv,candidate_only
b05c10477ac90173,0313e4009f664adc,"read_user_profile -> read_access_logs, route_task_by_condition -> read_access_logs, scan_system_for_malware -> read_user_profile, write_database_record -> route_task_by_condition",scan_system_for_malware;read_user_profile;write_database_record;route_task_by_condition;read_access_logs,0->1;1->4;2->3;3->4,5,4,3,1,1,read,True,candidate_corpus.csv,candidate_only
708b20a2779a1337,4a72b9b2417ec6ec,"route_task_by_condition -> read_access_logs, scan_system_for_malware -> read_user_profile, scan_system_for_malware -> route_task_by_condition, scan_system_for_malware -> write_database_record",scan_system_for_malware;read_user_profile;write_database_record;route_task_by_condition;read_access_logs,0->1;0->2;0->3;3->4,5,4,3,1,1,read,True,candidate_corpus.csv,candidate_only
f6232f5988b9e070,027db2fe4cf4e952,"scan_system_for_malware -> read_access_logs, scan_system_for_malware -> read_user_profile, scan_system_for_malware -> route_task_by_condition, scan_system_for_malware -> write_database_record",scan_system_for_malware;read_user_profile;write_database_record;route_task_by_condition;read_access_logs,0->1;0->2;0->3;0->4,5,4,3,1,1,read,True,candidate_corpus.csv,candidate_only
8c199c55425a5901,e588ababc54c1179,"read_access_logs -> route_task_by_condition, read_user_profile -> write_database_record, scan_system_for_malware -> read_user_profile, write_database_record -> route_task_by_condition",scan_system_for_malware;read_user_profile;write_database_record;route_task_by_condition;read_access_logs,0->1;1->2;2->3;4->3,5,4,3,1,1,read,True,candidate_corpus.csv,candidate_only
35ef73e1546a9135,7ac1832e41e7336e,"check_service_status -> scan_system_for_malware, read_subscription_status -> dispatch_message_to_usergroup, scan_system_for_malware -> read_subscription_status, write_database_record -> check_service_status",write_database_record;check_service_status;scan_system_for_malware;read_subscription_status;dispatch_message_to_usergroup,0->1;1->2;2->3;3->4,5,4,3,1,1,read,True,candidate_corpus.csv,candidate_only
f45fc78888823473,9b635b1cc846008d,"check_service_status -> scan_system_for_malware, scan_system_for_malware -> dispatch_message_to_usergroup, scan_system_for_malware -> read_subscription_status, write_database_record -> scan_system_for_malware",write_database_record;check_service_status;scan_system_for_malware;read_subscription_status;dispatch_message_to_usergroup,0->2;1->2;2->3;2->4,5,4,3,1,1,read,True,candidate_corpus.csv,candidate_only
17981dc2634b159f,e98f96994b783366,"check_service_status -> dispatch_message_to_usergroup, read_subscription_status -> dispatch_message_to_usergroup, scan_system_for_malware -> read_subscription_status, write_database_record -> check_service_status",write_database_record;check_service_status;scan_system_for_malware;read_subscription_status;dispatch_message_to_usergroup,0->1;1->4;2->3;3->4,5,4,3,1,1,read,True,candidate_corpus.csv,candidate_only
1e08b61cc672448f,c0192b6b08a8eced,"read_subscription_status -> dispatch_message_to_usergroup, write_database_record -> check_service_status, write_database_record -> read_subscription_status, write_database_record -> scan_system_for_malware",write_database_record;check_service_status;scan_system_for_malware;read_subscription_status;dispatch_message_to_usergroup,0->1;0->2;0->3;3->4,5,4,3,1,1,read,True,candidate_corpus.csv,candidate_only
f4a067659e499862,35b3b5ab12a7ad7c,"write_database_record -> check_service_status, write_database_record -> dispatch_message_to_usergroup, write_database_record -> read_subscription_status, write_database_record -> scan_system_for_malware",write_database_record;check_service_status;scan_system_for_malware;read_subscription_status;dispatch_message_to_usergroup,0->1;0->2;0->3;0->4,5,4,3,1,1,read,True,candidate_corpus.csv,candidate_only
9ffc5ba125b8946b,fde36cf0310e1a6d,"check_service_status -> scan_system_for_malware, dispatch_message_to_usergroup -> read_subscription_status, scan_system_for_malware -> read_subscription_status, write_database_record -> check_service_status",write_database_record;check_service_status;scan_system_for_malware;read_subscription_status;dispatch_message_to_usergroup,0->1;1->2;2->3;4->3,5,4,3,1,1,read,True,candidate_corpus.csv,candidate_only
440618f432e79738,c5a1b7682eef56ea,"create_support_ticket -> route_task_by_condition, read_subscription_status -> update_subscription_plan, route_task_by_condition -> reset_user_password, update_subscription_plan -> create_support_ticket",read_subscription_status;update_subscription_plan;create_support_ticket;route_task_by_condition;reset_user_password,0->1;1->2;2->3;3->4,5,4,1,3,1,edit,True,candidate_corpus.csv,candidate_only
4437c098ccc4abd7,858efb385ebf96fe,"create_support_ticket -> reset_user_password, create_support_ticket -> route_task_by_condition, read_subscription_status -> create_support_ticket, update_subscription_plan -> create_support_ticket",read_subscription_status;update_subscription_plan;create_support_ticket;route_task_by_condition;reset_user_password,0->2;1->2;2->3;2->4,5,4,1,3,1,edit,True,candidate_corpus.csv,candidate_only
39013b3d03dc65b1,15838a13d09656fa,"create_support_ticket -> route_task_by_condition, read_subscription_status -> update_subscription_plan, route_task_by_condition -> reset_user_password, update_subscription_plan -> reset_user_password",read_subscription_status;update_subscription_plan;create_support_ticket;route_task_by_condition;reset_user_password,0->1;1->4;2->3;3->4,5,4,1,3,1,edit,True,candidate_corpus.csv,candidate_only
87acea085eb8884b,57a90bb650d25949,"read_subscription_status -> create_support_ticket, read_subscription_status -> route_task_by_condition, read_subscription_status -> update_subscription_plan, route_task_by_condition -> reset_user_password",read_subscription_status;update_subscription_plan;create_support_ticket;route_task_by_condition;reset_user_password,0->1;0->2;0->3;3->4,5,4,1,3,1,edit,True,candidate_corpus.csv,candidate_only
96a7065e56cfd2f8,b933d4484076329a,"read_subscription_status -> create_support_ticket, read_subscription_status -> reset_user_password, read_subscription_status -> route_task_by_condition, read_subscription_status -> update_subscription_plan",read_subscription_status;update_subscription_plan;create_support_ticket;route_task_by_condition;reset_user_password,0->1;0->2;0->3;0->4,5,4,1,3,1,edit,True,candidate_corpus.csv,candidate_only
cb9dfc2292935616,735436a06fd463cb,"create_support_ticket -> route_task_by_condition, read_subscription_status -> update_subscription_plan, reset_user_password -> route_task_by_condition, update_subscription_plan -> create_support_ticket",read_subscription_status;update_subscription_plan;create_support_ticket;route_task_by_condition;reset_user_password,0->1;1->2;2->3;4->3,5,4,1,3,1,edit,True,candidate_corpus.csv,candidate_only
cb1cb453079eea18,5d500b5de14b151c,"check_service_status -> read_database_record, read_database_record -> dispatch_message_to_usergroup, read_user_profile -> reset_user_password, reset_user_password -> check_service_status",read_user_profile;reset_user_password;check_service_status;read_database_record;dispatch_message_to_usergroup,0->1;1->2;2->3;3->4,5,4,3,1,1,read,True,candidate_corpus.csv,candidate_only
63ec2c0828dd4117,0e257c4241ac2164,"check_service_status -> dispatch_message_to_usergroup, check_service_status -> read_database_record, read_user_profile -> check_service_status, reset_user_password -> check_service_status",read_user_profile;reset_user_password;check_service_status;read_database_record;dispatch_message_to_usergroup,0->2;1->2;2->3;2->4,5,4,3,1,1,read,True,candidate_corpus.csv,candidate_only
8bbc963ec149cd79,6ad9051b2e2c50e3,"check_service_status -> read_database_record, read_database_record -> dispatch_message_to_usergroup, read_user_profile -> reset_user_password, reset_user_password -> dispatch_message_to_usergroup",read_user_profile;reset_user_password;check_service_status;read_database_record;dispatch_message_to_usergroup,0->1;1->4;2->3;3->4,5,4,3,1,1,read,True,candidate_corpus.csv,candidate_only
b7408e45fa86a259,2ba6723a489db2d5,"read_database_record -> dispatch_message_to_usergroup, read_user_profile -> check_service_status, read_user_profile -> read_database_record, read_user_profile -> reset_user_password",read_user_profile;reset_user_password;check_service_status;read_database_record;dispatch_message_to_usergroup,0->1;0->2;0->3;3->4,5,4,3,1,1,read,True,candidate_corpus.csv,candidate_only
3f00b5f328921fac,a3d825439ab4cc48,"read_user_profile -> check_service_status, read_user_profile -> dispatch_message_to_usergroup, read_user_profile -> read_database_record, read_user_profile -> reset_user_password",read_user_profile;reset_user_password;check_service_status;read_database_record;dispatch_message_to_usergroup,0->1;0->2;0->3;0->4,5,4,3,1,1,read,True,candidate_corpus.csv,candidate_only
4afe9b6532086003,83af2f7d23c321ea,"check_service_status -> read_database_record, dispatch_message_to_usergroup -> read_database_record, read_user_profile -> reset_user_password, reset_user_password -> check_service_status",read_user_profile;reset_user_password;check_service_status;read_database_record;dispatch_message_to_usergroup,0->1;1->2;2->3;4->3,5,4,3,1,1,read,True,candidate_corpus.csv,candidate_only
05001a5fce06566d,39037d6de7ceda88,"create_support_ticket -> edit_username, edit_username -> write_database_record, reset_user_password -> check_service_status, write_database_record -> reset_user_password",create_support_ticket;edit_username;write_database_record;reset_user_password;check_service_status,0->1;1->2;2->3;3->4,5,4,1,4,0,edit,True,candidate_corpus.csv,candidate_only
4260410b26f8e08a,114f36bb0430cf3e,"create_support_ticket -> write_database_record, edit_username -> write_database_record, write_database_record -> check_service_status, write_database_record -> reset_user_password",create_support_ticket;edit_username;write_database_record;reset_user_password;check_service_status,0->2;1->2;2->3;2->4,5,4,1,4,0,edit,True,candidate_corpus.csv,candidate_only
938f18d3b230c07b,502518a3426c7cd3,"create_support_ticket -> edit_username, edit_username -> check_service_status, reset_user_password -> check_service_status, write_database_record -> reset_user_password",create_support_ticket;edit_username;write_database_record;reset_user_password;check_service_status,0->1;1->4;2->3;3->4,5,4,1,4,0,edit,True,candidate_corpus.csv,candidate_only
3cd0c01c0a114a2c,567d3a0751e598ec,"create_support_ticket -> edit_username, create_support_ticket -> reset_user_password, create_support_ticket -> write_database_record, reset_user_password -> check_service_status",create_support_ticket;edit_username;write_database_record;reset_user_password;check_service_status,0->1;0->2;0->3;3->4,5,4,1,4,0,edit,True,candidate_corpus.csv,candidate_only
76bd11ccc6c156f9,3e07b0853c49b8e0,"create_support_ticket -> check_service_status, create_support_ticket -> edit_username, create_support_ticket -> reset_user_password, create_support_ticket -> write_database_record",create_support_ticket;edit_username;write_database_record;reset_user_password;check_service_status,0->1;0->2;0->3;0->4,5,4,1,4,0,edit,True,candidate_corpus.csv,candidate_only
a4383ce1065a803b,bf99a9a3a6b3dfd7,"check_service_status -> reset_user_password, create_support_ticket -> edit_username, edit_username -> write_database_record, write_database_record -> reset_user_password",create_support_ticket;edit_username;write_database_record;reset_user_password;check_service_status,0->1;1->2;2->3;4->3,5,4,1,4,0,edit,True,candidate_corpus.csv,candidate_only
a955c86d5c7c7983,0381708a8cb8e1c4,"create_support_ticket -> write_database_record, restart_service -> route_task_by_condition, route_task_by_condition -> escalate_case_to_human, write_database_record -> restart_service",create_support_ticket;write_database_record;restart_service;route_task_by_condition;escalate_case_to_human,0->1;1->2;2->3;3->4,5,4,0,3,2,edit,True,candidate_corpus.csv,candidate_only
fdaee0a2a6274b19,e29cb3db759396ed,"create_support_ticket -> restart_service, restart_service -> escalate_case_to_human, restart_service -> route_task_by_condition, write_database_record -> restart_service",create_support_ticket;write_database_record;restart_service;route_task_by_condition;escalate_case_to_human,0->2;1->2;2->3;2->4,5,4,0,3,2,edit,True,candidate_corpus.csv,candidate_only
2a3435f711053ad4,2f89fe851c2d1af4,"create_support_ticket -> write_database_record, restart_service -> route_task_by_condition, route_task_by_condition -> escalate_case_to_human, write_database_record -> escalate_case_to_human",create_support_ticket;write_database_record;restart_service;route_task_by_condition;escalate_case_to_human,0->1;1->4;2->3;3->4,5,4,0,3,2,edit,True,candidate_corpus.csv,candidate_only
03f82b3d5081d3f0,8a006f97b19087b7,"create_support_ticket -> restart_service, create_support_ticket -> route_task_by_condition, create_support_ticket -> write_database_record, route_task_by_condition -> escalate_case_to_human",create_support_ticket;write_database_record;restart_service;route_task_by_condition;escalate_case_to_human,0->1;0->2;0->3;3->4,5,4,0,3,2,edit,True,candidate_corpus.csv,candidate_only
ed829de37897a8ae,abd3a9723a49ae43,"create_support_ticket -> escalate_case_to_human, create_support_ticket -> restart_service, create_support_ticket -> route_task_by_condition, create_support_ticket -> write_database_record",create_support_ticket;write_database_record;restart_service;route_task_by_condition;escalate_case_to_human,0->1;0->2;0->3;0->4,5,4,0,3,2,edit,True,candidate_corpus.csv,candidate_only
3dac282a78234b06,5659665f28501d04,"create_support_ticket -> write_database_record, escalate_case_to_human -> route_task_by_condition, restart_service -> route_task_by_condition, write_database_record -> restart_service",create_support_ticket;write_database_record;restart_service;route_task_by_condition;escalate_case_to_human,0->1;1->2;2->3;4->3,5,4,0,3,2,edit,True,candidate_corpus.csv,candidate_only
ffd7a1a92f23b552,452a1c402caac0b9,"dispatch_message_to_usergroup -> read_user_profile, read_database_record -> read_subscription_status, read_user_profile -> read_database_record, write_database_record -> dispatch_message_to_usergroup",write_database_record;dispatch_message_to_usergroup;read_user_profile;read_database_record;read_subscription_status,0->1;1->2;2->3;3->4,5,4,3,1,1,read,True,candidate_corpus.csv,candidate_only
05d97ae3c92de16a,b92c735d519567b7,"dispatch_message_to_usergroup -> read_user_profile, read_user_profile -> read_database_record, read_user_profile -> read_subscription_status, write_database_record -> read_user_profile",write_database_record;dispatch_message_to_usergroup;read_user_profile;read_database_record;read_subscription_status,0->2;1->2;2->3;2->4,5,4,3,1,1,read,True,candidate_corpus.csv,candidate_only
7bb0f34b479bb480,06fce3cda2df0568,"dispatch_message_to_usergroup -> read_subscription_status, read_database_record -> read_subscription_status, read_user_profile -> read_database_record, write_database_record -> dispatch_message_to_usergroup",write_database_record;dispatch_message_to_usergroup;read_user_profile;read_database_record;read_subscription_status,0->1;1->4;2->3;3->4,5,4,3,1,1,read,True,candidate_corpus.csv,candidate_only
52b04974e355fb0f,abb372ad6f195b5f,"read_database_record -> read_subscription_status, write_database_record -> dispatch_message_to_usergroup, write_database_record -> read_database_record, write_database_record -> read_user_profile",write_database_record;dispatch_message_to_usergroup;read_user_profile;read_database_record;read_subscription_status,0->1;0->2;0->3;3->4,5,4,3,1,1,read,True,candidate_corpus.csv,candidate_only
a713e4a8a177eedc,3714b12dfbd29d5d,"write_database_record -> dispatch_message_to_usergroup, write_database_record -> read_database_record, write_database_record -> read_subscription_status, write_database_record -> read_user_profile",write_database_record;dispatch_message_to_usergroup;read_user_profile;read_database_record;read_subscription_status,0->1;0->2;0->3;0->4,5,4,3,1,1,read,True,candidate_corpus.csv,candidate_only
c2fe3d386fc63e96,68f8fcc4c4111bd5,"dispatch_message_to_usergroup -> read_user_profile, read_subscription_status -> read_database_record, read_user_profile -> read_database_record, write_database_record -> dispatch_message_to_usergroup",write_database_record;dispatch_message_to_usergroup;read_user_profile;read_database_record;read_subscription_status,0->1;1->2;2->3;4->3,5,4,3,1,1,read,True,candidate_corpus.csv,candidate_only
b906fa5e58f576fc,27cd3e2661905fd9,"check_service_status -> edit_username, create_support_ticket -> route_task_by_condition, edit_username -> create_support_ticket, route_task_by_condition -> read_subscription_status",check_service_status;edit_username;create_support_ticket;route_task_by_condition;read_subscription_status,0->1;1->2;2->3;3->4,5,4,2,2,1,mixed,False,candidate_corpus.csv,candidate_only
0ee3639959a8a257,e63b16bb14f874ba,"check_service_status -> create_support_ticket, create_support_ticket -> read_subscription_status, create_support_ticket -> route_task_by_condition, edit_username -> create_support_ticket",check_service_status;edit_username;create_support_ticket;route_task_by_condition;read_subscription_status,0->2;1->2;2->3;2->4,5,4,2,2,1,mixed,False,candidate_corpus.csv,candidate_only
a3a6f272e7c599a8,444d2f93231b6a1b,"check_service_status -> edit_username, create_support_ticket -> route_task_by_condition, edit_username -> read_subscription_status, route_task_by_condition -> read_subscription_status",check_service_status;edit_username;create_support_ticket;route_task_by_condition;read_subscription_status,0->1;1->4;2->3;3->4,5,4,2,2,1,mixed,False,candidate_corpus.csv,candidate_only
c99973563e13ebdb,97252374ea8b03b8,"check_service_status -> create_support_ticket, check_service_status -> edit_username, check_service_status -> route_task_by_condition, route_task_by_condition -> read_subscription_status",check_service_status;edit_username;create_support_ticket;route_task_by_condition;read_subscription_status,0->1;0->2;0->3;3->4,5,4,2,2,1,mixed,False,candidate_corpus.csv,candidate_only
61f92e127f5a60e4,849f03fdf3d0e460,"check_service_status -> create_support_ticket, check_service_status -> edit_username, check_service_status -> read_subscription_status, check_service_status -> route_task_by_condition",check_service_status;edit_username;create_support_ticket;route_task_by_condition;read_subscription_status,0->1;0->2;0->3;0->4,5,4,2,2,1,mixed,False,candidate_corpus.csv,candidate_only
ef246720b30379d6,f37e53645b4421c4,"check_service_status -> edit_username, create_support_ticket -> route_task_by_condition, edit_username -> create_support_ticket, read_subscription_status -> route_task_by_condition",check_service_status;edit_username;create_support_ticket;route_task_by_condition;read_subscription_status,0->1;1->2;2->3;4->3,5,4,2,2,1,mixed,False,candidate_corpus.csv,candidate_only
990100a21e602e80,bb81185d2462e678,"restart_service -> update_subscription_plan, scan_system_for_malware -> write_database_record, update_subscription_plan -> scan_system_for_malware, write_database_record -> reset_user_password",restart_service;update_subscription_plan;scan_system_for_malware;write_database_record;reset_user_password,0->1;1->2;2->3;3->4,5,4,1,4,0,edit,True,candidate_corpus.csv,candidate_only
b779bdab30e6fb2b,5ad8c255367f58c2,"restart_service -> scan_system_for_malware, scan_system_for_malware -> reset_user_password, scan_system_for_malware -> write_database_record, update_subscription_plan -> scan_system_for_malware",restart_service;update_subscription_plan;scan_system_for_malware;write_database_record;reset_user_password,0->2;1->2;2->3;2->4,5,4,1,4,0,edit,True,candidate_corpus.csv,candidate_only
e8a9ed148203922f,3ddc47b07ac158ac,"restart_service -> update_subscription_plan, scan_system_for_malware -> write_database_record, update_subscription_plan -> reset_user_password, write_database_record -> reset_user_password",restart_service;update_subscription_plan;scan_system_for_malware;write_database_record;reset_user_password,0->1;1->4;2->3;3->4,5,4,1,4,0,edit,True,candidate_corpus.csv,candidate_only
eb6f97975f535ec6,7191f06f49276149,"restart_service -> scan_system_for_malware, restart_service -> update_subscription_plan, restart_service -> write_database_record, write_database_record -> reset_user_password",restart_service;update_subscription_plan;scan_system_for_malware;write_database_record;reset_user_password,0->1;0->2;0->3;3->4,5,4,1,4,0,edit,True,candidate_corpus.csv,candidate_only
14ca7f0eec549b52,b4a45466f088f261,"restart_service -> reset_user_password, restart_service -> scan_system_for_malware, restart_service -> update_subscription_plan, restart_service -> write_database_record",restart_service;update_subscription_plan;scan_system_for_malware;write_database_record;reset_user_password,0->1;0->2;0->3;0->4,5,4,1,4,0,edit,True,candidate_corpus.csv,candidate_only
e45fda1e0c229c03,6dd97f3e03f72f3f,"reset_user_password -> write_database_record, restart_service -> update_subscription_plan, scan_system_for_malware -> write_database_record, update_subscription_plan -> scan_system_for_malware",restart_service;update_subscription_plan;scan_system_for_malware;write_database_record;reset_user_password,0->1;1->2;2->3;4->3,5,4,1,4,0,edit,True,candidate_corpus.csv,candidate_only
98823e9b56e9b7dc,2916995f138dfe84,"create_support_ticket -> route_task_by_condition, edit_username -> create_support_ticket, reset_user_password -> scan_system_for_malware, scan_system_for_malware -> edit_username",reset_user_password;scan_system_for_malware;edit_username;create_support_ticket;route_task_by_condition,0->1;1->2;2->3;3->4,5,4,1,3,1,edit,True,candidate_corpus.csv,candidate_only
cf5d5a7473074174,58947402bf3b6c61,"edit_username -> create_support_ticket, edit_username -> route_task_by_condition, reset_user_password -> edit_username, scan_system_for_malware -> edit_username",reset_user_password;scan_system_for_malware;edit_username;create_support_ticket;route_task_by_condition,0->2;1->2;2->3;2->4,5,4,1,3,1,edit,True,candidate_corpus.csv,candidate_only
fb1c042f6374c04c,912f30aac74037a5,"create_support_ticket -> route_task_by_condition, edit_username -> create_support_ticket, reset_user_password -> scan_system_for_malware, scan_system_for_malware -> route_task_by_condition",reset_user_password;scan_system_for_malware;edit_username;create_support_ticket;route_task_by_condition,0->1;1->4;2->3;3->4,5,4,1,3,1,edit,True,candidate_corpus.csv,candidate_only
34a0aa880cbc3dfb,0d82de5a8d65da09,"create_support_ticket -> route_task_by_condition, reset_user_password -> create_support_ticket, reset_user_password -> edit_username, reset_user_password -> scan_system_for_malware",reset_user_password;scan_system_for_malware;edit_username;create_support_ticket;route_task_by_condition,0->1;0->2;0->3;3->4,5,4,1,3,1,edit,True,candidate_corpus.csv,candidate_only
63cea380b0436469,e96fb755faa1bcb3,"reset_user_password -> create_support_ticket, reset_user_password -> edit_username, reset_user_password -> route_task_by_condition, reset_user_password -> scan_system_for_malware",reset_user_password;scan_system_for_malware;edit_username;create_support_ticket;route_task_by_condition,0->1;0->2;0->3;0->4,5,4,1,3,1,edit,True,candidate_corpus.csv,candidate_only
1fcb20da2dee48b7,2e9d0a7e4c3262be,"edit_username -> create_support_ticket, reset_user_password -> scan_system_for_malware, route_task_by_condition -> create_support_ticket, scan_system_for_malware -> edit_username",reset_user_password;scan_system_for_malware;edit_username;create_support_ticket;route_task_by_condition,0->1;1->2;2->3;4->3,5,4,1,3,1,edit,True,candidate_corpus.csv,candidate_only
856c6fbb8fd7a11e,e29a6562555cdff1,"create_support_ticket -> write_database_record, route_task_by_condition -> create_support_ticket, scan_system_for_malware -> route_task_by_condition, write_database_record -> read_subscription_status",scan_system_for_malware;route_task_by_condition;create_support_ticket;write_database_record;read_subscription_status,0->1;1->2;2->3;3->4,5,4,2,2,1,mixed,False,candidate_corpus.csv,candidate_only
ea666f17a3d05d0f,232a1768160514c1,"create_support_ticket -> read_subscription_status, create_support_ticket -> write_database_record, route_task_by_condition -> create_support_ticket, scan_system_for_malware -> create_support_ticket",scan_system_for_malware;route_task_by_condition;create_support_ticket;write_database_record;read_subscription_status,0->2;1->2;2->3;2->4,5,4,2,2,1,mixed,False,candidate_corpus.csv,candidate_only
4d46f37dee536814,74148e7d5892cee4,"create_support_ticket -> write_database_record, route_task_by_condition -> read_subscription_status, scan_system_for_malware -> route_task_by_condition, write_database_record -> read_subscription_status",scan_system_for_malware;route_task_by_condition;create_support_ticket;write_database_record;read_subscription_status,0->1;1->4;2->3;3->4,5,4,2,2,1,mixed,False,candidate_corpus.csv,candidate_only
e3e3ec029ae44087,dcee4d0196fb41be,"scan_system_for_malware -> create_support_ticket, scan_system_for_malware -> route_task_by_condition, scan_system_for_malware -> write_database_record, write_database_record -> read_subscription_status",scan_system_for_malware;route_task_by_condition;create_support_ticket;write_database_record;read_subscription_status,0->1;0->2;0->3;3->4,5,4,2,2,1,mixed,False,candidate_corpus.csv,candidate_only
07c76fe3a4b13329,1505e707b97025af,"scan_system_for_malware -> create_support_ticket, scan_system_for_malware -> read_subscription_status, scan_system_for_malware -> route_task_by_condition, scan_system_for_malware -> write_database_record",scan_system_for_malware;route_task_by_condition;create_support_ticket;write_database_record;read_subscription_status,0->1;0->2;0->3;0->4,5,4,2,2,1,mixed,False,candidate_corpus.csv,candidate_only
e07d378d17226520,c27c47e3f98f3f65,"create_support_ticket -> write_database_record, read_subscription_status -> write_database_record, route_task_by_condition -> create_support_ticket, scan_system_for_malware -> route_task_by_condition",scan_system_for_malware;route_task_by_condition;create_support_ticket;write_database_record;read_subscription_status,0->1;1->2;2->3;4->3,5,4,2,2,1,mixed,False,candidate_corpus.csv,candidate_only
60a2e460b4aed40e,0c7cfaa1bdc12bf2,"check_service_status -> read_database_record, read_database_record -> dispatch_message_to_usergroup, read_subscription_status -> route_task_by_condition, route_task_by_condition -> check_service_status",read_subscription_status;route_task_by_condition;check_service_status;read_database_record;dispatch_message_to_usergroup,0->1;1->2;2->3;3->4,5,4,3,0,2,read,True,candidate_corpus.csv,candidate_only
42df7c0cede269cb,805b0f1396a4fecc,"check_service_status -> dispatch_message_to_usergroup, check_service_status -> read_database_record, read_subscription_status -> check_service_status, route_task_by_condition -> check_service_status",read_subscription_status;route_task_by_condition;check_service_status;read_database_record;dispatch_message_to_usergroup,0->2;1->2;2->3;2->4,5,4,3,0,2,read,True,candidate_corpus.csv,candidate_only
f9702435d380389d,5dfd2f9e9f15621e,"check_service_status -> read_database_record, read_database_record -> dispatch_message_to_usergroup, read_subscription_status -> route_task_by_condition, route_task_by_condition -> dispatch_message_to_usergroup",read_subscription_status;route_task_by_condition;check_service_status;read_database_record;dispatch_message_to_usergroup,0->1;1->4;2->3;3->4,5,4,3,0,2,read,True,candidate_corpus.csv,candidate_only
98eefb7e07977f0a,7a97ba807a3a0cbb,"read_database_record -> dispatch_message_to_usergroup, read_subscription_status -> check_service_status, read_subscription_status -> read_database_record, read_subscription_status -> route_task_by_condition",read_subscription_status;route_task_by_condition;check_service_status;read_database_record;dispatch_message_to_usergroup,0->1;0->2;0->3;3->4,5,4,3,0,2,read,True,candidate_corpus.csv,candidate_only
cd7755cc84ec66e5,1f33bedbf124bf62,"read_subscription_status -> check_service_status, read_subscription_status -> dispatch_message_to_usergroup, read_subscription_status -> read_database_record, read_subscription_status -> route_task_by_condition",read_subscription_status;route_task_by_condition;check_service_status;read_database_record;dispatch_message_to_usergroup,0->1;0->2;0->3;0->4,5,4,3,0,2,read,True,candidate_corpus.csv,candidate_only
607267b5fbc65e0f,94f6e1d76114869d,"check_service_status -> read_database_record, dispatch_message_to_usergroup -> read_database_record, read_subscription_status -> route_task_by_condition, route_task_by_condition -> check_service_status",read_subscription_status;route_task_by_condition;check_service_status;read_database_record;dispatch_message_to_usergroup,0->1;1->2;2->3;4->3,5,4,3,0,2,read,True,candidate_corpus.csv,candidate_only
3ca83b61140267e6,e25a7bca664e4e35,"create_support_ticket -> reset_user_password, read_database_record -> create_support_ticket, reset_user_password -> read_access_logs, scan_system_for_malware -> read_database_record",scan_system_for_malware;read_database_record;create_support_ticket;reset_user_password;read_access_logs,0->1;1->2;2->3;3->4,5,4,3,2,0,read,True,candidate_corpus.csv,candidate_only
d95bdccbd8b4ded4,396d28205efc36f2,"create_support_ticket -> read_access_logs, create_support_ticket -> reset_user_password, read_database_record -> create_support_ticket, scan_system_for_malware -> create_support_ticket",scan_system_for_malware;read_database_record;create_support_ticket;reset_user_password;read_access_logs,0->2;1->2;2->3;2->4,5,4,3,2,0,read,True,candidate_corpus.csv,candidate_only
e8a3813bbf9ccd2d,82f34def57fe47e7,"create_support_ticket -> reset_user_password, read_database_record -> read_access_logs, reset_user_password -> read_access_logs, scan_system_for_malware -> read_database_record",scan_system_for_malware;read_database_record;create_support_ticket;reset_user_password;read_access_logs,0->1;1->4;2->3;3->4,5,4,3,2,0,read,True,candidate_corpus.csv,candidate_only
d039a485d8ac38d8,e5d6184d7dc87cf2,"reset_user_password -> read_access_logs, scan_system_for_malware -> create_support_ticket, scan_system_for_malware -> read_database_record, scan_system_for_malware -> reset_user_password",scan_system_for_malware;read_database_record;create_support_ticket;reset_user_password;read_access_logs,0->1;0->2;0->3;3->4,5,4,3,2,0,read,True,candidate_corpus.csv,candidate_only
69a5f659fb509cf8,2488156984896b8c,"scan_system_for_malware -> create_support_ticket, scan_system_for_malware -> read_access_logs, scan_system_for_malware -> read_database_record, scan_system_for_malware -> reset_user_password",scan_system_for_malware;read_database_record;create_support_ticket;reset_user_password;read_access_logs,0->1;0->2;0->3;0->4,5,4,3,2,0,read,True,candidate_corpus.csv,candidate_only
bde563d77343f2a4,f500a9d54923cfdd,"create_support_ticket -> reset_user_password, read_access_logs -> reset_user_password, read_database_record -> create_support_ticket, scan_system_for_malware -> read_database_record",scan_system_for_malware;read_database_record;create_support_ticket;reset_user_password;read_access_logs,0->1;1->2;2->3;4->3,5,4,3,2,0,read,True,candidate_corpus.csv,candidate_only
edfc3ab06d7ec2b8,8d157ff18861dc13,"check_service_status -> route_task_by_condition, create_support_ticket -> write_database_record, route_task_by_condition -> create_support_ticket, write_database_record -> read_subscription_status",check_service_status;route_task_by_condition;create_support_ticket;write_database_record;read_subscription_status,0->1;1->2;2->3;3->4,5,4,2,2,1,mixed,False,candidate_corpus.csv,candidate_only
571eb46df4312819,8786379e90f530da,"check_service_status -> create_support_ticket, create_support_ticket -> read_subscription_status, create_support_ticket -> write_database_record, route_task_by_condition -> create_support_ticket",check_service_status;route_task_by_condition;create_support_ticket;write_database_record;read_subscription_status,0->2;1->2;2->3;2->4,5,4,2,2,1,mixed,False,candidate_corpus.csv,candidate_only
677f6a31a7a040cf,b892ed61b68ef2a6,"check_service_status -> route_task_by_condition, create_support_ticket -> write_database_record, route_task_by_condition -> read_subscription_status, write_database_record -> read_subscription_status",check_service_status;route_task_by_condition;create_support_ticket;write_database_record;read_subscription_status,0->1;1->4;2->3;3->4,5,4,2,2,1,mixed,False,candidate_corpus.csv,candidate_only
697941f03c57384f,9eb32009e8a67af1,"check_service_status -> create_support_ticket, check_service_status -> route_task_by_condition, check_service_status -> write_database_record, write_database_record -> read_subscription_status",check_service_status;route_task_by_condition;create_support_ticket;write_database_record;read_subscription_status,0->1;0->2;0->3;3->4,5,4,2,2,1,mixed,False,candidate_corpus.csv,candidate_only
72600dfaf35bb55d,eaaab84f08a7ea1b,"check_service_status -> create_support_ticket, check_service_status -> read_subscription_status, check_service_status -> route_task_by_condition, check_service_status -> write_database_record",check_service_status;route_task_by_condition;create_support_ticket;write_database_record;read_subscription_status,0->1;0->2;0->3;0->4,5,4,2,2,1,mixed,False,candidate_corpus.csv,candidate_only
5b67433dbbed0004,974a28ea6f318efa,"check_service_status -> route_task_by_condition, create_support_ticket -> write_database_record, read_subscription_status -> write_database_record, route_task_by_condition -> create_support_ticket",check_service_status;route_task_by_condition;create_support_ticket;write_database_record;read_subscription_status,0->1;1->2;2->3;4->3,5,4,2,2,1,mixed,False,candidate_corpus.csv,candidate_only
a9142515c88c3717,cbee9feda8f87c2b,"create_support_ticket -> update_subscription_plan, dispatch_message_to_usergroup -> reset_user_password, reset_user_password -> escalate_case_to_human, update_subscription_plan -> dispatch_message_to_usergroup",create_support_ticket;update_subscription_plan;dispatch_message_to_usergroup;reset_user_password;escalate_case_to_human,0->1;1->2;2->3;3->4,5,4,0,3,2,edit,True,candidate_corpus.csv,candidate_only
69c47b6786eb4bef,fe2520c17ba14b85,"create_support_ticket -> dispatch_message_to_usergroup, dispatch_message_to_usergroup -> escalate_case_to_human, dispatch_message_to_usergroup -> reset_user_password, update_subscription_plan -> dispatch_message_to_usergroup",create_support_ticket;update_subscription_plan;dispatch_message_to_usergroup;reset_user_password;escalate_case_to_human,0->2;1->2;2->3;2->4,5,4,0,3,2,edit,True,candidate_corpus.csv,candidate_only
658249e6a72bc16c,8ad4f8122e3e87f4,"create_support_ticket -> update_subscription_plan, dispatch_message_to_usergroup -> reset_user_password, reset_user_password -> escalate_case_to_human, update_subscription_plan -> escalate_case_to_human",create_support_ticket;update_subscription_plan;dispatch_message_to_usergroup;reset_user_password;escalate_case_to_human,0->1;1->4;2->3;3->4,5,4,0,3,2,edit,True,candidate_corpus.csv,candidate_only
8bc7b787c23edb35,9ee69ac09e154243,"create_support_ticket -> dispatch_message_to_usergroup, create_support_ticket -> reset_user_password, create_support_ticket -> update_subscription_plan, reset_user_password -> escalate_case_to_human",create_support_ticket;update_subscription_plan;dispatch_message_to_usergroup;reset_user_password;escalate_case_to_human,0->1;0->2;0->3;3->4,5,4,0,3,2,edit,True,candidate_corpus.csv,candidate_only
805adb6e809c1b27,e0339e06aafd890d,"create_support_ticket -> dispatch_message_to_usergroup, create_support_ticket -> escalate_case_to_human, create_support_ticket -> reset_user_password, create_support_ticket -> update_subscription_plan",create_support_ticket;update_subscription_plan;dispatch_message_to_usergroup;reset_user_password;escalate_case_to_human,0->1;0->2;0->3;0->4,5,4,0,3,2,edit,True,candidate_corpus.csv,candidate_only
3845602c2926dc63,9a217789773662dd,"create_support_ticket -> update_subscription_plan, dispatch_message_to_usergroup -> reset_user_password, escalate_case_to_human -> reset_user_password, update_subscription_plan -> dispatch_message_to_usergroup",create_support_ticket;update_subscription_plan;dispatch_message_to_usergroup;reset_user_password;escalate_case_to_human,0->1;1->2;2->3;4->3,5,4,0,3,2,edit,True,candidate_corpus.csv,candidate_only
0bf3a4c4b19721b0,9c6b5747956ed0a6,"check_service_status -> route_task_by_condition, read_database_record -> check_service_status, read_subscription_status -> read_database_record, route_task_by_condition -> dispatch_message_to_usergroup",read_subscription_status;read_database_record;check_service_status;route_task_by_condition;dispatch_message_to_usergroup,0->1;1->2;2->3;3->4,5,4,3,0,2,read,True,candidate_corpus.csv,candidate_only
40f2a5d0f8117dd1,b48227dc59692148,"check_service_status -> dispatch_message_to_usergroup, check_service_status -> route_task_by_condition, read_database_record -> check_service_status, read_subscription_status -> check_service_status",read_subscription_status;read_database_record;check_service_status;route_task_by_condition;dispatch_message_to_usergroup,0->2;1->2;2->3;2->4,5,4,3,0,2,read,True,candidate_corpus.csv,candidate_only
8bc68ba216ebf677,4802faa425ee8b4a,"check_service_status -> route_task_by_condition, read_database_record -> dispatch_message_to_usergroup, read_subscription_status -> read_database_record, route_task_by_condition -> dispatch_message_to_usergroup",read_subscription_status;read_database_record;check_service_status;route_task_by_condition;dispatch_message_to_usergroup,0->1;1->4;2->3;3->4,5,4,3,0,2,read,True,candidate_corpus.csv,candidate_only
607e0fadc03d3064,ca3da9b8c297d9d8,"read_subscription_status -> check_service_status, read_subscription_status -> read_database_record, read_subscription_status -> route_task_by_condition, route_task_by_condition -> dispatch_message_to_usergroup",read_subscription_status;read_database_record;check_service_status;route_task_by_condition;dispatch_message_to_usergroup,0->1;0->2;0->3;3->4,5,4,3,0,2,read,True,candidate_corpus.csv,candidate_only
5a2b0fb3bef77f35,c94c7e95c95794a2,"check_service_status -> route_task_by_condition, dispatch_message_to_usergroup -> route_task_by_condition, read_database_record -> check_service_status, read_subscription_status -> read_database_record",read_subscription_status;read_database_record;check_service_status;route_task_by_condition;dispatch_message_to_usergroup,0->1;1->2;2->3;4->3,5,4,3,0,2,read,True,candidate_corpus.csv,candidate_only
1b4956072a22f7ba,727b21768af4f6fe,"read_access_logs -> read_subscription_status, read_subscription_status -> read_user_profile, read_user_profile -> reset_user_password, scan_system_for_malware -> read_access_logs",scan_system_for_malware;read_access_logs;read_subscription_status;read_user_profile;reset_user_password,0->1;1->2;2->3;3->4,5,4,4,1,0,read,True,candidate_corpus.csv,candidate_only
87cc02ed7ab9af7d,8d45d9b0dd2fbf6b,"read_access_logs -> read_subscription_status, read_subscription_status -> read_user_profile, read_subscription_status -> reset_user_password, scan_system_for_malware -> read_subscription_status",scan_system_for_malware;read_access_logs;read_subscription_status;read_user_profile;reset_user_password,0->2;1->2;2->3;2->4,5,4,4,1,0,read,True,candidate_corpus.csv,candidate_only
70209d3c65daca38,b244dc1add380acb,"read_access_logs -> reset_user_password, read_subscription_status -> read_user_profile, read_user_profile -> reset_user_password, scan_system_for_malware -> read_access_logs",scan_system_for_malware;read_access_logs;read_subscription_status;read_user_profile;reset_user_password,0->1;1->4;2->3;3->4,5,4,4,1,0,read,True,candidate_corpus.csv,candidate_only
f563dc531c9565df,91eb934e5c10ca5a,"read_user_profile -> reset_user_password, scan_system_for_malware -> read_access_logs, scan_system_for_malware -> read_subscription_status, scan_system_for_malware -> read_user_profile",scan_system_for_malware;read_access_logs;read_subscription_status;read_user_profile;reset_user_password,0->1;0->2;0->3;3->4,5,4,4,1,0,read,True,candidate_corpus.csv,candidate_only
8e52ae6e8aed80e3,967b42e7a26a8f19,"scan_system_for_malware -> read_access_logs, scan_system_for_malware -> read_subscription_status, scan_system_for_malware -> read_user_profile, scan_system_for_malware -> reset_user_password",scan_system_for_malware;read_access_logs;read_subscription_status;read_user_profile;reset_user_password,0->1;0->2;0->3;0->4,5,4,4,1,0,read,True,candidate_corpus.csv,candidate_only
e8badc2d0c36f03b,12dae3ccd1002f9a,"read_access_logs -> read_subscription_status, read_subscription_status -> read_user_profile, reset_user_password -> read_user_profile, scan_system_for_malware -> read_access_logs",scan_system_for_malware;read_access_logs;read_subscription_status;read_user_profile;reset_user_password,0->1;1->2;2->3;4->3,5,4,4,1,0,read,True,candidate_corpus.csv,candidate_only
74fe479643a5d29d,09ee72ab3e1f8267,"dispatch_message_to_usergroup -> reset_user_password, read_access_logs -> read_subscription_status, read_subscription_status -> read_user_profile, read_user_profile -> dispatch_message_to_usergroup",read_access_logs;read_subscription_status;read_user_profile;dispatch_message_to_usergroup;reset_user_password,0->1;1->2;2->3;3->4,5,4,3,1,1,read,True,candidate_corpus.csv,candidate_only
6bc84381969a3dfb,9a53d03a09a53a8b,"read_access_logs -> read_user_profile, read_subscription_status -> read_user_profile, read_user_profile -> dispatch_message_to_usergroup, read_user_profile -> reset_user_password",read_access_logs;read_subscription_status;read_user_profile;dispatch_message_to_usergroup;reset_user_password,0->2;1->2;2->3;2->4,5,4,3,1,1,read,True,candidate_corpus.csv,candidate_only
9e9a3a1974db6eb5,f213969df1b509f6,"dispatch_message_to_usergroup -> reset_user_password, read_access_logs -> read_subscription_status, read_subscription_status -> reset_user_password, read_user_profile -> dispatch_message_to_usergroup",read_access_logs;read_subscription_status;read_user_profile;dispatch_message_to_usergroup;reset_user_password,0->1;1->4;2->3;3->4,5,4,3,1,1,read,True,candidate_corpus.csv,candidate_only
70aaeead91867a08,b92234186a891261,"dispatch_message_to_usergroup -> reset_user_password, read_access_logs -> dispatch_message_to_usergroup, read_access_logs -> read_subscription_status, read_access_logs -> read_user_profile",read_access_logs;read_subscription_status;read_user_profile;dispatch_message_to_usergroup;reset_user_password,0->1;0->2;0->3;3->4,5,4,3,1,1,read,True,candidate_corpus.csv,candidate_only
01a994d008f4a34e,3267ae007e597f91,"read_access_logs -> dispatch_message_to_usergroup, read_access_logs -> read_subscription_status, read_access_logs -> read_user_profile, read_access_logs -> reset_user_password",read_access_logs;read_subscription_status;read_user_profile;dispatch_message_to_usergroup;reset_user_password,0->1;0->2;0->3;0->4,5,4,3,1,1,read,True,candidate_corpus.csv,candidate_only
b0b9a7b92827f8f4,85e2eb178f4579fe,"read_access_logs -> read_subscription_status, read_subscription_status -> read_user_profile, read_user_profile -> dispatch_message_to_usergroup, reset_user_password -> dispatch_message_to_usergroup",read_access_logs;read_subscription_status;read_user_profile;dispatch_message_to_usergroup;reset_user_password,0->1;1->2;2->3;4->3,5,4,3,1,1,read,True,candidate_corpus.csv,candidate_only
cc11184c055408d2,1a912444cb03b5b8,"create_support_ticket -> read_access_logs, read_access_logs -> restart_service, read_subscription_status -> create_support_ticket, restart_service -> write_database_record",read_subscription_status;create_support_ticket;read_access_logs;restart_service;write_database_record,0->1;1->2;2->3;3->4,5,4,2,3,0,edit,True,candidate_corpus.csv,candidate_only
cda5bddbc25e711e,4c6e0c8e6ce6f596,"create_support_ticket -> read_access_logs, read_access_logs -> restart_service, read_access_logs -> write_database_record, read_subscription_status -> read_access_logs",read_subscription_status;create_support_ticket;read_access_logs;restart_service;write_database_record,0->2;1->2;2->3;2->4,5,4,2,3,0,edit,True,candidate_corpus.csv,candidate_only
6413c95925d2e654,ae3712a75a165b91,"create_support_ticket -> write_database_record, read_access_logs -> restart_service, read_subscription_status -> create_support_ticket, restart_service -> write_database_record",read_subscription_status;create_support_ticket;read_access_logs;restart_service;write_database_record,0->1;1->4;2->3;3->4,5,4,2,3,0,edit,True,candidate_corpus.csv,candidate_only
27a82a416421f2fd,846c79c56fdd0c10,"read_subscription_status -> create_support_ticket, read_subscription_status -> read_access_logs, read_subscription_status -> restart_service, restart_service -> write_database_record",read_subscription_status;create_support_ticket;read_access_logs;restart_service;write_database_record,0->1;0->2;0->3;3->4,5,4,2,3,0,edit,True,candidate_corpus.csv,candidate_only
50b751728fbc4400,9fbd9cdc8fe4ebe4,"read_subscription_status -> create_support_ticket, read_subscription_status -> read_access_logs, read_subscription_status -> restart_service, read_subscription_status -> write_database_record",read_subscription_status;create_support_ticket;read_access_logs;restart_service;write_database_record,0->1;0->2;0->3;0->4,5,4,2,3,0,edit,True,candidate_corpus.csv,candidate_only
4a101b3eb30dc2d8,d8051539a3aaf9ad,"create_support_ticket -> read_access_logs, read_access_logs -> restart_service, read_subscription_status -> create_support_ticket, write_database_record -> restart_service",read_subscription_status;create_support_ticket;read_access_logs;restart_service;write_database_record,0->1;1->2;2->3;4->3,5,4,2,3,0,edit,True,candidate_corpus.csv,candidate_only
8707e4725cad5177,7773ab5d83c0253b,"escalate_case_to_human -> read_user_profile, read_database_record -> escalate_case_to_human, read_user_profile -> update_subscription_plan, update_subscription_plan -> read_subscription_status",read_database_record;escalate_case_to_human;read_user_profile;update_subscription_plan;read_subscription_status,0->1;1->2;2->3;3->4,5,4,3,1,1,read,True,candidate_corpus.csv,candidate_only
d5dde4663b68c47c,3b6411ddefcdc03c,"escalate_case_to_human -> read_user_profile, read_database_record -> read_user_profile, read_user_profile -> read_subscription_status, read_user_profile -> update_subscription_plan",read_database_record;escalate_case_to_human;read_user_profile;update_subscription_plan;read_subscription_status,0->2;1->2;2->3;2->4,5,4,3,1,1,read,True,candidate_corpus.csv,candidate_only
f87333ebefacb38e,014e5d84d91c9649,"escalate_case_to_human -> read_subscription_status, read_database_record -> escalate_case_to_human, read_user_profile -> update_subscription_plan, update_subscription_plan -> read_subscription_status",read_database_record;escalate_case_to_human;read_user_profile;update_subscription_plan;read_subscription_status,0->1;1->4;2->3;3->4,5,4,3,1,1,read,True,candidate_corpus.csv,candidate_only
a980ea303724e9f8,9ab12a5027d01644,"read_database_record -> escalate_case_to_human, read_database_record -> read_user_profile, read_database_record -> update_subscription_plan, update_subscription_plan -> read_subscription_status",read_database_record;escalate_case_to_human;read_user_profile;update_subscription_plan;read_subscription_status,0->1;0->2;0->3;3->4,5,4,3,1,1,read,True,candidate_corpus.csv,candidate_only
fa2649f602351bca,5bf4dbc299965442,"read_database_record -> escalate_case_to_human, read_database_record -> read_subscription_status, read_database_record -> read_user_profile, read_database_record -> update_subscription_plan",read_database_record;escalate_case_to_human;read_user_profile;update_subscription_plan;read_subscription_status,0->1;0->2;0->3;0->4,5,4,3,1,1,read,True,candidate_corpus.csv,candidate_only
8442de0dcbf855fd,5772176a54983d7d,"escalate_case_to_human -> read_user_profile, read_database_record -> escalate_case_to_human, read_subscription_status -> update_subscription_plan, read_user_profile -> update_subscription_plan",read_database_record;escalate_case_to_human;read_user_profile;update_subscription_plan;read_subscription_status,0->1;1->2;2->3;4->3,5,4,3,1,1,read,True,candidate_corpus.csv,candidate_only
aef919f5a184f393,2fe410461b9ae0fd,"escalate_case_to_human -> scan_system_for_malware, route_task_by_condition -> escalate_case_to_human, scan_system_for_malware -> read_access_logs, write_database_record -> route_task_by_condition",write_database_record;route_task_by_condition;escalate_case_to_human;scan_system_for_malware;read_access_logs,0->1;1->2;2->3;3->4,5,4,2,1,2,mixed,False,candidate_corpus.csv,candidate_only
d2732eafa66bd551,eda0b42a93e8070e,"escalate_case_to_human -> read_access_logs, escalate_case_to_human -> scan_system_for_malware, route_task_by_condition -> escalate_case_to_human, write_database_record -> escalate_case_to_human",write_database_record;route_task_by_condition;escalate_case_to_human;scan_system_for_malware;read_access_logs,0->2;1->2;2->3;2->4,5,4,2,1,2,mixed,False,candidate_corpus.csv,candidate_only
940d260221e6a9ab,b7de08808041460c,"escalate_case_to_human -> scan_system_for_malware, route_task_by_condition -> read_access_logs, scan_system_for_malware -> read_access_logs, write_database_record -> route_task_by_condition",write_database_record;route_task_by_condition;escalate_case_to_human;scan_system_for_malware;read_access_logs,0->1;1->4;2->3;3->4,5,4,2,1,2,mixed,False,candidate_corpus.csv,candidate_only
680b968d3b499076,b1706fe3fc18ee80,"scan_system_for_malware -> read_access_logs, write_database_record -> escalate_case_to_human, write_database_record -> route_task_by_condition, write_database_record -> scan_system_for_malware",write_database_record;route_task_by_condition;escalate_case_to_human;scan_system_for_malware;read_access_logs,0->1;0->2;0->3;3->4,5,4,2,1,2,mixed,False,candidate_corpus.csv,candidate_only
5b632e59187196ae,61b4a45732f843bb,"write_database_record -> escalate_case_to_human, write_database_record -> read_access_logs, write_database_record -> route_task_by_condition, write_database_record -> scan_system_for_malware",write_database_record;route_task_by_condition;escalate_case_to_human;scan_system_for_malware;read_access_logs,0->1;0->2;0->3;0->4,5,4,2,1,2,mixed,False,candidate_corpus.csv,candidate_only
4bf2101a80cbb0df,87f678011d66a731,"escalate_case_to_human -> scan_system_for_malware, read_access_logs -> scan_system_for_malware, route_task_by_condition -> escalate_case_to_human, write_database_record -> route_task_by_condition",write_database_record;route_task_by_condition;escalate_case_to_human;scan_system_for_malware;read_access_logs,0->1;1->2;2->3;4->3,5,4,2,1,2,mixed,False,candidate_corpus.csv,candidate_only
cfdbb6855f4e0278,c9c36da099634ac2,"read_database_record -> create_support_ticket, read_subscription_status -> write_database_record, read_user_profile -> read_subscription_status, write_database_record -> read_database_record",read_user_profile;read_subscription_status;write_database_record;read_database_record;create_support_ticket,0->1;1->2;2->3;3->4,5,4,3,2,0,read,True,candidate_corpus.csv,candidate_only
15c688d86b10b8ca,0d77fdcfdb05d0a3,"read_subscription_status -> write_database_record, read_user_profile -> write_database_record, write_database_record -> create_support_ticket, write_database_record -> read_database_record",read_user_profile;read_subscription_status;write_database_record;read_database_record;create_support_ticket,0->2;1->2;2->3;2->4,5,4,3,2,0,read,True,candidate_corpus.csv,candidate_only
723ad139f49bd7b5,086ec2b44a5eb55e,"read_database_record -> create_support_ticket, read_subscription_status -> create_support_ticket, read_user_profile -> read_subscription_status, write_database_record -> read_database_record",read_user_profile;read_subscription_status;write_database_record;read_database_record;create_support_ticket,0->1;1->4;2->3;3->4,5,4,3,2,0,read,True,candidate_corpus.csv,candidate_only
6f0b17b8fe4aa015,b4babfb1d63a4500,"read_database_record -> create_support_ticket, read_user_profile -> read_database_record, read_user_profile -> read_subscription_status, read_user_profile -> write_database_record",read_user_profile;read_subscription_status;write_database_record;read_database_record;create_support_ticket,0->1;0->2;0->3;3->4,5,4,3,2,0,read,True,candidate_corpus.csv,candidate_only
4af5d32b9ece1af3,c4f75f2441a6f9b3,"read_user_profile -> create_support_ticket, read_user_profile -> read_database_record, read_user_profile -> read_subscription_status, read_user_profile -> write_database_record",read_user_profile;read_subscription_status;write_database_record;read_database_record;create_support_ticket,0->1;0->2;0->3;0->4,5,4,3,2,0,read,True,candidate_corpus.csv,candidate_only
589888affe46efa9,7832d9a4b2c31d94,"create_support_ticket -> read_database_record, read_subscription_status -> write_database_record, read_user_profile -> read_subscription_status, write_database_record -> read_database_record",read_user_profile;read_subscription_status;write_database_record;read_database_record;create_support_ticket,0->1;1->2;2->3;4->3,5,4,3,2,0,read,True,candidate_corpus.csv,candidate_only
21308137eeaa5eec,0d08d1d9a31b4e5f,"edit_username -> write_database_record, read_database_record -> update_subscription_plan, update_subscription_plan -> restart_service, write_database_record -> read_database_record",edit_username;write_database_record;read_database_record;update_subscription_plan;restart_service,0->1;1->2;2->3;3->4,5,4,1,4,0,edit,True,candidate_corpus.csv,candidate_only
eba43cb9f85079ae,79ff9e55f0ba2024,"edit_username -> read_database_record, read_database_record -> restart_service, read_database_record -> update_subscription_plan, write_database_record -> read_database_record",edit_username;write_database_record;read_database_record;update_subscription_plan;restart_service,0->2;1->2;2->3;2->4,5,4,1,4,0,edit,True,candidate_corpus.csv,candidate_only
7ef6cc38fbc651ea,1ea01568efef9081,"edit_username -> write_database_record, read_database_record -> update_subscription_plan, update_subscription_plan -> restart_service, write_database_record -> restart_service",edit_username;write_database_record;read_database_record;update_subscription_plan;restart_service,0->1;1->4;2->3;3->4,5,4,1,4,0,edit,True,candidate_corpus.csv,candidate_only
932979a8dd68aa97,a3e2ed3b5c0770b0,"edit_username -> read_database_record, edit_username -> update_subscription_plan, edit_username -> write_database_record, update_subscription_plan -> restart_service",edit_username;write_database_record;read_database_record;update_subscription_plan;restart_service,0->1;0->2;0->3;3->4,5,4,1,4,0,edit,True,candidate_corpus.csv,candidate_only
4acb515e09550f19,b8c7afa921f966f8,"edit_username -> read_database_record, edit_username -> restart_service, edit_username -> update_subscription_plan, edit_username -> write_database_record",edit_username;write_database_record;read_database_record;update_subscription_plan;restart_service,0->1;0->2;0->3;0->4,5,4,1,4,0,edit,True,candidate_corpus.csv,candidate_only
96352f111fc1cb76,ba95337fad4cd882,"edit_username -> write_database_record, read_database_record -> update_subscription_plan, restart_service -> update_subscription_plan, write_database_record -> read_database_record",edit_username;write_database_record;read_database_record;update_subscription_plan;restart_service,0->1;1->2;2->3;4->3,5,4,1,4,0,edit,True,candidate_corpus.csv,candidate_only
fdf5464aa635a380,dc7466e5076de417,"dispatch_message_to_usergroup -> update_subscription_plan, read_access_logs -> dispatch_message_to_usergroup, read_user_profile -> read_access_logs, restart_service -> read_user_profile",restart_service;read_user_profile;read_access_logs;dispatch_message_to_usergroup;update_subscription_plan,0->1;1->2;2->3;3->4,5,4,2,2,1,mixed,False,candidate_corpus.csv,candidate_only
e954e78277ced751,b1129a541e558109,"read_access_logs -> dispatch_message_to_usergroup, read_access_logs -> update_subscription_plan, read_user_profile -> read_access_logs, restart_service -> read_access_logs",restart_service;read_user_profile;read_access_logs;dispatch_message_to_usergroup;update_subscription_plan,0->2;1->2;2->3;2->4,5,4,2,2,1,mixed,False,candidate_corpus.csv,candidate_only
b2574767434b65ef,56ce4893fad06621,"dispatch_message_to_usergroup -> update_subscription_plan, read_access_logs -> dispatch_message_to_usergroup, read_user_profile -> update_subscription_plan, restart_service -> read_user_profile",restart_service;read_user_profile;read_access_logs;dispatch_message_to_usergroup;update_subscription_plan,0->1;1->4;2->3;3->4,5,4,2,2,1,mixed,False,candidate_corpus.csv,candidate_only
403e0ce7d2415c7d,80b88f655a9fdecd,"dispatch_message_to_usergroup -> update_subscription_plan, restart_service -> dispatch_message_to_usergroup, restart_service -> read_access_logs, restart_service -> read_user_profile",restart_service;read_user_profile;read_access_logs;dispatch_message_to_usergroup;update_subscription_plan,0->1;0->2;0->3;3->4,5,4,2,2,1,mixed,False,candidate_corpus.csv,candidate_only
e27978a04307ad1b,a5da1475ecc9270e,"restart_service -> dispatch_message_to_usergroup, restart_service -> read_access_logs, restart_service -> read_user_profile, restart_service -> update_subscription_plan",restart_service;read_user_profile;read_access_logs;dispatch_message_to_usergroup;update_subscription_plan,0->1;0->2;0->3;0->4,5,4,2,2,1,mixed,False,candidate_corpus.csv,candidate_only
86fe87b63f86db6e,15e1d571879f1fbd,"read_access_logs -> dispatch_message_to_usergroup, read_user_profile -> read_access_logs, restart_service -> read_user_profile, update_subscription_plan -> dispatch_message_to_usergroup",restart_service;read_user_profile;read_access_logs;dispatch_message_to_usergroup;update_subscription_plan,0->1;1->2;2->3;4->3,5,4,2,2,1,mixed,False,candidate_corpus.csv,candidate_only
79e23fc8e30ba971,1a361b8fc86e72a8,"check_service_status -> escalate_case_to_human, escalate_case_to_human -> reset_user_password, read_database_record -> check_service_status, read_subscription_status -> read_database_record",read_subscription_status;read_database_record;check_service_status;escalate_case_to_human;reset_user_password,0->1;1->2;2->3;3->4,5,4,3,1,1,read,True,candidate_corpus.csv,candidate_only
23b0a6c204f51cc5,c910938c9f827476,"check_service_status -> escalate_case_to_human, check_service_status -> reset_user_password, read_database_record -> check_service_status, read_subscription_status -> check_service_status",read_subscription_status;read_database_record;check_service_status;escalate_case_to_human;reset_user_password,0->2;1->2;2->3;2->4,5,4,3,1,1,read,True,candidate_corpus.csv,candidate_only
51a8f3c2692e87ec,fb195441f713cb65,"check_service_status -> escalate_case_to_human, escalate_case_to_human -> reset_user_password, read_database_record -> reset_user_password, read_subscription_status -> read_database_record",read_subscription_status;read_database_record;check_service_status;escalate_case_to_human;reset_user_password,0->1;1->4;2->3;3->4,5,4,3,1,1,read,True,candidate_corpus.csv,candidate_only
0ffba8f414cf7f5a,764973a6b5321763,"escalate_case_to_human -> reset_user_password, read_subscription_status -> check_service_status, read_subscription_status -> escalate_case_to_human, read_subscription_status -> read_database_record",read_subscription_status;read_database_record;check_service_status;escalate_case_to_human;reset_user_password,0->1;0->2;0->3;3->4,5,4,3,1,1,read,True,candidate_corpus.csv,candidate_only
d8a626d44f1e2cc0,388ab63b5ddc0816,"read_subscription_status -> check_service_status, read_subscription_status -> escalate_case_to_human, read_subscription_status -> read_database_record, read_subscription_status -> reset_user_password",read_subscription_status;read_database_record;check_service_status;escalate_case_to_human;reset_user_password,0->1;0->2;0->3;0->4,5,4,3,1,1,read,True,candidate_corpus.csv,candidate_only
5ec432b5ea9d8618,382e3a93bc555b77,"check_service_status -> escalate_case_to_human, read_database_record -> check_service_status, read_subscription_status -> read_database_record, reset_user_password -> escalate_case_to_human",read_subscription_status;read_database_record;check_service_status;escalate_case_to_human;reset_user_password,0->1;1->2;2->3;4->3,5,4,3,1,1,read,True,candidate_corpus.csv,candidate_only
