condition,row_index,query,ground_truth_raw,ground_truth_tool,predicted_tool,correct,rank,top1_cosine,ground_truth_cosine,top5_tools,top5_cosines,source_row_id,generation_type,confusable_with
Confusable,0,Query payment-api-03 to see if it's still alive.,check_status,check_status,check_status,True,1,0.22708380222320557,0.22708380222320557,check_status;log_audit_event;db_read;quarantine_system;process_refund,0.22708380;0.19342022;0.19101837;0.16947892;0.16477804,-1,confusable_intent,query_database
Confusable,1,Look up how staging-db-02 is performing.,check_status,check_status,db_read,False,3,0.3885144889354706,0.270025372505188,db_read;db_write;check_status;generate_report;send_notification,0.38851449;0.36256373;0.27002537;0.23922166;0.23139301,-1,confusable_intent,query_database
Confusable,2,Scan payment-api-03 -- is it healthy?,check_status,check_status,scan_malware,False,2,0.16318145394325256,0.10221787542104721,scan_malware;check_status;quarantine_system;log_audit_event;escalate_to_human,0.16318145;0.10221788;0.08975194;0.08698941;0.07465287,-1,confusable_intent,scan_malware
Confusable,3,Look up how cdn-edge-06 is performing.,check_status,check_status,check_status,True,1,0.2924819588661194,0.2924819588661194,check_status;log_audit_event;generate_report;quarantine_system;db_read,0.29248196;0.26320729;0.25967568;0.25093168;0.24825476,-1,confusable_intent,query_database
Confusable,4,Query auth-svc-04 to see if it's still alive.,check_status,check_status,log_audit_event,False,4,0.16823016107082367,0.12767504155635834,log_audit_event;restart_service;reset_password;check_status;quarantine_system,0.16823016;0.16510046;0.14869824;0.12767504;0.12672032,-1,confusable_intent,query_database
Confusable,5,Look up how auth-svc-04 is performing.,check_status,check_status,log_audit_event,False,7,0.24671544134616852,0.18961769342422485,log_audit_event;reset_password;quarantine_system;scan_malware;process_refund,0.24671544;0.23062266;0.22071895;0.22025028;0.19932935,-1,confusable_intent,query_database
Confusable,6,Look up how prod-web-01 is performing.,check_status,check_status,quarantine_system,False,9,0.4216022491455078,0.3475901484489441,quarantine_system;log_audit_event;generate_report;scan_malware;process_refund,0.42160225;0.41313672;0.41162243;0.40183377;0.39081353,-1,confusable_intent,query_database
Confusable,7,Look up how payment-api-03 is performing.,check_status,check_status,log_audit_event,False,2,0.31222832202911377,0.30452761054039,log_audit_event;check_status;quarantine_system;generate_report;process_refund,0.31222832;0.30452761;0.29118249;0.26994565;0.26400355,-1,confusable_intent,query_database
Confusable,8,Look up how ml-infer-05 is performing.,check_status,check_status,log_audit_event,False,5,0.29170164465904236,0.2637055218219757,log_audit_event;db_read;quarantine_system;generate_report;check_status,0.29170164;0.29005197;0.27688327;0.27290562;0.26370552,-1,confusable_intent,query_database
Confusable,9,Scan auth-svc-04 -- is it healthy?,check_status,check_status,scan_malware,False,6,0.20107504725456238,0.018917616456747055,scan_malware;reset_password;log_audit_event;quarantine_system;escalate_to_human,0.20107505;0.11095768;0.07810938;0.07713524;0.05720082,-1,confusable_intent,scan_malware
Confusable,10,Query prod-web-01 to see if it's still alive.,check_status,check_status,quarantine_system,False,10,0.3382766842842102,0.26576557755470276,quarantine_system;scan_malware;process_refund;log_audit_event;db_read,0.33827668;0.31266084;0.31056473;0.30635408;0.30342528,-1,confusable_intent,query_database
Confusable,11,Scan staging-db-02 -- is it healthy?,check_status,check_status,db_read,False,4,0.12299123406410217,0.0523003488779068,db_read;db_write;scan_malware;check_status;restart_service,0.12299123;0.10384913;0.07213764;0.05230035;0.03378216,-1,confusable_intent,scan_malware
Confusable,12,Query staging-db-02 to see if it's still alive.,check_status,check_status,db_read,False,3,0.32304123044013977,0.1963026225566864,db_read;db_write;check_status;restart_service;generate_report,0.32304123;0.27681944;0.19630262;0.18036781;0.13412340,-1,confusable_intent,query_database
Confusable,13,Scan ml-infer-05 -- is it healthy?,check_status,check_status,scan_malware,False,8,0.15676958858966827,0.0438612662255764,scan_malware;db_write;quarantine_system;restart_service;send_notification,0.15676959;0.07371367;0.06264687;0.05950732;0.05619286,-1,confusable_intent,scan_malware
Confusable,14,Scan prod-web-01 -- is it healthy?,check_status,check_status,scan_malware,False,9,0.3555101454257965,0.13871341943740845,scan_malware;quarantine_system;generate_report;log_audit_event;provision_vm,0.35551015;0.24880093;0.19020917;0.18018334;0.17594136,-1,confusable_intent,scan_malware
Confusable,15,Query ml-infer-05 to see if it's still alive.,check_status,check_status,db_read,False,2,0.254681259393692,0.20699317753314972,db_read;check_status;quarantine_system;db_write;log_audit_event,0.25468126;0.20699318;0.20533930;0.20114313;0.19480860,-1,confusable_intent,query_database
Confusable,16,Scan cdn-edge-06 -- is it healthy?,check_status,check_status,scan_malware,False,2,0.12753531336784363,0.07967094331979752,scan_malware;check_status;quarantine_system;send_notification;restart_service,0.12753531;0.07967094;0.05262256;0.03629983;0.03514225,-1,confusable_intent,scan_malware
Confusable,17,Query cdn-edge-06 to see if it's still alive.,check_status,check_status,check_status,True,1,0.3033694326877594,0.3033694326877594,check_status;quarantine_system;db_read;send_notification;process_refund,0.30336943;0.25721994;0.25663790;0.23973297;0.23754242,-1,confusable_intent,query_database
Confusable,18,Scan payment-api-03 -- is it healthy?,check_status,check_status,scan_malware,False,2,0.16318145394325256,0.10221787542104721,scan_malware;check_status;quarantine_system;log_audit_event;escalate_to_human,0.16318145;0.10221788;0.08975194;0.08698941;0.07465287,-1,confusable_intent,scan_malware
Confusable,19,Scan prod-web-01 -- is it healthy?,check_status,check_status,scan_malware,False,9,0.3555101454257965,0.13871341943740845,scan_malware;quarantine_system;generate_report;log_audit_event;provision_vm,0.35551015;0.24880093;0.19020917;0.18018334;0.17594136,-1,confusable_intent,scan_malware
Confusable,20,Query cdn-edge-06 to see if it's still alive.,check_status,check_status,check_status,True,1,0.3033694326877594,0.3033694326877594,check_status;quarantine_system;db_read;send_notification;process_refund,0.30336943;0.25721994;0.25663790;0.23973297;0.23754242,-1,confusable_intent,query_database
Confusable,21,Look up how cdn-edge-06 is performing.,check_status,check_status,check_status,True,1,0.2924819588661194,0.2924819588661194,check_status;log_audit_event;generate_report;quarantine_system;db_read,0.29248196;0.26320729;0.25967568;0.25093168;0.24825476,-1,confusable_intent,query_database
Confusable,22,Scan prod-web-01 -- is it healthy?,check_status,check_status,scan_malware,False,9,0.3555101454257965,0.13871341943740845,scan_malware;quarantine_system;generate_report;log_audit_event;provision_vm,0.35551015;0.24880093;0.19020917;0.18018334;0.17594136,-1,confusable_intent,scan_malware
Confusable,23,Scan cdn-edge-06 -- is it healthy?,check_status,check_status,scan_malware,False,2,0.12753531336784363,0.07967094331979752,scan_malware;check_status;quarantine_system;send_notification;restart_service,0.12753531;0.07967094;0.05262256;0.03629983;0.03514225,-1,confusable_intent,scan_malware
Confusable,24,Look up how prod-web-01 is performing.,check_status,check_status,quarantine_system,False,9,0.4216022491455078,0.3475901484489441,quarantine_system;log_audit_event;generate_report;scan_malware;process_refund,0.42160225;0.41313672;0.41162243;0.40183377;0.39081353,-1,confusable_intent,query_database
Confusable,25,Scan payment-api-03 -- is it healthy?,check_status,check_status,scan_malware,False,2,0.16318145394325256,0.10221787542104721,scan_malware;check_status;quarantine_system;log_audit_event;escalate_to_human,0.16318145;0.10221788;0.08975194;0.08698941;0.07465287,-1,confusable_intent,scan_malware
Confusable,26,Query payment-api-03 to see if it's still alive.,check_status,check_status,check_status,True,1,0.22708380222320557,0.22708380222320557,check_status;log_audit_event;db_read;quarantine_system;process_refund,0.22708380;0.19342022;0.19101837;0.16947892;0.16477804,-1,confusable_intent,query_database
Confusable,27,Scan cdn-edge-06 -- is it healthy?,check_status,check_status,scan_malware,False,2,0.12753531336784363,0.07967094331979752,scan_malware;check_status;quarantine_system;send_notification;restart_service,0.12753531;0.07967094;0.05262256;0.03629983;0.03514225,-1,confusable_intent,scan_malware
Confusable,28,Query payment-api-03 to see if it's still alive.,check_status,check_status,check_status,True,1,0.22708380222320557,0.22708380222320557,check_status;log_audit_event;db_read;quarantine_system;process_refund,0.22708380;0.19342022;0.19101837;0.16947892;0.16477804,-1,confusable_intent,query_database
Confusable,29,Query prod-web-01 to see if it's still alive.,check_status,check_status,quarantine_system,False,10,0.3382766842842102,0.26576557755470276,quarantine_system;scan_malware;process_refund;log_audit_event;db_read,0.33827668;0.31266084;0.31056473;0.30635408;0.30342528,-1,confusable_intent,query_database
Confusable,30,Notify the team by creating a formal issue for cdn-edge-06.,create_ticket,create_ticket,send_notification,False,2,0.4331512749195099,0.397906631231308,send_notification;create_ticket;escalate_to_human;provision_vm;generate_report,0.43315127;0.39790663;0.39061403;0.37548542;0.35224372,-1,confusable_intent,send_notification
Confusable,31,Log Diana's complaint so we can follow up.,create_ticket,create_ticket,escalate_to_human,False,2,0.41953566670417786,0.4096022844314575,escalate_to_human;create_ticket;generate_report;log_audit_event;process_refund,0.41953567;0.40960228;0.39930207;0.38429064;0.35493645,-1,confusable_intent,log_audit_event
Confusable,32,Log Frank's complaint so we can follow up.,create_ticket,create_ticket,create_ticket,True,1,0.48309704661369324,0.48309704661369324,create_ticket;escalate_to_human;generate_report;provision_vm;process_refund,0.48309705;0.42774493;0.42310941;0.40546131;0.37646991,-1,confusable_intent,log_audit_event
Confusable,33,Send a record of this problem to the tracking system.,create_ticket,create_ticket,db_write,False,3,0.4027878940105438,0.3885045647621155,db_write;provision_vm;create_ticket;escalate_to_human;generate_report,0.40278789;0.39503416;0.38850456;0.38727835;0.38249779,-1,confusable_intent,send_notification
Confusable,34,Notify the team by creating a formal issue for ml-infer-05.,create_ticket,create_ticket,send_notification,False,6,0.4534548819065094,0.329254686832428,send_notification;escalate_to_human;generate_report;provision_vm;quarantine_system,0.45345488;0.40643382;0.37713364;0.37006864;0.34742361,-1,confusable_intent,send_notification
Confusable,35,Notify the team by creating a formal issue for payment-api-03.,create_ticket,create_ticket,send_notification,False,3,0.40210986137390137,0.3918077051639557,send_notification;escalate_to_human;create_ticket;provision_vm;generate_report,0.40210986;0.39689940;0.39180771;0.35023749;0.32616529,-1,confusable_intent,send_notification
Confusable,36,Log Grace's complaint so we can follow up.,create_ticket,create_ticket,create_ticket,True,1,0.3686603605747223,0.3686603605747223,create_ticket;escalate_to_human;log_audit_event;generate_report;provision_vm,0.36866036;0.33103460;0.31394729;0.31332013;0.31233191,-1,confusable_intent,log_audit_event
Confusable,37,Notify the team by creating a formal issue for staging-db-02.,create_ticket,create_ticket,send_notification,False,5,0.368417352437973,0.2930687963962555,send_notification;db_write;escalate_to_human;provision_vm;create_ticket,0.36841735;0.33531922;0.31070870;0.29655400;0.29306880,-1,confusable_intent,send_notification
Confusable,38,Notify the team by creating a formal issue for auth-svc-04.,create_ticket,create_ticket,escalate_to_human,False,3,0.32617616653442383,0.307193785905838,escalate_to_human;send_notification;create_ticket;provision_vm;generate_report,0.32617617;0.31822488;0.30719379;0.26617107;0.25292966,-1,confusable_intent,send_notification
Confusable,39,Notify the team by creating a formal issue for prod-web-01.,create_ticket,create_ticket,send_notification,False,3,0.486283540725708,0.46258431673049927,send_notification;escalate_to_human;create_ticket;provision_vm;generate_report,0.48628354;0.47503310;0.46258432;0.45455819;0.43602821,-1,confusable_intent,send_notification
Confusable,40,Log Charlie's complaint so we can follow up.,create_ticket,create_ticket,create_ticket,True,1,0.4084864556789398,0.4084864556789398,create_ticket;escalate_to_human;generate_report;log_audit_event;provision_vm,0.40848646;0.39917168;0.37934607;0.37450084;0.35318437,-1,confusable_intent,log_audit_event
Confusable,41,Log Eve's complaint so we can follow up.,create_ticket,create_ticket,log_audit_event,False,4,0.3944788873195648,0.3409539759159088,log_audit_event;escalate_to_human;generate_report;create_ticket;process_refund,0.39447889;0.37468243;0.36441612;0.34095398;0.31930515,-1,confusable_intent,log_audit_event
Confusable,42,Log Bob's complaint so we can follow up.,create_ticket,create_ticket,create_ticket,True,1,0.41770628094673157,0.41770628094673157,create_ticket;escalate_to_human;log_audit_event;generate_report;process_refund,0.41770628;0.37472504;0.36962804;0.35030922;0.33758530,-1,confusable_intent,log_audit_event
Confusable,43,Log Alice's complaint so we can follow up.,create_ticket,create_ticket,escalate_to_human,False,2,0.45100870728492737,0.39164769649505615,escalate_to_human;create_ticket;generate_report;log_audit_event;provision_vm,0.45100871;0.39164770;0.34297875;0.34085011;0.31282741,-1,confusable_intent,log_audit_event
Confusable,44,Log Bob's complaint so we can follow up.,create_ticket,create_ticket,create_ticket,True,1,0.41770628094673157,0.41770628094673157,create_ticket;escalate_to_human;log_audit_event;generate_report;process_refund,0.41770628;0.37472504;0.36962804;0.35030922;0.33758530,-1,confusable_intent,log_audit_event
Confusable,45,Log Diana's complaint so we can follow up.,create_ticket,create_ticket,escalate_to_human,False,2,0.41953566670417786,0.4096022844314575,escalate_to_human;create_ticket;generate_report;log_audit_event;process_refund,0.41953567;0.40960228;0.39930207;0.38429064;0.35493645,-1,confusable_intent,log_audit_event
Confusable,46,Log Eve's complaint so we can follow up.,create_ticket,create_ticket,log_audit_event,False,4,0.3944788873195648,0.3409539759159088,log_audit_event;escalate_to_human;generate_report;create_ticket;process_refund,0.39447889;0.37468243;0.36441612;0.34095398;0.31930515,-1,confusable_intent,log_audit_event
Confusable,47,Notify the team by creating a formal issue for cdn-edge-06.,create_ticket,create_ticket,send_notification,False,2,0.4331512749195099,0.397906631231308,send_notification;create_ticket;escalate_to_human;provision_vm;generate_report,0.43315127;0.39790663;0.39061403;0.37548542;0.35224372,-1,confusable_intent,send_notification
Confusable,48,Send a record of this problem to the tracking system.,create_ticket,create_ticket,db_write,False,3,0.4027878940105438,0.3885045647621155,db_write;provision_vm;create_ticket;escalate_to_human;generate_report,0.40278789;0.39503416;0.38850456;0.38727835;0.38249779,-1,confusable_intent,send_notification
Confusable,49,Send a record of this problem to the tracking system.,create_ticket,create_ticket,db_write,False,3,0.4027878940105438,0.3885045647621155,db_write;provision_vm;create_ticket;escalate_to_human;generate_report,0.40278789;0.39503416;0.38850456;0.38727835;0.38249779,-1,confusable_intent,send_notification
Confusable,50,Notify the team by creating a formal issue for cdn-edge-06.,create_ticket,create_ticket,send_notification,False,2,0.4331512749195099,0.397906631231308,send_notification;create_ticket;escalate_to_human;provision_vm;generate_report,0.43315127;0.39790663;0.39061403;0.37548542;0.35224372,-1,confusable_intent,send_notification
Confusable,51,Notify the team by creating a formal issue for auth-svc-04.,create_ticket,create_ticket,escalate_to_human,False,3,0.32617616653442383,0.307193785905838,escalate_to_human;send_notification;create_ticket;provision_vm;generate_report,0.32617617;0.31822488;0.30719379;0.26617107;0.25292966,-1,confusable_intent,send_notification
Confusable,52,Log Charlie's complaint so we can follow up.,create_ticket,create_ticket,create_ticket,True,1,0.4084864556789398,0.4084864556789398,create_ticket;escalate_to_human;generate_report;log_audit_event;provision_vm,0.40848646;0.39917168;0.37934607;0.37450084;0.35318437,-1,confusable_intent,log_audit_event
Confusable,53,Log Frank's complaint so we can follow up.,create_ticket,create_ticket,create_ticket,True,1,0.48309704661369324,0.48309704661369324,create_ticket;escalate_to_human;generate_report;provision_vm;process_refund,0.48309705;0.42774493;0.42310941;0.40546131;0.37646991,-1,confusable_intent,log_audit_event
Confusable,54,Send a record of this problem to the tracking system.,create_ticket,create_ticket,db_write,False,3,0.4027878940105438,0.3885045647621155,db_write;provision_vm;create_ticket;escalate_to_human;generate_report,0.40278789;0.39503416;0.38850456;0.38727835;0.38249779,-1,confusable_intent,send_notification
Confusable,55,Send a record of this problem to the tracking system.,create_ticket,create_ticket,db_write,False,3,0.4027878940105438,0.3885045647621155,db_write;provision_vm;create_ticket;escalate_to_human;generate_report,0.40278789;0.39503416;0.38850456;0.38727835;0.38249779,-1,confusable_intent,send_notification
Confusable,56,Send a record of this problem to the tracking system.,create_ticket,create_ticket,db_write,False,3,0.4027878940105438,0.3885045647621155,db_write;provision_vm;create_ticket;escalate_to_human;generate_report,0.40278789;0.39503416;0.38850456;0.38727835;0.38249779,-1,confusable_intent,send_notification
Confusable,57,Send a record of this problem to the tracking system.,create_ticket,create_ticket,db_write,False,3,0.4027878940105438,0.3885045647621155,db_write;provision_vm;create_ticket;escalate_to_human;generate_report,0.40278789;0.39503416;0.38850456;0.38727835;0.38249779,-1,confusable_intent,send_notification
Confusable,58,Send a record of this problem to the tracking system.,create_ticket,create_ticket,db_write,False,3,0.4027878940105438,0.3885045647621155,db_write;provision_vm;create_ticket;escalate_to_human;generate_report,0.40278789;0.39503416;0.38850456;0.38727835;0.38249779,-1,confusable_intent,send_notification
Confusable,59,Send a record of this problem to the tracking system.,create_ticket,create_ticket,db_write,False,3,0.4027878940105438,0.3885045647621155,db_write;provision_vm;create_ticket;escalate_to_human;generate_report,0.40278789;0.39503416;0.38850456;0.38727835;0.38249779,-1,confusable_intent,send_notification
Confusable,60,Notify a manager that Frank's case needs attention.,escalate_to_human,escalate_to_human,escalate_to_human,True,1,0.44356992840766907,0.44356992840766907,escalate_to_human;send_notification;create_ticket;provision_vm;generate_report,0.44356993;0.37410036;0.35968265;0.34780750;0.32089287,-1,confusable_intent,send_notification
Confusable,61,Send this to a real person for Frank.,escalate_to_human,escalate_to_human,escalate_to_human,True,1,0.4853114187717438,0.4853114187717438,escalate_to_human;provision_vm;send_notification;create_ticket;generate_report,0.48531142;0.37550148;0.37046993;0.34516245;0.33657992,-1,confusable_intent,send_notification
Confusable,62,Create an escalation path for Frank.,escalate_to_human,escalate_to_human,escalate_to_human,True,1,0.46558934450149536,0.46558934450149536,escalate_to_human;provision_vm;create_ticket;send_notification;generate_report,0.46558934;0.39703748;0.39213055;0.36330456;0.35102594,-1,confusable_intent,create_ticket
Confusable,63,Send this to a real person for Alice.,escalate_to_human,escalate_to_human,escalate_to_human,True,1,0.4652494192123413,0.4652494192123413,escalate_to_human;send_notification;provision_vm;create_ticket;generate_report,0.46524942;0.26108253;0.25837293;0.23886068;0.23752348,-1,confusable_intent,send_notification
Confusable,64,Send this to a real person for Eve.,escalate_to_human,escalate_to_human,escalate_to_human,True,1,0.41247090697288513,0.41247090697288513,escalate_to_human;send_notification;provision_vm;generate_report;quarantine_system,0.41247091;0.25147447;0.23054151;0.22163360;0.21733029,-1,confusable_intent,send_notification
Confusable,65,Create an escalation path for Diana.,escalate_to_human,escalate_to_human,escalate_to_human,True,1,0.4385427236557007,0.4385427236557007,escalate_to_human;provision_vm;generate_report;send_notification;quarantine_system,0.43854272;0.35624853;0.33705357;0.31965962;0.31242356,-1,confusable_intent,create_ticket
Confusable,66,Send this to a real person for Bob.,escalate_to_human,escalate_to_human,escalate_to_human,True,1,0.4076758027076721,0.4076758027076721,escalate_to_human;send_notification;provision_vm;quarantine_system;create_ticket,0.40767580;0.27207643;0.26582345;0.25695854;0.24797975,-1,confusable_intent,send_notification
Confusable,67,Create an escalation path for Bob.,escalate_to_human,escalate_to_human,escalate_to_human,True,1,0.3850197196006775,0.3850197196006775,escalate_to_human;provision_vm;create_ticket;send_notification;quarantine_system,0.38501972;0.29390326;0.29007292;0.26971877;0.26843947,-1,confusable_intent,create_ticket
Confusable,68,Create an escalation path for Alice.,escalate_to_human,escalate_to_human,escalate_to_human,True,1,0.5045263767242432,0.5045263767242432,escalate_to_human;provision_vm;create_ticket;generate_report;send_notification,0.50452638;0.34527096;0.32616273;0.31444970;0.31342247,-1,confusable_intent,create_ticket
Confusable,69,Send this to a real person for Grace.,escalate_to_human,escalate_to_human,escalate_to_human,True,1,0.32204753160476685,0.32204753160476685,escalate_to_human;provision_vm;send_notification;quarantine_system;create_ticket,0.32204753;0.21989414;0.20718022;0.20154317;0.18243498,-1,confusable_intent,send_notification
Confusable,70,Notify a manager that Diana's case needs attention.,escalate_to_human,escalate_to_human,escalate_to_human,True,1,0.4200495779514313,0.4200495779514313,escalate_to_human;send_notification;provision_vm;generate_report;create_ticket,0.42004958;0.29947317;0.28175676;0.27696297;0.27060115,-1,confusable_intent,send_notification
Confusable,71,Notify a manager that Grace's case needs attention.,escalate_to_human,escalate_to_human,escalate_to_human,True,1,0.32479193806648254,0.32479193806648254,escalate_to_human;send_notification;provision_vm;create_ticket;quarantine_system,0.32479194;0.24770658;0.22482505;0.22132203;0.20074022,-1,confusable_intent,send_notification
Confusable,72,Notify a manager that Bob's case needs attention.,escalate_to_human,escalate_to_human,escalate_to_human,True,1,0.37037622928619385,0.37037622928619385,escalate_to_human;send_notification;quarantine_system;create_ticket;provision_vm,0.37037623;0.27349684;0.25157943;0.24850610;0.23885925,-1,confusable_intent,send_notification
Confusable,73,Notify a manager that Eve's case needs attention.,escalate_to_human,escalate_to_human,escalate_to_human,True,1,0.4319312870502472,0.4319312870502472,escalate_to_human;send_notification;quarantine_system;provision_vm;generate_report,0.43193129;0.31465292;0.26851565;0.26374844;0.25890288,-1,confusable_intent,send_notification
Confusable,74,Notify a manager that Charlie's case needs attention.,escalate_to_human,escalate_to_human,escalate_to_human,True,1,0.4167550802230835,0.4167550802230835,escalate_to_human;send_notification;quarantine_system;provision_vm;create_ticket,0.41675508;0.32008255;0.31171083;0.29901013;0.29287255,-1,confusable_intent,send_notification
Confusable,75,Create an escalation path for Eve.,escalate_to_human,escalate_to_human,escalate_to_human,True,1,0.4097978472709656,0.4097978472709656,escalate_to_human;provision_vm;generate_report;send_notification;quarantine_system,0.40979785;0.33792350;0.32428455;0.31731206;0.29749158,-1,confusable_intent,create_ticket
Confusable,76,Create an escalation path for Grace.,escalate_to_human,escalate_to_human,escalate_to_human,True,1,0.36265304684638977,0.36265304684638977,escalate_to_human;provision_vm;create_ticket;quarantine_system;update_subscription,0.36265305;0.31115755;0.29107785;0.27845031;0.27179685,-1,confusable_intent,create_ticket
Confusable,77,Send this to a real person for Diana.,escalate_to_human,escalate_to_human,escalate_to_human,True,1,0.41166943311691284,0.41166943311691284,escalate_to_human;provision_vm;generate_report;send_notification;quarantine_system,0.41166943;0.28363723;0.27063766;0.26685095;0.25467017,-1,confusable_intent,send_notification
Confusable,78,Notify a manager that Alice's case needs attention.,escalate_to_human,escalate_to_human,escalate_to_human,True,1,0.4533476233482361,0.4533476233482361,escalate_to_human;send_notification;create_ticket;provision_vm;generate_report,0.45334762;0.26727262;0.24240068;0.23868321;0.21680994,-1,confusable_intent,send_notification
Confusable,79,Send this to a real person for Charlie.,escalate_to_human,escalate_to_human,escalate_to_human,True,1,0.41637083888053894,0.41637083888053894,escalate_to_human;quarantine_system;provision_vm;send_notification;generate_report,0.41637084;0.30364287;0.30257997;0.29382777;0.27022186,-1,confusable_intent,send_notification
Confusable,80,Notify a manager that Diana's case needs attention.,escalate_to_human,escalate_to_human,escalate_to_human,True,1,0.4200495779514313,0.4200495779514313,escalate_to_human;send_notification;provision_vm;generate_report;create_ticket,0.42004958;0.29947317;0.28175676;0.27696297;0.27060115,-1,confusable_intent,send_notification
Confusable,81,Create an escalation path for Charlie.,escalate_to_human,escalate_to_human,escalate_to_human,True,1,0.41430383920669556,0.41430383920669556,escalate_to_human;provision_vm;quarantine_system;create_ticket;generate_report,0.41430384;0.33806163;0.32831469;0.31074589;0.30521488,-1,confusable_intent,create_ticket
Confusable,82,Notify a manager that Diana's case needs attention.,escalate_to_human,escalate_to_human,escalate_to_human,True,1,0.4200495779514313,0.4200495779514313,escalate_to_human;send_notification;provision_vm;generate_report;create_ticket,0.42004958;0.29947317;0.28175676;0.27696297;0.27060115,-1,confusable_intent,send_notification
Confusable,83,Notify a manager that Charlie's case needs attention.,escalate_to_human,escalate_to_human,escalate_to_human,True,1,0.4167550802230835,0.4167550802230835,escalate_to_human;send_notification;quarantine_system;provision_vm;create_ticket,0.41675508;0.32008255;0.31171083;0.29901013;0.29287255,-1,confusable_intent,send_notification
Confusable,84,Create an escalation path for Bob.,escalate_to_human,escalate_to_human,escalate_to_human,True,1,0.3850197196006775,0.3850197196006775,escalate_to_human;provision_vm;create_ticket;send_notification;quarantine_system,0.38501972;0.29390326;0.29007292;0.26971877;0.26843947,-1,confusable_intent,create_ticket
Confusable,85,Create an escalation path for Eve.,escalate_to_human,escalate_to_human,escalate_to_human,True,1,0.4097978472709656,0.4097978472709656,escalate_to_human;provision_vm;generate_report;send_notification;quarantine_system,0.40979785;0.33792350;0.32428455;0.31731206;0.29749158,-1,confusable_intent,create_ticket
Confusable,86,Notify a manager that Eve's case needs attention.,escalate_to_human,escalate_to_human,escalate_to_human,True,1,0.4319312870502472,0.4319312870502472,escalate_to_human;send_notification;quarantine_system;provision_vm;generate_report,0.43193129;0.31465292;0.26851565;0.26374844;0.25890288,-1,confusable_intent,send_notification
Confusable,87,Send this to a real person for Charlie.,escalate_to_human,escalate_to_human,escalate_to_human,True,1,0.41637083888053894,0.41637083888053894,escalate_to_human;quarantine_system;provision_vm;send_notification;generate_report,0.41637084;0.30364287;0.30257997;0.29382777;0.27022186,-1,confusable_intent,send_notification
Confusable,88,Send this to a real person for Frank.,escalate_to_human,escalate_to_human,escalate_to_human,True,1,0.485311359167099,0.485311359167099,escalate_to_human;provision_vm;send_notification;create_ticket;generate_report,0.48531136;0.37550154;0.37046987;0.34516239;0.33657995,-1,confusable_intent,send_notification
Confusable,89,Send this to a real person for Bob.,escalate_to_human,escalate_to_human,escalate_to_human,True,1,0.4076758027076721,0.4076758027076721,escalate_to_human;send_notification;provision_vm;quarantine_system;create_ticket,0.40767580;0.27207643;0.26582345;0.25695854;0.24797975,-1,confusable_intent,send_notification
Confusable,90,Log the quarterly metrics into a document.,generate_report,generate_report,db_write,False,4,0.30563992261886597,0.23973138630390167,db_write;db_read;log_audit_event;generate_report;send_notification,0.30563992;0.27515984;0.26496419;0.23973139;0.20285207,-1,confusable_intent,log_audit_event
Confusable,91,Pull the data and compile findings for Marketing.,generate_report,generate_report,db_read,False,6,0.364928662776947,0.22151978313922882,db_read;check_status;send_notification;db_write;provision_vm,0.36492866;0.27790591;0.26794308;0.25989306;0.22600490,-1,confusable_intent,query_database
Confusable,92,Query the system and put together a summary for HR.,generate_report,generate_report,db_read,False,4,0.33792611956596375,0.25931569933891296,db_read;db_write;check_status;generate_report;send_notification,0.33792612;0.28281832;0.28125909;0.25931570;0.24320917,-1,confusable_intent,query_database
Confusable,93,Query the system and put together a summary for Finance.,generate_report,generate_report,db_write,False,3,0.4158681333065033,0.2943211495876312,db_write;db_read;generate_report;check_status;create_ticket,0.41586813;0.40755421;0.29432115;0.26631165;0.25462863,-1,confusable_intent,query_database
Confusable,94,Pull the data and compile findings for Engineering.,generate_report,generate_report,db_read,False,4,0.3567715585231781,0.3092941343784332,db_read;db_write;send_notification;generate_report;provision_vm,0.35677156;0.34168106;0.31253642;0.30929413;0.29874054,-1,confusable_intent,query_database
Confusable,95,Query the system and put together a summary for Marketing.,generate_report,generate_report,db_read,False,7,0.34204667806625366,0.2386707365512848,db_read;db_write;check_status;send_notification;process_refund,0.34204668;0.30829212;0.27055308;0.25829363;0.24867345,-1,confusable_intent,query_database
Confusable,96,Pull the data and compile findings for HR.,generate_report,generate_report,db_read,False,3,0.34934353828430176,0.28879761695861816,db_read;check_status;generate_report;send_notification;log_audit_event,0.34934354;0.28913197;0.28879762;0.27206501;0.26749972,-1,confusable_intent,query_database
Confusable,97,Query the system and put together a summary for Legal.,generate_report,generate_report,db_write,False,4,0.35864225029945374,0.33752676844596863,db_write;create_ticket;db_read;generate_report;escalate_to_human,0.35864225;0.35633498;0.35466996;0.33752677;0.33675516,-1,confusable_intent,query_database
Confusable,98,Pull the data and compile findings for Legal.,generate_report,generate_report,db_read,False,5,0.328279048204422,0.27175161242485046,db_read;escalate_to_human;db_write;create_ticket;generate_report,0.32827905;0.32600614;0.28677085;0.27507472;0.27175161,-1,confusable_intent,query_database
Confusable,99,Query the system and put together a summary for Engineering.,generate_report,generate_report,db_write,False,4,0.40431880950927734,0.3262677490711212,db_write;db_read;quarantine_system;generate_report;process_refund,0.40431881;0.38057184;0.33810312;0.32626775;0.32102403,-1,confusable_intent,query_database
Confusable,100,Pull the data and compile findings for HR.,generate_report,generate_report,db_read,False,3,0.34934353828430176,0.28879761695861816,db_read;check_status;generate_report;send_notification;log_audit_event,0.34934354;0.28913197;0.28879762;0.27206501;0.26749972,-1,confusable_intent,query_database
Confusable,101,Pull the data and compile findings for Finance.,generate_report,generate_report,db_read,False,4,0.42048579454421997,0.2895260155200958,db_read;db_write;check_status;generate_report;send_notification,0.42048579;0.36723635;0.29247850;0.28952602;0.26993278,-1,confusable_intent,query_database
Confusable,102,Pull the data and compile findings for HR.,generate_report,generate_report,db_read,False,3,0.34934353828430176,0.28879761695861816,db_read;check_status;generate_report;send_notification;log_audit_event,0.34934354;0.28913197;0.28879762;0.27206501;0.26749972,-1,confusable_intent,query_database
Confusable,103,Log the quarterly metrics into a document.,generate_report,generate_report,db_write,False,4,0.30563992261886597,0.23973138630390167,db_write;db_read;log_audit_event;generate_report;send_notification,0.30563992;0.27515984;0.26496419;0.23973139;0.20285207,-1,confusable_intent,log_audit_event
Confusable,104,Query the system and put together a summary for HR.,generate_report,generate_report,db_read,False,4,0.33792611956596375,0.25931569933891296,db_read;db_write;check_status;generate_report;send_notification,0.33792612;0.28281832;0.28125909;0.25931570;0.24320917,-1,confusable_intent,query_database
Confusable,105,Log the quarterly metrics into a document.,generate_report,generate_report,db_write,False,4,0.30563992261886597,0.23973138630390167,db_write;db_read;log_audit_event;generate_report;send_notification,0.30563992;0.27515984;0.26496419;0.23973139;0.20285207,-1,confusable_intent,log_audit_event
Confusable,106,Query the system and put together a summary for Legal.,generate_report,generate_report,db_write,False,4,0.35864225029945374,0.33752676844596863,db_write;create_ticket;db_read;generate_report;escalate_to_human,0.35864225;0.35633498;0.35466996;0.33752677;0.33675516,-1,confusable_intent,query_database
Confusable,107,Log the quarterly metrics into a document.,generate_report,generate_report,db_write,False,4,0.30563992261886597,0.23973138630390167,db_write;db_read;log_audit_event;generate_report;send_notification,0.30563992;0.27515984;0.26496419;0.23973139;0.20285207,-1,confusable_intent,log_audit_event
Confusable,108,Log the quarterly metrics into a document.,generate_report,generate_report,db_write,False,4,0.30563992261886597,0.23973138630390167,db_write;db_read;log_audit_event;generate_report;send_notification,0.30563992;0.27515984;0.26496419;0.23973139;0.20285207,-1,confusable_intent,log_audit_event
Confusable,109,Query the system and put together a summary for Finance.,generate_report,generate_report,db_write,False,3,0.4158681333065033,0.2943211495876312,db_write;db_read;generate_report;check_status;create_ticket,0.41586813;0.40755421;0.29432115;0.26631165;0.25462863,-1,confusable_intent,query_database
Confusable,110,Pull the data and compile findings for Legal.,generate_report,generate_report,db_read,False,5,0.328279048204422,0.27175161242485046,db_read;escalate_to_human;db_write;create_ticket;generate_report,0.32827905;0.32600614;0.28677085;0.27507472;0.27175161,-1,confusable_intent,query_database
Confusable,111,Log the quarterly metrics into a document.,generate_report,generate_report,db_write,False,4,0.30563992261886597,0.23973138630390167,db_write;db_read;log_audit_event;generate_report;send_notification,0.30563992;0.27515984;0.26496419;0.23973139;0.20285207,-1,confusable_intent,log_audit_event
Confusable,112,Pull the data and compile findings for HR.,generate_report,generate_report,db_read,False,3,0.34934353828430176,0.28879761695861816,db_read;check_status;generate_report;send_notification;log_audit_event,0.34934354;0.28913197;0.28879762;0.27206501;0.26749972,-1,confusable_intent,query_database
Confusable,113,Log the quarterly metrics into a document.,generate_report,generate_report,db_write,False,4,0.30563992261886597,0.23973138630390167,db_write;db_read;log_audit_event;generate_report;send_notification,0.30563992;0.27515984;0.26496419;0.23973139;0.20285207,-1,confusable_intent,log_audit_event
Confusable,114,Pull the data and compile findings for Legal.,generate_report,generate_report,db_read,False,5,0.328279048204422,0.27175161242485046,db_read;escalate_to_human;db_write;create_ticket;generate_report,0.32827905;0.32600614;0.28677085;0.27507472;0.27175161,-1,confusable_intent,query_database
Confusable,115,Query the system and put together a summary for HR.,generate_report,generate_report,db_read,False,4,0.33792611956596375,0.25931569933891296,db_read;db_write;check_status;generate_report;send_notification,0.33792612;0.28281832;0.28125909;0.25931570;0.24320917,-1,confusable_intent,query_database
Confusable,116,Query the system and put together a summary for Legal.,generate_report,generate_report,db_write,False,4,0.35864225029945374,0.33752676844596863,db_write;create_ticket;db_read;generate_report;escalate_to_human,0.35864225;0.35633498;0.35466996;0.33752677;0.33675516,-1,confusable_intent,query_database
Confusable,117,Pull the data and compile findings for Legal.,generate_report,generate_report,db_read,False,5,0.328279048204422,0.27175161242485046,db_read;escalate_to_human;db_write;create_ticket;generate_report,0.32827905;0.32600614;0.28677085;0.27507472;0.27175161,-1,confusable_intent,query_database
Confusable,118,Pull the data and compile findings for Engineering.,generate_report,generate_report,db_read,False,4,0.3567715585231781,0.3092941343784332,db_read;db_write;send_notification;generate_report;provision_vm,0.35677156;0.34168106;0.31253642;0.30929413;0.29874054,-1,confusable_intent,query_database
Confusable,119,Query the system and put together a summary for Finance.,generate_report,generate_report,db_write,False,3,0.4158681333065033,0.2943211495876312,db_write;db_read;generate_report;check_status;create_ticket,0.41586813;0.40755421;0.29432115;0.26631165;0.25462863,-1,confusable_intent,query_database
Confusable,120,File a record of what happened with payment-api-03.,log_audit_event,log_audit_event,db_write,False,4,0.33275264501571655,0.30513304471969604,db_write;db_read;create_ticket;log_audit_event;generate_report,0.33275265;0.33089238;0.32389832;0.30513304;0.29860443,-1,confusable_intent,create_ticket
Confusable,121,File a record of what happened with cdn-edge-06.,log_audit_event,log_audit_event,db_write,False,9,0.3392041027545929,0.27535220980644226,db_write;create_ticket;generate_report;db_read;provision_vm,0.33920410;0.32615039;0.32103723;0.30687499;0.30510658,-1,confusable_intent,create_ticket
Confusable,122,Document the action taken on Charlie's account.,log_audit_event,log_audit_event,escalate_to_human,False,10,0.4024064838886261,0.2495547980070114,escalate_to_human;provision_vm;quarantine_system;create_ticket;generate_report,0.40240648;0.34222364;0.33897060;0.32696080;0.32311782,-1,confusable_intent,create_ticket
Confusable,123,Report the incident to the compliance trail.,log_audit_event,log_audit_event,create_ticket,False,7,0.4327557682991028,0.28430065512657166,create_ticket;escalate_to_human;provision_vm;generate_report;process_refund,0.43275577;0.37712705;0.34057245;0.32425517;0.32144216,-1,confusable_intent,generate_report
Confusable,124,File a record of what happened with prod-web-01.,log_audit_event,log_audit_event,generate_report,False,6,0.44063711166381836,0.39567846059799194,generate_report;db_write;provision_vm;create_ticket;quarantine_system,0.44063711;0.42399248;0.42210573;0.40818211;0.40792814,-1,confusable_intent,create_ticket
Confusable,125,Document the action taken on Alice's account.,log_audit_event,log_audit_event,escalate_to_human,False,8,0.4526745676994324,0.23980575799942017,escalate_to_human;create_ticket;provision_vm;send_notification;generate_report,0.45267457;0.29236296;0.29206660;0.28622410;0.28163469,-1,confusable_intent,create_ticket
Confusable,126,Document the action taken on Frank's account.,log_audit_event,log_audit_event,escalate_to_human,False,11,0.4703214764595032,0.26442673802375793,escalate_to_human;create_ticket;provision_vm;send_notification;generate_report,0.47032148;0.43719494;0.42718557;0.39998117;0.39559382,-1,confusable_intent,create_ticket
Confusable,127,Document the action taken on Bob's account.,log_audit_event,log_audit_event,escalate_to_human,False,9,0.3699992001056671,0.24248594045639038,escalate_to_human;create_ticket;quarantine_system;send_notification;provision_vm,0.36999920;0.30183807;0.29966348;0.29194820;0.29065409,-1,confusable_intent,create_ticket
Confusable,128,Document the action taken on Diana's account.,log_audit_event,log_audit_event,escalate_to_human,False,11,0.3894413113594055,0.2513504922389984,escalate_to_human;db_read;generate_report;provision_vm;create_ticket,0.38944131;0.33456153;0.33364084;0.32285774;0.31009507,-1,confusable_intent,create_ticket
Confusable,129,Document the action taken on Eve's account.,log_audit_event,log_audit_event,escalate_to_human,False,7,0.4176027774810791,0.2815047800540924,escalate_to_human;send_notification;provision_vm;generate_report;quarantine_system,0.41760278;0.32077166;0.31576067;0.31523573;0.30210325,-1,confusable_intent,create_ticket
Confusable,130,File a record of what happened with ml-infer-05.,log_audit_event,log_audit_event,db_write,False,4,0.39229869842529297,0.28988564014434814,db_write;db_read;generate_report;log_audit_event;provision_vm,0.39229870;0.35596311;0.33211160;0.28988564;0.27490491,-1,confusable_intent,create_ticket
Confusable,131,File a record of what happened with auth-svc-04.,log_audit_event,log_audit_event,log_audit_event,True,1,0.2822076082229614,0.2822076082229614,log_audit_event;db_write;reset_password;create_ticket;generate_report,0.28220761;0.26578215;0.26145795;0.25263065;0.24865025,-1,confusable_intent,create_ticket
Confusable,132,Document the action taken on Grace's account.,log_audit_event,log_audit_event,escalate_to_human,False,8,0.3302876949310303,0.2301418036222458,escalate_to_human;update_subscription;provision_vm;create_ticket;generate_report,0.33028769;0.32462698;0.29281601;0.28532857;0.26765844,-1,confusable_intent,create_ticket
Confusable,133,File a record of what happened with staging-db-02.,log_audit_event,log_audit_event,db_write,False,10,0.4021667242050171,0.17547748982906342,db_write;db_read;generate_report;check_status;restart_service,0.40216672;0.38279742;0.22456279;0.21364760;0.19578315,-1,confusable_intent,create_ticket
Confusable,134,Report the incident to the compliance trail.,log_audit_event,log_audit_event,create_ticket,False,7,0.43275582790374756,0.28430071473121643,create_ticket;escalate_to_human;provision_vm;generate_report;process_refund,0.43275583;0.37712696;0.34057245;0.32425520;0.32144219,-1,confusable_intent,generate_report
Confusable,135,File a record of what happened with ml-infer-05.,log_audit_event,log_audit_event,db_write,False,4,0.39229869842529297,0.28988564014434814,db_write;db_read;generate_report;log_audit_event;provision_vm,0.39229870;0.35596311;0.33211160;0.28988564;0.27490491,-1,confusable_intent,create_ticket
Confusable,136,Report the incident to the compliance trail.,log_audit_event,log_audit_event,create_ticket,False,7,0.43275582790374756,0.28430071473121643,create_ticket;escalate_to_human;provision_vm;generate_report;process_refund,0.43275583;0.37712696;0.34057245;0.32425520;0.32144219,-1,confusable_intent,generate_report
Confusable,137,File a record of what happened with staging-db-02.,log_audit_event,log_audit_event,db_write,False,10,0.4021667242050171,0.17547748982906342,db_write;db_read;generate_report;check_status;restart_service,0.40216672;0.38279742;0.22456279;0.21364760;0.19578315,-1,confusable_intent,create_ticket
Confusable,138,Document the action taken on Frank's account.,log_audit_event,log_audit_event,escalate_to_human,False,11,0.4703214466571808,0.26442649960517883,escalate_to_human;create_ticket;provision_vm;send_notification;generate_report,0.47032145;0.43719482;0.42718548;0.39998120;0.39559382,-1,confusable_intent,create_ticket
Confusable,139,Report the incident to the compliance trail.,log_audit_event,log_audit_event,create_ticket,False,7,0.43275582790374756,0.28430071473121643,create_ticket;escalate_to_human;provision_vm;generate_report;process_refund,0.43275583;0.37712696;0.34057245;0.32425520;0.32144219,-1,confusable_intent,generate_report
Confusable,140,Report the incident to the compliance trail.,log_audit_event,log_audit_event,create_ticket,False,7,0.43275582790374756,0.28430071473121643,create_ticket;escalate_to_human;provision_vm;generate_report;process_refund,0.43275583;0.37712696;0.34057245;0.32425520;0.32144219,-1,confusable_intent,generate_report
Confusable,141,Document the action taken on Grace's account.,log_audit_event,log_audit_event,escalate_to_human,False,8,0.3302876949310303,0.2301418036222458,escalate_to_human;update_subscription;provision_vm;create_ticket;generate_report,0.33028769;0.32462698;0.29281601;0.28532857;0.26765844,-1,confusable_intent,create_ticket
Confusable,142,File a record of what happened with ml-infer-05.,log_audit_event,log_audit_event,db_write,False,4,0.39229869842529297,0.28988564014434814,db_write;db_read;generate_report;log_audit_event;provision_vm,0.39229870;0.35596311;0.33211160;0.28988564;0.27490491,-1,confusable_intent,create_ticket
Confusable,143,File a record of what happened with staging-db-02.,log_audit_event,log_audit_event,db_write,False,10,0.4021667242050171,0.17547748982906342,db_write;db_read;generate_report;check_status;restart_service,0.40216672;0.38279742;0.22456279;0.21364760;0.19578315,-1,confusable_intent,create_ticket
Confusable,144,Report the incident to the compliance trail.,log_audit_event,log_audit_event,create_ticket,False,7,0.43275582790374756,0.28430071473121643,create_ticket;escalate_to_human;provision_vm;generate_report;process_refund,0.43275583;0.37712696;0.34057245;0.32425520;0.32144219,-1,confusable_intent,generate_report
Confusable,145,File a record of what happened with auth-svc-04.,log_audit_event,log_audit_event,log_audit_event,True,1,0.2822076082229614,0.2822076082229614,log_audit_event;db_write;reset_password;create_ticket;generate_report,0.28220761;0.26578215;0.26145795;0.25263065;0.24865025,-1,confusable_intent,create_ticket
Confusable,146,File a record of what happened with prod-web-01.,log_audit_event,log_audit_event,generate_report,False,6,0.44063708186149597,0.39567863941192627,generate_report;db_write;provision_vm;create_ticket;quarantine_system,0.44063708;0.42399246;0.42210585;0.40818229;0.40792805,-1,confusable_intent,create_ticket
Confusable,147,File a record of what happened with ml-infer-05.,log_audit_event,log_audit_event,db_write,False,4,0.39229869842529297,0.28988564014434814,db_write;db_read;generate_report;log_audit_event;provision_vm,0.39229870;0.35596311;0.33211160;0.28988564;0.27490491,-1,confusable_intent,create_ticket
Confusable,148,Document the action taken on Grace's account.,log_audit_event,log_audit_event,escalate_to_human,False,8,0.3302876949310303,0.2301418036222458,escalate_to_human;update_subscription;provision_vm;create_ticket;generate_report,0.33028769;0.32462698;0.29281601;0.28532857;0.26765844,-1,confusable_intent,create_ticket
Confusable,149,Document the action taken on Diana's account.,log_audit_event,log_audit_event,escalate_to_human,False,11,0.3894413113594055,0.2513504922389984,escalate_to_human;db_read;generate_report;provision_vm;create_ticket,0.38944131;0.33456153;0.33364084;0.32285774;0.31009507,-1,confusable_intent,create_ticket
Confusable,150,Charlie's subscription charge was wrong -- give them their money back.,process_refund,process_refund,update_subscription,False,6,0.25990524888038635,0.07917420566082001,update_subscription;create_ticket;provision_vm;escalate_to_human;generate_report,0.25990525;0.14842619;0.14044359;0.12164909;0.08465318,-1,confusable_intent,update_subscription
Confusable,151,Update Charlie's billing to reflect the returned amount.,process_refund,process_refund,update_subscription,False,7,0.33652058243751526,0.22220197319984436,update_subscription;provision_vm;create_ticket;generate_report;quarantine_system,0.33652058;0.28627098;0.25668669;0.24596128;0.23666194,-1,confusable_intent,update_database
Confusable,152,Adjust Bob's account balance after the error.,process_refund,process_refund,update_subscription,False,5,0.3659084737300873,0.22507204115390778,update_subscription;provision_vm;reset_password;create_ticket;process_refund,0.36590847;0.27686495;0.26405746;0.25881770;0.22507204,-1,confusable_intent,update_subscription
Confusable,153,Update Eve's billing to reflect the returned amount.,process_refund,process_refund,update_subscription,False,5,0.3274591863155365,0.18415038287639618,update_subscription;db_write;provision_vm;generate_report;process_refund,0.32745919;0.24944204;0.24026267;0.21788698;0.18415038,-1,confusable_intent,update_database
Confusable,154,Adjust Diana's account balance after the error.,process_refund,process_refund,update_subscription,False,7,0.3601972162723541,0.25988009572029114,update_subscription;provision_vm;generate_report;db_write;create_ticket,0.36019722;0.31013352;0.27846092;0.27102748;0.27034792,-1,confusable_intent,update_subscription
Confusable,155,Adjust Alice's account balance after the error.,process_refund,process_refund,update_subscription,False,8,0.3773617148399353,0.19267308712005615,update_subscription;escalate_to_human;provision_vm;create_ticket;reset_password,0.37736171;0.31531200;0.27811947;0.25271985;0.24296327,-1,confusable_intent,update_subscription
Confusable,156,Frank's subscription charge was wrong -- give them their money back.,process_refund,process_refund,update_subscription,False,7,0.3393181562423706,0.10437750816345215,update_subscription;create_ticket;provision_vm;escalate_to_human;generate_report,0.33931816;0.21408586;0.18918985;0.15660620;0.12987347,-1,confusable_intent,update_subscription
Confusable,157,Eve's subscription charge was wrong -- give them their money back.,process_refund,process_refund,update_subscription,False,6,0.24213072657585144,0.020713217556476593,update_subscription;escalate_to_human;provision_vm;create_ticket;generate_report,0.24213073;0.07373732;0.07136165;0.05017132;0.03960272,-1,confusable_intent,update_subscription
Confusable,158,Adjust Charlie's account balance after the error.,process_refund,process_refund,update_subscription,False,7,0.40206849575042725,0.2609730362892151,update_subscription;provision_vm;create_ticket;reset_password;generate_report,0.40206850;0.33212164;0.29333887;0.28181940;0.27369103,-1,confusable_intent,update_subscription
Confusable,159,Update Frank's billing to reflect the returned amount.,process_refund,process_refund,update_subscription,False,8,0.41177383065223694,0.25794053077697754,update_subscription;provision_vm;create_ticket;generate_report;send_notification,0.41177383;0.34978202;0.33239767;0.30302110;0.28410941,-1,confusable_intent,update_database
Confusable,160,Adjust Frank's account balance after the error.,process_refund,process_refund,update_subscription,False,8,0.48818331956863403,0.3135506510734558,update_subscription;provision_vm;create_ticket;generate_report;send_notification,0.48818332;0.41008115;0.37602940;0.33908072;0.33125535,-1,confusable_intent,update_subscription
Confusable,161,Grace's subscription charge was wrong -- give them their money back.,process_refund,process_refund,update_subscription,False,7,0.26916152238845825,0.002777429297566414,update_subscription;create_ticket;provision_vm;reset_password;escalate_to_human,0.26916152;0.09855534;0.08252071;0.06643669;0.06043474,-1,confusable_intent,update_subscription
Confusable,162,Adjust Grace's account balance after the error.,process_refund,process_refund,update_subscription,False,5,0.39513474702835083,0.17452101409435272,update_subscription;reset_password;provision_vm;create_ticket;process_refund,0.39513475;0.29182634;0.24478894;0.21228856;0.17452101,-1,confusable_intent,update_subscription
Confusable,163,Update Bob's billing to reflect the returned amount.,process_refund,process_refund,update_subscription,False,4,0.27809181809425354,0.15357516705989838,update_subscription;provision_vm;create_ticket;process_refund;escalate_to_human,0.27809182;0.19945775;0.18298630;0.15357517;0.14653268,-1,confusable_intent,update_database
Confusable,164,Bob's subscription charge was wrong -- give them their money back.,process_refund,process_refund,update_subscription,False,5,0.23310637474060059,0.058871474117040634,update_subscription;create_ticket;provision_vm;escalate_to_human;process_refund,0.23310637;0.13700810;0.10171762;0.08632094;0.05887147,-1,confusable_intent,update_subscription
Confusable,165,Update Grace's billing to reflect the returned amount.,process_refund,process_refund,update_subscription,False,5,0.3496509790420532,0.13163666427135468,update_subscription;provision_vm;create_ticket;generate_report;process_refund,0.34965098;0.20018169;0.16029336;0.13831209;0.13163666,-1,confusable_intent,update_database
Confusable,166,Update Alice's billing to reflect the returned amount.,process_refund,process_refund,update_subscription,False,8,0.31184056401252747,0.13669051229953766,update_subscription;escalate_to_human;provision_vm;create_ticket;generate_report,0.31184056;0.25643238;0.21824519;0.20137396;0.18191952,-1,confusable_intent,update_database
Confusable,167,Diana's subscription charge was wrong -- give them their money back.,process_refund,process_refund,update_subscription,False,6,0.22158324718475342,0.059215206652879715,update_subscription;create_ticket;provision_vm;escalate_to_human;generate_report,0.22158325;0.12230913;0.10711874;0.10003007;0.07712904,-1,confusable_intent,update_subscription
Confusable,168,Alice's subscription charge was wrong -- give them their money back.,process_refund,process_refund,update_subscription,False,8,0.2455248236656189,0.027830440551042557,update_subscription;escalate_to_human;create_ticket;provision_vm;generate_report,0.24552482;0.18696876;0.14080028;0.10842904;0.06298916,-1,confusable_intent,update_subscription
Confusable,169,Update Diana's billing to reflect the returned amount.,process_refund,process_refund,update_subscription,False,7,0.2999395728111267,0.22646258771419525,update_subscription;db_write;provision_vm;generate_report;create_ticket,0.29993957;0.27001622;0.26519471;0.24946451;0.23797786,-1,confusable_intent,update_database
Confusable,170,Adjust Eve's account balance after the error.,process_refund,process_refund,update_subscription,False,7,0.36625197529792786,0.23086775839328766,update_subscription;provision_vm;reset_password;generate_report;db_write,0.36625198;0.28527936;0.26272795;0.24131471;0.23520178,-1,confusable_intent,update_subscription
Confusable,171,Adjust Bob's account balance after the error.,process_refund,process_refund,update_subscription,False,5,0.3659084737300873,0.22507204115390778,update_subscription;provision_vm;reset_password;create_ticket;process_refund,0.36590847;0.27686495;0.26405746;0.25881770;0.22507204,-1,confusable_intent,update_subscription
Confusable,172,Eve's subscription charge was wrong -- give them their money back.,process_refund,process_refund,update_subscription,False,6,0.24213072657585144,0.020713217556476593,update_subscription;escalate_to_human;provision_vm;create_ticket;generate_report,0.24213073;0.07373732;0.07136165;0.05017132;0.03960272,-1,confusable_intent,update_subscription
Confusable,173,Update Eve's billing to reflect the returned amount.,process_refund,process_refund,update_subscription,False,5,0.3274591863155365,0.18415038287639618,update_subscription;db_write;provision_vm;generate_report;process_refund,0.32745919;0.24944204;0.24026267;0.21788698;0.18415038,-1,confusable_intent,update_database
Confusable,174,Update Alice's billing to reflect the returned amount.,process_refund,process_refund,update_subscription,False,8,0.31184056401252747,0.13669051229953766,update_subscription;escalate_to_human;provision_vm;create_ticket;generate_report,0.31184056;0.25643238;0.21824519;0.20137396;0.18191952,-1,confusable_intent,update_database
Confusable,175,Frank's subscription charge was wrong -- give them their money back.,process_refund,process_refund,update_subscription,False,7,0.3393181562423706,0.10437750816345215,update_subscription;create_ticket;provision_vm;escalate_to_human;generate_report,0.33931816;0.21408586;0.18918985;0.15660620;0.12987347,-1,confusable_intent,update_subscription
Confusable,176,Frank's subscription charge was wrong -- give them their money back.,process_refund,process_refund,update_subscription,False,7,0.3393181562423706,0.10437750816345215,update_subscription;create_ticket;provision_vm;escalate_to_human;generate_report,0.33931816;0.21408586;0.18918985;0.15660620;0.12987347,-1,confusable_intent,update_subscription
Confusable,177,Alice's subscription charge was wrong -- give them their money back.,process_refund,process_refund,update_subscription,False,8,0.2455248236656189,0.027830440551042557,update_subscription;escalate_to_human;create_ticket;provision_vm;generate_report,0.24552482;0.18696876;0.14080028;0.10842904;0.06298916,-1,confusable_intent,update_subscription
Confusable,178,Adjust Alice's account balance after the error.,process_refund,process_refund,update_subscription,False,8,0.3773617148399353,0.19267308712005615,update_subscription;escalate_to_human;provision_vm;create_ticket;reset_password,0.37736171;0.31531200;0.27811947;0.25271985;0.24296327,-1,confusable_intent,update_subscription
Confusable,179,Adjust Diana's account balance after the error.,process_refund,process_refund,update_subscription,False,7,0.3601972162723541,0.25988009572029114,update_subscription;provision_vm;generate_report;db_write;create_ticket,0.36019722;0.31013352;0.27846092;0.27102748;0.27034792,-1,confusable_intent,update_subscription
Confusable,180,Deploy a fresh system for Finance -- update the inventory too.,provision_vm,provision_vm,db_write,False,3,0.4346979260444641,0.38717401027679443,db_write;restart_service;provision_vm;process_refund;quarantine_system,0.43469793;0.43175909;0.38717401;0.35026032;0.34423921,-1,confusable_intent,update_database
Confusable,181,Set up another host -- the current cdn-edge-06 isn't cutting it.,provision_vm,provision_vm,provision_vm,True,1,0.30390092730522156,0.30390092730522156,provision_vm;create_ticket;send_notification;generate_report;quarantine_system,0.30390093;0.29053584;0.27703249;0.25060576;0.23397516,-1,confusable_intent,restart_service
Confusable,182,Deploy a fresh system for Legal -- update the inventory too.,provision_vm,provision_vm,provision_vm,True,1,0.40532416105270386,0.40532416105270386,provision_vm;restart_service;process_refund;quarantine_system;db_write,0.40532416;0.40467200;0.36660600;0.36499488;0.35918310,-1,confusable_intent,update_database
Confusable,183,Set up another host -- the current ml-infer-05 isn't cutting it.,provision_vm,provision_vm,send_notification,False,2,0.29598188400268555,0.29566308856010437,send_notification;provision_vm;generate_report;quarantine_system;db_write,0.29598188;0.29566309;0.27882013;0.26334962;0.25871870,-1,confusable_intent,restart_service
Confusable,184,Set up another host -- the current auth-svc-04 isn't cutting it.,provision_vm,provision_vm,create_ticket,False,2,0.25173014402389526,0.242368683218956,create_ticket;provision_vm;update_subscription;reset_password;generate_report,0.25173014;0.24236868;0.22333129;0.22226940;0.21317349,-1,confusable_intent,restart_service
Confusable,185,Deploy a fresh system for Marketing -- update the inventory too.,provision_vm,provision_vm,restart_service,False,2,0.4652901291847229,0.38632282614707947,restart_service;provision_vm;db_write;quarantine_system;process_refund,0.46529013;0.38632283;0.37289417;0.36106667;0.35779172,-1,confusable_intent,update_database
Confusable,186,Set up another host -- the current staging-db-02 isn't cutting it.,provision_vm,provision_vm,db_write,False,3,0.35937222838401794,0.2621334195137024,db_write;db_read;provision_vm;send_notification;generate_report,0.35937223;0.29806462;0.26213342;0.24540384;0.24503705,-1,confusable_intent,restart_service
Confusable,187,Deploy a fresh system for Engineering -- update the inventory too.,provision_vm,provision_vm,restart_service,False,2,0.47294294834136963,0.44187039136886597,restart_service;provision_vm;db_write;quarantine_system;process_refund,0.47294295;0.44187039;0.43617713;0.42323008;0.40823808,-1,confusable_intent,update_database
Confusable,188,Restart the setup process for Marketing's new environment.,provision_vm,provision_vm,restart_service,False,3,0.5100961327552795,0.3550935387611389,restart_service;process_refund;provision_vm;quarantine_system;send_notification,0.51009613;0.35630983;0.35509354;0.32393286;0.25324771,-1,confusable_intent,restart_service
Confusable,189,Deploy a fresh system for HR -- update the inventory too.,provision_vm,provision_vm,restart_service,False,2,0.4640871286392212,0.4158586263656616,restart_service;provision_vm;process_refund;quarantine_system;db_write,0.46408713;0.41585863;0.40906402;0.39478838;0.39314401,-1,confusable_intent,update_database
Confusable,190,Restart the setup process for HR's new environment.,provision_vm,provision_vm,restart_service,False,3,0.466497540473938,0.3493518531322479,restart_service;process_refund;provision_vm;quarantine_system;reset_password,0.46649754;0.36971605;0.34935185;0.32365990;0.29225689,-1,confusable_intent,restart_service
Confusable,191,Set up another host -- the current payment-api-03 isn't cutting it.,provision_vm,provision_vm,provision_vm,True,1,0.38828060030937195,0.38828060030937195,provision_vm;create_ticket;update_subscription;generate_report;send_notification,0.38828060;0.37140858;0.36138940;0.33311203;0.33165729,-1,confusable_intent,restart_service
Confusable,192,Restart the setup process for Finance's new environment.,provision_vm,provision_vm,restart_service,False,2,0.4671614170074463,0.36336442828178406,restart_service;provision_vm;process_refund;db_write;quarantine_system,0.46716142;0.36336443;0.35679376;0.30652195;0.30510294,-1,confusable_intent,restart_service
Confusable,193,Restart the setup process for Legal's new environment.,provision_vm,provision_vm,restart_service,False,2,0.44572463631629944,0.3796333372592926,restart_service;provision_vm;process_refund;create_ticket;quarantine_system,0.44572464;0.37963334;0.37707484;0.33094254;0.32698631,-1,confusable_intent,restart_service
Confusable,194,Set up another host -- the current prod-web-01 isn't cutting it.,provision_vm,provision_vm,provision_vm,True,1,0.429092675447464,0.429092675447464,provision_vm;generate_report;quarantine_system;create_ticket;send_notification,0.42909268;0.38750154;0.38412330;0.37553453;0.36975634,-1,confusable_intent,restart_service
Confusable,195,Restart the setup process for HR's new environment.,provision_vm,provision_vm,restart_service,False,3,0.466497540473938,0.3493518531322479,restart_service;process_refund;provision_vm;quarantine_system;reset_password,0.46649754;0.36971605;0.34935185;0.32365990;0.29225689,-1,confusable_intent,restart_service
Confusable,196,Restart the setup process for Engineering's new environment.,provision_vm,provision_vm,restart_service,False,2,0.508293092250824,0.3930719494819641,restart_service;provision_vm;process_refund;quarantine_system;reset_password,0.50829309;0.39307195;0.39023116;0.36959156;0.29246908,-1,confusable_intent,restart_service
Confusable,197,Set up another host -- the current payment-api-03 isn't cutting it.,provision_vm,provision_vm,provision_vm,True,1,0.38828060030937195,0.38828060030937195,provision_vm;create_ticket;update_subscription;generate_report;send_notification,0.38828060;0.37140858;0.36138940;0.33311203;0.33165729,-1,confusable_intent,restart_service
Confusable,198,Set up another host -- the current payment-api-03 isn't cutting it.,provision_vm,provision_vm,provision_vm,True,1,0.38828060030937195,0.38828060030937195,provision_vm;create_ticket;update_subscription;generate_report;send_notification,0.38828060;0.37140858;0.36138940;0.33311203;0.33165729,-1,confusable_intent,restart_service
Confusable,199,Deploy a fresh system for Marketing -- update the inventory too.,provision_vm,provision_vm,restart_service,False,2,0.4652901291847229,0.38632282614707947,restart_service;provision_vm;db_write;quarantine_system;process_refund,0.46529013;0.38632283;0.37289417;0.36106667;0.35779172,-1,confusable_intent,update_database
Confusable,200,Set up another host -- the current staging-db-02 isn't cutting it.,provision_vm,provision_vm,db_write,False,3,0.35937222838401794,0.2621334195137024,db_write;db_read;provision_vm;send_notification;generate_report,0.35937223;0.29806462;0.26213342;0.24540384;0.24503705,-1,confusable_intent,restart_service
Confusable,201,Set up another host -- the current cdn-edge-06 isn't cutting it.,provision_vm,provision_vm,provision_vm,True,1,0.30390092730522156,0.30390092730522156,provision_vm;create_ticket;send_notification;generate_report;quarantine_system,0.30390093;0.29053584;0.27703249;0.25060576;0.23397516,-1,confusable_intent,restart_service
Confusable,202,Deploy a fresh system for HR -- update the inventory too.,provision_vm,provision_vm,restart_service,False,2,0.4640871286392212,0.4158586263656616,restart_service;provision_vm;process_refund;quarantine_system;db_write,0.46408713;0.41585863;0.40906402;0.39478838;0.39314401,-1,confusable_intent,update_database
Confusable,203,Restart the setup process for HR's new environment.,provision_vm,provision_vm,restart_service,False,3,0.466497540473938,0.3493518531322479,restart_service;process_refund;provision_vm;quarantine_system;reset_password,0.46649754;0.36971605;0.34935185;0.32365990;0.29225689,-1,confusable_intent,restart_service
Confusable,204,Set up another host -- the current payment-api-03 isn't cutting it.,provision_vm,provision_vm,provision_vm,True,1,0.38828060030937195,0.38828060030937195,provision_vm;create_ticket;update_subscription;generate_report;send_notification,0.38828060;0.37140858;0.36138940;0.33311203;0.33165729,-1,confusable_intent,restart_service
Confusable,205,Restart the setup process for Legal's new environment.,provision_vm,provision_vm,restart_service,False,2,0.44572463631629944,0.3796333372592926,restart_service;provision_vm;process_refund;create_ticket;quarantine_system,0.44572464;0.37963334;0.37707484;0.33094254;0.32698631,-1,confusable_intent,restart_service
Confusable,206,Set up another host -- the current ml-infer-05 isn't cutting it.,provision_vm,provision_vm,send_notification,False,2,0.29598188400268555,0.29566308856010437,send_notification;provision_vm;generate_report;quarantine_system;db_write,0.29598188;0.29566309;0.27882013;0.26334962;0.25871870,-1,confusable_intent,restart_service
Confusable,207,Deploy a fresh system for Marketing -- update the inventory too.,provision_vm,provision_vm,restart_service,False,2,0.4652901291847229,0.38632282614707947,restart_service;provision_vm;db_write;quarantine_system;process_refund,0.46529013;0.38632283;0.37289417;0.36106667;0.35779172,-1,confusable_intent,update_database
Confusable,208,Deploy a fresh system for Marketing -- update the inventory too.,provision_vm,provision_vm,restart_service,False,2,0.4652901291847229,0.38632282614707947,restart_service;provision_vm;db_write;quarantine_system;process_refund,0.46529013;0.38632283;0.37289417;0.36106667;0.35779172,-1,confusable_intent,update_database
Confusable,209,Deploy a fresh system for Marketing -- update the inventory too.,provision_vm,provision_vm,restart_service,False,2,0.4652901291847229,0.38632282614707947,restart_service;provision_vm;db_write;quarantine_system;process_refund,0.46529013;0.38632283;0.37289417;0.36106667;0.35779172,-1,confusable_intent,update_database
Confusable,210,Restart payment-api-03's isolation procedure.,quarantine_system,quarantine_system,provision_vm,False,4,0.4077392518520355,0.35498926043510437,provision_vm;process_refund;create_ticket;quarantine_system;restart_service,0.40773925;0.38604593;0.38230783;0.35498926;0.34664220,-1,confusable_intent,restart_service
Confusable,211,Scan and lock down prod-web-01 immediately.,quarantine_system,quarantine_system,scan_malware,False,2,0.48444148898124695,0.36712324619293213,scan_malware;quarantine_system;provision_vm;generate_report;process_refund,0.48444149;0.36712325;0.32710078;0.28197795;0.27377331,-1,confusable_intent,scan_malware
Confusable,212,cdn-edge-06 is infected -- shut down its connections.,quarantine_system,quarantine_system,scan_malware,False,2,0.309546560049057,0.2040046602487564,scan_malware;quarantine_system;restart_service;provision_vm;escalate_to_human,0.30954656;0.20400466;0.19288157;0.18981531;0.16480783,-1,confusable_intent,scan_malware
Confusable,213,Scan and lock down staging-db-02 immediately.,quarantine_system,quarantine_system,scan_malware,False,2,0.2939419150352478,0.21135219931602478,scan_malware;quarantine_system;db_write;provision_vm;escalate_to_human,0.29394192;0.21135220;0.20008501;0.18497029;0.17284258,-1,confusable_intent,scan_malware
Confusable,214,Scan and lock down payment-api-03 immediately.,quarantine_system,quarantine_system,scan_malware,False,2,0.2996603548526764,0.2101193368434906,scan_malware;quarantine_system;provision_vm;escalate_to_human;generate_report,0.29966035;0.21011934;0.19023965;0.18414754;0.15141214,-1,confusable_intent,scan_malware
Confusable,215,Restart prod-web-01's isolation procedure.,quarantine_system,quarantine_system,provision_vm,False,3,0.45582517981529236,0.44542884826660156,provision_vm;process_refund;quarantine_system;restart_service;generate_report,0.45582518;0.44627425;0.44542885;0.41996029;0.40101004,-1,confusable_intent,restart_service
Confusable,216,ml-infer-05 is infected -- shut down its connections.,quarantine_system,quarantine_system,scan_malware,False,2,0.35918816924095154,0.22629615664482117,scan_malware;quarantine_system;provision_vm;restart_service;escalate_to_human,0.35918817;0.22629616;0.19547838;0.18539864;0.15695615,-1,confusable_intent,scan_malware
Confusable,217,auth-svc-04 is infected -- shut down its connections.,quarantine_system,quarantine_system,scan_malware,False,3,0.304673969745636,0.1818009316921234,scan_malware;restart_service;quarantine_system;reset_password;provision_vm,0.30467397;0.22290342;0.18180093;0.16864493;0.13970464,-1,confusable_intent,scan_malware
Confusable,218,staging-db-02 is infected -- shut down its connections.,quarantine_system,quarantine_system,scan_malware,False,3,0.3021203875541687,0.19051429629325867,scan_malware;restart_service;quarantine_system;db_write;provision_vm,0.30212039;0.23410279;0.19051430;0.17686071;0.15622744,-1,confusable_intent,scan_malware
Confusable,219,Scan and lock down cdn-edge-06 immediately.,quarantine_system,quarantine_system,scan_malware,False,2,0.33599793910980225,0.2168428599834442,scan_malware;quarantine_system;provision_vm;escalate_to_human;send_notification,0.33599794;0.21684286;0.19844384;0.17297627;0.14612637,-1,confusable_intent,scan_malware
Confusable,220,Restart auth-svc-04's isolation procedure.,quarantine_system,quarantine_system,reset_password,False,5,0.3552835285663605,0.2957315444946289,reset_password;restart_service;provision_vm;process_refund;quarantine_system,0.35528353;0.33680663;0.30768996;0.30730003;0.29573154,-1,confusable_intent,restart_service
Confusable,221,Scan and lock down ml-infer-05 immediately.,quarantine_system,quarantine_system,scan_malware,False,2,0.31345269083976746,0.20903585851192474,scan_malware;quarantine_system;generate_report;provision_vm;send_notification,0.31345269;0.20903586;0.17486770;0.17080811;0.15561610,-1,confusable_intent,scan_malware
Confusable,222,Restart cdn-edge-06's isolation procedure.,quarantine_system,quarantine_system,provision_vm,False,2,0.35374078154563904,0.3282187879085541,provision_vm;quarantine_system;create_ticket;process_refund;restart_service,0.35374078;0.32821879;0.32246044;0.32241291;0.32177824,-1,confusable_intent,restart_service
Confusable,223,Restart staging-db-02's isolation procedure.,quarantine_system,quarantine_system,db_write,False,7,0.38163021206855774,0.27376997470855713,db_write;restart_service;provision_vm;process_refund;db_read,0.38163021;0.37749898;0.30698350;0.30599236;0.30238232,-1,confusable_intent,restart_service
Confusable,224,prod-web-01 is infected -- shut down its connections.,quarantine_system,quarantine_system,scan_malware,False,2,0.44338899850845337,0.3387489318847656,scan_malware;quarantine_system;provision_vm;restart_service;process_refund,0.44338900;0.33874893;0.30168137;0.25983179;0.25114471,-1,confusable_intent,scan_malware
Confusable,225,payment-api-03 is infected -- shut down its connections.,quarantine_system,quarantine_system,scan_malware,False,2,0.34583404660224915,0.2501147985458374,scan_malware;quarantine_system;provision_vm;restart_service;escalate_to_human,0.34583405;0.25011480;0.21881548;0.19296756;0.18207701,-1,confusable_intent,scan_malware
Confusable,226,Scan and lock down auth-svc-04 immediately.,quarantine_system,quarantine_system,scan_malware,False,3,0.2860465347766876,0.14771835505962372,scan_malware;reset_password;quarantine_system;escalate_to_human;provision_vm,0.28604653;0.20878075;0.14771836;0.10239141;0.10216635,-1,confusable_intent,scan_malware
Confusable,227,Restart ml-infer-05's isolation procedure.,quarantine_system,quarantine_system,restart_service,False,4,0.3007552921772003,0.28910091519355774,restart_service;process_refund;provision_vm;quarantine_system;generate_report,0.30075529;0.29437253;0.29246455;0.28910092;0.28450197,-1,confusable_intent,restart_service
Confusable,228,payment-api-03 is infected -- shut down its connections.,quarantine_system,quarantine_system,scan_malware,False,2,0.34583404660224915,0.2501147985458374,scan_malware;quarantine_system;provision_vm;restart_service;escalate_to_human,0.34583405;0.25011480;0.21881548;0.19296756;0.18207701,-1,confusable_intent,scan_malware
Confusable,229,Restart staging-db-02's isolation procedure.,quarantine_system,quarantine_system,db_write,False,7,0.38163021206855774,0.27376997470855713,db_write;restart_service;provision_vm;process_refund;db_read,0.38163021;0.37749898;0.30698350;0.30599236;0.30238232,-1,confusable_intent,restart_service
Confusable,230,staging-db-02 is infected -- shut down its connections.,quarantine_system,quarantine_system,scan_malware,False,3,0.3021203875541687,0.19051429629325867,scan_malware;restart_service;quarantine_system;db_write;provision_vm,0.30212039;0.23410279;0.19051430;0.17686071;0.15622744,-1,confusable_intent,scan_malware
Confusable,231,auth-svc-04 is infected -- shut down its connections.,quarantine_system,quarantine_system,scan_malware,False,3,0.304673969745636,0.1818009316921234,scan_malware;restart_service;quarantine_system;reset_password;provision_vm,0.30467397;0.22290342;0.18180093;0.16864493;0.13970464,-1,confusable_intent,scan_malware
Confusable,232,Scan and lock down payment-api-03 immediately.,quarantine_system,quarantine_system,scan_malware,False,2,0.2996603548526764,0.2101193368434906,scan_malware;quarantine_system;provision_vm;escalate_to_human;generate_report,0.29966035;0.21011934;0.19023965;0.18414754;0.15141214,-1,confusable_intent,scan_malware
Confusable,233,ml-infer-05 is infected -- shut down its connections.,quarantine_system,quarantine_system,scan_malware,False,2,0.35918816924095154,0.22629615664482117,scan_malware;quarantine_system;provision_vm;restart_service;escalate_to_human,0.35918817;0.22629616;0.19547838;0.18539864;0.15695615,-1,confusable_intent,scan_malware
Confusable,234,Restart auth-svc-04's isolation procedure.,quarantine_system,quarantine_system,reset_password,False,5,0.3552835285663605,0.2957315444946289,reset_password;restart_service;provision_vm;process_refund;quarantine_system,0.35528353;0.33680663;0.30768996;0.30730003;0.29573154,-1,confusable_intent,restart_service
Confusable,235,Scan and lock down staging-db-02 immediately.,quarantine_system,quarantine_system,scan_malware,False,2,0.2939419150352478,0.21135219931602478,scan_malware;quarantine_system;db_write;provision_vm;escalate_to_human,0.29394192;0.21135220;0.20008501;0.18497029;0.17284258,-1,confusable_intent,scan_malware
Confusable,236,Restart auth-svc-04's isolation procedure.,quarantine_system,quarantine_system,reset_password,False,5,0.3552835285663605,0.2957315444946289,reset_password;restart_service;provision_vm;process_refund;quarantine_system,0.35528353;0.33680663;0.30768996;0.30730003;0.29573154,-1,confusable_intent,restart_service
Confusable,237,Restart cdn-edge-06's isolation procedure.,quarantine_system,quarantine_system,provision_vm,False,2,0.35374078154563904,0.3282187879085541,provision_vm;quarantine_system;create_ticket;process_refund;restart_service,0.35374078;0.32821879;0.32246044;0.32241291;0.32177824,-1,confusable_intent,restart_service
Confusable,238,Scan and lock down auth-svc-04 immediately.,quarantine_system,quarantine_system,scan_malware,False,3,0.2860465347766876,0.14771835505962372,scan_malware;reset_password;quarantine_system;escalate_to_human;provision_vm,0.28604653;0.20878075;0.14771836;0.10239141;0.10216635,-1,confusable_intent,scan_malware
Confusable,239,Scan and lock down prod-web-01 immediately.,quarantine_system,quarantine_system,scan_malware,False,2,0.48444148898124695,0.36712324619293213,scan_malware;quarantine_system;provision_vm;generate_report;process_refund,0.48444149;0.36712325;0.32710078;0.28197795;0.27377331,-1,confusable_intent,scan_malware
Confusable,240,I need a report of Grace's transactions from the database.,query_database,db_read,db_read,True,1,0.35145053267478943,0.35145053267478943,db_read;db_write;log_audit_event;generate_report;check_status,0.35145053;0.32707858;0.26054490;0.19241586;0.15978168,-1,confusable_intent,generate_report
Confusable,241,I want to check what we have on file for Frank.,query_database,db_read,db_read,True,1,0.3856099843978882,0.3856099843978882,db_read;send_notification;check_status;generate_report;db_write,0.38560998;0.36644664;0.35692602;0.35563818;0.34082684,-1,confusable_intent,check_status
Confusable,242,I want to check what we have on file for Alice.,query_database,db_read,db_read,True,1,0.3236607015132904,0.3236607015132904,db_read;log_audit_event;escalate_to_human;db_write;generate_report,0.32366070;0.29497737;0.26901522;0.26413494;0.25680107,-1,confusable_intent,check_status
Confusable,243,I need a report of Diana's transactions from the database.,query_database,db_read,db_read,True,1,0.4424227774143219,0.4424227774143219,db_read;db_write;generate_report;log_audit_event;check_status,0.44242278;0.40035307;0.25196642;0.25087667;0.19390815,-1,confusable_intent,generate_report
Confusable,244,I want to check what we have on file for Grace.,query_database,db_read,log_audit_event,False,2,0.2999414801597595,0.2890423834323883,log_audit_event;db_read;check_status;db_write;generate_report,0.29994148;0.28904238;0.26630446;0.23877591;0.23326200,-1,confusable_intent,check_status
Confusable,245,Generate a list of all entries matching Frank.,query_database,db_read,db_read,True,1,0.2814745008945465,0.2814745008945465,db_read;generate_report;quarantine_system;db_write;send_notification,0.28147450;0.27406791;0.26798213;0.26468265;0.26359713,-1,confusable_intent,generate_report
Confusable,246,I need a report of Frank's transactions from the database.,query_database,db_read,db_read,True,1,0.42551860213279724,0.42551860213279724,db_read;db_write;generate_report;create_ticket;log_audit_event,0.42551860;0.41168472;0.30747303;0.29599270;0.27064213,-1,confusable_intent,generate_report
Confusable,247,Can you verify the records for #42017 in the system?,query_database,db_read,db_read,True,1,0.4648521840572357,0.4648521840572357,db_read;db_write;check_status;send_notification;quarantine_system,0.46485218;0.42805177;0.38577026;0.33392519;0.32677427,-1,confusable_intent,check_status
Confusable,248,Generate a list of all entries matching Bob.,query_database,db_read,log_audit_event,False,3,0.17505189776420593,0.17259998619556427,log_audit_event;scan_malware;db_read;quarantine_system;check_status,0.17505190;0.17310831;0.17259999;0.16404468;0.16006541,-1,confusable_intent,generate_report
Confusable,249,Can you verify the records for #53698 in the system?,query_database,db_read,db_read,True,1,0.47464409470558167,0.47464409470558167,db_read;db_write;check_status;quarantine_system;generate_report,0.47464409;0.40999216;0.33298185;0.30702740;0.30164650,-1,confusable_intent,check_status
Confusable,250,I want to check what we have on file for Diana.,query_database,db_read,db_read,True,1,0.4589512050151825,0.4589512050151825,db_read;db_write;generate_report;log_audit_event;check_status,0.45895121;0.37002993;0.29922283;0.29348966;0.28895923,-1,confusable_intent,check_status
Confusable,251,Can you verify the records for #31450 in the system?,query_database,db_read,db_read,True,1,0.44067874550819397,0.44067874550819397,db_read;db_write;check_status;send_notification;quarantine_system,0.44067875;0.39336652;0.34286401;0.29728603;0.29401413,-1,confusable_intent,check_status
Confusable,252,Can you verify the records for #60122 in the system?,query_database,db_read,db_read,True,1,0.44126832485198975,0.44126832485198975,db_read;db_write;check_status;restart_service;quarantine_system,0.44126832;0.36821118;0.34645087;0.28742090;0.28443888,-1,confusable_intent,check_status
Confusable,253,Generate a list of all entries matching Diana.,query_database,db_read,db_read,True,1,0.35390305519104004,0.35390305519104004,db_read;db_write;generate_report;log_audit_event;quarantine_system,0.35390306;0.29148370;0.24837884;0.24099681;0.22083326,-1,confusable_intent,generate_report
Confusable,254,I want to check what we have on file for Charlie.,query_database,db_read,db_read,True,1,0.36928361654281616,0.36928361654281616,db_read;check_status;log_audit_event;quarantine_system;scan_malware,0.36928362;0.32327369;0.31474382;0.31257677;0.31036094,-1,confusable_intent,check_status
Confusable,255,I need a report of Charlie's transactions from the database.,query_database,db_read,db_read,True,1,0.3912309408187866,0.3912309408187866,db_read;db_write;log_audit_event;generate_report;check_status,0.39123094;0.34997311;0.25934863;0.24242891;0.21462294,-1,confusable_intent,generate_report
Confusable,256,I want to check what we have on file for Bob.,query_database,db_read,db_read,True,1,0.32795441150665283,0.32795441150665283,db_read;check_status;log_audit_event;quarantine_system;send_notification,0.32795441;0.30571052;0.27017897;0.25298640;0.25109884,-1,confusable_intent,check_status
Confusable,257,I need a report of Eve's transactions from the database.,query_database,db_read,db_write,False,2,0.3814237713813782,0.36881762742996216,db_write;db_read;log_audit_event;generate_report;check_status,0.38142377;0.36881763;0.27658632;0.22136886;0.19201832,-1,confusable_intent,generate_report
Confusable,258,Generate a list of all entries matching Alice.,query_database,db_read,escalate_to_human,False,3,0.22204558551311493,0.16525506973266602,escalate_to_human;log_audit_event;db_read;generate_report;db_write,0.22204559;0.19435374;0.16525507;0.14989683;0.14043072,-1,confusable_intent,generate_report
Confusable,259,Generate a list of all entries matching Grace.,query_database,db_read,log_audit_event,False,8,0.21815776824951172,0.13647697865962982,log_audit_event;scan_malware;reset_password;update_subscription;quarantine_system,0.21815777;0.19042408;0.18481028;0.16796446;0.15784055,-1,confusable_intent,generate_report
Confusable,260,I want to check what we have on file for Eve.,query_database,db_read,db_read,True,1,0.3326221704483032,0.3326221704483032,db_read;db_write;log_audit_event;check_status;generate_report,0.33262217;0.32080835;0.31762198;0.28870293;0.26359248,-1,confusable_intent,check_status
Confusable,261,Generate a list of all entries matching Eve.,query_database,db_read,log_audit_event,False,3,0.2381923347711563,0.21063415706157684,log_audit_event;db_write;db_read;scan_malware;generate_report,0.23819233;0.22838975;0.21063416;0.18987295;0.17731877,-1,confusable_intent,generate_report
Confusable,262,I need a report of Alice's transactions from the database.,query_database,db_read,db_read,True,1,0.372905969619751,0.372905969619751,db_read;db_write;log_audit_event;generate_report;create_ticket,0.37290597;0.34386182;0.26992872;0.22532189;0.19558367,-1,confusable_intent,generate_report
Confusable,263,Can you verify the records for #20891 in the system?,query_database,db_read,db_read,True,1,0.4739049971103668,0.4739049971103668,db_read;db_write;check_status;generate_report;quarantine_system,0.47390500;0.45702943;0.38183120;0.37420899;0.35596389,-1,confusable_intent,check_status
Confusable,264,Generate a list of all entries matching Charlie.,query_database,db_read,quarantine_system,False,4,0.2582320272922516,0.23833464086055756,quarantine_system;log_audit_event;scan_malware;db_read;generate_report,0.25823203;0.25301734;0.25152895;0.23833464;0.23213746,-1,confusable_intent,generate_report
Confusable,265,Can you verify the records for #10234 in the system?,query_database,db_read,db_read,True,1,0.491543173789978,0.491543173789978,db_read;db_write;check_status;quarantine_system;send_notification,0.49154317;0.41674772;0.39483884;0.31109914;0.30987707,-1,confusable_intent,check_status
Confusable,266,Generate a list of all entries matching Bob.,query_database,db_read,log_audit_event,False,3,0.17505189776420593,0.17259998619556427,log_audit_event;scan_malware;db_read;quarantine_system;check_status,0.17505190;0.17310831;0.17259999;0.16404468;0.16006541,-1,confusable_intent,generate_report
Confusable,267,I need a report of Bob's transactions from the database.,query_database,db_read,db_read,True,1,0.3849785625934601,0.3849785625934601,db_read;db_write;log_audit_event;check_status;generate_report,0.38497856;0.29001296;0.23504764;0.21589638;0.18479055,-1,confusable_intent,generate_report
Confusable,268,Generate a list of all entries matching Bob.,query_database,db_read,log_audit_event,False,3,0.17505189776420593,0.17259998619556427,log_audit_event;scan_malware;db_read;quarantine_system;check_status,0.17505190;0.17310831;0.17259999;0.16404468;0.16006541,-1,confusable_intent,generate_report
Confusable,269,I need a report of Diana's transactions from the database.,query_database,db_read,db_read,True,1,0.4424227774143219,0.4424227774143219,db_read;db_write;generate_report;log_audit_event;check_status,0.44242278;0.40035307;0.25196642;0.25087667;0.19390815,-1,confusable_intent,generate_report
Confusable,270,Update Charlie's login so they can get back in.,reset_password,reset_password,reset_password,True,1,0.4723217189311981,0.4723217189311981,reset_password;provision_vm;quarantine_system;process_refund;scan_malware,0.47232172;0.30960310;0.28772977;0.28270674;0.27360079,-1,confusable_intent,update_database
Confusable,271,Frank's access needs to be fixed -- the system locked them out.,reset_password,reset_password,provision_vm,False,3,0.4427746534347534,0.3995717465877533,provision_vm;create_ticket;reset_password;generate_report;quarantine_system,0.44277465;0.40952575;0.39957175;0.38873881;0.37239173,-1,confusable_intent,quarantine_system
Confusable,272,The system is blocking Grace -- fix their credentials.,reset_password,reset_password,reset_password,True,1,0.3721650540828705,0.3721650540828705,reset_password;scan_malware;provision_vm;quarantine_system;escalate_to_human,0.37216505;0.27304125;0.22096816;0.19748721;0.19672959,-1,confusable_intent,quarantine_system
Confusable,273,Update Diana's login so they can get back in.,reset_password,reset_password,reset_password,True,1,0.4819585978984833,0.4819585978984833,reset_password;provision_vm;process_refund;generate_report;quarantine_system,0.48195860;0.31761283;0.30619675;0.30579409;0.26524025,-1,confusable_intent,update_database
Confusable,274,Grace's access needs to be fixed -- the system locked them out.,reset_password,reset_password,reset_password,True,1,0.39011362195014954,0.39011362195014954,reset_password;provision_vm;scan_malware;update_subscription;process_refund,0.39011362;0.31918344;0.29028240;0.28762341;0.26742470,-1,confusable_intent,quarantine_system
Confusable,275,The system is blocking Bob -- fix their credentials.,reset_password,reset_password,reset_password,True,1,0.3841126561164856,0.3841126561164856,reset_password;scan_malware;provision_vm;quarantine_system;escalate_to_human,0.38411266;0.33148056;0.26664844;0.26275837;0.23898655,-1,confusable_intent,quarantine_system
Confusable,276,Update Grace's login so they can get back in.,reset_password,reset_password,reset_password,True,1,0.4837413430213928,0.4837413430213928,reset_password;update_subscription;provision_vm;process_refund;generate_report,0.48374134;0.28145191;0.24249449;0.20798776;0.18907119,-1,confusable_intent,update_database
Confusable,277,The system is blocking Frank -- fix their credentials.,reset_password,reset_password,reset_password,True,1,0.4292983412742615,0.4292983412742615,reset_password;provision_vm;scan_malware;escalate_to_human;quarantine_system,0.42929834;0.38144872;0.37765315;0.34899759;0.33648491,-1,confusable_intent,quarantine_system
Confusable,278,Diana's access needs to be fixed -- the system locked them out.,reset_password,reset_password,provision_vm,False,2,0.37176963686943054,0.35584813356399536,provision_vm;reset_password;generate_report;process_refund;db_write,0.37176964;0.35584813;0.34632516;0.34452394;0.33351910,-1,confusable_intent,quarantine_system
Confusable,279,Update Bob's login so they can get back in.,reset_password,reset_password,reset_password,True,1,0.46396276354789734,0.46396276354789734,reset_password;provision_vm;process_refund;quarantine_system;update_subscription,0.46396276;0.26573777;0.25669163;0.23580460;0.23487444,-1,confusable_intent,update_database
Confusable,280,The system is blocking Eve -- fix their credentials.,reset_password,reset_password,reset_password,True,1,0.34101447463035583,0.34101447463035583,reset_password;scan_malware;provision_vm;quarantine_system;process_refund,0.34101447;0.31120959;0.25369868;0.24634765;0.22599141,-1,confusable_intent,quarantine_system
Confusable,281,The system is blocking Charlie -- fix their credentials.,reset_password,reset_password,reset_password,True,1,0.37223148345947266,0.37223148345947266,reset_password;scan_malware;quarantine_system;provision_vm;escalate_to_human,0.37223148;0.36969662;0.30546364;0.30384979;0.27893737,-1,confusable_intent,quarantine_system
Confusable,282,The system is blocking Alice -- fix their credentials.,reset_password,reset_password,escalate_to_human,False,2,0.34972959756851196,0.3494063913822174,escalate_to_human;reset_password;provision_vm;scan_malware;create_ticket,0.34972960;0.34940639;0.27875206;0.23692487;0.23452702,-1,confusable_intent,quarantine_system
Confusable,283,The system is blocking Diana -- fix their credentials.,reset_password,reset_password,reset_password,True,1,0.34231269359588623,0.34231269359588623,reset_password;scan_malware;provision_vm;escalate_to_human;quarantine_system,0.34231269;0.30449876;0.29710659;0.27377629;0.26178473,-1,confusable_intent,quarantine_system
Confusable,284,Alice's access needs to be fixed -- the system locked them out.,reset_password,reset_password,reset_password,True,1,0.3830059766769409,0.3830059766769409,reset_password;provision_vm;escalate_to_human;create_ticket;generate_report,0.38300598;0.36368120;0.36054480;0.32589135;0.32367206,-1,confusable_intent,quarantine_system
Confusable,285,Update Alice's login so they can get back in.,reset_password,reset_password,reset_password,True,1,0.4629671573638916,0.4629671573638916,reset_password;escalate_to_human;provision_vm;generate_report;update_subscription,0.46296716;0.31348434;0.29524627;0.26225388;0.26199540,-1,confusable_intent,update_database
Confusable,286,Eve's access needs to be fixed -- the system locked them out.,reset_password,reset_password,reset_password,True,1,0.33449414372444153,0.33449414372444153,reset_password;provision_vm;scan_malware;process_refund;generate_report,0.33449414;0.32722306;0.30723000;0.30625045;0.30532822,-1,confusable_intent,quarantine_system
Confusable,287,Bob's access needs to be fixed -- the system locked them out.,reset_password,reset_password,reset_password,True,1,0.38177961111068726,0.38177961111068726,reset_password;provision_vm;process_refund;quarantine_system;scan_malware,0.38177961;0.33440241;0.32228205;0.31189454;0.30414426,-1,confusable_intent,quarantine_system
Confusable,288,Charlie's access needs to be fixed -- the system locked them out.,reset_password,reset_password,provision_vm,False,2,0.3779962956905365,0.36313533782958984,provision_vm;reset_password;quarantine_system;scan_malware;process_refund,0.37799630;0.36313534;0.35866368;0.35119167;0.34100640,-1,confusable_intent,quarantine_system
Confusable,289,Update Frank's login so they can get back in.,reset_password,reset_password,reset_password,True,1,0.49042633175849915,0.49042633175849915,reset_password;provision_vm;create_ticket;update_subscription;generate_report,0.49042633;0.37634218;0.33780178;0.33707991;0.33330297,-1,confusable_intent,update_database
Confusable,290,Update Eve's login so they can get back in.,reset_password,reset_password,reset_password,True,1,0.4372645616531372,0.4372645616531372,reset_password;provision_vm;process_refund;generate_report;quarantine_system,0.43726456;0.25742441;0.24920526;0.23293771;0.22761339,-1,confusable_intent,update_database
Confusable,291,Diana's access needs to be fixed -- the system locked them out.,reset_password,reset_password,provision_vm,False,2,0.37176963686943054,0.35584813356399536,provision_vm;reset_password;generate_report;process_refund;db_write,0.37176964;0.35584813;0.34632516;0.34452394;0.33351910,-1,confusable_intent,quarantine_system
Confusable,292,Frank's access needs to be fixed -- the system locked them out.,reset_password,reset_password,provision_vm,False,3,0.4427746534347534,0.3995717465877533,provision_vm;create_ticket;reset_password;generate_report;quarantine_system,0.44277465;0.40952575;0.39957175;0.38873881;0.37239173,-1,confusable_intent,quarantine_system
Confusable,293,Eve's access needs to be fixed -- the system locked them out.,reset_password,reset_password,reset_password,True,1,0.33449414372444153,0.33449414372444153,reset_password;provision_vm;scan_malware;process_refund;generate_report,0.33449414;0.32722306;0.30723000;0.30625045;0.30532822,-1,confusable_intent,quarantine_system
Confusable,294,Charlie's access needs to be fixed -- the system locked them out.,reset_password,reset_password,provision_vm,False,2,0.3779962956905365,0.36313533782958984,provision_vm;reset_password;quarantine_system;scan_malware;process_refund,0.37799630;0.36313534;0.35866368;0.35119167;0.34100640,-1,confusable_intent,quarantine_system
Confusable,295,Frank's access needs to be fixed -- the system locked them out.,reset_password,reset_password,provision_vm,False,3,0.4427746534347534,0.3995717465877533,provision_vm;create_ticket;reset_password;generate_report;quarantine_system,0.44277465;0.40952575;0.39957175;0.38873881;0.37239173,-1,confusable_intent,quarantine_system
Confusable,296,The system is blocking Charlie -- fix their credentials.,reset_password,reset_password,reset_password,True,1,0.37223148345947266,0.37223148345947266,reset_password;scan_malware;quarantine_system;provision_vm;escalate_to_human,0.37223148;0.36969662;0.30546364;0.30384979;0.27893737,-1,confusable_intent,quarantine_system
Confusable,297,Bob's access needs to be fixed -- the system locked them out.,reset_password,reset_password,reset_password,True,1,0.38177961111068726,0.38177961111068726,reset_password;provision_vm;process_refund;quarantine_system;scan_malware,0.38177961;0.33440241;0.32228205;0.31189454;0.30414426,-1,confusable_intent,quarantine_system
Confusable,298,Update Alice's login so they can get back in.,reset_password,reset_password,reset_password,True,1,0.4629671573638916,0.4629671573638916,reset_password;escalate_to_human;provision_vm;generate_report;update_subscription,0.46296716;0.31348434;0.29524627;0.26225388;0.26199540,-1,confusable_intent,update_database
Confusable,299,Update Grace's login so they can get back in.,reset_password,reset_password,reset_password,True,1,0.4837413430213928,0.4837413430213928,reset_password;update_subscription;provision_vm;process_refund;generate_report,0.48374134;0.28145191;0.24249449;0.20798776;0.18907119,-1,confusable_intent,update_database
Confusable,300,Bring auth-svc-04 back to life.,restart_service,restart_service,reset_password,False,2,0.3225814700126648,0.2945464849472046,reset_password;restart_service;process_refund;quarantine_system;provision_vm,0.32258147;0.29454648;0.26540083;0.26359126;0.26118737,-1,confusable_intent,provision_vm
Confusable,301,Provision a fresh start for prod-web-01.,restart_service,restart_service,provision_vm,False,9,0.4524727463722229,0.3416774868965149,provision_vm;process_refund;quarantine_system;generate_report;send_notification,0.45247275;0.42377490;0.41740227;0.40398318;0.37847522,-1,confusable_intent,provision_vm
Confusable,302,Provision a fresh start for cdn-edge-06.,restart_service,restart_service,provision_vm,False,5,0.349809855222702,0.29732826352119446,provision_vm;send_notification;process_refund;quarantine_system;restart_service,0.34980986;0.31284362;0.30962384;0.30460289;0.29732826,-1,confusable_intent,provision_vm
Confusable,303,The service on auth-svc-04 is failing -- isolate and reboot.,restart_service,restart_service,restart_service,True,1,0.46149611473083496,0.46149611473083496,restart_service;process_refund;quarantine_system;escalate_to_human;provision_vm,0.46149611;0.24973322;0.20386893;0.18012708;0.17431125,-1,confusable_intent,quarantine_system
Confusable,304,The service on ml-infer-05 is failing -- isolate and reboot.,restart_service,restart_service,restart_service,True,1,0.4591090977191925,0.4591090977191925,restart_service;process_refund;quarantine_system;provision_vm;send_notification,0.45910910;0.30666134;0.26775727;0.24652611;0.21832530,-1,confusable_intent,quarantine_system
Confusable,305,The service on prod-web-01 is failing -- isolate and reboot.,restart_service,restart_service,restart_service,True,1,0.53632652759552,0.53632652759552,restart_service;process_refund;quarantine_system;provision_vm;create_ticket,0.53632653;0.41620630;0.38513499;0.35894924;0.31849906,-1,confusable_intent,quarantine_system
Confusable,306,Bring prod-web-01 back to life.,restart_service,restart_service,provision_vm,False,10,0.44008851051330566,0.32291123270988464,provision_vm;quarantine_system;generate_report;process_refund;scan_malware,0.44008851;0.43749106;0.41845059;0.41262960;0.39708599,-1,confusable_intent,provision_vm
Confusable,307,Bring cdn-edge-06 back to life.,restart_service,restart_service,provision_vm,False,3,0.2710346281528473,0.252522349357605,provision_vm;quarantine_system;restart_service;generate_report;process_refund,0.27103463;0.25531948;0.25252235;0.25147650;0.24687439,-1,confusable_intent,provision_vm
Confusable,308,Provision a fresh start for auth-svc-04.,restart_service,restart_service,reset_password,False,2,0.326123982667923,0.3149922490119934,reset_password;restart_service;process_refund;provision_vm;quarantine_system,0.32612398;0.31499225;0.28170359;0.27291158;0.25687462,-1,confusable_intent,provision_vm
Confusable,309,The service on payment-api-03 is failing -- isolate and reboot.,restart_service,restart_service,restart_service,True,1,0.49357011914253235,0.49357011914253235,restart_service;process_refund;provision_vm;quarantine_system;create_ticket,0.49357012;0.36440367;0.32388240;0.32089701;0.30352068,-1,confusable_intent,quarantine_system
Confusable,310,Bring ml-infer-05 back to life.,restart_service,restart_service,generate_report,False,5,0.2817225754261017,0.26303109526634216,generate_report;provision_vm;quarantine_system;process_refund;restart_service,0.28172258;0.27527046;0.26857066;0.26303601;0.26303110,-1,confusable_intent,provision_vm
Confusable,311,Bring staging-db-02 back to life.,restart_service,restart_service,db_write,False,2,0.3178272843360901,0.3043951988220215,db_write;restart_service;provision_vm;db_read;generate_report,0.31782728;0.30439520;0.24585000;0.24005391;0.23591986,-1,confusable_intent,provision_vm
Confusable,312,Provision a fresh start for ml-infer-05.,restart_service,restart_service,send_notification,False,6,0.3281221389770508,0.3012407422065735,send_notification;provision_vm;process_refund;generate_report;quarantine_system,0.32812214;0.32443261;0.32179168;0.31761792;0.31422377,-1,confusable_intent,provision_vm
Confusable,313,The service on staging-db-02 is failing -- isolate and reboot.,restart_service,restart_service,restart_service,True,1,0.4704780876636505,0.4704780876636505,restart_service;process_refund;db_write;check_status;quarantine_system,0.47047809;0.25032714;0.24762286;0.22423539;0.21275061,-1,confusable_intent,quarantine_system
Confusable,314,Provision a fresh start for payment-api-03.,restart_service,restart_service,provision_vm,False,8,0.36731308698654175,0.29469236731529236,provision_vm;process_refund;quarantine_system;send_notification;update_subscription,0.36731309;0.34654871;0.32193723;0.31239349;0.31012043,-1,confusable_intent,provision_vm
Confusable,315,Bring payment-api-03 back to life.,restart_service,restart_service,provision_vm,False,9,0.36860862374305725,0.27720049023628235,provision_vm;process_refund;quarantine_system;update_subscription;generate_report,0.36860862;0.34282458;0.33273998;0.32310539;0.32044041,-1,confusable_intent,provision_vm
Confusable,316,Provision a fresh start for staging-db-02.,restart_service,restart_service,db_write,False,2,0.4032001197338104,0.32828256487846375,db_write;restart_service;db_read;provision_vm;process_refund,0.40320012;0.32828256;0.32047251;0.27679229;0.26354596,-1,confusable_intent,provision_vm
Confusable,317,The service on cdn-edge-06 is failing -- isolate and reboot.,restart_service,restart_service,restart_service,True,1,0.46104180812835693,0.46104180812835693,restart_service;process_refund;quarantine_system;provision_vm;create_ticket,0.46104181;0.30609417;0.27270237;0.26938072;0.25840381,-1,confusable_intent,quarantine_system
Confusable,318,Bring cdn-edge-06 back to life.,restart_service,restart_service,provision_vm,False,3,0.2710346281528473,0.252522349357605,provision_vm;quarantine_system;restart_service;generate_report;process_refund,0.27103463;0.25531948;0.25252235;0.25147650;0.24687439,-1,confusable_intent,provision_vm
Confusable,319,Bring auth-svc-04 back to life.,restart_service,restart_service,reset_password,False,2,0.3225814700126648,0.2945464849472046,reset_password;restart_service;process_refund;quarantine_system;provision_vm,0.32258147;0.29454648;0.26540083;0.26359126;0.26118737,-1,confusable_intent,provision_vm
Confusable,320,Provision a fresh start for staging-db-02.,restart_service,restart_service,db_write,False,2,0.4032001197338104,0.32828256487846375,db_write;restart_service;db_read;provision_vm;process_refund,0.40320012;0.32828256;0.32047251;0.27679229;0.26354596,-1,confusable_intent,provision_vm
Confusable,321,The service on prod-web-01 is failing -- isolate and reboot.,restart_service,restart_service,restart_service,True,1,0.53632652759552,0.53632652759552,restart_service;process_refund;quarantine_system;provision_vm;create_ticket,0.53632653;0.41620630;0.38513499;0.35894924;0.31849906,-1,confusable_intent,quarantine_system
Confusable,322,Provision a fresh start for ml-infer-05.,restart_service,restart_service,send_notification,False,6,0.3281221389770508,0.3012407422065735,send_notification;provision_vm;process_refund;generate_report;quarantine_system,0.32812214;0.32443261;0.32179168;0.31761792;0.31422377,-1,confusable_intent,provision_vm
Confusable,323,The service on auth-svc-04 is failing -- isolate and reboot.,restart_service,restart_service,restart_service,True,1,0.46149611473083496,0.46149611473083496,restart_service;process_refund;quarantine_system;escalate_to_human;provision_vm,0.46149611;0.24973322;0.20386893;0.18012708;0.17431125,-1,confusable_intent,quarantine_system
Confusable,324,Bring payment-api-03 back to life.,restart_service,restart_service,provision_vm,False,9,0.36860862374305725,0.27720049023628235,provision_vm;process_refund;quarantine_system;update_subscription;generate_report,0.36860862;0.34282458;0.33273998;0.32310539;0.32044041,-1,confusable_intent,provision_vm
Confusable,325,Bring payment-api-03 back to life.,restart_service,restart_service,provision_vm,False,9,0.36860862374305725,0.27720049023628235,provision_vm;process_refund;quarantine_system;update_subscription;generate_report,0.36860862;0.34282458;0.33273998;0.32310539;0.32044041,-1,confusable_intent,provision_vm
Confusable,326,The service on ml-infer-05 is failing -- isolate and reboot.,restart_service,restart_service,restart_service,True,1,0.4591090977191925,0.4591090977191925,restart_service;process_refund;quarantine_system;provision_vm;send_notification,0.45910910;0.30666134;0.26775727;0.24652611;0.21832530,-1,confusable_intent,quarantine_system
Confusable,327,Bring payment-api-03 back to life.,restart_service,restart_service,provision_vm,False,9,0.36860862374305725,0.27720049023628235,provision_vm;process_refund;quarantine_system;update_subscription;generate_report,0.36860862;0.34282458;0.33273998;0.32310539;0.32044041,-1,confusable_intent,provision_vm
Confusable,328,The service on payment-api-03 is failing -- isolate and reboot.,restart_service,restart_service,restart_service,True,1,0.49357011914253235,0.49357011914253235,restart_service;process_refund;provision_vm;quarantine_system;create_ticket,0.49357012;0.36440367;0.32388240;0.32089701;0.30352068,-1,confusable_intent,quarantine_system
Confusable,329,Provision a fresh start for staging-db-02.,restart_service,restart_service,db_write,False,2,0.4032001197338104,0.32828256487846375,db_write;restart_service;db_read;provision_vm;process_refund,0.40320012;0.32828256;0.32047251;0.27679229;0.26354596,-1,confusable_intent,provision_vm
Confusable,330,Check cdn-edge-06 for anything suspicious.,scan_malware,scan_malware,scan_malware,True,1,0.29731905460357666,0.29731905460357666,scan_malware;quarantine_system;send_notification;check_status;escalate_to_human,0.29731905;0.20733468;0.18246156;0.17859918;0.17002237,-1,confusable_intent,check_status
Confusable,331,Check payment-api-03 for anything suspicious.,scan_malware,scan_malware,scan_malware,True,1,0.3107086420059204,0.3107086420059204,scan_malware;quarantine_system;log_audit_event;escalate_to_human;provision_vm,0.31070864;0.27311003;0.25552109;0.23279601;0.22203077,-1,confusable_intent,check_status
Confusable,332,Verify ml-infer-05's security posture.,scan_malware,scan_malware,scan_malware,True,1,0.27881181240081787,0.27881181240081787,scan_malware;send_notification;quarantine_system;log_audit_event;generate_report,0.27881181;0.14746344;0.14314055;0.13179970;0.12446406,-1,confusable_intent,check_status
Confusable,333,Check prod-web-01 for anything suspicious.,scan_malware,scan_malware,scan_malware,True,1,0.4748290479183197,0.4748290479183197,scan_malware;quarantine_system;provision_vm;log_audit_event;generate_report,0.47482905;0.37000802;0.30285242;0.30227745;0.28783947,-1,confusable_intent,check_status
Confusable,334,payment-api-03 looks compromised -- isolate and investigate.,scan_malware,scan_malware,scan_malware,True,1,0.33736127614974976,0.33736127614974976,scan_malware;escalate_to_human;quarantine_system;provision_vm;generate_report,0.33736128;0.26260838;0.23990580;0.22988312;0.20247164,-1,confusable_intent,quarantine_system
Confusable,335,Check auth-svc-04 for anything suspicious.,scan_malware,scan_malware,scan_malware,True,1,0.30323851108551025,0.30323851108551025,scan_malware;reset_password;quarantine_system;log_audit_event;escalate_to_human,0.30323851;0.20572117;0.20293622;0.18613635;0.15625639,-1,confusable_intent,check_status
Confusable,336,staging-db-02 looks compromised -- isolate and investigate.,scan_malware,scan_malware,scan_malware,True,1,0.2543275058269501,0.2543275058269501,scan_malware;db_read;db_write;escalate_to_human;quarantine_system,0.25432751;0.16762227;0.16659850;0.14043833;0.12842491,-1,confusable_intent,quarantine_system
Confusable,337,Check staging-db-02 for anything suspicious.,scan_malware,scan_malware,db_read,False,2,0.2931007742881775,0.27396899461746216,db_read;scan_malware;db_write;quarantine_system;check_status,0.29310077;0.27396899;0.24999133;0.21498390;0.20876980,-1,confusable_intent,check_status
Confusable,338,ml-infer-05 looks compromised -- isolate and investigate.,scan_malware,scan_malware,scan_malware,True,1,0.28469550609588623,0.28469550609588623,scan_malware;generate_report;quarantine_system;send_notification;provision_vm,0.28469551;0.16212519;0.15702704;0.15608129;0.14816342,-1,confusable_intent,quarantine_system
Confusable,339,Verify payment-api-03's security posture.,scan_malware,scan_malware,scan_malware,True,1,0.2260572761297226,0.2260572761297226,scan_malware;escalate_to_human;quarantine_system;log_audit_event;create_ticket,0.22605728;0.15751882;0.14023849;0.12947200;0.11029308,-1,confusable_intent,check_status
Confusable,340,prod-web-01 looks compromised -- isolate and investigate.,scan_malware,scan_malware,scan_malware,True,1,0.46780145168304443,0.46780145168304443,scan_malware;quarantine_system;provision_vm;escalate_to_human;generate_report,0.46780145;0.34079996;0.31807178;0.30209976;0.29837793,-1,confusable_intent,quarantine_system
Confusable,341,Verify auth-svc-04's security posture.,scan_malware,scan_malware,scan_malware,True,1,0.17561028897762299,0.17561028897762299,scan_malware;reset_password;escalate_to_human;log_audit_event;quarantine_system,0.17561029;0.12049487;0.08802103;0.08429327;0.08001637,-1,confusable_intent,check_status
Confusable,342,Check ml-infer-05 for anything suspicious.,scan_malware,scan_malware,scan_malware,True,1,0.32595542073249817,0.32595542073249817,scan_malware;quarantine_system;log_audit_event;check_status;send_notification,0.32595542;0.23767689;0.20677324;0.19443613;0.18628919,-1,confusable_intent,check_status
Confusable,343,Verify prod-web-01's security posture.,scan_malware,scan_malware,scan_malware,True,1,0.4180755317211151,0.4180755317211151,scan_malware;quarantine_system;provision_vm;log_audit_event;generate_report,0.41807553;0.31142601;0.26718250;0.26024446;0.26014623,-1,confusable_intent,check_status
Confusable,344,Verify staging-db-02's security posture.,scan_malware,scan_malware,scan_malware,True,1,0.19814105331897736,0.19814105331897736,scan_malware;db_read;db_write;check_status;quarantine_system,0.19814105;0.17092991;0.13675770;0.08952816;0.07505365,-1,confusable_intent,check_status
Confusable,345,cdn-edge-06 looks compromised -- isolate and investigate.,scan_malware,scan_malware,scan_malware,True,1,0.2912695109844208,0.2912695109844208,scan_malware;provision_vm;quarantine_system;escalate_to_human;generate_report,0.29126951;0.18378185;0.18330187;0.18068677;0.15290488,-1,confusable_intent,quarantine_system
Confusable,346,auth-svc-04 looks compromised -- isolate and investigate.,scan_malware,scan_malware,scan_malware,True,1,0.3154618740081787,0.3154618740081787,scan_malware;reset_password;escalate_to_human;quarantine_system;provision_vm,0.31546187;0.24726386;0.18589455;0.17809248;0.14927360,-1,confusable_intent,quarantine_system
Confusable,347,Verify cdn-edge-06's security posture.,scan_malware,scan_malware,scan_malware,True,1,0.23282910883426666,0.23282910883426666,scan_malware;quarantine_system;send_notification;check_status;provision_vm,0.23282911;0.12431388;0.11937281;0.11169583;0.10408237,-1,confusable_intent,check_status
Confusable,348,Check staging-db-02 for anything suspicious.,scan_malware,scan_malware,db_read,False,2,0.2931007742881775,0.27396899461746216,db_read;scan_malware;db_write;quarantine_system;check_status,0.29310077;0.27396899;0.24999133;0.21498390;0.20876980,-1,confusable_intent,check_status
Confusable,349,auth-svc-04 looks compromised -- isolate and investigate.,scan_malware,scan_malware,scan_malware,True,1,0.3154618740081787,0.3154618740081787,scan_malware;reset_password;escalate_to_human;quarantine_system;provision_vm,0.31546187;0.24726386;0.18589455;0.17809248;0.14927360,-1,confusable_intent,quarantine_system
Confusable,350,Verify staging-db-02's security posture.,scan_malware,scan_malware,scan_malware,True,1,0.19814105331897736,0.19814105331897736,scan_malware;db_read;db_write;check_status;quarantine_system,0.19814105;0.17092991;0.13675770;0.08952816;0.07505365,-1,confusable_intent,check_status
Confusable,351,Verify payment-api-03's security posture.,scan_malware,scan_malware,scan_malware,True,1,0.2260572761297226,0.2260572761297226,scan_malware;escalate_to_human;quarantine_system;log_audit_event;create_ticket,0.22605728;0.15751882;0.14023849;0.12947200;0.11029308,-1,confusable_intent,check_status
Confusable,352,Verify ml-infer-05's security posture.,scan_malware,scan_malware,scan_malware,True,1,0.27881181240081787,0.27881181240081787,scan_malware;send_notification;quarantine_system;log_audit_event;generate_report,0.27881181;0.14746344;0.14314055;0.13179970;0.12446406,-1,confusable_intent,check_status
Confusable,353,Verify ml-infer-05's security posture.,scan_malware,scan_malware,scan_malware,True,1,0.27881181240081787,0.27881181240081787,scan_malware;send_notification;quarantine_system;log_audit_event;generate_report,0.27881181;0.14746344;0.14314055;0.13179970;0.12446406,-1,confusable_intent,check_status
Confusable,354,Verify payment-api-03's security posture.,scan_malware,scan_malware,scan_malware,True,1,0.2260572761297226,0.2260572761297226,scan_malware;escalate_to_human;quarantine_system;log_audit_event;create_ticket,0.22605728;0.15751882;0.14023849;0.12947200;0.11029308,-1,confusable_intent,check_status
Confusable,355,Check staging-db-02 for anything suspicious.,scan_malware,scan_malware,db_read,False,2,0.2931007742881775,0.27396899461746216,db_read;scan_malware;db_write;quarantine_system;check_status,0.29310077;0.27396899;0.24999133;0.21498390;0.20876980,-1,confusable_intent,check_status
Confusable,356,ml-infer-05 looks compromised -- isolate and investigate.,scan_malware,scan_malware,scan_malware,True,1,0.28469550609588623,0.28469550609588623,scan_malware;generate_report;quarantine_system;send_notification;provision_vm,0.28469551;0.16212519;0.15702704;0.15608129;0.14816342,-1,confusable_intent,quarantine_system
Confusable,357,cdn-edge-06 looks compromised -- isolate and investigate.,scan_malware,scan_malware,scan_malware,True,1,0.2912695109844208,0.2912695109844208,scan_malware;provision_vm;quarantine_system;escalate_to_human;generate_report,0.29126951;0.18378185;0.18330187;0.18068677;0.15290488,-1,confusable_intent,quarantine_system
Confusable,358,prod-web-01 looks compromised -- isolate and investigate.,scan_malware,scan_malware,scan_malware,True,1,0.46780145168304443,0.46780145168304443,scan_malware;quarantine_system;provision_vm;escalate_to_human;generate_report,0.46780145;0.34079996;0.31807178;0.30209976;0.29837793,-1,confusable_intent,quarantine_system
Confusable,359,Verify prod-web-01's security posture.,scan_malware,scan_malware,scan_malware,True,1,0.4180755317211151,0.4180755317211151,scan_malware;quarantine_system;provision_vm;log_audit_event;generate_report,0.41807553;0.31142601;0.26718250;0.26024446;0.26014623,-1,confusable_intent,check_status
Confusable,360,Create an alert for HR about the maintenance.,send_notification,send_notification,send_notification,True,1,0.3012785017490387,0.3012785017490387,send_notification;check_status;log_audit_event;quarantine_system;process_refund,0.30127850;0.29753023;0.29664710;0.28641909;0.27315217,-1,confusable_intent,create_ticket
Confusable,361,Make sure Grace gets the update -- reach out to them.,send_notification,send_notification,provision_vm,False,4,0.3171578645706177,0.30505451560020447,provision_vm;update_subscription;escalate_to_human;send_notification;quarantine_system,0.31715786;0.30922604;0.30620855;0.30505452;0.27446070,-1,confusable_intent,escalate_to_human
Confusable,362,Create an alert for Marketing about the maintenance.,send_notification,send_notification,send_notification,True,1,0.283845990896225,0.283845990896225,send_notification;check_status;quarantine_system;process_refund;log_audit_event,0.28384599;0.27320942;0.26874921;0.26055610;0.24130502,-1,confusable_intent,create_ticket
Confusable,363,Escalate this message to Grace right away.,send_notification,send_notification,escalate_to_human,False,2,0.3477058410644531,0.25951385498046875,escalate_to_human;send_notification;update_subscription;quarantine_system;provision_vm,0.34770584;0.25951385;0.24487361;0.23329301;0.23195882,-1,confusable_intent,escalate_to_human
Confusable,364,Make sure Frank gets the update -- reach out to them.,send_notification,send_notification,provision_vm,False,2,0.48094579577445984,0.4718896150588989,provision_vm;send_notification;escalate_to_human;create_ticket;generate_report,0.48094580;0.47188962;0.45219776;0.44446504;0.42769665,-1,confusable_intent,escalate_to_human
Confusable,365,Escalate this message to Frank right away.,send_notification,send_notification,escalate_to_human,False,2,0.4846000373363495,0.3915826380252838,escalate_to_human;send_notification;provision_vm;quarantine_system;generate_report,0.48460004;0.39158264;0.36236924;0.33182195;0.32485753,-1,confusable_intent,escalate_to_human
Confusable,366,Create an alert for Legal about the maintenance.,send_notification,send_notification,send_notification,True,1,0.28142914175987244,0.28142914175987244,send_notification;create_ticket;escalate_to_human;log_audit_event;quarantine_system,0.28142914;0.27311859;0.26930109;0.23996286;0.23243156,-1,confusable_intent,create_ticket
Confusable,367,Make sure Alice gets the update -- reach out to them.,send_notification,send_notification,escalate_to_human,False,3,0.501220166683197,0.3851947784423828,escalate_to_human;provision_vm;send_notification;create_ticket;generate_report,0.50122017;0.39374113;0.38519478;0.35723889;0.35276693,-1,confusable_intent,escalate_to_human
Confusable,368,Escalate this message to Bob right away.,send_notification,send_notification,escalate_to_human,False,2,0.4032764136791229,0.2966266870498657,escalate_to_human;send_notification;quarantine_system;provision_vm;create_ticket,0.40327641;0.29662669;0.28255031;0.26360837;0.24121998,-1,confusable_intent,escalate_to_human
Confusable,369,Make sure Charlie gets the update -- reach out to them.,send_notification,send_notification,provision_vm,False,2,0.42915013432502747,0.41424301266670227,provision_vm;send_notification;quarantine_system;escalate_to_human;create_ticket,0.42915013;0.41424301;0.41337347;0.40203783;0.38583019,-1,confusable_intent,escalate_to_human
Confusable,370,Escalate this message to Eve right away.,send_notification,send_notification,escalate_to_human,False,2,0.411643385887146,0.2916450798511505,escalate_to_human;send_notification;quarantine_system;provision_vm;generate_report,0.41164339;0.29164508;0.25782651;0.24890845;0.22792745,-1,confusable_intent,escalate_to_human
Confusable,371,Create an alert for Engineering about the maintenance.,send_notification,send_notification,quarantine_system,False,2,0.35042786598205566,0.33090081810951233,quarantine_system;send_notification;log_audit_event;process_refund;generate_report,0.35042787;0.33090082;0.32117146;0.31732991;0.30362862,-1,confusable_intent,create_ticket
Confusable,372,Escalate this message to Charlie right away.,send_notification,send_notification,escalate_to_human,False,2,0.431032657623291,0.33561381697654724,escalate_to_human;send_notification;quarantine_system;provision_vm;generate_report,0.43103266;0.33561382;0.32279685;0.30725721;0.27481866,-1,confusable_intent,escalate_to_human
Confusable,373,Create an alert for Finance about the maintenance.,send_notification,send_notification,send_notification,True,1,0.30046066641807556,0.30046066641807556,send_notification;log_audit_event;generate_report;check_status;create_ticket,0.30046067;0.28941911;0.28584677;0.28383178;0.27996829,-1,confusable_intent,create_ticket
Confusable,374,Make sure Bob gets the update -- reach out to them.,send_notification,send_notification,provision_vm,False,2,0.38458842039108276,0.38102391362190247,provision_vm;send_notification;escalate_to_human;quarantine_system;create_ticket,0.38458842;0.38102391;0.37031174;0.36737949;0.35490486,-1,confusable_intent,escalate_to_human
Confusable,375,Escalate this message to Diana right away.,send_notification,send_notification,escalate_to_human,False,2,0.45838895440101624,0.3293151557445526,escalate_to_human;send_notification;provision_vm;quarantine_system;generate_report,0.45838895;0.32931516;0.30483395;0.29786181;0.29173669,-1,confusable_intent,escalate_to_human
Confusable,376,Make sure Eve gets the update -- reach out to them.,send_notification,send_notification,escalate_to_human,False,2,0.3489850163459778,0.34799253940582275,escalate_to_human;send_notification;provision_vm;quarantine_system;generate_report,0.34898502;0.34799254;0.33813334;0.33099484;0.31219620,-1,confusable_intent,escalate_to_human
Confusable,377,Escalate this message to Alice right away.,send_notification,send_notification,escalate_to_human,False,2,0.5049501061439514,0.30696842074394226,escalate_to_human;send_notification;provision_vm;create_ticket;generate_report,0.50495011;0.30696842;0.28855196;0.25704163;0.25593182,-1,confusable_intent,escalate_to_human
Confusable,378,Make sure Diana gets the update -- reach out to them.,send_notification,send_notification,escalate_to_human,False,3,0.42551448941230774,0.4086035490036011,escalate_to_human;provision_vm;send_notification;generate_report;quarantine_system,0.42551449;0.42384657;0.40860355;0.40180495;0.38576144,-1,confusable_intent,escalate_to_human
Confusable,379,Create an alert for Legal about the maintenance.,send_notification,send_notification,send_notification,True,1,0.28142914175987244,0.28142914175987244,send_notification;create_ticket;escalate_to_human;log_audit_event;quarantine_system,0.28142914;0.27311859;0.26930109;0.23996286;0.23243156,-1,confusable_intent,create_ticket
Confusable,380,Create an alert for Engineering about the maintenance.,send_notification,send_notification,quarantine_system,False,2,0.35042786598205566,0.33090081810951233,quarantine_system;send_notification;log_audit_event;process_refund;generate_report,0.35042787;0.33090082;0.32117146;0.31732991;0.30362862,-1,confusable_intent,create_ticket
Confusable,381,Create an alert for Finance about the maintenance.,send_notification,send_notification,send_notification,True,1,0.30046066641807556,0.30046066641807556,send_notification;log_audit_event;generate_report;check_status;create_ticket,0.30046067;0.28941911;0.28584677;0.28383178;0.27996829,-1,confusable_intent,create_ticket
Confusable,382,Make sure Bob gets the update -- reach out to them.,send_notification,send_notification,provision_vm,False,2,0.38458842039108276,0.38102391362190247,provision_vm;send_notification;escalate_to_human;quarantine_system;create_ticket,0.38458842;0.38102391;0.37031174;0.36737949;0.35490486,-1,confusable_intent,escalate_to_human
Confusable,383,Escalate this message to Bob right away.,send_notification,send_notification,escalate_to_human,False,2,0.4032764136791229,0.2966266870498657,escalate_to_human;send_notification;quarantine_system;provision_vm;create_ticket,0.40327641;0.29662669;0.28255031;0.26360837;0.24121998,-1,confusable_intent,escalate_to_human
Confusable,384,Create an alert for HR about the maintenance.,send_notification,send_notification,send_notification,True,1,0.3012785017490387,0.3012785017490387,send_notification;check_status;log_audit_event;quarantine_system;process_refund,0.30127850;0.29753032;0.29664710;0.28641903;0.27315223,-1,confusable_intent,create_ticket
Confusable,385,Escalate this message to Bob right away.,send_notification,send_notification,escalate_to_human,False,2,0.40327632427215576,0.2966265380382538,escalate_to_human;send_notification;quarantine_system;provision_vm;create_ticket,0.40327632;0.29662654;0.28255019;0.26360825;0.24121994,-1,confusable_intent,escalate_to_human
Confusable,386,Create an alert for Marketing about the maintenance.,send_notification,send_notification,send_notification,True,1,0.2838459610939026,0.2838459610939026,send_notification;check_status;quarantine_system;process_refund;log_audit_event,0.28384596;0.27320954;0.26874924;0.26055619;0.24130504,-1,confusable_intent,create_ticket
Confusable,387,Create an alert for Legal about the maintenance.,send_notification,send_notification,send_notification,True,1,0.28142914175987244,0.28142914175987244,send_notification;create_ticket;escalate_to_human;log_audit_event;quarantine_system,0.28142914;0.27311856;0.26930112;0.23996295;0.23243158,-1,confusable_intent,create_ticket
Confusable,388,Create an alert for Engineering about the maintenance.,send_notification,send_notification,quarantine_system,False,2,0.35042789578437805,0.33090096712112427,quarantine_system;send_notification;log_audit_event;process_refund;generate_report,0.35042790;0.33090097;0.32117152;0.31733000;0.30362856,-1,confusable_intent,create_ticket
Confusable,389,Escalate this message to Charlie right away.,send_notification,send_notification,escalate_to_human,False,2,0.43103262782096863,0.3356139063835144,escalate_to_human;send_notification;quarantine_system;provision_vm;generate_report,0.43103263;0.33561391;0.32279688;0.30725729;0.27481866,-1,confusable_intent,escalate_to_human
Confusable,390,Reset the outdated values for Grace in the system.,update_database,db_write,restart_service,False,4,0.323397159576416,0.24202382564544678,restart_service;provision_vm;update_subscription;db_write;process_refund,0.32339716;0.28652796;0.28240997;0.24202383;0.24170369,-1,confusable_intent,reset_password
Confusable,391,Log the corrected entry for Frank.,update_database,db_write,create_ticket,False,3,0.4615934193134308,0.4373536705970764,create_ticket;generate_report;db_write;provision_vm;escalate_to_human,0.46159342;0.46122301;0.43735367;0.43462473;0.42330542,-1,confusable_intent,log_audit_event
Confusable,392,Log the corrected entry for Eve.,update_database,db_write,db_write,True,1,0.38527989387512207,0.38527989387512207,db_write;log_audit_event;generate_report;provision_vm;escalate_to_human,0.38527989;0.34436864;0.34362584;0.29788473;0.29377803,-1,confusable_intent,log_audit_event
Confusable,393,Record the new address for Alice in the system.,update_database,db_write,escalate_to_human,False,3,0.3995116651058197,0.3301871716976166,escalate_to_human;provision_vm;db_write;send_notification;generate_report,0.39951167;0.33043924;0.33018717;0.29666007;0.28833902,-1,confusable_intent,log_audit_event
Confusable,394,Reset the outdated values for Diana in the system.,update_database,db_write,db_write,True,1,0.4055567979812622,0.4055567979812622,db_write;restart_service;provision_vm;process_refund;quarantine_system,0.40555680;0.36797610;0.36469558;0.31182030;0.30357760,-1,confusable_intent,reset_password
Confusable,395,Log the corrected entry for Grace.,update_database,db_write,log_audit_event,False,5,0.3328528106212616,0.28887030482292175,log_audit_event;reset_password;generate_report;create_ticket;db_write,0.33285281;0.32596248;0.31319925;0.30528677;0.28887030,-1,confusable_intent,log_audit_event
Confusable,396,Reset the outdated values for Charlie in the system.,update_database,db_write,provision_vm,False,4,0.3890795409679413,0.3509804904460907,provision_vm;restart_service;quarantine_system;db_write;process_refund,0.38907954;0.38513672;0.36244908;0.35098049;0.33501276,-1,confusable_intent,reset_password
Confusable,397,Record the new address for Eve in the system.,update_database,db_write,db_write,True,1,0.3875197172164917,0.3875197172164917,db_write;provision_vm;quarantine_system;generate_report;send_notification,0.38751972;0.32076794;0.30462611;0.29506743;0.28400588,-1,confusable_intent,log_audit_event
Confusable,398,Log the corrected entry for Bob.,update_database,db_write,escalate_to_human,False,6,0.3562922477722168,0.29098498821258545,escalate_to_human;generate_report;create_ticket;log_audit_event;provision_vm,0.35629225;0.34375602;0.33796650;0.33045837;0.30481520,-1,confusable_intent,log_audit_event
Confusable,399,Record the new address for Charlie in the system.,update_database,db_write,provision_vm,False,3,0.37881043553352356,0.3440228998661041,provision_vm;quarantine_system;db_write;send_notification;escalate_to_human,0.37881044;0.37775254;0.34402290;0.34312016;0.34205607,-1,confusable_intent,log_audit_event
Confusable,400,Record the new address for Bob in the system.,update_database,db_write,provision_vm,False,7,0.3204224407672882,0.2723310589790344,provision_vm;quarantine_system;escalate_to_human;send_notification;restart_service,0.32042244;0.31144014;0.30609620;0.30387011;0.28391060,-1,confusable_intent,log_audit_event
Confusable,401,Log the corrected entry for Diana.,update_database,db_write,db_write,True,1,0.43050068616867065,0.43050068616867065,db_write;generate_report;db_read;escalate_to_human;log_audit_event,0.43050069;0.39915109;0.36806157;0.35938892;0.35719875,-1,confusable_intent,log_audit_event
Confusable,402,Log the corrected entry for Alice.,update_database,db_write,escalate_to_human,False,4,0.41779398918151855,0.3018704950809479,escalate_to_human;generate_report;create_ticket;db_write;log_audit_event,0.41779399;0.31919116;0.31322545;0.30187050;0.29406404,-1,confusable_intent,log_audit_event
Confusable,403,Reset the outdated values for Bob in the system.,update_database,db_write,restart_service,False,5,0.3720388114452362,0.2778521180152893,restart_service;provision_vm;process_refund;quarantine_system;db_write,0.37203881;0.34174290;0.29868719;0.29409564;0.27785212,-1,confusable_intent,reset_password
Confusable,404,Record the new address for Frank in the system.,update_database,db_write,provision_vm,False,3,0.43898460268974304,0.4031663239002228,provision_vm;send_notification;db_write;escalate_to_human;quarantine_system,0.43898460;0.40596944;0.40316632;0.39482135;0.38985917,-1,confusable_intent,log_audit_event
Confusable,405,Reset the outdated values for Eve in the system.,update_database,db_write,db_write,True,1,0.3553185760974884,0.3553185760974884,db_write;provision_vm;restart_service;quarantine_system;process_refund,0.35531858;0.31494936;0.30467194;0.26826355;0.26091775,-1,confusable_intent,reset_password
Confusable,406,Reset the outdated values for Alice in the system.,update_database,db_write,provision_vm,False,3,0.30352792143821716,0.2900301516056061,provision_vm;escalate_to_human;db_write;update_subscription;restart_service,0.30352792;0.29237890;0.29003015;0.26919892;0.26890430,-1,confusable_intent,reset_password
Confusable,407,Record the new address for Grace in the system.,update_database,db_write,provision_vm,False,3,0.3347521722316742,0.30978983640670776,provision_vm;update_subscription;db_write;restart_service;quarantine_system,0.33475217;0.31108624;0.30978984;0.30532563;0.30423033,-1,confusable_intent,log_audit_event
Confusable,408,Log the corrected entry for Charlie.,update_database,db_write,generate_report,False,4,0.4111495316028595,0.38137462735176086,generate_report;escalate_to_human;create_ticket;db_write;log_audit_event,0.41114953;0.38744149;0.38503605;0.38137463;0.37562561,-1,confusable_intent,log_audit_event
Confusable,409,Reset the outdated values for Frank in the system.,update_database,db_write,provision_vm,False,3,0.44566693902015686,0.3967064619064331,provision_vm;restart_service;db_write;update_subscription;quarantine_system,0.44566694;0.40502426;0.39670646;0.36913148;0.36566311,-1,confusable_intent,reset_password
Confusable,410,Record the new address for Diana in the system.,update_database,db_write,db_write,True,1,0.42185086011886597,0.42185086011886597,db_write;provision_vm;db_read;generate_report;quarantine_system,0.42185086;0.36867177;0.36148089;0.34443867;0.33928779,-1,confusable_intent,log_audit_event
Confusable,411,Reset the outdated values for Alice in the system.,update_database,db_write,provision_vm,False,3,0.30352792143821716,0.2900301516056061,provision_vm;escalate_to_human;db_write;update_subscription;restart_service,0.30352792;0.29237890;0.29003015;0.26919892;0.26890430,-1,confusable_intent,reset_password
Confusable,412,Reset the outdated values for Grace in the system.,update_database,db_write,restart_service,False,4,0.323397159576416,0.24202382564544678,restart_service;provision_vm;update_subscription;db_write;process_refund,0.32339716;0.28652796;0.28240997;0.24202383;0.24170369,-1,confusable_intent,reset_password
Confusable,413,Log the corrected entry for Charlie.,update_database,db_write,generate_report,False,4,0.4111495316028595,0.38137462735176086,generate_report;escalate_to_human;create_ticket;db_write;log_audit_event,0.41114953;0.38744149;0.38503605;0.38137463;0.37562561,-1,confusable_intent,log_audit_event
Confusable,414,Reset the outdated values for Frank in the system.,update_database,db_write,provision_vm,False,3,0.44566693902015686,0.3967064619064331,provision_vm;restart_service;db_write;update_subscription;quarantine_system,0.44566694;0.40502426;0.39670646;0.36913148;0.36566311,-1,confusable_intent,reset_password
Confusable,415,Reset the outdated values for Grace in the system.,update_database,db_write,restart_service,False,4,0.323397159576416,0.24202382564544678,restart_service;provision_vm;update_subscription;db_write;process_refund,0.32339716;0.28652796;0.28240997;0.24202383;0.24170369,-1,confusable_intent,reset_password
Confusable,416,Record the new address for Frank in the system.,update_database,db_write,provision_vm,False,3,0.43898460268974304,0.4031663239002228,provision_vm;send_notification;db_write;escalate_to_human;quarantine_system,0.43898460;0.40596944;0.40316632;0.39482135;0.38985917,-1,confusable_intent,log_audit_event
Confusable,417,Record the new address for Diana in the system.,update_database,db_write,db_write,True,1,0.42185086011886597,0.42185086011886597,db_write;provision_vm;db_read;generate_report;quarantine_system,0.42185086;0.36867177;0.36148089;0.34443867;0.33928779,-1,confusable_intent,log_audit_event
Confusable,418,Reset the outdated values for Bob in the system.,update_database,db_write,restart_service,False,5,0.3720388114452362,0.2778521180152893,restart_service;provision_vm;process_refund;quarantine_system;db_write,0.37203881;0.34174290;0.29868719;0.29409564;0.27785212,-1,confusable_intent,reset_password
Confusable,419,Record the new address for Bob in the system.,update_database,db_write,provision_vm,False,7,0.3204224407672882,0.2723310589790344,provision_vm;quarantine_system;escalate_to_human;send_notification;restart_service,0.32042244;0.31144014;0.30609620;0.30387011;0.28391060,-1,confusable_intent,log_audit_event
Confusable,420,Update Grace's account to a lower tier.,update_subscription,update_subscription,update_subscription,True,1,0.4177194833755493,0.4177194833755493,update_subscription;reset_password;provision_vm;generate_report;send_notification,0.41771948;0.27754611;0.24183644;0.20305800;0.19525066,-1,confusable_intent,update_database
Confusable,421,Process Eve's request to switch plans.,update_subscription,update_subscription,update_subscription,True,1,0.3481047451496124,0.3481047451496124,update_subscription;provision_vm;generate_report;send_notification;quarantine_system,0.34810475;0.28429270;0.26492715;0.25413424;0.23750332,-1,confusable_intent,process_refund
Confusable,422,Refund the difference after the plan change for Diana.,update_subscription,update_subscription,update_subscription,True,1,0.3121893107891083,0.3121893107891083,update_subscription;provision_vm;create_ticket;restart_service;process_refund,0.31218931;0.28723699;0.27592155;0.25950310;0.24954869,-1,confusable_intent,process_refund
Confusable,423,Refund the difference after the plan change for Eve.,update_subscription,update_subscription,update_subscription,True,1,0.32523971796035767,0.32523971796035767,update_subscription;provision_vm;restart_service;db_write;generate_report,0.32523972;0.25157395;0.23022157;0.22819912;0.22027896,-1,confusable_intent,process_refund
Confusable,424,Refund the difference after the plan change for Frank.,update_subscription,update_subscription,update_subscription,True,1,0.4178447425365448,0.4178447425365448,update_subscription;provision_vm;create_ticket;generate_report;process_refund,0.41784474;0.35504010;0.35062838;0.29003620;0.28076938,-1,confusable_intent,process_refund
Confusable,425,Process Alice's request to switch plans.,update_subscription,update_subscription,update_subscription,True,1,0.32557761669158936,0.32557761669158936,update_subscription;escalate_to_human;provision_vm;create_ticket;generate_report,0.32557762;0.25813711;0.23250774;0.22880438;0.19554517,-1,confusable_intent,process_refund
Confusable,426,Refund the difference after the plan change for Charlie.,update_subscription,update_subscription,update_subscription,True,1,0.3603699505329132,0.3603699505329132,update_subscription;provision_vm;create_ticket;process_refund;generate_report,0.36036995;0.31237727;0.30129284;0.27014732;0.26330927,-1,confusable_intent,process_refund
Confusable,427,Update Charlie's account to a lower tier.,update_subscription,update_subscription,update_subscription,True,1,0.39700058102607727,0.39700058102607727,update_subscription;provision_vm;generate_report;send_notification;quarantine_system,0.39700058;0.31428957;0.28867403;0.28257501;0.26697183,-1,confusable_intent,update_database
Confusable,428,Process Bob's request to switch plans.,update_subscription,update_subscription,update_subscription,True,1,0.3081507980823517,0.3081507980823517,update_subscription;create_ticket;provision_vm;send_notification;process_refund,0.30815080;0.23637185;0.22978379;0.20690373;0.19827835,-1,confusable_intent,process_refund
Confusable,429,Update Bob's account to a lower tier.,update_subscription,update_subscription,update_subscription,True,1,0.34478747844696045,0.34478747844696045,update_subscription;provision_vm;reset_password;send_notification;generate_report,0.34478748;0.24706614;0.21788830;0.21584415;0.21528496,-1,confusable_intent,update_database
Confusable,430,Update Frank's account to a lower tier.,update_subscription,update_subscription,update_subscription,True,1,0.44359028339385986,0.44359028339385986,update_subscription;provision_vm;send_notification;generate_report;create_ticket,0.44359028;0.35837221;0.32962430;0.32686031;0.31479257,-1,confusable_intent,update_database
Confusable,431,Refund the difference after the plan change for Grace.,update_subscription,update_subscription,update_subscription,True,1,0.35810407996177673,0.35810407996177673,update_subscription;provision_vm;create_ticket;restart_service;process_refund,0.35810408;0.24307714;0.23727460;0.20968990;0.19566026,-1,confusable_intent,process_refund
Confusable,432,Process Frank's request to switch plans.,update_subscription,update_subscription,update_subscription,True,1,0.4211864769458771,0.4211864769458771,update_subscription;create_ticket;provision_vm;send_notification;generate_report,0.42118648;0.36919093;0.36624771;0.32816443;0.32254869,-1,confusable_intent,process_refund
Confusable,433,Refund the difference after the plan change for Alice.,update_subscription,update_subscription,update_subscription,True,1,0.3387187123298645,0.3387187123298645,update_subscription;create_ticket;provision_vm;escalate_to_human;generate_report,0.33871871;0.27442941;0.27155545;0.26701882;0.21994554,-1,confusable_intent,process_refund
Confusable,434,Update Alice's account to a lower tier.,update_subscription,update_subscription,update_subscription,True,1,0.36819973587989807,0.36819973587989807,update_subscription;escalate_to_human;provision_vm;generate_report;send_notification,0.36819974;0.30862778;0.26295286;0.24093910;0.23213577,-1,confusable_intent,update_database
Confusable,435,Update Eve's account to a lower tier.,update_subscription,update_subscription,update_subscription,True,1,0.3660925328731537,0.3660925328731537,update_subscription;provision_vm;generate_report;send_notification;escalate_to_human,0.36609253;0.27056575;0.25908804;0.24390879;0.22598404,-1,confusable_intent,update_database
Confusable,436,Process Diana's request to switch plans.,update_subscription,update_subscription,update_subscription,True,1,0.3405044376850128,0.3405044376850128,update_subscription;provision_vm;generate_report;create_ticket;send_notification,0.34050444;0.33015564;0.30979824;0.30360520;0.28690854,-1,confusable_intent,process_refund
Confusable,437,Process Grace's request to switch plans.,update_subscription,update_subscription,update_subscription,True,1,0.412665456533432,0.412665456533432,update_subscription;provision_vm;create_ticket;generate_report;send_notification,0.41266546;0.29236862;0.26178646;0.24777059;0.24558558,-1,confusable_intent,process_refund
Confusable,438,Process Charlie's request to switch plans.,update_subscription,update_subscription,update_subscription,True,1,0.35160312056541443,0.35160312056541443,update_subscription;provision_vm;create_ticket;generate_report;send_notification,0.35160312;0.30405888;0.29702717;0.27206889;0.27081826,-1,confusable_intent,process_refund
Confusable,439,Refund the difference after the plan change for Bob.,update_subscription,update_subscription,update_subscription,True,1,0.3088360130786896,0.3088360130786896,update_subscription;create_ticket;provision_vm;restart_service;process_refund,0.30883601;0.26659858;0.25456074;0.23588260;0.22607471,-1,confusable_intent,process_refund
Confusable,440,Update Diana's account to a lower tier.,update_subscription,update_subscription,update_subscription,True,1,0.3694545328617096,0.3694545328617096,update_subscription;generate_report;provision_vm;escalate_to_human;send_notification,0.36945453;0.29879403;0.29858345;0.26697096;0.26324993,-1,confusable_intent,update_database
Confusable,441,Update Alice's account to a lower tier.,update_subscription,update_subscription,update_subscription,True,1,0.36819973587989807,0.36819973587989807,update_subscription;escalate_to_human;provision_vm;generate_report;send_notification,0.36819974;0.30862778;0.26295286;0.24093910;0.23213577,-1,confusable_intent,update_database
Confusable,442,Update Alice's account to a lower tier.,update_subscription,update_subscription,update_subscription,True,1,0.36819973587989807,0.36819973587989807,update_subscription;escalate_to_human;provision_vm;generate_report;send_notification,0.36819974;0.30862778;0.26295286;0.24093910;0.23213577,-1,confusable_intent,update_database
Confusable,443,Update Diana's account to a lower tier.,update_subscription,update_subscription,update_subscription,True,1,0.3694545328617096,0.3694545328617096,update_subscription;generate_report;provision_vm;escalate_to_human;send_notification,0.36945453;0.29879403;0.29858345;0.26697096;0.26324993,-1,confusable_intent,update_database
Confusable,444,Process Charlie's request to switch plans.,update_subscription,update_subscription,update_subscription,True,1,0.35160312056541443,0.35160312056541443,update_subscription;provision_vm;create_ticket;generate_report;send_notification,0.35160312;0.30405888;0.29702717;0.27206889;0.27081826,-1,confusable_intent,process_refund
Confusable,445,Process Alice's request to switch plans.,update_subscription,update_subscription,update_subscription,True,1,0.32557761669158936,0.32557761669158936,update_subscription;escalate_to_human;provision_vm;create_ticket;generate_report,0.32557762;0.25813711;0.23250774;0.22880438;0.19554517,-1,confusable_intent,process_refund
Confusable,446,Process Bob's request to switch plans.,update_subscription,update_subscription,update_subscription,True,1,0.3081507980823517,0.3081507980823517,update_subscription;create_ticket;provision_vm;send_notification;process_refund,0.30815080;0.23637185;0.22978379;0.20690373;0.19827835,-1,confusable_intent,process_refund
Confusable,447,Refund the difference after the plan change for Alice.,update_subscription,update_subscription,update_subscription,True,1,0.3387187123298645,0.3387187123298645,update_subscription;create_ticket;provision_vm;escalate_to_human;generate_report,0.33871871;0.27442941;0.27155545;0.26701882;0.21994554,-1,confusable_intent,process_refund
Confusable,448,Process Grace's request to switch plans.,update_subscription,update_subscription,update_subscription,True,1,0.4126654267311096,0.4126654267311096,update_subscription;provision_vm;create_ticket;generate_report;send_notification,0.41266543;0.29236865;0.26178637;0.24777058;0.24558561,-1,confusable_intent,process_refund
Confusable,449,Update Frank's account to a lower tier.,update_subscription,update_subscription,update_subscription,True,1,0.443590372800827,0.443590372800827,update_subscription;provision_vm;send_notification;generate_report;create_ticket,0.44359037;0.35837224;0.32962430;0.32686031;0.31479257,-1,confusable_intent,update_database
