condition,row_index,query,ground_truth_raw,ground_truth_tool,predicted_tool,correct,rank,top1_cosine,ground_truth_cosine,top5_tools,top5_cosines,source_row_id,generation_type,confusable_with
Lexical,0,What's going on with prod-web-01?,check_status,check_status,scan_malware,False,12,0.39518052339553833,0.25692927837371826,scan_malware;quarantine_system;provision_vm;generate_report;create_ticket,0.39518052;0.38453269;0.38408783;0.38143116;0.36472979,804,lexical_cue_reduced,
Lexical,1,Is staging-db-02 still working?,check_status,check_status,db_write,False,4,0.31463298201560974,0.2010604590177536,db_write;db_read;restart_service;check_status;generate_report,0.31463298;0.30035311;0.20415576;0.20106046;0.18861768,805,lexical_cue_reduced,
Lexical,2,We haven't heard from staging-db-02 in a while.,check_status,check_status,db_read,False,4,0.3070363402366638,0.22139199078083038,db_read;db_write;generate_report;check_status;send_notification,0.30703634;0.30053487;0.22624743;0.22139199;0.21616538,806,lexical_cue_reduced,
Lexical,3,What's going on with cdn-edge-06?,check_status,check_status,create_ticket,False,7,0.21387244760990143,0.15782716870307922,create_ticket;provision_vm;generate_report;send_notification;escalate_to_human,0.21387245;0.19156697;0.17700404;0.17631502;0.17047462,807,lexical_cue_reduced,
Lexical,4,Can you confirm prod-web-01 is operational?,check_status,check_status,quarantine_system,False,9,0.46000465750694275,0.3893030881881714,quarantine_system;generate_report;process_refund;log_audit_event;scan_malware,0.46000466;0.43203214;0.42781857;0.42001697;0.41639593,808,lexical_cue_reduced,
Lexical,5,Give me a quick look at how auth-svc-04 is doing.,check_status,check_status,reset_password,False,12,0.3473280072212219,0.21270912885665894,reset_password;log_audit_event;quarantine_system;provision_vm;generate_report,0.34732801;0.32292578;0.31907630;0.30703497;0.30413696,809,lexical_cue_reduced,
Lexical,6,Is everything okay with prod-web-01?,check_status,check_status,scan_malware,False,11,0.4138566255569458,0.2732301354408264,scan_malware;generate_report;provision_vm;quarantine_system;send_notification,0.41385663;0.39103103;0.38469949;0.37837046;0.35275495,810,lexical_cue_reduced,
Lexical,7,What's going on with staging-db-02?,check_status,check_status,db_write,False,4,0.26808246970176697,0.1437346190214157,db_write;db_read;generate_report;check_status;restart_service,0.26808247;0.26710743;0.14551003;0.14373462;0.13922083,811,lexical_cue_reduced,
Lexical,8,We haven't heard from ml-infer-05 in a while.,check_status,check_status,generate_report,False,11,0.30002158880233765,0.20280204713344574,generate_report;db_write;log_audit_event;send_notification;process_refund,0.30002159;0.27782741;0.27744687;0.26913726;0.26434875,812,lexical_cue_reduced,
Lexical,9,Give me a quick look at how prod-web-01 is doing.,check_status,check_status,quarantine_system,False,11,0.47132888436317444,0.33601149916648865,quarantine_system;generate_report;provision_vm;scan_malware;process_refund,0.47132888;0.46328565;0.45547447;0.44880441;0.44352436,813,lexical_cue_reduced,
Lexical,10,Can you confirm staging-db-02 is operational?,check_status,check_status,db_write,False,3,0.3694533407688141,0.3179565668106079,db_write;db_read;check_status;restart_service;send_notification,0.36945334;0.35479346;0.31795657;0.28580892;0.25548783,814,lexical_cue_reduced,
Lexical,11,Can you confirm auth-svc-04 is operational?,check_status,check_status,log_audit_event,False,3,0.3177925646305084,0.27685320377349854,log_audit_event;quarantine_system;check_status;restart_service;process_refund,0.31779256;0.28830045;0.27685320;0.27491596;0.26268846,815,lexical_cue_reduced,
Lexical,12,We haven't heard from auth-svc-04 in a while.,check_status,check_status,log_audit_event,False,11,0.31382471323013306,0.21169672906398773,log_audit_event;reset_password;quarantine_system;generate_report;send_notification,0.31382471;0.29543754;0.28385386;0.28294757;0.27916461,816,lexical_cue_reduced,
Lexical,13,Give me a quick look at how payment-api-03 is doing.,check_status,check_status,quarantine_system,False,7,0.37808191776275635,0.3305012881755829,quarantine_system;provision_vm;process_refund;create_ticket;generate_report,0.37808192;0.36918497;0.36639294;0.36613709;0.36266461,817,lexical_cue_reduced,
Lexical,14,Is everything okay with staging-db-02?,check_status,check_status,db_write,False,5,0.32001760601997375,0.17701509594917297,db_write;db_read;generate_report;send_notification;check_status,0.32001761;0.29275346;0.18260540;0.18141522;0.17701510,818,lexical_cue_reduced,
Lexical,15,Any idea what state payment-api-03 is in?,check_status,check_status,create_ticket,False,6,0.33698326349258423,0.2787519693374634,create_ticket;provision_vm;db_read;generate_report;process_refund,0.33698326;0.28945890;0.28403246;0.28030100;0.28006583,819,lexical_cue_reduced,
Lexical,16,We haven't heard from payment-api-03 in a while.,check_status,check_status,quarantine_system,False,8,0.38307997584342957,0.34490838646888733,quarantine_system;generate_report;process_refund;provision_vm;log_audit_event,0.38307998;0.38177961;0.37773186;0.37756157;0.37667218,820,lexical_cue_reduced,
Lexical,17,Any idea what state prod-web-01 is in?,check_status,check_status,quarantine_system,False,12,0.41274145245552063,0.29595470428466797,quarantine_system;scan_malware;provision_vm;generate_report;create_ticket,0.41274145;0.41072154;0.40806320;0.39854336;0.39762828,821,lexical_cue_reduced,
Lexical,18,I'd like a pulse on payment-api-03.,check_status,check_status,quarantine_system,False,7,0.40442153811454773,0.3735804259777069,quarantine_system;create_ticket;process_refund;provision_vm;generate_report,0.40442154;0.40123466;0.39450288;0.38845801;0.38771874,822,lexical_cue_reduced,
Lexical,19,Is everything okay with cdn-edge-06?,check_status,check_status,send_notification,False,6,0.255441278219223,0.21590851247310638,send_notification;generate_report;provision_vm;create_ticket;scan_malware,0.25544128;0.23727293;0.23209631;0.23154542;0.22559154,823,lexical_cue_reduced,
Lexical,20,We need visibility into ml-infer-05's condition.,check_status,check_status,send_notification,False,3,0.31196534633636475,0.2737864553928375,send_notification;generate_report;check_status;quarantine_system;log_audit_event,0.31196535;0.29507324;0.27378646;0.26743415;0.25859123,824,lexical_cue_reduced,
Lexical,21,What's going on with auth-svc-04?,check_status,check_status,reset_password,False,13,0.26414555311203003,0.07859517633914948,reset_password;log_audit_event;scan_malware;quarantine_system;process_refund,0.26414555;0.18744156;0.15412435;0.14680165;0.14484429,825,lexical_cue_reduced,
Lexical,22,What's going on with ml-infer-05?,check_status,check_status,generate_report,False,12,0.2396794855594635,0.14630770683288574,generate_report;db_write;scan_malware;provision_vm;send_notification,0.23967949;0.23176125;0.22314149;0.20905067;0.20497929,826,lexical_cue_reduced,
Lexical,23,Is cdn-edge-06 still working?,check_status,check_status,generate_report,False,3,0.2518605589866638,0.2345757931470871,generate_report;create_ticket;check_status;process_refund;log_audit_event,0.25186056;0.23769739;0.23457579;0.22845927;0.22385898,827,lexical_cue_reduced,
Lexical,24,Give me a quick look at how staging-db-02 is doing.,check_status,check_status,db_write,False,6,0.4176206588745117,0.2579922676086426,db_write;db_read;generate_report;send_notification;provision_vm,0.41762066;0.40435332;0.29290721;0.27415633;0.26686820,828,lexical_cue_reduced,
Lexical,25,Is auth-svc-04 still working?,check_status,check_status,reset_password,False,10,0.2739410102367401,0.1277349293231964,reset_password;log_audit_event;restart_service;process_refund;generate_report,0.27394101;0.22815298;0.19726436;0.18662523;0.17840144,829,lexical_cue_reduced,
Lexical,26,I'd like a pulse on staging-db-02.,check_status,check_status,db_write,False,5,0.4492102563381195,0.3279363214969635,db_write;db_read;generate_report;send_notification;check_status,0.44921026;0.40025416;0.33903116;0.33719149;0.32793632,830,lexical_cue_reduced,
Lexical,27,We haven't heard from cdn-edge-06 in a while.,check_status,check_status,send_notification,False,5,0.23426468670368195,0.20910798013210297,send_notification;escalate_to_human;generate_report;provision_vm;check_status,0.23426469;0.22970155;0.22744516;0.21468218;0.20910798,831,lexical_cue_reduced,
Lexical,28,Can someone tell me if ml-infer-05 is alive?,check_status,check_status,db_write,False,9,0.3299448788166046,0.2668026089668274,db_write;generate_report;quarantine_system;scan_malware;send_notification,0.32994488;0.32007033;0.31780475;0.31118697;0.29966810,832,lexical_cue_reduced,
Lexical,29,We need visibility into auth-svc-04's condition.,check_status,check_status,log_audit_event,False,2,0.2642919719219208,0.24787653982639313,log_audit_event;check_status;send_notification;quarantine_system;generate_report,0.26429197;0.24787654;0.22816022;0.20686261;0.19882983,833,lexical_cue_reduced,
Lexical,30,I'd like a pulse on prod-web-01.,check_status,check_status,generate_report,False,9,0.4757635295391083,0.3946548402309418,generate_report;quarantine_system;process_refund;provision_vm;create_ticket,0.47576353;0.46577027;0.44920924;0.44871327;0.44640255,834,lexical_cue_reduced,
Lexical,31,We haven't heard from prod-web-01 in a while.,check_status,check_status,generate_report,False,10,0.4237269461154938,0.3084525465965271,generate_report;quarantine_system;provision_vm;send_notification;process_refund,0.42372695;0.41047707;0.39710501;0.39201191;0.38781425,835,lexical_cue_reduced,
Lexical,32,I'd like a pulse on auth-svc-04.,check_status,check_status,quarantine_system,False,8,0.3845379948616028,0.3160220980644226,quarantine_system;send_notification;process_refund;provision_vm;generate_report,0.38453799;0.37230116;0.35630003;0.35465828;0.35459191,836,lexical_cue_reduced,
Lexical,33,Is prod-web-01 still working?,check_status,check_status,generate_report,False,10,0.41082295775413513,0.30224862694740295,generate_report;process_refund;quarantine_system;provision_vm;log_audit_event,0.41082296;0.39845657;0.38847086;0.38242963;0.36906067,837,lexical_cue_reduced,
Lexical,34,We need visibility into staging-db-02's condition.,check_status,check_status,db_write,False,3,0.3530663251876831,0.29942700266838074,db_write;db_read;check_status;send_notification;generate_report,0.35306633;0.34758800;0.29942700;0.26399609;0.24666245,838,lexical_cue_reduced,
Lexical,35,Can you confirm ml-infer-05 is operational?,check_status,check_status,quarantine_system,False,7,0.3545320928096771,0.33434611558914185,quarantine_system;log_audit_event;generate_report;send_notification;db_write,0.35453209;0.35177448;0.34134808;0.33963445;0.33566624,839,lexical_cue_reduced,
Lexical,36,We need visibility into prod-web-01's condition.,check_status,check_status,quarantine_system,False,9,0.3865797221660614,0.33986347913742065,quarantine_system;generate_report;send_notification;provision_vm;create_ticket,0.38657972;0.38474047;0.37165877;0.34977332;0.34702557,840,lexical_cue_reduced,
Lexical,37,Can someone tell me if cdn-edge-06 is alive?,check_status,check_status,check_status,True,1,0.3031882047653198,0.3031882047653198,check_status;send_notification;quarantine_system;generate_report;provision_vm,0.30318820;0.29357180;0.27985471;0.27813265;0.25783104,841,lexical_cue_reduced,
Lexical,38,Any idea what state ml-infer-05 is in?,check_status,check_status,scan_malware,False,11,0.3062758445739746,0.22834210097789764,scan_malware;quarantine_system;generate_report;db_write;process_refund,0.30627584;0.30145186;0.29982951;0.29379609;0.29210639,842,lexical_cue_reduced,
Lexical,39,Is ml-infer-05 still working?,check_status,check_status,generate_report,False,11,0.2935386598110199,0.20058460533618927,generate_report;db_write;log_audit_event;process_refund;send_notification,0.29353866;0.28921646;0.26927039;0.26682025;0.24531558,843,lexical_cue_reduced,
Lexical,40,Can you confirm payment-api-03 is operational?,check_status,check_status,check_status,True,1,0.410107284784317,0.410107284784317,check_status;quarantine_system;log_audit_event;process_refund;send_notification,0.41010728;0.39179751;0.37431198;0.36456090;0.35427198,844,lexical_cue_reduced,
Lexical,41,Can someone tell me if auth-svc-04 is alive?,check_status,check_status,log_audit_event,False,8,0.27229398488998413,0.22971244156360626,log_audit_event;quarantine_system;restart_service;process_refund;scan_malware,0.27229398;0.26776704;0.24428651;0.24063893;0.23975720,845,lexical_cue_reduced,
Lexical,42,Is everything okay with ml-infer-05?,check_status,check_status,scan_malware,False,10,0.28527411818504333,0.17240987718105316,scan_malware;db_write;generate_report;send_notification;quarantine_system,0.28527412;0.27001566;0.26053008;0.25790402;0.22854972,846,lexical_cue_reduced,
Lexical,43,Can someone tell me if payment-api-03 is alive?,check_status,check_status,quarantine_system,False,2,0.34077590703964233,0.3398182690143585,quarantine_system;check_status;log_audit_event;process_refund;generate_report,0.34077591;0.33981827;0.31310704;0.31261364;0.30843791,847,lexical_cue_reduced,
Lexical,44,Any idea what state staging-db-02 is in?,check_status,check_status,db_read,False,3,0.3622012436389923,0.22062385082244873,db_read;db_write;check_status;generate_report;restart_service,0.36220124;0.34567741;0.22062385;0.20587383;0.20288225,848,lexical_cue_reduced,
Lexical,45,Can you confirm cdn-edge-06 is operational?,check_status,check_status,check_status,True,1,0.35093095898628235,0.35093095898628235,check_status;send_notification;quarantine_system;generate_report;create_ticket,0.35093096;0.33056810;0.31494850;0.30586812;0.30171970,849,lexical_cue_reduced,
Lexical,46,Give me a quick look at how ml-infer-05 is doing.,check_status,check_status,generate_report,False,10,0.376041442155838,0.279159277677536,generate_report;quarantine_system;process_refund;db_write;send_notification,0.37604144;0.36460945;0.35613710;0.35331899;0.34588555,850,lexical_cue_reduced,
Lexical,47,Any idea what state auth-svc-04 is in?,check_status,check_status,reset_password,False,11,0.3430596888065338,0.20455311238765717,reset_password;log_audit_event;quarantine_system;create_ticket;process_refund,0.34305969;0.30044651;0.27339068;0.26795751;0.26730016,851,lexical_cue_reduced,
Lexical,48,We need visibility into cdn-edge-06's condition.,check_status,check_status,send_notification,False,2,0.30030572414398193,0.29403412342071533,send_notification;check_status;generate_report;create_ticket;quarantine_system,0.30030572;0.29403412;0.27844283;0.27615887;0.25044441,852,lexical_cue_reduced,
Lexical,49,Any idea what state cdn-edge-06 is in?,check_status,check_status,create_ticket,False,7,0.29783564805984497,0.21901248395442963,create_ticket;provision_vm;quarantine_system;generate_report;process_refund,0.29783565;0.26633570;0.24345800;0.23945326;0.23157866,853,lexical_cue_reduced,
Lexical,50,We need visibility into payment-api-03's condition.,check_status,check_status,check_status,True,1,0.32704395055770874,0.32704395055770874,check_status;create_ticket;send_notification;log_audit_event;quarantine_system,0.32704395;0.25730088;0.25671607;0.25324857;0.22925383,854,lexical_cue_reduced,
Lexical,51,Give me a quick look at how cdn-edge-06 is doing.,check_status,check_status,create_ticket,False,8,0.3145030438899994,0.2711077630519867,create_ticket;provision_vm;quarantine_system;send_notification;generate_report,0.31450304;0.31312352;0.31153113;0.31012866;0.30930206,855,lexical_cue_reduced,
Lexical,52,Is everything okay with auth-svc-04?,check_status,check_status,reset_password,False,12,0.2891837954521179,0.12046748399734497,reset_password;scan_malware;generate_report;provision_vm;quarantine_system,0.28918380;0.23572060;0.20226425;0.20093247;0.20061213,856,lexical_cue_reduced,
Lexical,53,Is payment-api-03 still working?,check_status,check_status,process_refund,False,7,0.32590124011039734,0.28213897347450256,process_refund;generate_report;create_ticket;log_audit_event;provision_vm,0.32590124;0.32156661;0.31929764;0.31174245;0.30153599,857,lexical_cue_reduced,
Lexical,54,Is everything okay with payment-api-03?,check_status,check_status,create_ticket,False,8,0.3251310884952545,0.2548385560512543,create_ticket;provision_vm;generate_report;quarantine_system;send_notification,0.32513109;0.30937326;0.29753876;0.28370363;0.27197459,858,lexical_cue_reduced,
Lexical,55,Can someone tell me if prod-web-01 is alive?,check_status,check_status,quarantine_system,False,9,0.43860673904418945,0.3387049436569214,quarantine_system;scan_malware;generate_report;provision_vm;send_notification,0.43860674;0.42615864;0.41626278;0.39821661;0.39106175,859,lexical_cue_reduced,
Lexical,56,What's going on with payment-api-03?,check_status,check_status,create_ticket,False,10,0.29108691215515137,0.20047245919704437,create_ticket;provision_vm;process_refund;generate_report;quarantine_system,0.29108691;0.25948587;0.24188754;0.24033011;0.23931797,860,lexical_cue_reduced,
Lexical,57,Can someone tell me if staging-db-02 is alive?,check_status,check_status,db_read,False,3,0.3290242552757263,0.2514561414718628,db_read;db_write;check_status;generate_report;send_notification,0.32902426;0.32190275;0.25145614;0.21726108;0.21060793,861,lexical_cue_reduced,
Lexical,58,I'd like a pulse on cdn-edge-06.,check_status,check_status,create_ticket,False,5,0.3400425612926483,0.3246857821941376,create_ticket;send_notification;generate_report;db_write;check_status,0.34004256;0.33803895;0.33202565;0.32846081;0.32468578,862,lexical_cue_reduced,
Lexical,59,I'd like a pulse on ml-infer-05.,check_status,check_status,db_write,False,9,0.4013671278953552,0.3239386975765228,db_write;generate_report;quarantine_system;send_notification;process_refund,0.40136713;0.39368993;0.38158709;0.37035063;0.36490589,863,lexical_cue_reduced,
Lexical,60,Give me a quick look at how prod-web-01 is doing.,check_status,check_status,quarantine_system,False,11,0.47132888436317444,0.33601149916648865,quarantine_system;generate_report;provision_vm;scan_malware;process_refund,0.47132888;0.46328565;0.45547447;0.44880441;0.44352436,864,lexical_cue_reduced,
Lexical,61,Any idea what state cdn-edge-06 is in?,check_status,check_status,create_ticket,False,7,0.29783564805984497,0.21901248395442963,create_ticket;provision_vm;quarantine_system;generate_report;process_refund,0.29783565;0.26633570;0.24345800;0.23945326;0.23157866,865,lexical_cue_reduced,
Lexical,62,We haven't heard from auth-svc-04 in a while.,check_status,check_status,log_audit_event,False,11,0.31382471323013306,0.21169672906398773,log_audit_event;reset_password;quarantine_system;generate_report;send_notification,0.31382471;0.29543754;0.28385386;0.28294757;0.27916461,866,lexical_cue_reduced,
Lexical,63,Any idea what state cdn-edge-06 is in?,check_status,check_status,create_ticket,False,7,0.29783564805984497,0.21901248395442963,create_ticket;provision_vm;quarantine_system;generate_report;process_refund,0.29783565;0.26633570;0.24345800;0.23945326;0.23157866,867,lexical_cue_reduced,
Lexical,64,Any idea what state auth-svc-04 is in?,check_status,check_status,reset_password,False,11,0.3430597186088562,0.20455321669578552,reset_password;log_audit_event;quarantine_system;create_ticket;process_refund,0.34305972;0.30044642;0.27339068;0.26795745;0.26730019,868,lexical_cue_reduced,
Lexical,65,Is everything okay with ml-infer-05?,check_status,check_status,scan_malware,False,10,0.28527402877807617,0.1724097728729248,scan_malware;db_write;generate_report;send_notification;quarantine_system,0.28527403;0.27001572;0.26053002;0.25790384;0.22854966,869,lexical_cue_reduced,
Lexical,66,Can someone tell me if prod-web-01 is alive?,check_status,check_status,quarantine_system,False,9,0.43860670924186707,0.3387049436569214,quarantine_system;scan_malware;generate_report;provision_vm;send_notification,0.43860671;0.42615867;0.41626281;0.39821663;0.39106178,870,lexical_cue_reduced,
Lexical,67,Make sure this doesn't slip through the cracks.,create_ticket,create_ticket,generate_report,False,5,0.33433011174201965,0.3021540343761444,generate_report;quarantine_system;provision_vm;send_notification;create_ticket,0.33433011;0.31792888;0.30675855;0.30343515;0.30215403,201,lexical_cue_reduced,
Lexical,68,We should have a reference number for Frank's issue.,create_ticket,create_ticket,create_ticket,True,1,0.5246778726577759,0.5246778726577759,create_ticket;provision_vm;generate_report;send_notification;escalate_to_human,0.52467787;0.48272038;0.45949939;0.43877384;0.43088630,202,lexical_cue_reduced,
Lexical,69,This needs an official entry in our tracking system.,create_ticket,create_ticket,db_write,False,7,0.4510439932346344,0.37059786915779114,db_write;generate_report;db_read;send_notification;provision_vm,0.45104399;0.44105974;0.42920774;0.42785788;0.39838287,203,lexical_cue_reduced,
Lexical,70,We should have a reference number for Charlie's issue.,create_ticket,create_ticket,create_ticket,True,1,0.4449124038219452,0.4449124038219452,create_ticket;provision_vm;generate_report;process_refund;quarantine_system,0.44491240;0.41568470;0.40726045;0.39994684;0.39171645,204,lexical_cue_reduced,
Lexical,71,We need to track this issue with Bob.,create_ticket,create_ticket,create_ticket,True,1,0.45695650577545166,0.45695650577545166,create_ticket;escalate_to_human;generate_report;provision_vm;send_notification,0.45695651;0.40443709;0.38139024;0.37002859;0.36566353,205,lexical_cue_reduced,
Lexical,72,This needs to be logged for follow-up.,create_ticket,create_ticket,log_audit_event,False,4,0.4859377145767212,0.4014747440814972,log_audit_event;generate_report;process_refund;create_ticket;send_notification,0.48593771;0.47167310;0.40456480;0.40147474;0.40021342,206,lexical_cue_reduced,
Lexical,73,We should have a reference number for Alice's issue.,create_ticket,create_ticket,escalate_to_human,False,2,0.4751538634300232,0.42739221453666687,escalate_to_human;create_ticket;provision_vm;generate_report;db_write,0.47515386;0.42739221;0.41530773;0.39839038;0.37928218,207,lexical_cue_reduced,
Lexical,74,We need a paper trail for the payment-api-03 issue.,create_ticket,create_ticket,create_ticket,True,1,0.4680781066417694,0.4680781066417694,create_ticket;generate_report;log_audit_event;provision_vm;process_refund,0.46807811;0.41497484;0.41231251;0.39009005;0.38813597,208,lexical_cue_reduced,
Lexical,75,We need a paper trail for the auth-svc-04 issue.,create_ticket,create_ticket,log_audit_event,False,2,0.3947031795978546,0.37436026334762573,log_audit_event;create_ticket;generate_report;process_refund;provision_vm,0.39470318;0.37436026;0.35553700;0.32069057;0.31854907,209,lexical_cue_reduced,
Lexical,76,This should be documented somewhere official.,create_ticket,create_ticket,create_ticket,True,1,0.4926404654979706,0.4926404654979706,create_ticket;generate_report;provision_vm;send_notification;escalate_to_human,0.49264047;0.41267613;0.40479338;0.39176735;0.39054215,210,lexical_cue_reduced,
Lexical,77,Someone should formalize this complaint from Bob.,create_ticket,create_ticket,escalate_to_human,False,2,0.4352269768714905,0.36380594968795776,escalate_to_human;create_ticket;send_notification;quarantine_system;provision_vm,0.43522698;0.36380595;0.34010831;0.32593477;0.30872455,211,lexical_cue_reduced,
Lexical,78,Can we get a formal record of Charlie's problem?,create_ticket,create_ticket,escalate_to_human,False,2,0.37610289454460144,0.30626022815704346,escalate_to_human;create_ticket;generate_report;quarantine_system;process_refund,0.37610289;0.30626023;0.29906604;0.29738495;0.27875254,212,lexical_cue_reduced,
Lexical,79,Can we get a formal record of Alice's problem?,create_ticket,create_ticket,escalate_to_human,False,2,0.4162586033344269,0.26585137844085693,escalate_to_human;create_ticket;generate_report;send_notification;provision_vm,0.41625860;0.26585138;0.24096076;0.23241752;0.22650848,213,lexical_cue_reduced,
Lexical,80,Someone should formalize this complaint from Eve.,create_ticket,create_ticket,escalate_to_human,False,6,0.45602238178253174,0.28282278776168823,escalate_to_human;send_notification;generate_report;quarantine_system;provision_vm,0.45602238;0.34955931;0.30407357;0.30008447;0.29136723,214,lexical_cue_reduced,
Lexical,81,We should have a reference number for Diana's issue.,create_ticket,create_ticket,db_write,False,2,0.4261685311794281,0.42117834091186523,db_write;create_ticket;generate_report;provision_vm;process_refund,0.42616853;0.42117834;0.40664402;0.39917943;0.39691332,215,lexical_cue_reduced,
Lexical,82,We need to track this issue with Diana.,create_ticket,create_ticket,create_ticket,True,1,0.42820969223976135,0.42820969223976135,create_ticket;escalate_to_human;generate_report;provision_vm;process_refund,0.42820969;0.41120872;0.40686560;0.38644990;0.36500156,216,lexical_cue_reduced,
Lexical,83,Eve reported something that needs tracking.,create_ticket,create_ticket,log_audit_event,False,9,0.3505891263484955,0.2562561333179474,log_audit_event;generate_report;db_write;escalate_to_human;send_notification,0.35058913;0.32400510;0.32052928;0.30726746;0.29385641,217,lexical_cue_reduced,
Lexical,84,We need to track this issue with Alice.,create_ticket,create_ticket,escalate_to_human,False,2,0.4947943687438965,0.43281492590904236,escalate_to_human;create_ticket;generate_report;provision_vm;send_notification,0.49479437;0.43281493;0.38102990;0.38012660;0.36912644,218,lexical_cue_reduced,
Lexical,85,We need a paper trail for the cdn-edge-06 issue.,create_ticket,create_ticket,create_ticket,True,1,0.3869040012359619,0.3869040012359619,create_ticket;generate_report;provision_vm;send_notification;log_audit_event,0.38690400;0.33675277;0.31754225;0.30980745;0.30437362,219,lexical_cue_reduced,
Lexical,86,We need to track this issue with Grace.,create_ticket,create_ticket,create_ticket,True,1,0.37745165824890137,0.37745165824890137,create_ticket;generate_report;provision_vm;log_audit_event;escalate_to_human,0.37745166;0.32387143;0.32135183;0.31348374;0.30717012,220,lexical_cue_reduced,
Lexical,87,Can we get a formal record of Diana's problem?,create_ticket,create_ticket,escalate_to_human,False,4,0.36252355575561523,0.29482778906822205,escalate_to_human;generate_report;db_write;create_ticket;db_read,0.36252356;0.30019346;0.29705733;0.29482779;0.28523088,221,lexical_cue_reduced,
Lexical,88,Someone should formalize this complaint from Frank.,create_ticket,create_ticket,escalate_to_human,False,2,0.5212148427963257,0.46265482902526855,escalate_to_human;create_ticket;send_notification;provision_vm;generate_report,0.52121484;0.46265483;0.44201133;0.41497940;0.39758497,222,lexical_cue_reduced,
Lexical,89,Can we get a formal record of Eve's problem?,create_ticket,create_ticket,escalate_to_human,False,7,0.3663075566291809,0.23653456568717957,escalate_to_human;log_audit_event;generate_report;db_write;send_notification,0.36630756;0.27939886;0.27599040;0.26489514;0.26017123,223,lexical_cue_reduced,
Lexical,90,Charlie reported something that needs tracking.,create_ticket,create_ticket,create_ticket,True,1,0.4000071883201599,0.4000071883201599,create_ticket;generate_report;provision_vm;quarantine_system;send_notification,0.40000719;0.39191815;0.37508413;0.37246400;0.37130928,224,lexical_cue_reduced,
Lexical,91,Someone should formalize this complaint from Alice.,create_ticket,create_ticket,escalate_to_human,False,2,0.5131362080574036,0.3583771288394928,escalate_to_human;create_ticket;send_notification;provision_vm;generate_report,0.51313621;0.35837713;0.33058250;0.30719388;0.29836452,225,lexical_cue_reduced,
Lexical,92,Alice reported something that needs tracking.,create_ticket,create_ticket,escalate_to_human,False,2,0.42390626668930054,0.3504692316055298,escalate_to_human;create_ticket;generate_report;provision_vm;send_notification,0.42390627;0.35046923;0.32304767;0.31743601;0.30206585,226,lexical_cue_reduced,
Lexical,93,Someone should formalize this complaint from Grace.,create_ticket,create_ticket,escalate_to_human,False,2,0.3755567669868469,0.30822035670280457,escalate_to_human;create_ticket;send_notification;provision_vm;update_subscription,0.37555677;0.30822036;0.29396152;0.27365541;0.25507942,227,lexical_cue_reduced,
Lexical,94,We need to track this issue with Frank.,create_ticket,create_ticket,create_ticket,True,1,0.5263795852661133,0.5263795852661133,create_ticket;provision_vm;generate_report;send_notification;escalate_to_human,0.52637959;0.45718849;0.45276427;0.44423681;0.44307545,228,lexical_cue_reduced,
Lexical,95,Someone should formalize this complaint from Diana.,create_ticket,create_ticket,escalate_to_human,False,2,0.4544358551502228,0.3559596538543701,escalate_to_human;create_ticket;send_notification;generate_report;provision_vm,0.45443586;0.35595965;0.34652197;0.33338031;0.33039829,229,lexical_cue_reduced,
Lexical,96,Someone should formalize this complaint from Charlie.,create_ticket,create_ticket,escalate_to_human,False,2,0.45225492119789124,0.3716970682144165,escalate_to_human;create_ticket;send_notification;quarantine_system;provision_vm,0.45225492;0.37169707;0.36793208;0.36696318;0.34052533,230,lexical_cue_reduced,
Lexical,97,We should have a reference number for Grace's issue.,create_ticket,create_ticket,create_ticket,True,1,0.3771224617958069,0.3771224617958069,create_ticket;provision_vm;generate_report;process_refund;update_subscription,0.37712246;0.37679473;0.35675818;0.34386149;0.33109534,231,lexical_cue_reduced,
Lexical,98,We need a paper trail for the prod-web-01 issue.,create_ticket,create_ticket,generate_report,False,2,0.4962954819202423,0.49198609590530396,generate_report;create_ticket;provision_vm;log_audit_event;process_refund,0.49629548;0.49198610;0.45808703;0.44753698;0.44437870,232,lexical_cue_reduced,
Lexical,99,We need a paper trail for the ml-infer-05 issue.,create_ticket,create_ticket,generate_report,False,7,0.40544843673706055,0.3419840633869171,generate_report;log_audit_event;send_notification;db_write;process_refund,0.40544844;0.37449035;0.37399682;0.35736614;0.35253000,233,lexical_cue_reduced,
Lexical,100,Can we get a formal record of Grace's problem?,create_ticket,create_ticket,escalate_to_human,False,3,0.25082793831825256,0.21542879939079285,escalate_to_human;log_audit_event;create_ticket;generate_report;process_refund,0.25082794;0.22177534;0.21542880;0.20657276;0.19477151,234,lexical_cue_reduced,
Lexical,101,Grace reported something that needs tracking.,create_ticket,create_ticket,log_audit_event,False,2,0.32275980710983276,0.32020050287246704,log_audit_event;create_ticket;generate_report;provision_vm;send_notification,0.32275981;0.32020050;0.31364053;0.30506408;0.28739455,235,lexical_cue_reduced,
Lexical,102,We need to track this issue with Charlie.,create_ticket,create_ticket,create_ticket,True,1,0.4532414972782135,0.4532414972782135,create_ticket;escalate_to_human;generate_report;provision_vm;quarantine_system,0.45324150;0.41404068;0.40832138;0.40180168;0.39168817,236,lexical_cue_reduced,
Lexical,103,Eve reported something that needs tracking.,create_ticket,create_ticket,log_audit_event,False,9,0.3505891263484955,0.2562561333179474,log_audit_event;generate_report;db_write;escalate_to_human;send_notification,0.35058913;0.32400510;0.32052928;0.30726746;0.29385641,237,lexical_cue_reduced,
Lexical,104,Frank reported something that needs tracking.,create_ticket,create_ticket,create_ticket,True,1,0.4785914719104767,0.4785914719104767,create_ticket;generate_report;provision_vm;send_notification;escalate_to_human,0.47859147;0.44661385;0.44017735;0.42902735;0.41391376,238,lexical_cue_reduced,
Lexical,105,We should have a reference number for Bob's issue.,create_ticket,create_ticket,create_ticket,True,1,0.43601399660110474,0.43601399660110474,create_ticket;provision_vm;process_refund;generate_report;escalate_to_human,0.43601400;0.38998052;0.38826054;0.38074747;0.37632513,239,lexical_cue_reduced,
Lexical,106,Can we get a formal record of Bob's problem?,create_ticket,create_ticket,escalate_to_human,False,2,0.366033136844635,0.30082327127456665,escalate_to_human;create_ticket;generate_report;process_refund;send_notification,0.36603314;0.30082327;0.25680164;0.25674376;0.23975478,240,lexical_cue_reduced,
Lexical,107,This needs to be logged for follow-up.,create_ticket,create_ticket,log_audit_event,False,4,0.4859377145767212,0.4014747440814972,log_audit_event;generate_report;process_refund;create_ticket;send_notification,0.48593771;0.47167310;0.40456480;0.40147474;0.40021342,241,lexical_cue_reduced,
Lexical,108,We need to track this issue with Eve.,create_ticket,create_ticket,generate_report,False,6,0.3998964726924896,0.3657231628894806,generate_report;log_audit_event;escalate_to_human;send_notification;provision_vm,0.39989647;0.38936248;0.38567850;0.37011763;0.36888397,242,lexical_cue_reduced,
Lexical,109,Bob reported something that needs tracking.,create_ticket,create_ticket,create_ticket,True,1,0.37351760268211365,0.37351760268211365,create_ticket;generate_report;escalate_to_human;provision_vm;log_audit_event,0.37351760;0.33687565;0.32184222;0.31829593;0.31638446,243,lexical_cue_reduced,
Lexical,110,Can we get a formal record of Frank's problem?,create_ticket,create_ticket,escalate_to_human,False,2,0.42967870831489563,0.40235957503318787,escalate_to_human;create_ticket;generate_report;provision_vm;send_notification,0.42967871;0.40235958;0.35447270;0.34452203;0.33999044,244,lexical_cue_reduced,
Lexical,111,This needs an official entry in our tracking system.,create_ticket,create_ticket,db_write,False,7,0.4510439932346344,0.37059786915779114,db_write;generate_report;db_read;send_notification;provision_vm,0.45104399;0.44105974;0.42920774;0.42785788;0.39838287,245,lexical_cue_reduced,
Lexical,112,We should have a reference number for Eve's issue.,create_ticket,create_ticket,db_write,False,7,0.41728416085243225,0.37339428067207336,db_write;generate_report;provision_vm;escalate_to_human;send_notification,0.41728416;0.40858838;0.40510726;0.38907903;0.38059783,246,lexical_cue_reduced,
Lexical,113,We need a paper trail for the staging-db-02 issue.,create_ticket,create_ticket,db_write,False,4,0.4304465055465698,0.34802883863449097,db_write;generate_report;db_read;create_ticket;send_notification,0.43044651;0.36242336;0.35831937;0.34802884;0.31805733,247,lexical_cue_reduced,
Lexical,114,We should have a reference number for Frank's issue.,create_ticket,create_ticket,create_ticket,True,1,0.5246778726577759,0.5246778726577759,create_ticket;provision_vm;generate_report;send_notification;escalate_to_human,0.52467787;0.48272038;0.45949939;0.43877384;0.43088630,248,lexical_cue_reduced,
Lexical,115,Diana reported something that needs tracking.,create_ticket,create_ticket,db_read,False,4,0.3920263350009918,0.36251524090766907,db_read;db_write;generate_report;create_ticket;escalate_to_human,0.39202634;0.38889432;0.38775486;0.36251524;0.35544562,249,lexical_cue_reduced,
Lexical,116,This should be documented somewhere official.,create_ticket,create_ticket,create_ticket,True,1,0.4926404654979706,0.4926404654979706,create_ticket;generate_report;provision_vm;send_notification;escalate_to_human,0.49264047;0.41267613;0.40479338;0.39176735;0.39054215,250,lexical_cue_reduced,
Lexical,117,Make sure this doesn't slip through the cracks.,create_ticket,create_ticket,generate_report,False,5,0.33433011174201965,0.3021540343761444,generate_report;quarantine_system;provision_vm;send_notification;create_ticket,0.33433011;0.31792888;0.30675855;0.30343515;0.30215403,251,lexical_cue_reduced,
Lexical,118,We should have a reference number for Eve's issue.,create_ticket,create_ticket,db_write,False,7,0.41728416085243225,0.37339428067207336,db_write;generate_report;provision_vm;escalate_to_human;send_notification,0.41728416;0.40858838;0.40510726;0.38907903;0.38059783,252,lexical_cue_reduced,
Lexical,119,We need to track this issue with Charlie.,create_ticket,create_ticket,create_ticket,True,1,0.4532414972782135,0.4532414972782135,create_ticket;escalate_to_human;generate_report;provision_vm;quarantine_system,0.45324150;0.41404068;0.40832138;0.40180168;0.39168817,253,lexical_cue_reduced,
Lexical,120,This needs an official entry in our tracking system.,create_ticket,create_ticket,db_write,False,7,0.4510439932346344,0.37059786915779114,db_write;generate_report;db_read;send_notification;provision_vm,0.45104399;0.44105974;0.42920774;0.42785788;0.39838287,254,lexical_cue_reduced,
Lexical,121,We should have a reference number for Alice's issue.,create_ticket,create_ticket,escalate_to_human,False,2,0.4751538634300232,0.42739221453666687,escalate_to_human;create_ticket;provision_vm;generate_report;db_write,0.47515386;0.42739221;0.41530773;0.39839038;0.37928218,255,lexical_cue_reduced,
Lexical,122,This needs to be logged for follow-up.,create_ticket,create_ticket,log_audit_event,False,4,0.4859377145767212,0.4014747440814972,log_audit_event;generate_report;process_refund;create_ticket;send_notification,0.48593771;0.47167310;0.40456480;0.40147474;0.40021342,256,lexical_cue_reduced,
Lexical,123,This needs an official entry in our tracking system.,create_ticket,create_ticket,db_write,False,7,0.4510439932346344,0.37059786915779114,db_write;generate_report;db_read;send_notification;provision_vm,0.45104399;0.44105974;0.42920774;0.42785788;0.39838287,257,lexical_cue_reduced,
Lexical,124,Alice reported something that needs tracking.,create_ticket,create_ticket,escalate_to_human,False,2,0.42390626668930054,0.3504692316055298,escalate_to_human;create_ticket;generate_report;provision_vm;send_notification,0.42390627;0.35046923;0.32304767;0.31743601;0.30206585,258,lexical_cue_reduced,
Lexical,125,We should have a reference number for Eve's issue.,create_ticket,create_ticket,db_write,False,7,0.41728416085243225,0.37339428067207336,db_write;generate_report;provision_vm;escalate_to_human;send_notification,0.41728416;0.40858838;0.40510726;0.38907903;0.38059783,259,lexical_cue_reduced,
Lexical,126,We should have a reference number for Frank's issue.,create_ticket,create_ticket,create_ticket,True,1,0.5246778726577759,0.5246778726577759,create_ticket;provision_vm;generate_report;send_notification;escalate_to_human,0.52467787;0.48272038;0.45949939;0.43877384;0.43088630,260,lexical_cue_reduced,
Lexical,127,Alice reported something that needs tracking.,create_ticket,create_ticket,escalate_to_human,False,2,0.42390626668930054,0.3504692316055298,escalate_to_human;create_ticket;generate_report;provision_vm;send_notification,0.42390627;0.35046923;0.32304767;0.31743601;0.30206585,261,lexical_cue_reduced,
Lexical,128,Can we get a formal record of Eve's problem?,create_ticket,create_ticket,escalate_to_human,False,7,0.3663075566291809,0.23653456568717957,escalate_to_human;log_audit_event;generate_report;db_write;send_notification,0.36630756;0.27939886;0.27599040;0.26489514;0.26017123,262,lexical_cue_reduced,
Lexical,129,We need a paper trail for the auth-svc-04 issue.,create_ticket,create_ticket,log_audit_event,False,2,0.3947031795978546,0.37436026334762573,log_audit_event;create_ticket;generate_report;process_refund;provision_vm,0.39470318;0.37436026;0.35553700;0.32069057;0.31854907,263,lexical_cue_reduced,
Lexical,130,We need a paper trail for the payment-api-03 issue.,create_ticket,create_ticket,create_ticket,True,1,0.4680781066417694,0.4680781066417694,create_ticket;generate_report;log_audit_event;provision_vm;process_refund,0.46807811;0.41497484;0.41231251;0.39009005;0.38813597,264,lexical_cue_reduced,
Lexical,131,This needs to be logged for follow-up.,create_ticket,create_ticket,log_audit_event,False,4,0.4859377145767212,0.4014747440814972,log_audit_event;generate_report;process_refund;create_ticket;send_notification,0.48593771;0.47167310;0.40456480;0.40147474;0.40021342,265,lexical_cue_reduced,
Lexical,132,Someone should formalize this complaint from Diana.,create_ticket,create_ticket,escalate_to_human,False,2,0.4544358551502228,0.3559596538543701,escalate_to_human;create_ticket;send_notification;generate_report;provision_vm,0.45443586;0.35595965;0.34652197;0.33338031;0.33039829,266,lexical_cue_reduced,
Lexical,133,Can we get a formal record of Bob's problem?,create_ticket,create_ticket,escalate_to_human,False,2,0.366033136844635,0.30082327127456665,escalate_to_human;create_ticket;generate_report;process_refund;send_notification,0.36603314;0.30082327;0.25680164;0.25674376;0.23975478,267,lexical_cue_reduced,
Lexical,134,We need human intervention for Eve.,escalate_to_human,escalate_to_human,escalate_to_human,True,1,0.4092782139778137,0.4092782139778137,escalate_to_human;generate_report;quarantine_system;process_refund;send_notification,0.40927821;0.28957534;0.28050363;0.27342162;0.26578465,871,lexical_cue_reduced,
Lexical,135,This one needs a pair of human eyes.,escalate_to_human,escalate_to_human,escalate_to_human,True,1,0.28636789321899414,0.28636789321899414,escalate_to_human;generate_report;send_notification;create_ticket;provision_vm,0.28636789;0.27173892;0.25501400;0.24655896;0.21697268,872,lexical_cue_reduced,
Lexical,136,Alice's case is too nuanced for a bot.,escalate_to_human,escalate_to_human,escalate_to_human,True,1,0.4661788046360016,0.4661788046360016,escalate_to_human;create_ticket;provision_vm;send_notification;generate_report,0.46617880;0.28244430;0.28112924;0.27296820;0.26637718,873,lexical_cue_reduced,
Lexical,137,This is beyond what automation can handle.,escalate_to_human,escalate_to_human,escalate_to_human,True,1,0.4694184362888336,0.4694184362888336,escalate_to_human;provision_vm;quarantine_system;send_notification;process_refund,0.46941844;0.44021273;0.43378067;0.39501384;0.39078543,874,lexical_cue_reduced,
Lexical,138,We need someone with judgment on this.,escalate_to_human,escalate_to_human,escalate_to_human,True,1,0.37232837080955505,0.37232837080955505,escalate_to_human;generate_report;quarantine_system;provision_vm;create_ticket,0.37232837;0.29285991;0.28413507;0.27857015;0.27426505,875,lexical_cue_reduced,
Lexical,139,Can we get a senior person to look at Grace's case?,escalate_to_human,escalate_to_human,escalate_to_human,True,1,0.3558337688446045,0.3558337688446045,escalate_to_human;create_ticket;generate_report;log_audit_event;provision_vm,0.35583377;0.30034319;0.21829730;0.21630836;0.20576476,876,lexical_cue_reduced,
Lexical,140,Automation isn't going to resolve Eve's issue.,escalate_to_human,escalate_to_human,escalate_to_human,True,1,0.39242425560951233,0.39242425560951233,escalate_to_human;provision_vm;generate_report;quarantine_system;send_notification,0.39242426;0.35140222;0.32822585;0.30946633;0.29447144,877,lexical_cue_reduced,
Lexical,141,Automation isn't going to resolve Bob's issue.,escalate_to_human,escalate_to_human,escalate_to_human,True,1,0.4014970660209656,0.4014970660209656,escalate_to_human;provision_vm;create_ticket;quarantine_system;generate_report,0.40149707;0.35082835;0.32321256;0.31850100;0.31169358,878,lexical_cue_reduced,
Lexical,142,Can we get a senior person to look at Eve's case?,escalate_to_human,escalate_to_human,escalate_to_human,True,1,0.4247440695762634,0.4247440695762634,escalate_to_human;create_ticket;generate_report;log_audit_event;send_notification,0.42474407;0.28590062;0.24890700;0.23028979;0.21698789,879,lexical_cue_reduced,
Lexical,143,Can we get a senior person to look at Bob's case?,escalate_to_human,escalate_to_human,escalate_to_human,True,1,0.37934085726737976,0.37934085726737976,escalate_to_human;create_ticket;generate_report;provision_vm;log_audit_event,0.37934086;0.29552686;0.21587130;0.19182065;0.18963607,880,lexical_cue_reduced,
Lexical,144,We need human intervention for Frank.,escalate_to_human,escalate_to_human,escalate_to_human,True,1,0.4857708513736725,0.4857708513736725,escalate_to_human;create_ticket;provision_vm;generate_report;quarantine_system,0.48577085;0.42337465;0.38968009;0.38031793;0.37962681,881,lexical_cue_reduced,
Lexical,145,This requires human decision-making.,escalate_to_human,escalate_to_human,escalate_to_human,True,1,0.53221195936203,0.53221195936203,escalate_to_human;create_ticket;provision_vm;send_notification;generate_report,0.53221196;0.39683941;0.39270431;0.37766978;0.37385386,882,lexical_cue_reduced,
Lexical,146,We need human intervention for Charlie.,escalate_to_human,escalate_to_human,escalate_to_human,True,1,0.44504183530807495,0.44504183530807495,escalate_to_human;quarantine_system;create_ticket;process_refund;provision_vm,0.44504184;0.38115269;0.35600507;0.35016683;0.33761469,883,lexical_cue_reduced,
Lexical,147,Grace's case is too nuanced for a bot.,escalate_to_human,escalate_to_human,escalate_to_human,True,1,0.34781309962272644,0.34781309962272644,escalate_to_human;update_subscription;provision_vm;generate_report;send_notification,0.34781310;0.27739775;0.25990066;0.24055351;0.23792717,884,lexical_cue_reduced,
Lexical,148,Eve's case is too nuanced for a bot.,escalate_to_human,escalate_to_human,escalate_to_human,True,1,0.4024897813796997,0.4024897813796997,escalate_to_human;provision_vm;send_notification;generate_report;update_subscription,0.40248978;0.27201861;0.27140689;0.27014485;0.23995005,885,lexical_cue_reduced,
Lexical,149,Automation isn't going to resolve Frank's issue.,escalate_to_human,escalate_to_human,escalate_to_human,True,1,0.4572185277938843,0.4572185277938843,escalate_to_human;provision_vm;create_ticket;generate_report;quarantine_system,0.45721853;0.43027726;0.39027825;0.37843063;0.37522650,886,lexical_cue_reduced,
Lexical,150,Automation isn't going to resolve Grace's issue.,escalate_to_human,escalate_to_human,escalate_to_human,True,1,0.3143044710159302,0.3143044710159302,escalate_to_human;provision_vm;update_subscription;reset_password;generate_report,0.31430447;0.29867506;0.27741626;0.25460735;0.25016937,887,lexical_cue_reduced,
Lexical,151,Can we get a senior person to look at Charlie's case?,escalate_to_human,escalate_to_human,escalate_to_human,True,1,0.40545740723609924,0.40545740723609924,escalate_to_human;create_ticket;generate_report;quarantine_system;provision_vm,0.40545741;0.32014185;0.26068056;0.24320760;0.24076374,888,lexical_cue_reduced,
Lexical,152,Diana's situation needs a real person.,escalate_to_human,escalate_to_human,escalate_to_human,True,1,0.38336238265037537,0.38336238265037537,escalate_to_human;generate_report;provision_vm;create_ticket;quarantine_system,0.38336238;0.26572266;0.25780404;0.25701159;0.25149390,889,lexical_cue_reduced,
Lexical,153,We need human intervention for Diana.,escalate_to_human,escalate_to_human,escalate_to_human,True,1,0.425973117351532,0.425973117351532,escalate_to_human;create_ticket;generate_report;process_refund;quarantine_system,0.42597312;0.33990330;0.33399734;0.33026233;0.31875408,890,lexical_cue_reduced,
Lexical,154,The automated response isn't going to cut it for Frank.,escalate_to_human,escalate_to_human,escalate_to_human,True,1,0.5025485754013062,0.5025485754013062,escalate_to_human;provision_vm;send_notification;generate_report;quarantine_system,0.50254858;0.44125560;0.42203966;0.42028296;0.40842968,891,lexical_cue_reduced,
Lexical,155,Frank's case is too nuanced for a bot.,escalate_to_human,escalate_to_human,escalate_to_human,True,1,0.4587949812412262,0.4587949812412262,escalate_to_human;create_ticket;provision_vm;send_notification;generate_report,0.45879498;0.35246065;0.35047704;0.34205949;0.33100349,892,lexical_cue_reduced,
Lexical,156,We need human intervention for Grace.,escalate_to_human,escalate_to_human,escalate_to_human,True,1,0.3507995009422302,0.3507995009422302,escalate_to_human;create_ticket;process_refund;reset_password;quarantine_system,0.35079950;0.28752574;0.27590156;0.27117914;0.26871246,893,lexical_cue_reduced,
Lexical,157,The automated response isn't going to cut it for Alice.,escalate_to_human,escalate_to_human,escalate_to_human,True,1,0.5072072148323059,0.5072072148323059,escalate_to_human;provision_vm;send_notification;generate_report;create_ticket,0.50720721;0.33997676;0.32752725;0.32576811;0.29699165,894,lexical_cue_reduced,
Lexical,158,Bob's situation needs a real person.,escalate_to_human,escalate_to_human,escalate_to_human,True,1,0.40687644481658936,0.40687644481658936,escalate_to_human;create_ticket;quarantine_system;provision_vm;generate_report,0.40687644;0.27185282;0.24787767;0.22737952;0.22058278,895,lexical_cue_reduced,
Lexical,159,Automation isn't going to resolve Charlie's issue.,escalate_to_human,escalate_to_human,escalate_to_human,True,1,0.4161910116672516,0.4161910116672516,escalate_to_human;provision_vm;quarantine_system;generate_report;create_ticket,0.41619101;0.37727690;0.36687180;0.34227222;0.33307806,896,lexical_cue_reduced,
Lexical,160,The automated response isn't going to cut it for Diana.,escalate_to_human,escalate_to_human,escalate_to_human,True,1,0.4400741755962372,0.4400741755962372,escalate_to_human;generate_report;provision_vm;quarantine_system;send_notification,0.44007418;0.36769989;0.36160758;0.33335644;0.33214033,897,lexical_cue_reduced,
Lexical,161,Bob's case is too nuanced for a bot.,escalate_to_human,escalate_to_human,escalate_to_human,True,1,0.39814671874046326,0.39814671874046326,escalate_to_human;send_notification;provision_vm;create_ticket;generate_report,0.39814672;0.26692879;0.26279917;0.25912184;0.25039244,898,lexical_cue_reduced,
Lexical,162,Charlie's case is too nuanced for a bot.,escalate_to_human,escalate_to_human,escalate_to_human,True,1,0.4237043261528015,0.4237043261528015,escalate_to_human;provision_vm;quarantine_system;send_notification;generate_report,0.42370433;0.30116165;0.29960865;0.29754221;0.28548712,899,lexical_cue_reduced,
Lexical,163,Can we get a senior person to look at Frank's case?,escalate_to_human,escalate_to_human,escalate_to_human,True,1,0.4409554600715637,0.4409554600715637,escalate_to_human;create_ticket;generate_report;provision_vm;send_notification,0.44095546;0.39352310;0.29748866;0.28968126;0.25871024,900,lexical_cue_reduced,
Lexical,164,The automated response isn't going to cut it for Bob.,escalate_to_human,escalate_to_human,escalate_to_human,True,1,0.4465050995349884,0.4465050995349884,escalate_to_human;quarantine_system;provision_vm;send_notification;generate_report,0.44650510;0.34615663;0.34258392;0.33540124;0.33421478,901,lexical_cue_reduced,
Lexical,165,The automated response isn't going to cut it for Charlie.,escalate_to_human,escalate_to_human,escalate_to_human,True,1,0.4409591555595398,0.4409591555595398,escalate_to_human;quarantine_system;provision_vm;generate_report;send_notification,0.44095916;0.38518214;0.36939767;0.36061454;0.34630176,902,lexical_cue_reduced,
Lexical,166,Eve's situation needs a real person.,escalate_to_human,escalate_to_human,escalate_to_human,True,1,0.39084166288375854,0.39084166288375854,escalate_to_human;generate_report;send_notification;quarantine_system;provision_vm,0.39084166;0.20875642;0.20189235;0.19937892;0.18824501,903,lexical_cue_reduced,
Lexical,167,Diana's case is too nuanced for a bot.,escalate_to_human,escalate_to_human,escalate_to_human,True,1,0.4197413921356201,0.4197413921356201,escalate_to_human;generate_report;provision_vm;create_ticket;send_notification,0.41974139;0.30363935;0.29775330;0.28659177;0.27861872,904,lexical_cue_reduced,
Lexical,168,Charlie's situation needs a real person.,escalate_to_human,escalate_to_human,escalate_to_human,True,1,0.4183754622936249,0.4183754622936249,escalate_to_human;quarantine_system;create_ticket;provision_vm;send_notification,0.41837546;0.31004816;0.28517026;0.27954507;0.26499408,905,lexical_cue_reduced,
Lexical,169,The automated response isn't going to cut it for Grace.,escalate_to_human,escalate_to_human,escalate_to_human,True,1,0.3824268579483032,0.3824268579483032,escalate_to_human;provision_vm;generate_report;quarantine_system;send_notification,0.38242686;0.32095551;0.30096915;0.29738641;0.28972811,906,lexical_cue_reduced,
Lexical,170,We need human intervention for Bob.,escalate_to_human,escalate_to_human,escalate_to_human,True,1,0.4194008409976959,0.4194008409976959,escalate_to_human;create_ticket;quarantine_system;process_refund;generate_report,0.41940084;0.33477691;0.31542078;0.31288183;0.28991643,907,lexical_cue_reduced,
Lexical,171,Automation isn't going to resolve Alice's issue.,escalate_to_human,escalate_to_human,escalate_to_human,True,1,0.4796404540538788,0.4796404540538788,escalate_to_human;provision_vm;generate_report;create_ticket;send_notification,0.47964045;0.35190991;0.31723046;0.31710571;0.29791602,908,lexical_cue_reduced,
Lexical,172,Automation isn't going to resolve Diana's issue.,escalate_to_human,escalate_to_human,escalate_to_human,True,1,0.41690322756767273,0.41690322756767273,escalate_to_human;provision_vm;generate_report;quarantine_system;create_ticket,0.41690323;0.36027449;0.34119496;0.31200925;0.30449915,909,lexical_cue_reduced,
Lexical,173,Frank's situation needs a real person.,escalate_to_human,escalate_to_human,escalate_to_human,True,1,0.4724060297012329,0.4724060297012329,escalate_to_human;create_ticket;provision_vm;send_notification;generate_report,0.47240603;0.36999741;0.34078753;0.33395705;0.32548368,910,lexical_cue_reduced,
Lexical,174,We need human intervention for Frank.,escalate_to_human,escalate_to_human,escalate_to_human,True,1,0.4857708513736725,0.4857708513736725,escalate_to_human;create_ticket;provision_vm;generate_report;quarantine_system,0.48577085;0.42337465;0.38968009;0.38031793;0.37962681,911,lexical_cue_reduced,
Lexical,175,We need human intervention for Alice.,escalate_to_human,escalate_to_human,escalate_to_human,True,1,0.5011044144630432,0.5011044144630432,escalate_to_human;create_ticket;provision_vm;generate_report;process_refund,0.50110441;0.34793788;0.30310562;0.30019578;0.29963031,912,lexical_cue_reduced,
Lexical,176,Can we get a senior person to look at Alice's case?,escalate_to_human,escalate_to_human,escalate_to_human,True,1,0.45206475257873535,0.45206475257873535,escalate_to_human;create_ticket;generate_report;provision_vm;send_notification,0.45206475;0.30492669;0.23006445;0.22295175;0.20172356,913,lexical_cue_reduced,
Lexical,177,The automated response isn't going to cut it for Eve.,escalate_to_human,escalate_to_human,escalate_to_human,True,1,0.3961409628391266,0.3961409628391266,escalate_to_human;generate_report;provision_vm;send_notification;quarantine_system,0.39614096;0.33788711;0.32821655;0.32490784;0.31891128,914,lexical_cue_reduced,
Lexical,178,Alice's situation needs a real person.,escalate_to_human,escalate_to_human,escalate_to_human,True,1,0.47272440791130066,0.47272440791130066,escalate_to_human;create_ticket;provision_vm;generate_report;send_notification,0.47272441;0.26788855;0.24387762;0.23192143;0.22277454,915,lexical_cue_reduced,
Lexical,179,Can we get a senior person to look at Diana's case?,escalate_to_human,escalate_to_human,escalate_to_human,True,1,0.3967570662498474,0.3967570662498474,escalate_to_human;create_ticket;generate_report;provision_vm;log_audit_event,0.39675707;0.30892375;0.26795569;0.22989438;0.21595441,916,lexical_cue_reduced,
Lexical,180,The automated response isn't going to cut it for Frank.,escalate_to_human,escalate_to_human,escalate_to_human,True,1,0.5025485754013062,0.5025485754013062,escalate_to_human;provision_vm;send_notification;generate_report;quarantine_system,0.50254858;0.44125560;0.42203966;0.42028296;0.40842968,917,lexical_cue_reduced,
Lexical,181,This one needs a pair of human eyes.,escalate_to_human,escalate_to_human,escalate_to_human,True,1,0.28636789321899414,0.28636789321899414,escalate_to_human;generate_report;send_notification;create_ticket;provision_vm,0.28636789;0.27173892;0.25501400;0.24655896;0.21697268,918,lexical_cue_reduced,
Lexical,182,We need human intervention for Frank.,escalate_to_human,escalate_to_human,escalate_to_human,True,1,0.4857708513736725,0.4857708513736725,escalate_to_human;create_ticket;provision_vm;generate_report;quarantine_system,0.48577085;0.42337465;0.38968009;0.38031793;0.37962681,919,lexical_cue_reduced,
Lexical,183,Grace's situation needs a real person.,escalate_to_human,escalate_to_human,escalate_to_human,True,1,0.33465883135795593,0.33465883135795593,escalate_to_human;create_ticket;provision_vm;quarantine_system;generate_report,0.33465883;0.21771632;0.21287903;0.19390039;0.18921746,920,lexical_cue_reduced,
Lexical,184,Alice's case is too nuanced for a bot.,escalate_to_human,escalate_to_human,escalate_to_human,True,1,0.4661788046360016,0.4661788046360016,escalate_to_human;create_ticket;provision_vm;send_notification;generate_report,0.46617880;0.28244430;0.28112924;0.27296820;0.26637718,921,lexical_cue_reduced,
Lexical,185,This requires human decision-making.,escalate_to_human,escalate_to_human,escalate_to_human,True,1,0.53221195936203,0.53221195936203,escalate_to_human;create_ticket;provision_vm;send_notification;generate_report,0.53221196;0.39683941;0.39270431;0.37766978;0.37385386,922,lexical_cue_reduced,
Lexical,186,Can we get a senior person to look at Alice's case?,escalate_to_human,escalate_to_human,escalate_to_human,True,1,0.45206475257873535,0.45206475257873535,escalate_to_human;create_ticket;generate_report;provision_vm;send_notification,0.45206475;0.30492669;0.23006445;0.22295175;0.20172356,923,lexical_cue_reduced,
Lexical,187,The automated response isn't going to cut it for Frank.,escalate_to_human,escalate_to_human,escalate_to_human,True,1,0.5025485754013062,0.5025485754013062,escalate_to_human;provision_vm;send_notification;generate_report;quarantine_system,0.50254858;0.44125560;0.42203966;0.42028296;0.40842968,924,lexical_cue_reduced,
Lexical,188,We need human intervention for Eve.,escalate_to_human,escalate_to_human,escalate_to_human,True,1,0.4092782139778137,0.4092782139778137,escalate_to_human;generate_report;quarantine_system;process_refund;send_notification,0.40927821;0.28957534;0.28050363;0.27342162;0.26578465,925,lexical_cue_reduced,
Lexical,189,Can we get a senior person to look at Eve's case?,escalate_to_human,escalate_to_human,escalate_to_human,True,1,0.4247440695762634,0.4247440695762634,escalate_to_human;create_ticket;generate_report;log_audit_event;send_notification,0.42474407;0.28590062;0.24890700;0.23028979;0.21698789,926,lexical_cue_reduced,
Lexical,190,Alice's case is too nuanced for a bot.,escalate_to_human,escalate_to_human,escalate_to_human,True,1,0.4661788046360016,0.4661788046360016,escalate_to_human;create_ticket;provision_vm;send_notification;generate_report,0.46617880;0.28244430;0.28112924;0.27296820;0.26637718,927,lexical_cue_reduced,
Lexical,191,Automation isn't going to resolve Charlie's issue.,escalate_to_human,escalate_to_human,escalate_to_human,True,1,0.4161910116672516,0.4161910116672516,escalate_to_human;provision_vm;quarantine_system;generate_report;create_ticket,0.41619101;0.37727690;0.36687180;0.34227222;0.33307806,928,lexical_cue_reduced,
Lexical,192,Bob's case is too nuanced for a bot.,escalate_to_human,escalate_to_human,escalate_to_human,True,1,0.39814671874046326,0.39814671874046326,escalate_to_human;send_notification;provision_vm;create_ticket;generate_report,0.39814672;0.26692879;0.26279917;0.25912184;0.25039244,929,lexical_cue_reduced,
Lexical,193,Automation isn't going to resolve Charlie's issue.,escalate_to_human,escalate_to_human,escalate_to_human,True,1,0.4161910116672516,0.4161910116672516,escalate_to_human;provision_vm;quarantine_system;generate_report;create_ticket,0.41619101;0.37727690;0.36687180;0.34227222;0.33307806,930,lexical_cue_reduced,
Lexical,194,Automation isn't going to resolve Eve's issue.,escalate_to_human,escalate_to_human,escalate_to_human,True,1,0.39242425560951233,0.39242425560951233,escalate_to_human;provision_vm;generate_report;quarantine_system;send_notification,0.39242426;0.35140222;0.32822585;0.30946633;0.29447144,931,lexical_cue_reduced,
Lexical,195,This requires human decision-making.,escalate_to_human,escalate_to_human,escalate_to_human,True,1,0.53221195936203,0.53221195936203,escalate_to_human;create_ticket;provision_vm;send_notification;generate_report,0.53221196;0.39683941;0.39270431;0.37766978;0.37385386,932,lexical_cue_reduced,
Lexical,196,We need human intervention for Grace.,escalate_to_human,escalate_to_human,escalate_to_human,True,1,0.3507995009422302,0.3507995009422302,escalate_to_human;create_ticket;process_refund;reset_password;quarantine_system,0.35079950;0.28752574;0.27590156;0.27117914;0.26871246,933,lexical_cue_reduced,
Lexical,197,Automation isn't going to resolve Alice's issue.,escalate_to_human,escalate_to_human,escalate_to_human,True,1,0.4796404540538788,0.4796404540538788,escalate_to_human;provision_vm;generate_report;create_ticket;send_notification,0.47964045;0.35190991;0.31723046;0.31710571;0.29791602,934,lexical_cue_reduced,
Lexical,198,Can we get a senior person to look at Grace's case?,escalate_to_human,escalate_to_human,escalate_to_human,True,1,0.3558337688446045,0.3558337688446045,escalate_to_human;create_ticket;generate_report;log_audit_event;provision_vm,0.35583377;0.30034319;0.21829730;0.21630836;0.20576476,935,lexical_cue_reduced,
Lexical,199,This requires human decision-making.,escalate_to_human,escalate_to_human,escalate_to_human,True,1,0.53221195936203,0.53221195936203,escalate_to_human;create_ticket;provision_vm;send_notification;generate_report,0.53221196;0.39683941;0.39270431;0.37766978;0.37385386,936,lexical_cue_reduced,
Lexical,200,We need someone with judgment on this.,escalate_to_human,escalate_to_human,escalate_to_human,True,1,0.37232837080955505,0.37232837080955505,escalate_to_human;generate_report;quarantine_system;provision_vm;create_ticket,0.37232837;0.29285991;0.28413507;0.27857015;0.27426505,937,lexical_cue_reduced,
Lexical,201,Finance wants a summary of what happened.,generate_report,generate_report,db_write,False,5,0.37701186537742615,0.34956690669059753,db_write;create_ticket;log_audit_event;db_read;generate_report,0.37701187;0.36006168;0.35723057;0.35404646;0.34956691,469,lexical_cue_reduced,
Lexical,202,It's time for the periodic review document.,generate_report,generate_report,process_refund,False,5,0.40732207894325256,0.36903417110443115,process_refund;quarantine_system;log_audit_event;escalate_to_human;generate_report,0.40732208;0.40204787;0.37779444;0.37068480;0.36903417,470,lexical_cue_reduced,
Lexical,203,The quarterly figures need packaging.,generate_report,generate_report,db_write,False,4,0.2801792621612549,0.22594083845615387,db_write;send_notification;provision_vm;generate_report;update_subscription,0.28017926;0.24232790;0.23822667;0.22594084;0.21599022,471,lexical_cue_reduced,
Lexical,204,We need to present the findings to leadership.,generate_report,generate_report,send_notification,False,7,0.3753582835197449,0.2879549264907837,send_notification;quarantine_system;process_refund;check_status;escalate_to_human,0.37535828;0.34112710;0.34054327;0.32940060;0.32560545,472,lexical_cue_reduced,
Lexical,205,We owe Finance a write-up.,generate_report,generate_report,db_write,False,3,0.32696083188056946,0.31062084436416626,db_write;create_ticket;generate_report;provision_vm;update_subscription,0.32696083;0.31889790;0.31062084;0.30637848;0.29987198,473,lexical_cue_reduced,
Lexical,206,Management is asking for numbers.,generate_report,generate_report,process_refund,False,4,0.31586959958076477,0.29073792695999146,process_refund;send_notification;quarantine_system;generate_report;provision_vm,0.31586960;0.30852190;0.29995823;0.29073793;0.28557724,474,lexical_cue_reduced,
Lexical,207,We owe Engineering a write-up.,generate_report,generate_report,generate_report,True,1,0.4042263329029083,0.4042263329029083,generate_report;provision_vm;send_notification;escalate_to_human;db_write,0.40422633;0.39783901;0.38842198;0.37324780;0.36634430,475,lexical_cue_reduced,
Lexical,208,Marketing wants a summary of what happened.,generate_report,generate_report,process_refund,False,2,0.35114049911499023,0.33272892236709595,process_refund;generate_report;log_audit_event;check_status;db_write,0.35114050;0.33272892;0.32991567;0.32062376;0.29732054,476,lexical_cue_reduced,
Lexical,209,Stakeholders want to see the data in a digestible format.,generate_report,generate_report,db_read,False,5,0.368220716714859,0.2683672606945038,db_read;db_write;log_audit_event;send_notification;generate_report,0.36822072;0.33994830;0.28088972;0.27922872;0.26836726,477,lexical_cue_reduced,
Lexical,210,We owe HR a write-up.,generate_report,generate_report,escalate_to_human,False,2,0.3301438093185425,0.3263269066810608,escalate_to_human;generate_report;create_ticket;send_notification;provision_vm,0.33014381;0.32632691;0.31825396;0.30116919;0.28865343,478,lexical_cue_reduced,
Lexical,211,We need documentation for the stakeholders.,generate_report,generate_report,create_ticket,False,2,0.4816896617412567,0.41742146015167236,create_ticket;generate_report;send_notification;log_audit_event;process_refund,0.48168966;0.41742146;0.41488951;0.41270640;0.41084778,479,lexical_cue_reduced,
Lexical,212,Legal wants a summary of what happened.,generate_report,generate_report,create_ticket,False,4,0.41219887137413025,0.3242414891719818,create_ticket;log_audit_event;escalate_to_human;generate_report;process_refund,0.41219887;0.35550165;0.33277524;0.32424149;0.30114216,480,lexical_cue_reduced,
Lexical,213,Someone needs to summarize the metrics for Finance.,generate_report,generate_report,process_refund,False,2,0.3169744610786438,0.3111165761947632,process_refund;generate_report;send_notification;quarantine_system;provision_vm,0.31697446;0.31111658;0.30471545;0.29559425;0.29078248,481,lexical_cue_reduced,
Lexical,214,Someone needs to summarize the metrics for Engineering.,generate_report,generate_report,quarantine_system,False,4,0.36945784091949463,0.32151758670806885,quarantine_system;send_notification;process_refund;generate_report;provision_vm,0.36945784;0.36111915;0.34917739;0.32151759;0.32101130,482,lexical_cue_reduced,
Lexical,215,Can someone put together the overview for HR?,generate_report,generate_report,generate_report,True,1,0.39465218782424927,0.39465218782424927,generate_report;process_refund;send_notification;create_ticket;log_audit_event,0.39465219;0.38337028;0.36792561;0.35159290;0.34717762,483,lexical_cue_reduced,
Lexical,216,Engineering wants a summary of what happened.,generate_report,generate_report,log_audit_event,False,2,0.4529360830783844,0.43867895007133484,log_audit_event;generate_report;process_refund;create_ticket;db_write,0.45293608;0.43867895;0.42325932;0.42139411;0.40742451,484,lexical_cue_reduced,
Lexical,217,HR wants a summary of what happened.,generate_report,generate_report,log_audit_event,False,2,0.39500895142555237,0.37206336855888367,log_audit_event;generate_report;create_ticket;process_refund;check_status,0.39500895;0.37206337;0.37045690;0.36998430;0.33303180,485,lexical_cue_reduced,
Lexical,218,Can someone put together the overview for Marketing?,generate_report,generate_report,send_notification,False,3,0.35485169291496277,0.346364289522171,send_notification;update_subscription;generate_report;process_refund;provision_vm,0.35485169;0.34866506;0.34636429;0.34211269;0.33128434,486,lexical_cue_reduced,
Lexical,219,Can someone put together the overview for Legal?,generate_report,generate_report,create_ticket,False,2,0.4607361853122711,0.39651668071746826,create_ticket;generate_report;escalate_to_human;send_notification;process_refund,0.46073619;0.39651668;0.39336699;0.37144503;0.34851220,487,lexical_cue_reduced,
Lexical,220,Someone needs to summarize the metrics for Marketing.,generate_report,generate_report,process_refund,False,5,0.30103614926338196,0.2497003823518753,process_refund;quarantine_system;send_notification;check_status;generate_report,0.30103615;0.28459048;0.28093925;0.25224271;0.24970038,488,lexical_cue_reduced,
Lexical,221,We owe Marketing a write-up.,generate_report,generate_report,update_subscription,False,4,0.30050045251846313,0.2621760964393616,update_subscription;send_notification;provision_vm;generate_report;escalate_to_human,0.30050045;0.28010887;0.26588216;0.26217610;0.24347192,489,lexical_cue_reduced,
Lexical,222,Someone needs to summarize the metrics for Legal.,generate_report,generate_report,escalate_to_human,False,5,0.3364110589027405,0.27879345417022705,escalate_to_human;create_ticket;process_refund;send_notification;generate_report,0.33641106;0.30931658;0.29291075;0.28282103;0.27879345,490,lexical_cue_reduced,
Lexical,223,Can someone put together the overview for Finance?,generate_report,generate_report,create_ticket,False,2,0.38122934103012085,0.3642902970314026,create_ticket;generate_report;db_write;update_subscription;provision_vm,0.38122934;0.36429030;0.34342071;0.33436239;0.32029662,491,lexical_cue_reduced,
Lexical,224,Someone needs to summarize the metrics for HR.,generate_report,generate_report,process_refund,False,2,0.31547269225120544,0.29388493299484253,process_refund;generate_report;quarantine_system;send_notification;check_status,0.31547269;0.29388493;0.29126838;0.28816175;0.27273309,492,lexical_cue_reduced,
Lexical,225,We owe Legal a write-up.,generate_report,generate_report,escalate_to_human,False,3,0.3448362648487091,0.2959968149662018,escalate_to_human;create_ticket;generate_report;send_notification;update_subscription,0.34483626;0.33711123;0.29599681;0.29084492;0.28811732,493,lexical_cue_reduced,
Lexical,226,Can someone put together the overview for Engineering?,generate_report,generate_report,create_ticket,False,2,0.4312244653701782,0.43099740147590637,create_ticket;generate_report;send_notification;provision_vm;process_refund,0.43122447;0.43099740;0.41762900;0.41265324;0.39578149,494,lexical_cue_reduced,
Lexical,227,HR wants a summary of what happened.,generate_report,generate_report,log_audit_event,False,2,0.39500895142555237,0.37206336855888367,log_audit_event;generate_report;create_ticket;process_refund;check_status,0.39500895;0.37206337;0.37045690;0.36998430;0.33303180,495,lexical_cue_reduced,
Lexical,228,We need documentation for the stakeholders.,generate_report,generate_report,create_ticket,False,2,0.4816896617412567,0.41742146015167236,create_ticket;generate_report;send_notification;log_audit_event;process_refund,0.48168966;0.41742146;0.41488951;0.41270640;0.41084778,496,lexical_cue_reduced,
Lexical,229,Engineering wants a summary of what happened.,generate_report,generate_report,log_audit_event,False,2,0.4529360830783844,0.43867895007133484,log_audit_event;generate_report;process_refund;create_ticket;db_write,0.45293608;0.43867895;0.42325932;0.42139411;0.40742451,497,lexical_cue_reduced,
Lexical,230,Someone needs to summarize the metrics for Finance.,generate_report,generate_report,process_refund,False,2,0.3169744610786438,0.3111165761947632,process_refund;generate_report;send_notification;quarantine_system;provision_vm,0.31697446;0.31111658;0.30471545;0.29559425;0.29078248,498,lexical_cue_reduced,
Lexical,231,Management is asking for numbers.,generate_report,generate_report,process_refund,False,4,0.31586959958076477,0.29073792695999146,process_refund;send_notification;quarantine_system;generate_report;provision_vm,0.31586960;0.30852190;0.29995823;0.29073793;0.28557724,499,lexical_cue_reduced,
Lexical,232,Someone needs to summarize the metrics for HR.,generate_report,generate_report,process_refund,False,2,0.31547269225120544,0.29388493299484253,process_refund;generate_report;quarantine_system;send_notification;check_status,0.31547269;0.29388493;0.29126838;0.28816175;0.27273309,500,lexical_cue_reduced,
Lexical,233,Finance wants a summary of what happened.,generate_report,generate_report,db_write,False,5,0.37701186537742615,0.34956690669059753,db_write;create_ticket;log_audit_event;db_read;generate_report,0.37701187;0.36006168;0.35723057;0.35404646;0.34956691,501,lexical_cue_reduced,
Lexical,234,Someone needs to summarize the metrics for Marketing.,generate_report,generate_report,process_refund,False,5,0.30103614926338196,0.2497003823518753,process_refund;quarantine_system;send_notification;check_status;generate_report,0.30103615;0.28459048;0.28093925;0.25224271;0.24970038,502,lexical_cue_reduced,
Lexical,235,Management is asking for numbers.,generate_report,generate_report,process_refund,False,4,0.31586959958076477,0.29073792695999146,process_refund;send_notification;quarantine_system;generate_report;provision_vm,0.31586960;0.30852190;0.29995823;0.29073793;0.28557724,503,lexical_cue_reduced,
Lexical,236,Can someone put together the overview for Finance?,generate_report,generate_report,create_ticket,False,2,0.38122934103012085,0.3642902970314026,create_ticket;generate_report;db_write;update_subscription;provision_vm,0.38122934;0.36429030;0.34342071;0.33436239;0.32029662,504,lexical_cue_reduced,
Lexical,237,Management is asking for numbers.,generate_report,generate_report,process_refund,False,4,0.31586959958076477,0.29073792695999146,process_refund;send_notification;quarantine_system;generate_report;provision_vm,0.31586960;0.30852190;0.29995823;0.29073793;0.28557724,505,lexical_cue_reduced,
Lexical,238,Management is asking for numbers.,generate_report,generate_report,process_refund,False,4,0.31586959958076477,0.29073792695999146,process_refund;send_notification;quarantine_system;generate_report;provision_vm,0.31586960;0.30852190;0.29995823;0.29073793;0.28557724,506,lexical_cue_reduced,
Lexical,239,It's time for the periodic review document.,generate_report,generate_report,process_refund,False,5,0.40732207894325256,0.36903417110443115,process_refund;quarantine_system;log_audit_event;escalate_to_human;generate_report,0.40732208;0.40204787;0.37779444;0.37068480;0.36903417,507,lexical_cue_reduced,
Lexical,240,Someone needs to summarize the metrics for Legal.,generate_report,generate_report,escalate_to_human,False,5,0.3364110589027405,0.27879345417022705,escalate_to_human;create_ticket;process_refund;send_notification;generate_report,0.33641106;0.30931658;0.29291075;0.28282103;0.27879345,508,lexical_cue_reduced,
Lexical,241,Can someone put together the overview for Finance?,generate_report,generate_report,create_ticket,False,2,0.38122934103012085,0.3642902970314026,create_ticket;generate_report;db_write;update_subscription;provision_vm,0.38122934;0.36429030;0.34342071;0.33436239;0.32029662,509,lexical_cue_reduced,
Lexical,242,We need to present the findings to leadership.,generate_report,generate_report,send_notification,False,7,0.3753582835197449,0.2879549264907837,send_notification;quarantine_system;process_refund;check_status;escalate_to_human,0.37535828;0.34112710;0.34054327;0.32940060;0.32560545,510,lexical_cue_reduced,
Lexical,243,The quarterly figures need packaging.,generate_report,generate_report,db_write,False,4,0.2801792621612549,0.22594083845615387,db_write;send_notification;provision_vm;generate_report;update_subscription,0.28017926;0.24232790;0.23822667;0.22594084;0.21599022,511,lexical_cue_reduced,
Lexical,244,Management is asking for numbers.,generate_report,generate_report,process_refund,False,4,0.31586959958076477,0.29073792695999146,process_refund;send_notification;quarantine_system;generate_report;provision_vm,0.31586960;0.30852190;0.29995823;0.29073793;0.28557724,512,lexical_cue_reduced,
Lexical,245,It's time for the periodic review document.,generate_report,generate_report,process_refund,False,5,0.40732207894325256,0.36903417110443115,process_refund;quarantine_system;log_audit_event;escalate_to_human;generate_report,0.40732208;0.40204787;0.37779444;0.37068480;0.36903417,513,lexical_cue_reduced,
Lexical,246,It's time for the periodic review document.,generate_report,generate_report,process_refund,False,5,0.40732207894325256,0.36903417110443115,process_refund;quarantine_system;log_audit_event;escalate_to_human;generate_report,0.40732208;0.40204787;0.37779444;0.37068480;0.36903417,514,lexical_cue_reduced,
Lexical,247,It's time for the periodic review document.,generate_report,generate_report,process_refund,False,5,0.40732207894325256,0.36903417110443115,process_refund;quarantine_system;log_audit_event;escalate_to_human;generate_report,0.40732208;0.40204787;0.37779444;0.37068480;0.36903417,515,lexical_cue_reduced,
Lexical,248,Can someone put together the overview for Finance?,generate_report,generate_report,create_ticket,False,2,0.38122934103012085,0.3642902970314026,create_ticket;generate_report;db_write;update_subscription;provision_vm,0.38122934;0.36429030;0.34342071;0.33436239;0.32029662,516,lexical_cue_reduced,
Lexical,249,Can someone put together the overview for HR?,generate_report,generate_report,generate_report,True,1,0.39465218782424927,0.39465218782424927,generate_report;process_refund;send_notification;create_ticket;log_audit_event,0.39465219;0.38337028;0.36792561;0.35159290;0.34717762,517,lexical_cue_reduced,
Lexical,250,Management is asking for numbers.,generate_report,generate_report,process_refund,False,4,0.31586959958076477,0.29073792695999146,process_refund;send_notification;quarantine_system;generate_report;provision_vm,0.31586960;0.30852190;0.29995823;0.29073793;0.28557724,518,lexical_cue_reduced,
Lexical,251,The quarterly figures need packaging.,generate_report,generate_report,db_write,False,4,0.2801792621612549,0.22594083845615387,db_write;send_notification;provision_vm;generate_report;update_subscription,0.28017926;0.24232790;0.23822667;0.22594084;0.21599022,519,lexical_cue_reduced,
Lexical,252,Management is asking for numbers.,generate_report,generate_report,process_refund,False,4,0.31586959958076477,0.29073792695999146,process_refund;send_notification;quarantine_system;generate_report;provision_vm,0.31586960;0.30852190;0.29995823;0.29073793;0.28557724,520,lexical_cue_reduced,
Lexical,253,Management is asking for numbers.,generate_report,generate_report,process_refund,False,4,0.31586959958076477,0.29073792695999146,process_refund;send_notification;quarantine_system;generate_report;provision_vm,0.31586960;0.30852190;0.29995823;0.29073793;0.28557724,521,lexical_cue_reduced,
Lexical,254,We need to present the findings to leadership.,generate_report,generate_report,send_notification,False,7,0.3753582835197449,0.2879549264907837,send_notification;quarantine_system;process_refund;check_status;escalate_to_human,0.37535828;0.34112710;0.34054327;0.32940060;0.32560545,522,lexical_cue_reduced,
Lexical,255,It's time for the periodic review document.,generate_report,generate_report,process_refund,False,5,0.40732207894325256,0.36903417110443115,process_refund;quarantine_system;log_audit_event;escalate_to_human;generate_report,0.40732208;0.40204787;0.37779444;0.37068480;0.36903417,523,lexical_cue_reduced,
Lexical,256,We need to present the findings to leadership.,generate_report,generate_report,send_notification,False,7,0.37535834312438965,0.28795483708381653,send_notification;quarantine_system;process_refund;check_status;escalate_to_human,0.37535834;0.34112707;0.34054324;0.32940054;0.32560548,524,lexical_cue_reduced,
Lexical,257,The quarterly figures need packaging.,generate_report,generate_report,db_write,False,4,0.2801791727542877,0.22594086825847626,db_write;send_notification;provision_vm;generate_report;update_subscription,0.28017917;0.24232785;0.23822667;0.22594087;0.21599022,525,lexical_cue_reduced,
Lexical,258,Stakeholders want to see the data in a digestible format.,generate_report,generate_report,db_read,False,5,0.36822065711021423,0.2683672308921814,db_read;db_write;log_audit_event;send_notification;generate_report,0.36822066;0.33994824;0.28088972;0.27922875;0.26836723,526,lexical_cue_reduced,
Lexical,259,Management is asking for numbers.,generate_report,generate_report,process_refund,False,4,0.31586968898773193,0.290738046169281,process_refund;send_notification;quarantine_system;generate_report;provision_vm,0.31586969;0.30852208;0.29995829;0.29073805;0.28557739,527,lexical_cue_reduced,
Lexical,260,We owe Legal a write-up.,generate_report,generate_report,escalate_to_human,False,3,0.3448362350463867,0.29599687457084656,escalate_to_human;create_ticket;generate_report;send_notification;update_subscription,0.34483624;0.33711126;0.29599687;0.29084489;0.28811732,528,lexical_cue_reduced,
Lexical,261,It's time for the periodic review document.,generate_report,generate_report,process_refund,False,5,0.40732210874557495,0.3690342605113983,process_refund;quarantine_system;log_audit_event;escalate_to_human;generate_report,0.40732211;0.40204796;0.37779450;0.37068483;0.36903426,529,lexical_cue_reduced,
Lexical,262,It's time for the periodic review document.,generate_report,generate_report,process_refund,False,5,0.40732210874557495,0.3690342605113983,process_refund;quarantine_system;log_audit_event;escalate_to_human;generate_report,0.40732211;0.40204796;0.37779450;0.37068483;0.36903426,530,lexical_cue_reduced,
Lexical,263,We owe Finance a write-up.,generate_report,generate_report,db_write,False,3,0.32696089148521423,0.31062081456184387,db_write;create_ticket;generate_report;provision_vm;update_subscription,0.32696089;0.31889784;0.31062081;0.30637845;0.29987195,531,lexical_cue_reduced,
Lexical,264,We need documentation for the stakeholders.,generate_report,generate_report,create_ticket,False,2,0.48168984055519104,0.41742148995399475,create_ticket;generate_report;send_notification;log_audit_event;process_refund,0.48168984;0.41742149;0.41488963;0.41270646;0.41084790,532,lexical_cue_reduced,
Lexical,265,We need to present the findings to leadership.,generate_report,generate_report,send_notification,False,7,0.37535834312438965,0.28795483708381653,send_notification;quarantine_system;process_refund;check_status;escalate_to_human,0.37535834;0.34112707;0.34054324;0.32940054;0.32560548,533,lexical_cue_reduced,
Lexical,266,Stakeholders want to see the data in a digestible format.,generate_report,generate_report,db_read,False,5,0.36822065711021423,0.2683672308921814,db_read;db_write;log_audit_event;send_notification;generate_report,0.36822066;0.33994824;0.28088972;0.27922875;0.26836723,534,lexical_cue_reduced,
Lexical,267,Finance wants a summary of what happened.,generate_report,generate_report,db_write,False,5,0.37701183557510376,0.3495669662952423,db_write;create_ticket;log_audit_event;db_read;generate_report,0.37701184;0.36006162;0.35723063;0.35404640;0.34956697,535,lexical_cue_reduced,
Lexical,268,We can't skip the paper trail on this one.,log_audit_event,log_audit_event,generate_report,False,3,0.2973109185695648,0.2873319089412689,generate_report;escalate_to_human;log_audit_event;quarantine_system;provision_vm,0.29731092;0.28750867;0.28733191;0.28712326;0.28244942,938,lexical_cue_reduced,
Lexical,269,Don't forget to capture this for the auditors.,log_audit_event,log_audit_event,escalate_to_human,False,7,0.29986798763275146,0.2524556517601013,escalate_to_human;send_notification;generate_report;db_write;quarantine_system,0.29986799;0.27727407;0.26978669;0.26573277;0.26003185,939,lexical_cue_reduced,
Lexical,270,This action needs to be documented for regulators.,log_audit_event,log_audit_event,create_ticket,False,11,0.4964645504951477,0.36226823925971985,create_ticket;generate_report;send_notification;provision_vm;process_refund,0.49646455;0.45600677;0.44174427;0.43932879;0.43901390,940,lexical_cue_reduced,
Lexical,271,This needs to be in the official record.,log_audit_event,log_audit_event,generate_report,False,11,0.4024115204811096,0.33571386337280273,generate_report;check_status;db_write;db_read;create_ticket,0.40241152;0.39756316;0.38580239;0.37132642;0.37119967,941,lexical_cue_reduced,
Lexical,272,We need proof that this action took place.,log_audit_event,log_audit_event,create_ticket,False,3,0.3575373589992523,0.350766122341156,create_ticket;escalate_to_human;log_audit_event;generate_report;process_refund,0.35753736;0.35219678;0.35076612;0.34662333;0.32220215,942,lexical_cue_reduced,
Lexical,273,We need a record of what just happened.,log_audit_event,log_audit_event,db_write,False,4,0.4005015790462494,0.31856775283813477,db_write;db_read;generate_report;log_audit_event;create_ticket,0.40050158;0.34510806;0.32385653;0.31856775;0.30584458,943,lexical_cue_reduced,
Lexical,274,The regulator will ask if we documented this.,log_audit_event,log_audit_event,create_ticket,False,7,0.47073128819465637,0.404512494802475,create_ticket;db_write;generate_report;provision_vm;send_notification,0.47073129;0.45780340;0.44080821;0.43539491;0.41572034,944,lexical_cue_reduced,
Lexical,275,This should be traceable later if anyone asks.,log_audit_event,log_audit_event,log_audit_event,True,1,0.38373109698295593,0.38373109698295593,log_audit_event;generate_report;quarantine_system;scan_malware;provision_vm,0.38373110;0.37487042;0.35596257;0.35549673;0.35299999,945,lexical_cue_reduced,
Lexical,276,Compliance will want to see this was recorded.,log_audit_event,log_audit_event,log_audit_event,True,1,0.4298721253871918,0.4298721253871918,log_audit_event;check_status;generate_report;process_refund;create_ticket,0.42987213;0.41681683;0.41343611;0.41292596;0.40167728,946,lexical_cue_reduced,
Lexical,277,Make sure there's a trace of what was done.,log_audit_event,log_audit_event,log_audit_event,True,1,0.4079631268978119,0.4079631268978119,log_audit_event;quarantine_system;generate_report;check_status;db_write,0.40796313;0.38619691;0.36871991;0.35927919;0.35453770,947,lexical_cue_reduced,
Lexical,278,Don't forget to capture this for the auditors.,log_audit_event,log_audit_event,escalate_to_human,False,7,0.29986798763275146,0.2524556517601013,escalate_to_human;send_notification;generate_report;db_write;quarantine_system,0.29986799;0.27727407;0.26978669;0.26573277;0.26003185,948,lexical_cue_reduced,
Lexical,279,The regulator will ask if we documented this.,log_audit_event,log_audit_event,create_ticket,False,7,0.47073128819465637,0.404512494802475,create_ticket;db_write;generate_report;provision_vm;send_notification,0.47073129;0.45780340;0.44080821;0.43539491;0.41572034,949,lexical_cue_reduced,
Lexical,280,This needs to be in the official record.,log_audit_event,log_audit_event,generate_report,False,11,0.4024115204811096,0.33571386337280273,generate_report;check_status;db_write;db_read;create_ticket,0.40241152;0.39756316;0.38580239;0.37132642;0.37119967,950,lexical_cue_reduced,
Lexical,281,This needs to be in the official record.,log_audit_event,log_audit_event,generate_report,False,11,0.4024115204811096,0.33571386337280273,generate_report;check_status;db_write;db_read;create_ticket,0.40241152;0.39756316;0.38580239;0.37132642;0.37119967,951,lexical_cue_reduced,
Lexical,282,We can't skip the paper trail on this one.,log_audit_event,log_audit_event,generate_report,False,3,0.2973109185695648,0.2873319089412689,generate_report;escalate_to_human;log_audit_event;quarantine_system;provision_vm,0.29731092;0.28750867;0.28733191;0.28712326;0.28244942,952,lexical_cue_reduced,
Lexical,283,This action needs to be documented for regulators.,log_audit_event,log_audit_event,create_ticket,False,11,0.4964645504951477,0.36226823925971985,create_ticket;generate_report;send_notification;provision_vm;process_refund,0.49646455;0.45600677;0.44174427;0.43932879;0.43901390,953,lexical_cue_reduced,
Lexical,284,We need proof that this action took place.,log_audit_event,log_audit_event,create_ticket,False,3,0.3575373589992523,0.350766122341156,create_ticket;escalate_to_human;log_audit_event;generate_report;process_refund,0.35753736;0.35219678;0.35076612;0.34662333;0.32220215,954,lexical_cue_reduced,
Lexical,285,This action needs to be documented for regulators.,log_audit_event,log_audit_event,create_ticket,False,11,0.4964645504951477,0.36226823925971985,create_ticket;generate_report;send_notification;provision_vm;process_refund,0.49646455;0.45600677;0.44174427;0.43932879;0.43901390,955,lexical_cue_reduced,
Lexical,286,Make sure there's a trace of what was done.,log_audit_event,log_audit_event,log_audit_event,True,1,0.4079631268978119,0.4079631268978119,log_audit_event;quarantine_system;generate_report;check_status;db_write,0.40796313;0.38619691;0.36871991;0.35927919;0.35453770,956,lexical_cue_reduced,
Lexical,287,Compliance will want to see this was recorded.,log_audit_event,log_audit_event,log_audit_event,True,1,0.4298721253871918,0.4298721253871918,log_audit_event;check_status;generate_report;process_refund;create_ticket,0.42987213;0.41681683;0.41343611;0.41292596;0.40167728,957,lexical_cue_reduced,
Lexical,288,We need a record of what just happened.,log_audit_event,log_audit_event,db_write,False,4,0.4005015790462494,0.31856775283813477,db_write;db_read;generate_report;log_audit_event;create_ticket,0.40050158;0.34510806;0.32385653;0.31856775;0.30584458,958,lexical_cue_reduced,
Lexical,289,Compliance will want to see this was recorded.,log_audit_event,log_audit_event,log_audit_event,True,1,0.4298721253871918,0.4298721253871918,log_audit_event;check_status;generate_report;process_refund;create_ticket,0.42987213;0.41681683;0.41343611;0.41292596;0.40167728,959,lexical_cue_reduced,
Lexical,290,This needs to be in the official record.,log_audit_event,log_audit_event,generate_report,False,11,0.4024115204811096,0.33571386337280273,generate_report;check_status;db_write;db_read;create_ticket,0.40241152;0.39756316;0.38580239;0.37132642;0.37119967,960,lexical_cue_reduced,
Lexical,291,This should be traceable later if anyone asks.,log_audit_event,log_audit_event,log_audit_event,True,1,0.38373109698295593,0.38373109698295593,log_audit_event;generate_report;quarantine_system;scan_malware;provision_vm,0.38373110;0.37487042;0.35596257;0.35549673;0.35299999,961,lexical_cue_reduced,
Lexical,292,This should be traceable later if anyone asks.,log_audit_event,log_audit_event,log_audit_event,True,1,0.38373109698295593,0.38373109698295593,log_audit_event;generate_report;quarantine_system;scan_malware;provision_vm,0.38373110;0.37487042;0.35596257;0.35549673;0.35299999,962,lexical_cue_reduced,
Lexical,293,This action needs to be documented for regulators.,log_audit_event,log_audit_event,create_ticket,False,11,0.4964645504951477,0.36226823925971985,create_ticket;generate_report;send_notification;provision_vm;process_refund,0.49646455;0.45600677;0.44174427;0.43932879;0.43901390,963,lexical_cue_reduced,
Lexical,294,Compliance will want to see this was recorded.,log_audit_event,log_audit_event,log_audit_event,True,1,0.4298721253871918,0.4298721253871918,log_audit_event;check_status;generate_report;process_refund;create_ticket,0.42987213;0.41681683;0.41343611;0.41292596;0.40167728,964,lexical_cue_reduced,
Lexical,295,This action needs to be documented for regulators.,log_audit_event,log_audit_event,create_ticket,False,11,0.4964645504951477,0.36226823925971985,create_ticket;generate_report;send_notification;provision_vm;process_refund,0.49646455;0.45600677;0.44174427;0.43932879;0.43901390,965,lexical_cue_reduced,
Lexical,296,We can't skip the paper trail on this one.,log_audit_event,log_audit_event,generate_report,False,3,0.2973109185695648,0.2873319089412689,generate_report;escalate_to_human;log_audit_event;quarantine_system;provision_vm,0.29731092;0.28750867;0.28733191;0.28712326;0.28244942,966,lexical_cue_reduced,
Lexical,297,We need proof that this action took place.,log_audit_event,log_audit_event,create_ticket,False,3,0.3575373589992523,0.350766122341156,create_ticket;escalate_to_human;log_audit_event;generate_report;process_refund,0.35753736;0.35219678;0.35076612;0.34662333;0.32220215,967,lexical_cue_reduced,
Lexical,298,We need proof that this action took place.,log_audit_event,log_audit_event,create_ticket,False,3,0.3575373589992523,0.350766122341156,create_ticket;escalate_to_human;log_audit_event;generate_report;process_refund,0.35753736;0.35219678;0.35076612;0.34662333;0.32220215,968,lexical_cue_reduced,
Lexical,299,This action needs to be documented for regulators.,log_audit_event,log_audit_event,create_ticket,False,11,0.4964645504951477,0.36226823925971985,create_ticket;generate_report;send_notification;provision_vm;process_refund,0.49646455;0.45600677;0.44174427;0.43932879;0.43901390,969,lexical_cue_reduced,
Lexical,300,Make sure there's a trace of what was done.,log_audit_event,log_audit_event,log_audit_event,True,1,0.4079631268978119,0.4079631268978119,log_audit_event;quarantine_system;generate_report;check_status;db_write,0.40796313;0.38619691;0.36871991;0.35927919;0.35453770,970,lexical_cue_reduced,
Lexical,301,We need a record of what just happened.,log_audit_event,log_audit_event,db_write,False,4,0.4005015790462494,0.31856775283813477,db_write;db_read;generate_report;log_audit_event;create_ticket,0.40050158;0.34510806;0.32385653;0.31856775;0.30584458,971,lexical_cue_reduced,
Lexical,302,Don't forget to capture this for the auditors.,log_audit_event,log_audit_event,escalate_to_human,False,7,0.29986798763275146,0.2524556517601013,escalate_to_human;send_notification;generate_report;db_write;quarantine_system,0.29986799;0.27727407;0.26978669;0.26573277;0.26003185,972,lexical_cue_reduced,
Lexical,303,This action needs to be documented for regulators.,log_audit_event,log_audit_event,create_ticket,False,11,0.4964645504951477,0.36226823925971985,create_ticket;generate_report;send_notification;provision_vm;process_refund,0.49646455;0.45600677;0.44174427;0.43932879;0.43901390,973,lexical_cue_reduced,
Lexical,304,Compliance will want to see this was recorded.,log_audit_event,log_audit_event,log_audit_event,True,1,0.4298721253871918,0.4298721253871918,log_audit_event;check_status;generate_report;process_refund;create_ticket,0.42987213;0.41681683;0.41343611;0.41292596;0.40167728,974,lexical_cue_reduced,
Lexical,305,Make sure there's a trace of what was done.,log_audit_event,log_audit_event,log_audit_event,True,1,0.4079631268978119,0.4079631268978119,log_audit_event;quarantine_system;generate_report;check_status;db_write,0.40796313;0.38619691;0.36871991;0.35927919;0.35453770,975,lexical_cue_reduced,
Lexical,306,This action needs to be documented for regulators.,log_audit_event,log_audit_event,create_ticket,False,11,0.4964645504951477,0.36226823925971985,create_ticket;generate_report;send_notification;provision_vm;process_refund,0.49646455;0.45600677;0.44174427;0.43932879;0.43901390,976,lexical_cue_reduced,
Lexical,307,This needs to be in the official record.,log_audit_event,log_audit_event,generate_report,False,11,0.4024115204811096,0.33571386337280273,generate_report;check_status;db_write;db_read;create_ticket,0.40241152;0.39756316;0.38580239;0.37132642;0.37119967,977,lexical_cue_reduced,
Lexical,308,This action needs to be documented for regulators.,log_audit_event,log_audit_event,create_ticket,False,11,0.4964645504951477,0.36226823925971985,create_ticket;generate_report;send_notification;provision_vm;process_refund,0.49646455;0.45600677;0.44174427;0.43932879;0.43901390,978,lexical_cue_reduced,
Lexical,309,We can't skip the paper trail on this one.,log_audit_event,log_audit_event,generate_report,False,3,0.2973109185695648,0.2873319089412689,generate_report;escalate_to_human;log_audit_event;quarantine_system;provision_vm,0.29731092;0.28750867;0.28733191;0.28712326;0.28244942,979,lexical_cue_reduced,
Lexical,310,Compliance will want to see this was recorded.,log_audit_event,log_audit_event,log_audit_event,True,1,0.4298721253871918,0.4298721253871918,log_audit_event;check_status;generate_report;process_refund;create_ticket,0.42987213;0.41681683;0.41343611;0.41292596;0.40167728,980,lexical_cue_reduced,
Lexical,311,Don't forget to capture this for the auditors.,log_audit_event,log_audit_event,escalate_to_human,False,7,0.29986798763275146,0.2524556517601013,escalate_to_human;send_notification;generate_report;db_write;quarantine_system,0.29986799;0.27727407;0.26978669;0.26573277;0.26003185,981,lexical_cue_reduced,
Lexical,312,We can't skip the paper trail on this one.,log_audit_event,log_audit_event,generate_report,False,3,0.2973109185695648,0.2873319089412689,generate_report;escalate_to_human;log_audit_event;quarantine_system;provision_vm,0.29731092;0.28750867;0.28733191;0.28712326;0.28244942,982,lexical_cue_reduced,
Lexical,313,We need a record of what just happened.,log_audit_event,log_audit_event,db_write,False,4,0.4005015790462494,0.31856775283813477,db_write;db_read;generate_report;log_audit_event;create_ticket,0.40050158;0.34510806;0.32385653;0.31856775;0.30584458,983,lexical_cue_reduced,
Lexical,314,The regulator will ask if we documented this.,log_audit_event,log_audit_event,create_ticket,False,7,0.47073128819465637,0.404512494802475,create_ticket;db_write;generate_report;provision_vm;send_notification,0.47073129;0.45780340;0.44080821;0.43539491;0.41572034,984,lexical_cue_reduced,
Lexical,315,The regulator will ask if we documented this.,log_audit_event,log_audit_event,create_ticket,False,7,0.47073128819465637,0.404512494802475,create_ticket;db_write;generate_report;provision_vm;send_notification,0.47073129;0.45780340;0.44080821;0.43539491;0.41572034,985,lexical_cue_reduced,
Lexical,316,We can't skip the paper trail on this one.,log_audit_event,log_audit_event,generate_report,False,3,0.2973109185695648,0.2873319089412689,generate_report;escalate_to_human;log_audit_event;quarantine_system;provision_vm,0.29731092;0.28750867;0.28733191;0.28712326;0.28244942,986,lexical_cue_reduced,
Lexical,317,This needs to be in the official record.,log_audit_event,log_audit_event,generate_report,False,11,0.4024115204811096,0.33571386337280273,generate_report;check_status;db_write;db_read;create_ticket,0.40241152;0.39756316;0.38580239;0.37132642;0.37119967,987,lexical_cue_reduced,
Lexical,318,Don't forget to capture this for the auditors.,log_audit_event,log_audit_event,escalate_to_human,False,7,0.29986798763275146,0.2524556517601013,escalate_to_human;send_notification;generate_report;db_write;quarantine_system,0.29986799;0.27727407;0.26978669;0.26573277;0.26003185,988,lexical_cue_reduced,
Lexical,319,The regulator will ask if we documented this.,log_audit_event,log_audit_event,create_ticket,False,7,0.47073128819465637,0.404512494802475,create_ticket;db_write;generate_report;provision_vm;send_notification,0.47073129;0.45780340;0.44080821;0.43539491;0.41572034,989,lexical_cue_reduced,
Lexical,320,We need proof that this action took place.,log_audit_event,log_audit_event,create_ticket,False,3,0.35753729939460754,0.35076621174812317,create_ticket;escalate_to_human;log_audit_event;generate_report;process_refund,0.35753730;0.35219678;0.35076621;0.34662333;0.32220218,990,lexical_cue_reduced,
Lexical,321,Don't forget to capture this for the auditors.,log_audit_event,log_audit_event,escalate_to_human,False,7,0.29986798763275146,0.25245559215545654,escalate_to_human;send_notification;generate_report;db_write;quarantine_system,0.29986799;0.27727404;0.26978660;0.26573268;0.26003173,991,lexical_cue_reduced,
Lexical,322,Compliance will want to see this was recorded.,log_audit_event,log_audit_event,log_audit_event,True,1,0.42987218499183655,0.42987218499183655,log_audit_event;check_status;generate_report;process_refund;create_ticket,0.42987218;0.41681695;0.41343620;0.41292602;0.40167725,992,lexical_cue_reduced,
Lexical,323,The regulator will ask if we documented this.,log_audit_event,log_audit_event,create_ticket,False,7,0.47073104977607727,0.40451234579086304,create_ticket;db_write;generate_report;provision_vm;send_notification,0.47073105;0.45780334;0.44080803;0.43539470;0.41572022,993,lexical_cue_reduced,
Lexical,324,We need proof that this action took place.,log_audit_event,log_audit_event,create_ticket,False,3,0.35753729939460754,0.35076621174812317,create_ticket;escalate_to_human;log_audit_event;generate_report;process_refund,0.35753730;0.35219678;0.35076621;0.34662333;0.32220218,994,lexical_cue_reduced,
Lexical,325,Make sure there's a trace of what was done.,log_audit_event,log_audit_event,log_audit_event,True,1,0.40796321630477905,0.40796321630477905,log_audit_event;quarantine_system;generate_report;check_status;db_write,0.40796322;0.38619688;0.36871997;0.35927925;0.35453776,995,lexical_cue_reduced,
Lexical,326,The regulator will ask if we documented this.,log_audit_event,log_audit_event,create_ticket,False,7,0.47073104977607727,0.40451234579086304,create_ticket;db_write;generate_report;provision_vm;send_notification,0.47073105;0.45780334;0.44080803;0.43539470;0.41572022,996,lexical_cue_reduced,
Lexical,327,We need proof that this action took place.,log_audit_event,log_audit_event,create_ticket,False,3,0.35753729939460754,0.35076621174812317,create_ticket;escalate_to_human;log_audit_event;generate_report;process_refund,0.35753730;0.35219678;0.35076621;0.34662333;0.32220218,997,lexical_cue_reduced,
Lexical,328,Compliance will want to see this was recorded.,log_audit_event,log_audit_event,log_audit_event,True,1,0.42987218499183655,0.42987218499183655,log_audit_event;check_status;generate_report;process_refund;create_ticket,0.42987218;0.41681695;0.41343620;0.41292602;0.40167725,998,lexical_cue_reduced,
Lexical,329,Compliance will want to see this was recorded.,log_audit_event,log_audit_event,log_audit_event,True,1,0.42987218499183655,0.42987218499183655,log_audit_event;check_status;generate_report;process_refund;create_ticket,0.42987218;0.41681695;0.41343620;0.41292602;0.40167725,999,lexical_cue_reduced,
Lexical,330,This should be traceable later if anyone asks.,log_audit_event,log_audit_event,log_audit_event,True,1,0.38373106718063354,0.38373106718063354,log_audit_event;generate_report;quarantine_system;scan_malware;provision_vm,0.38373107;0.37487042;0.35596254;0.35549676;0.35299984,1000,lexical_cue_reduced,
Lexical,331,Make sure there's a trace of what was done.,log_audit_event,log_audit_event,log_audit_event,True,1,0.40796321630477905,0.40796321630477905,log_audit_event;quarantine_system;generate_report;check_status;db_write,0.40796322;0.38619688;0.36871997;0.35927925;0.35453776,1001,lexical_cue_reduced,
Lexical,332,This action needs to be documented for regulators.,log_audit_event,log_audit_event,create_ticket,False,11,0.49646469950675964,0.36226826906204224,create_ticket;generate_report;send_notification;provision_vm;process_refund,0.49646470;0.45600677;0.44174430;0.43932891;0.43901393,1002,lexical_cue_reduced,
Lexical,333,Compliance will want to see this was recorded.,log_audit_event,log_audit_event,log_audit_event,True,1,0.42987218499183655,0.42987218499183655,log_audit_event;check_status;generate_report;process_refund;create_ticket,0.42987218;0.41681695;0.41343620;0.41292602;0.40167725,1003,lexical_cue_reduced,
Lexical,334,The regulator will ask if we documented this.,log_audit_event,log_audit_event,create_ticket,False,7,0.47073104977607727,0.40451234579086304,create_ticket;db_write;generate_report;provision_vm;send_notification,0.47073105;0.45780334;0.44080803;0.43539470;0.41572022,1004,lexical_cue_reduced,
Lexical,335,Diana wants their money returned.,process_refund,process_refund,create_ticket,False,9,0.10799453407526016,0.025493288412690163,create_ticket;db_read;db_write;log_audit_event;generate_report,0.10799453;0.08536299;0.06912050;0.05609654;0.04195387,536,lexical_cue_reduced,
Lexical,336,Alice wants their money returned.,process_refund,process_refund,escalate_to_human,False,7,0.16934801638126373,0.002418809337541461,escalate_to_human;create_ticket;update_subscription;log_audit_event;provision_vm,0.16934802;0.11917003;0.06257718;0.04475633;0.02987626,537,lexical_cue_reduced,
Lexical,337,Eve says they didn't authorize this charge.,process_refund,process_refund,update_subscription,False,10,0.3768210709095001,0.26165586709976196,update_subscription;generate_report;provision_vm;escalate_to_human;create_ticket,0.37682107;0.33681002;0.32103148;0.31689587;0.30697322,538,lexical_cue_reduced,
Lexical,338,Alice says they didn't authorize this charge.,process_refund,process_refund,escalate_to_human,False,9,0.3968695402145386,0.26221975684165955,escalate_to_human;create_ticket;update_subscription;generate_report;provision_vm,0.39686954;0.36580533;0.36162665;0.33226261;0.33196485,539,lexical_cue_reduced,
Lexical,339,The charge on #20891 was a mistake.,process_refund,process_refund,create_ticket,False,4,0.47335463762283325,0.3975733816623688,create_ticket;provision_vm;generate_report;process_refund;update_subscription,0.47335464;0.44672450;0.42532918;0.39757338;0.39316314,540,lexical_cue_reduced,
Lexical,340,Eve wants their money returned.,process_refund,process_refund,log_audit_event,False,11,0.028714166954159737,-0.0799454003572464,log_audit_event;db_write;check_status;escalate_to_human;update_subscription,0.02871417;-0.01638979;-0.02041946;-0.02315656;-0.03706814,541,lexical_cue_reduced,
Lexical,341,Bob says they didn't authorize this charge.,process_refund,process_refund,update_subscription,False,9,0.37435200810432434,0.28808385133743286,update_subscription;create_ticket;generate_report;provision_vm;reset_password,0.37435201;0.36987320;0.33930296;0.33793691;0.32356900,542,lexical_cue_reduced,
Lexical,342,The charge on #31450 was a mistake.,process_refund,process_refund,provision_vm,False,7,0.3875909149646759,0.3252106010913849,provision_vm;create_ticket;generate_report;escalate_to_human;db_write,0.38759091;0.37221828;0.36191043;0.33561179;0.33361119,543,lexical_cue_reduced,
Lexical,343,We owe Diana money.,process_refund,process_refund,db_write,False,10,0.22528845071792603,0.1290273666381836,db_write;generate_report;db_read;provision_vm;create_ticket,0.22528845;0.19191669;0.18674958;0.18285140;0.18166673,544,lexical_cue_reduced,
Lexical,344,Frank wants their money returned.,process_refund,process_refund,create_ticket,False,9,0.22891901433467865,0.08088183403015137,create_ticket;update_subscription;provision_vm;escalate_to_human;generate_report,0.22891901;0.15334664;0.13605826;0.12365852;0.11673562,545,lexical_cue_reduced,
Lexical,345,Charlie paid twice and isn't happy.,process_refund,process_refund,create_ticket,False,8,0.13932940363883972,0.043181777000427246,create_ticket;update_subscription;check_status;escalate_to_human;generate_report,0.13932940;0.11132066;0.08136667;0.07713824;0.05847466,546,lexical_cue_reduced,
Lexical,346,Charlie wants their money returned.,process_refund,process_refund,create_ticket,False,9,0.13031622767448425,0.042858220636844635,create_ticket;log_audit_event;quarantine_system;provision_vm;escalate_to_human,0.13031623;0.06970797;0.06299794;0.05603247;0.05551791,547,lexical_cue_reduced,
Lexical,347,We owe Alice money.,process_refund,process_refund,escalate_to_human,False,10,0.27699294686317444,0.09715020656585693,escalate_to_human;update_subscription;create_ticket;provision_vm;generate_report,0.27699295;0.23519704;0.20636444;0.18905511;0.16461153,548,lexical_cue_reduced,
Lexical,348,The amount on #10234 needs to be reversed.,process_refund,process_refund,generate_report,False,6,0.36365315318107605,0.3403549790382385,generate_report;escalate_to_human;provision_vm;create_ticket;db_write,0.36365315;0.35924068;0.35619649;0.35282901;0.35010913,549,lexical_cue_reduced,
Lexical,349,There was a billing mistake with #20891.,process_refund,process_refund,update_subscription,False,5,0.42622867226600647,0.3419593274593353,update_subscription;create_ticket;provision_vm;generate_report;process_refund,0.42622867;0.39307204;0.38017896;0.35447219;0.34195933,550,lexical_cue_reduced,
Lexical,350,Grace shouldn't have been billed for that.,process_refund,process_refund,update_subscription,False,8,0.24465636909008026,0.023485904559493065,update_subscription;reset_password;escalate_to_human;create_ticket;provision_vm,0.24465637;0.13730086;0.10654804;0.09706078;0.08650322,551,lexical_cue_reduced,
Lexical,351,Diana says they didn't authorize this charge.,process_refund,process_refund,generate_report,False,7,0.3441499173641205,0.2774525284767151,generate_report;create_ticket;provision_vm;db_write;update_subscription,0.34414992;0.33262631;0.33065441;0.32297081;0.31942445,552,lexical_cue_reduced,
Lexical,352,Bob paid twice and isn't happy.,process_refund,process_refund,create_ticket,False,5,0.09948395192623138,-0.0070667448453605175,create_ticket;check_status;update_subscription;escalate_to_human;process_refund,0.09948395;0.05224185;0.04850516;0.01244019;-0.00706674,553,lexical_cue_reduced,
Lexical,353,There was a billing mistake with #53698.,process_refund,process_refund,update_subscription,False,5,0.4366493225097656,0.32610785961151123,update_subscription;provision_vm;create_ticket;generate_report;process_refund,0.43664932;0.36537477;0.32882553;0.32848835;0.32610786,554,lexical_cue_reduced,
Lexical,354,We owe Grace money.,process_refund,process_refund,update_subscription,False,11,0.1497674584388733,-0.01657126098871231,update_subscription;reset_password;provision_vm;create_ticket;generate_report,0.14976746;0.05848028;0.04267532;0.03684138;0.00333261,555,lexical_cue_reduced,
Lexical,355,The amount on #20891 needs to be reversed.,process_refund,process_refund,create_ticket,False,5,0.401348352432251,0.36125174164772034,create_ticket;generate_report;escalate_to_human;provision_vm;process_refund,0.40134835;0.39929402;0.39312744;0.39299998;0.36125174,556,lexical_cue_reduced,
Lexical,356,The amount on #53698 needs to be reversed.,process_refund,process_refund,escalate_to_human,False,6,0.36057186126708984,0.3331872820854187,escalate_to_human;provision_vm;generate_report;create_ticket;db_write,0.36057186;0.35838228;0.35694188;0.33499822;0.33368924,557,lexical_cue_reduced,
Lexical,357,The charge on #53698 was a mistake.,process_refund,process_refund,provision_vm,False,5,0.4332793951034546,0.3896770477294922,provision_vm;create_ticket;generate_report;update_subscription;process_refund,0.43327940;0.40804672;0.40607268;0.40269583;0.38967705,558,lexical_cue_reduced,
Lexical,358,Grace says they didn't authorize this charge.,process_refund,process_refund,update_subscription,False,9,0.3788294792175293,0.21514715254306793,update_subscription;reset_password;create_ticket;provision_vm;generate_report,0.37882948;0.30660963;0.30211613;0.28867495;0.27875918,559,lexical_cue_reduced,
Lexical,359,Charlie says they didn't authorize this charge.,process_refund,process_refund,create_ticket,False,9,0.37965497374534607,0.3088129460811615,create_ticket;update_subscription;provision_vm;generate_report;escalate_to_human,0.37965497;0.37690809;0.36645699;0.36602369;0.33851177,560,lexical_cue_reduced,
Lexical,360,Frank was charged incorrectly.,process_refund,process_refund,create_ticket,False,8,0.40189245343208313,0.26518937945365906,create_ticket;escalate_to_human;provision_vm;update_subscription;generate_report,0.40189245;0.40168607;0.34871301;0.30538717;0.29921305,561,lexical_cue_reduced,
Lexical,361,The charge on #60122 was a mistake.,process_refund,process_refund,provision_vm,False,4,0.37945353984832764,0.33447858691215515,provision_vm;create_ticket;generate_report;process_refund;update_subscription,0.37945354;0.34865779;0.34419072;0.33447859;0.32941622,562,lexical_cue_reduced,
Lexical,362,Bob wants their money returned.,process_refund,process_refund,create_ticket,False,6,0.09303957223892212,-0.014150179922580719,create_ticket;escalate_to_human;restart_service;check_status;log_audit_event,0.09303957;0.02177954;0.01739642;0.01723701;0.00595382,563,lexical_cue_reduced,
Lexical,363,Diana paid twice and isn't happy.,process_refund,process_refund,create_ticket,False,8,0.1039438247680664,0.028698863461613655,create_ticket;update_subscription;db_read;db_write;escalate_to_human,0.10394382;0.07788747;0.07778466;0.06252897;0.06099631,564,lexical_cue_reduced,
Lexical,364,The charge on #10234 was a mistake.,process_refund,process_refund,create_ticket,False,4,0.42966586351394653,0.3785640001296997,create_ticket;provision_vm;generate_report;process_refund;send_notification,0.42966586;0.41382682;0.39396349;0.37856400;0.36426863,565,lexical_cue_reduced,
Lexical,365,Diana was charged incorrectly.,process_refund,process_refund,escalate_to_human,False,6,0.300486296415329,0.20502562820911407,escalate_to_human;create_ticket;provision_vm;generate_report;db_write,0.30048630;0.27688086;0.23952998;0.22770500;0.21031129,566,lexical_cue_reduced,
Lexical,366,We need to make Alice financially whole again.,process_refund,process_refund,escalate_to_human,False,7,0.25417396426200867,0.13026241958141327,escalate_to_human;update_subscription;create_ticket;provision_vm;generate_report,0.25417396;0.24860664;0.24411082;0.19041531;0.18558817,567,lexical_cue_reduced,
Lexical,367,The charge on #42017 was a mistake.,process_refund,process_refund,provision_vm,False,4,0.41508302092552185,0.37589406967163086,provision_vm;create_ticket;generate_report;process_refund;update_subscription,0.41508302;0.39525336;0.38366112;0.37589407;0.36934033,568,lexical_cue_reduced,
Lexical,368,Diana shouldn't have been billed for that.,process_refund,process_refund,update_subscription,False,8,0.184650719165802,0.09691166877746582,update_subscription;escalate_to_human;create_ticket;generate_report;provision_vm,0.18465072;0.18245010;0.15386561;0.14180508;0.12838881,569,lexical_cue_reduced,
Lexical,369,Eve shouldn't have been billed for that.,process_refund,process_refund,update_subscription,False,10,0.20332923531532288,0.057457566261291504,update_subscription;escalate_to_human;generate_report;log_audit_event;provision_vm,0.20332924;0.16972664;0.12112394;0.11317483;0.11300927,570,lexical_cue_reduced,
Lexical,370,We owe Charlie money.,process_refund,process_refund,provision_vm,False,9,0.20717886090278625,0.12935298681259155,provision_vm;create_ticket;update_subscription;quarantine_system;escalate_to_human,0.20717886;0.20669055;0.20348714;0.19073904;0.18574023,571,lexical_cue_reduced,
Lexical,371,Alice shouldn't have been billed for that.,process_refund,process_refund,escalate_to_human,False,8,0.30461061000823975,0.09670895338058472,escalate_to_human;update_subscription;create_ticket;provision_vm;generate_report,0.30461061;0.25969118;0.20465900;0.15913612;0.15188876,572,lexical_cue_reduced,
Lexical,372,Frank says they didn't authorize this charge.,process_refund,process_refund,update_subscription,False,7,0.4659993350505829,0.3378422260284424,update_subscription;create_ticket;provision_vm;generate_report;escalate_to_human,0.46599934;0.44742289;0.41353258;0.40817288;0.38333270,573,lexical_cue_reduced,
Lexical,373,The amount on #60122 needs to be reversed.,process_refund,process_refund,provision_vm,False,3,0.3495321273803711,0.3265708088874817,provision_vm;generate_report;process_refund;escalate_to_human;send_notification,0.34953213;0.33838999;0.32657081;0.32407460;0.32035151,574,lexical_cue_reduced,
Lexical,374,Frank paid twice and isn't happy.,process_refund,process_refund,create_ticket,False,8,0.21386951208114624,0.0671185851097107,create_ticket;update_subscription;escalate_to_human;check_status;generate_report,0.21386951;0.19304729;0.13857375;0.12376561;0.11470176,575,lexical_cue_reduced,
Lexical,375,Grace was charged incorrectly.,process_refund,process_refund,update_subscription,False,6,0.23761901259422302,0.15660271048545837,update_subscription;escalate_to_human;create_ticket;reset_password;provision_vm,0.23761901;0.23156109;0.22817953;0.22577927;0.20464002,576,lexical_cue_reduced,
Lexical,376,Eve paid twice and isn't happy.,process_refund,process_refund,update_subscription,False,10,0.07874282449483871,-0.03827271983027458,update_subscription;check_status;db_write;create_ticket;log_audit_event,0.07874282;0.01866037;0.00736766;0.00421945;0.00061977,577,lexical_cue_reduced,
Lexical,377,Charlie was charged incorrectly.,process_refund,process_refund,escalate_to_human,False,6,0.33804067969322205,0.22759908437728882,escalate_to_human;create_ticket;provision_vm;quarantine_system;generate_report,0.33804068;0.31607345;0.27276826;0.24761684;0.23433305,578,lexical_cue_reduced,
Lexical,378,Eve was charged incorrectly.,process_refund,process_refund,escalate_to_human,False,7,0.2996901571750641,0.17492173612117767,escalate_to_human;provision_vm;generate_report;create_ticket;update_subscription,0.29969016;0.21914770;0.20874904;0.20396690;0.18693379,579,lexical_cue_reduced,
Lexical,379,Alice paid twice and isn't happy.,process_refund,process_refund,escalate_to_human,False,6,0.16657960414886475,0.007854321971535683,escalate_to_human;create_ticket;update_subscription;provision_vm;generate_report,0.16657960;0.13144584;0.13081272;0.03201858;0.02537181,580,lexical_cue_reduced,
Lexical,380,We owe Frank money.,process_refund,process_refund,update_subscription,False,10,0.3137488067150116,0.17986595630645752,update_subscription;create_ticket;provision_vm;send_notification;generate_report,0.31374881;0.29858249;0.28610149;0.27136973;0.25553623,581,lexical_cue_reduced,
Lexical,381,We need to make Frank financially whole again.,process_refund,process_refund,create_ticket,False,8,0.33768168091773987,0.2181679755449295,create_ticket;update_subscription;provision_vm;generate_report;send_notification,0.33768168;0.31742930;0.29050130;0.27856228;0.24126202,582,lexical_cue_reduced,
Lexical,382,Grace wants their money returned.,process_refund,process_refund,update_subscription,False,9,0.0386006198823452,-0.08746854960918427,update_subscription;create_ticket;reset_password;log_audit_event;provision_vm,0.03860062;0.00370075;-0.01249719;-0.02590057;-0.06161644,583,lexical_cue_reduced,
Lexical,383,Alice was charged incorrectly.,process_refund,process_refund,escalate_to_human,False,6,0.41669774055480957,0.21504588425159454,escalate_to_human;create_ticket;provision_vm;generate_report;update_subscription,0.41669774;0.31383169;0.26822060;0.24139306;0.22300343,584,lexical_cue_reduced,
Lexical,384,We need to make Eve financially whole again.,process_refund,process_refund,db_write,False,9,0.18874478340148926,0.1111394539475441,db_write;generate_report;update_subscription;create_ticket;provision_vm,0.18874478;0.17852768;0.16120413;0.15243243;0.14679512,585,lexical_cue_reduced,
Lexical,385,We need to make Charlie financially whole again.,process_refund,process_refund,create_ticket,False,6,0.26240280270576477,0.1877763569355011,create_ticket;update_subscription;provision_vm;generate_report;quarantine_system,0.26240280;0.24188817;0.22853893;0.22773665;0.21838926,586,lexical_cue_reduced,
Lexical,386,Grace paid twice and isn't happy.,process_refund,process_refund,update_subscription,False,8,0.09587915241718292,-0.07379617542028427,update_subscription;create_ticket;reset_password;check_status;escalate_to_human,0.09587915;0.00684549;-0.02343611;-0.03018668;-0.06006316,587,lexical_cue_reduced,
Lexical,387,Bob shouldn't have been billed for that.,process_refund,process_refund,update_subscription,False,8,0.19910019636154175,0.08880670368671417,update_subscription;escalate_to_human;create_ticket;generate_report;provision_vm,0.19910020;0.19842863;0.18465537;0.12249696;0.12190284,588,lexical_cue_reduced,
Lexical,388,Frank shouldn't have been billed for that.,process_refund,process_refund,update_subscription,False,8,0.3390953242778778,0.16592398285865784,update_subscription;create_ticket;escalate_to_human;provision_vm;generate_report,0.33909532;0.30437770;0.29054329;0.24778546;0.23764655,589,lexical_cue_reduced,
Lexical,389,We need to make Bob financially whole again.,process_refund,process_refund,create_ticket,False,7,0.22506070137023926,0.12911397218704224,create_ticket;update_subscription;reset_password;provision_vm;generate_report,0.22506070;0.17670734;0.16101715;0.15711744;0.15489434,590,lexical_cue_reduced,
Lexical,390,The amount on #31450 needs to be reversed.,process_refund,process_refund,db_write,False,7,0.3453049957752228,0.29194849729537964,db_write;provision_vm;generate_report;escalate_to_human;send_notification,0.34530500;0.33651003;0.33423492;0.33045420;0.31783214,591,lexical_cue_reduced,
Lexical,391,We need to make Grace financially whole again.,process_refund,process_refund,update_subscription,False,6,0.177008718252182,0.04349484294652939,update_subscription;reset_password;create_ticket;provision_vm;generate_report,0.17700872;0.15248711;0.11547209;0.07878278;0.07026958,592,lexical_cue_reduced,
Lexical,392,We need to make Diana financially whole again.,process_refund,process_refund,generate_report,False,6,0.23087987303733826,0.18134237825870514,generate_report;create_ticket;db_write;provision_vm;update_subscription,0.23087987;0.22586671;0.22539183;0.21152611;0.20245779,593,lexical_cue_reduced,
Lexical,393,There was a billing mistake with #10234.,process_refund,process_refund,update_subscription,False,5,0.37300217151641846,0.33460119366645813,update_subscription;create_ticket;provision_vm;generate_report;process_refund,0.37300217;0.36421973;0.36012954;0.33818057;0.33460119,594,lexical_cue_reduced,
Lexical,394,There was a billing mistake with #42017.,process_refund,process_refund,update_subscription,False,3,0.4187397062778473,0.3303593695163727,update_subscription;provision_vm;process_refund;create_ticket;generate_report,0.41873971;0.35981137;0.33035937;0.32884583;0.32550251,595,lexical_cue_reduced,
Lexical,395,We owe Eve money.,process_refund,process_refund,update_subscription,False,11,0.15564168989658356,0.06509247422218323,update_subscription;db_write;escalate_to_human;generate_report;provision_vm,0.15564169;0.15028414;0.13711910;0.12725104;0.12045325,596,lexical_cue_reduced,
Lexical,396,We owe Bob money.,process_refund,process_refund,create_ticket,False,8,0.19205687940120697,0.10103698074817657,create_ticket;update_subscription;provision_vm;escalate_to_human;generate_report,0.19205688;0.16993409;0.16538323;0.14731881;0.14036386,597,lexical_cue_reduced,
Lexical,397,The charge on #53698 was a mistake.,process_refund,process_refund,provision_vm,False,5,0.4332793951034546,0.3896770477294922,provision_vm;create_ticket;generate_report;update_subscription;process_refund,0.43327940;0.40804678;0.40607262;0.40269578;0.38967705,598,lexical_cue_reduced,
Lexical,398,Bob shouldn't have been billed for that.,process_refund,process_refund,update_subscription,False,8,0.19910019636154175,0.08880670368671417,update_subscription;escalate_to_human;create_ticket;generate_report;provision_vm,0.19910020;0.19842863;0.18465537;0.12249696;0.12190284,599,lexical_cue_reduced,
Lexical,399,Bob was charged incorrectly.,process_refund,process_refund,escalate_to_human,False,4,0.3193003833293915,0.20832958817481995,escalate_to_human;create_ticket;provision_vm;process_refund;generate_report,0.31930038;0.30050734;0.23882380;0.20832959;0.20124452,600,lexical_cue_reduced,
Lexical,400,There was a billing mistake with #31450.,process_refund,process_refund,update_subscription,False,6,0.38216638565063477,0.28911250829696655,update_subscription;provision_vm;create_ticket;generate_report;send_notification,0.38216639;0.33846506;0.32348138;0.30907720;0.29722875,601,lexical_cue_reduced,
Lexical,401,Charlie shouldn't have been billed for that.,process_refund,process_refund,update_subscription,False,7,0.2278691828250885,0.12759996950626373,update_subscription;escalate_to_human;create_ticket;provision_vm;generate_report,0.22786918;0.22151415;0.20304401;0.16959932;0.16712716,602,lexical_cue_reduced,
Lexical,402,HR put in a request for new hardware resources.,provision_vm,provision_vm,process_refund,False,4,0.3944985568523407,0.3578766882419586,process_refund;create_ticket;quarantine_system;provision_vm;generate_report,0.39449856;0.39408252;0.36636183;0.35787669;0.35753840,670,lexical_cue_reduced,
Lexical,403,Marketing needs more compute capacity.,provision_vm,provision_vm,update_subscription,False,6,0.2662205994129181,0.20064058899879456,update_subscription;process_refund;restart_service;quarantine_system;send_notification,0.26622060;0.24962693;0.21574074;0.21220428;0.20854083,671,lexical_cue_reduced,
Lexical,404,HR is asking for a new environment.,provision_vm,provision_vm,escalate_to_human,False,5,0.32880932092666626,0.2995481789112091,escalate_to_human;process_refund;quarantine_system;generate_report;provision_vm,0.32880932;0.32410911;0.32028365;0.30465022;0.29954818,672,lexical_cue_reduced,
Lexical,405,Finance needs more compute capacity.,provision_vm,provision_vm,db_write,False,6,0.2758690416812897,0.2609182596206665,db_write;process_refund;generate_report;update_subscription;create_ticket,0.27586904;0.27284917;0.26525027;0.26273760;0.26151243,673,lexical_cue_reduced,
Lexical,406,Can we get some fresh infrastructure for Legal?,provision_vm,provision_vm,escalate_to_human,False,5,0.24217237532138824,0.19321773946285248,escalate_to_human;create_ticket;process_refund;generate_report;provision_vm,0.24217238;0.24087493;0.20342109;0.20284107;0.19321774,674,lexical_cue_reduced,
Lexical,407,Marketing is asking for a new environment.,provision_vm,provision_vm,quarantine_system,False,2,0.23705284297466278,0.22913293540477753,quarantine_system;provision_vm;process_refund;escalate_to_human;update_subscription,0.23705284;0.22913294;0.22516167;0.21766485;0.21174009,675,lexical_cue_reduced,
Lexical,408,Engineering is asking for a new environment.,provision_vm,provision_vm,quarantine_system,False,3,0.34339046478271484,0.3307030200958252,quarantine_system;escalate_to_human;provision_vm;process_refund;generate_report,0.34339046;0.34076580;0.33070302;0.30122608;0.29762125,676,lexical_cue_reduced,
Lexical,409,Marketing's current resources aren't enough.,provision_vm,provision_vm,process_refund,False,3,0.2663429081439972,0.25925588607788086,process_refund;generate_report;provision_vm;send_notification;update_subscription,0.26634291;0.26415229;0.25925589;0.25860223;0.24902815,677,lexical_cue_reduced,
Lexical,410,The Marketing team needs their own isolated environment.,provision_vm,provision_vm,send_notification,False,3,0.2926212251186371,0.28345346450805664,send_notification;escalate_to_human;provision_vm;quarantine_system;generate_report,0.29262123;0.28397852;0.28345346;0.27518979;0.26859629,678,lexical_cue_reduced,
Lexical,411,HR's current resources aren't enough.,provision_vm,provision_vm,generate_report,False,5,0.3123265206813812,0.2747606635093689,generate_report;process_refund;escalate_to_human;send_notification;provision_vm,0.31232652;0.28134611;0.27869412;0.27687824;0.27476066,679,lexical_cue_reduced,
Lexical,412,We're short on infrastructure for HR.,provision_vm,provision_vm,send_notification,False,6,0.2640572488307953,0.22457142174243927,send_notification;escalate_to_human;generate_report;process_refund;quarantine_system,0.26405725;0.23870708;0.23422775;0.23240300;0.22678043,680,lexical_cue_reduced,
Lexical,413,We need another host for the Finance workload.,provision_vm,provision_vm,generate_report,False,3,0.25233983993530273,0.2340957373380661,generate_report;create_ticket;provision_vm;send_notification;db_write,0.25233984;0.24307737;0.23409574;0.22432548;0.21761549,681,lexical_cue_reduced,
Lexical,414,Can we get some fresh infrastructure for Marketing?,provision_vm,provision_vm,restart_service,False,5,0.2682250440120697,0.14909853041172028,restart_service;process_refund;quarantine_system;send_notification;provision_vm,0.26822504;0.19519316;0.19038826;0.16676325;0.14909853,682,lexical_cue_reduced,
Lexical,415,Can we get some fresh infrastructure for Engineering?,provision_vm,provision_vm,quarantine_system,False,3,0.26492342352867126,0.24158209562301636,quarantine_system;process_refund;provision_vm;generate_report;restart_service,0.26492342;0.24653368;0.24158210;0.23750831;0.23431994,683,lexical_cue_reduced,
Lexical,416,Can we get some fresh infrastructure for Finance?,provision_vm,provision_vm,db_write,False,4,0.23392727971076965,0.20328187942504883,db_write;generate_report;process_refund;provision_vm;create_ticket,0.23392728;0.21843755;0.20501731;0.20328188;0.19625556,684,lexical_cue_reduced,
Lexical,417,Marketing put in a request for new hardware resources.,provision_vm,provision_vm,process_refund,False,3,0.299908310174942,0.2876081168651581,process_refund;create_ticket;provision_vm;quarantine_system;generate_report,0.29990831;0.29416451;0.28760812;0.28655466;0.25284019,685,lexical_cue_reduced,
Lexical,418,Finance put in a request for new hardware resources.,provision_vm,provision_vm,create_ticket,False,3,0.38969913125038147,0.31898385286331177,create_ticket;db_write;provision_vm;process_refund;generate_report,0.38969913;0.33635640;0.31898385;0.31027481;0.30455267,686,lexical_cue_reduced,
Lexical,419,We need another host for the HR workload.,provision_vm,provision_vm,generate_report,False,5,0.2780678868293762,0.24064016342163086,generate_report;process_refund;send_notification;quarantine_system;provision_vm,0.27806789;0.25509235;0.25165719;0.24949646;0.24064016,687,lexical_cue_reduced,
Lexical,420,Someone needs to set up a new environment for HR.,provision_vm,provision_vm,escalate_to_human,False,3,0.38132309913635254,0.35041600465774536,escalate_to_human;quarantine_system;provision_vm;generate_report;process_refund,0.38132310;0.36178738;0.35041600;0.34211513;0.33039695,688,lexical_cue_reduced,
Lexical,421,We're short on infrastructure for Legal.,provision_vm,provision_vm,escalate_to_human,False,4,0.25578609108924866,0.19171102344989777,escalate_to_human;create_ticket;send_notification;provision_vm;generate_report,0.25578609;0.25056797;0.23860015;0.19171102;0.16830277,689,lexical_cue_reduced,
Lexical,422,We're running out of capacity for Engineering.,provision_vm,provision_vm,send_notification,False,4,0.29992082715034485,0.2888363301753998,send_notification;quarantine_system;generate_report;provision_vm;process_refund,0.29992083;0.29853019;0.28921270;0.28883633;0.28440258,690,lexical_cue_reduced,
Lexical,423,We're short on infrastructure for Finance.,provision_vm,provision_vm,send_notification,False,3,0.22788666188716888,0.20954620838165283,send_notification;create_ticket;provision_vm;generate_report;update_subscription,0.22788666;0.22445877;0.20954621;0.18006378;0.17184654,691,lexical_cue_reduced,
Lexical,424,Legal needs more compute capacity.,provision_vm,provision_vm,create_ticket,False,7,0.3034249544143677,0.22735469043254852,create_ticket;escalate_to_human;process_refund;generate_report;update_subscription,0.30342495;0.29224706;0.26519030;0.25265050;0.24649367,692,lexical_cue_reduced,
Lexical,425,We're running out of capacity for HR.,provision_vm,provision_vm,generate_report,False,6,0.2604360580444336,0.2138517051935196,generate_report;process_refund;send_notification;restart_service;quarantine_system,0.26043606;0.25426996;0.24107809;0.23548034;0.22919074,693,lexical_cue_reduced,
Lexical,426,Engineering needs more compute capacity.,provision_vm,provision_vm,quarantine_system,False,3,0.321295827627182,0.30473792552948,quarantine_system;process_refund;provision_vm;send_notification;generate_report,0.32129583;0.31629187;0.30473793;0.30452928;0.29227632,694,lexical_cue_reduced,
Lexical,427,Finance is asking for a new environment.,provision_vm,provision_vm,create_ticket,False,2,0.29932597279548645,0.2819088101387024,create_ticket;provision_vm;generate_report;process_refund;reset_password,0.29932597;0.28190881;0.27627835;0.25573125;0.24724892,695,lexical_cue_reduced,
Lexical,428,Finance's current resources aren't enough.,provision_vm,provision_vm,generate_report,False,2,0.29826998710632324,0.2749691307544708,generate_report;provision_vm;create_ticket;db_write;reset_password,0.29826999;0.27496913;0.27260375;0.27102774;0.24594653,696,lexical_cue_reduced,
Lexical,429,We're short on infrastructure for Engineering.,provision_vm,provision_vm,send_notification,False,2,0.30433985590934753,0.27391836047172546,send_notification;provision_vm;escalate_to_human;quarantine_system;create_ticket,0.30433986;0.27391836;0.27057189;0.25419289;0.24242415,697,lexical_cue_reduced,
Lexical,430,The Engineering team needs their own isolated environment.,provision_vm,provision_vm,escalate_to_human,False,2,0.36477595567703247,0.34050673246383667,escalate_to_human;provision_vm;quarantine_system;send_notification;generate_report,0.36477596;0.34050673;0.33450285;0.33156013;0.32758951,698,lexical_cue_reduced,
Lexical,431,We need another host for the Engineering workload.,provision_vm,provision_vm,quarantine_system,False,4,0.3421041965484619,0.3305990993976593,quarantine_system;send_notification;generate_report;provision_vm;process_refund,0.34210420;0.33381271;0.33307064;0.33059910;0.30474535,699,lexical_cue_reduced,
Lexical,432,HR needs more compute capacity.,provision_vm,provision_vm,process_refund,False,9,0.2894883155822754,0.2181856334209442,process_refund;generate_report;quarantine_system;restart_service;send_notification,0.28948832;0.26773298;0.24953805;0.23825586;0.23093358,700,lexical_cue_reduced,
Lexical,433,Someone needs to set up a new environment for Engineering.,provision_vm,provision_vm,escalate_to_human,False,2,0.4032760560512543,0.37199148535728455,escalate_to_human;provision_vm;quarantine_system;generate_report;send_notification,0.40327606;0.37199149;0.36087015;0.32465124;0.32083264,701,lexical_cue_reduced,
Lexical,434,Engineering's current resources aren't enough.,provision_vm,provision_vm,provision_vm,True,1,0.35982227325439453,0.35982227325439453,provision_vm;generate_report;send_notification;escalate_to_human;quarantine_system,0.35982227;0.35854498;0.34329852;0.34067464;0.33060285,702,lexical_cue_reduced,
Lexical,435,We're short on infrastructure for Marketing.,provision_vm,provision_vm,send_notification,False,2,0.24327771365642548,0.19158333539962769,send_notification;provision_vm;quarantine_system;update_subscription;restart_service,0.24327771;0.19158334;0.18660767;0.18416636;0.18035622,703,lexical_cue_reduced,
Lexical,436,Someone needs to set up a new environment for Finance.,provision_vm,provision_vm,provision_vm,True,1,0.30525845289230347,0.30525845289230347,provision_vm;create_ticket;escalate_to_human;generate_report;quarantine_system,0.30525845;0.30362529;0.28763756;0.27937567;0.24948110,704,lexical_cue_reduced,
Lexical,437,We need another host for the Marketing workload.,provision_vm,provision_vm,send_notification,False,4,0.2690615653991699,0.24489958584308624,send_notification;quarantine_system;generate_report;provision_vm;update_subscription,0.26906157;0.25171152;0.24712017;0.24489959;0.23342377,705,lexical_cue_reduced,
Lexical,438,We're running out of capacity for Marketing.,provision_vm,provision_vm,restart_service,False,6,0.21438626945018768,0.17050117254257202,restart_service;process_refund;update_subscription;send_notification;quarantine_system,0.21438627;0.20289738;0.20138590;0.19712508;0.18719311,706,lexical_cue_reduced,
Lexical,439,The Legal team needs their own isolated environment.,provision_vm,provision_vm,escalate_to_human,False,5,0.38808467984199524,0.29092085361480713,escalate_to_human;create_ticket;send_notification;generate_report;provision_vm,0.38808468;0.31110227;0.30751562;0.30216500;0.29092085,707,lexical_cue_reduced,
Lexical,440,We need another host for the Legal workload.,provision_vm,provision_vm,create_ticket,False,5,0.3121083378791809,0.26657259464263916,create_ticket;generate_report;send_notification;escalate_to_human;provision_vm,0.31210834;0.28632653;0.28490907;0.28174320;0.26657259,708,lexical_cue_reduced,
Lexical,441,Legal is asking for a new environment.,provision_vm,provision_vm,escalate_to_human,False,3,0.35141509771347046,0.2771897315979004,escalate_to_human;create_ticket;provision_vm;generate_report;process_refund,0.35141510;0.32728991;0.27718973;0.26543492;0.26475114,709,lexical_cue_reduced,
Lexical,442,Engineering put in a request for new hardware resources.,provision_vm,provision_vm,create_ticket,False,3,0.382906436920166,0.3567778170108795,create_ticket;quarantine_system;provision_vm;process_refund;generate_report,0.38290644;0.35984868;0.35677782;0.34787455;0.33491623,710,lexical_cue_reduced,
Lexical,443,Legal's current resources aren't enough.,provision_vm,provision_vm,create_ticket,False,4,0.3382405936717987,0.266927570104599,create_ticket;escalate_to_human;generate_report;provision_vm;log_audit_event,0.33824059;0.30846092;0.30236754;0.26692757;0.26015064,711,lexical_cue_reduced,
Lexical,444,The Finance team needs their own isolated environment.,provision_vm,provision_vm,generate_report,False,2,0.30545565485954285,0.2917695641517639,generate_report;provision_vm;send_notification;escalate_to_human;create_ticket,0.30545565;0.29176956;0.29059643;0.28287923;0.27147323,712,lexical_cue_reduced,
Lexical,445,The HR team needs their own isolated environment.,provision_vm,provision_vm,escalate_to_human,False,4,0.3514970541000366,0.2840830683708191,escalate_to_human;generate_report;send_notification;provision_vm;quarantine_system,0.35149705;0.31037596;0.29282030;0.28408307;0.28352463,713,lexical_cue_reduced,
Lexical,446,Someone needs to set up a new environment for Legal.,provision_vm,provision_vm,escalate_to_human,False,3,0.39350178837776184,0.29618391394615173,escalate_to_human;create_ticket;provision_vm;generate_report;send_notification,0.39350179;0.33448842;0.29618391;0.27153111;0.26984975,714,lexical_cue_reduced,
Lexical,447,We're running out of capacity for Legal.,provision_vm,provision_vm,create_ticket,False,7,0.27542218565940857,0.1927356868982315,create_ticket;escalate_to_human;update_subscription;send_notification;generate_report,0.27542219;0.22967526;0.22857258;0.22199036;0.21971118,715,lexical_cue_reduced,
Lexical,448,Someone needs to set up a new environment for Marketing.,provision_vm,provision_vm,escalate_to_human,False,2,0.29855120182037354,0.289512574672699,escalate_to_human;provision_vm;quarantine_system;send_notification;update_subscription,0.29855120;0.28951257;0.28868160;0.26060924;0.24546792,716,lexical_cue_reduced,
Lexical,449,Legal put in a request for new hardware resources.,provision_vm,provision_vm,create_ticket,False,2,0.4403741657733917,0.35735684633255005,create_ticket;provision_vm;process_refund;generate_report;quarantine_system,0.44037417;0.35735685;0.34333250;0.33074555;0.32292262,717,lexical_cue_reduced,
Lexical,450,We're running out of capacity for Finance.,provision_vm,provision_vm,generate_report,False,3,0.232676699757576,0.21705670654773712,generate_report;create_ticket;provision_vm;update_subscription;process_refund,0.23267670;0.22365761;0.21705671;0.21637939;0.21126375,718,lexical_cue_reduced,
Lexical,451,Can we get some fresh infrastructure for HR?,provision_vm,provision_vm,process_refund,False,7,0.2779533267021179,0.20529426634311676,process_refund;generate_report;restart_service;quarantine_system;log_audit_event,0.27795333;0.25875622;0.24797811;0.24028891;0.23837675,719,lexical_cue_reduced,
Lexical,452,Can we get some fresh infrastructure for Engineering?,provision_vm,provision_vm,quarantine_system,False,3,0.2649235725402832,0.24158227443695068,quarantine_system;process_refund;provision_vm;generate_report;restart_service,0.26492357;0.24653378;0.24158227;0.23750846;0.23431993,720,lexical_cue_reduced,
Lexical,453,Someone needs to set up a new environment for Marketing.,provision_vm,provision_vm,escalate_to_human,False,2,0.29855120182037354,0.289512574672699,escalate_to_human;provision_vm;quarantine_system;send_notification;update_subscription,0.29855120;0.28951257;0.28868160;0.26060924;0.24546792,721,lexical_cue_reduced,
Lexical,454,Finance is asking for a new environment.,provision_vm,provision_vm,create_ticket,False,2,0.2993261218070984,0.28190886974334717,create_ticket;provision_vm;generate_report;process_refund;reset_password,0.29932612;0.28190887;0.27627838;0.25573137;0.24724892,722,lexical_cue_reduced,
Lexical,455,HR's current resources aren't enough.,provision_vm,provision_vm,generate_report,False,5,0.3123265206813812,0.2747606635093689,generate_report;process_refund;escalate_to_human;send_notification;provision_vm,0.31232652;0.28134611;0.27869412;0.27687827;0.27476066,723,lexical_cue_reduced,
Lexical,456,Can we get some fresh infrastructure for Legal?,provision_vm,provision_vm,escalate_to_human,False,5,0.2421724647283554,0.19321785867214203,escalate_to_human;create_ticket;process_refund;generate_report;provision_vm,0.24217246;0.24087496;0.20342110;0.20284110;0.19321786,724,lexical_cue_reduced,
Lexical,457,Legal put in a request for new hardware resources.,provision_vm,provision_vm,create_ticket,False,2,0.4403741657733917,0.35735684633255005,create_ticket;provision_vm;process_refund;generate_report;quarantine_system,0.44037417;0.35735685;0.34333250;0.33074555;0.32292262,725,lexical_cue_reduced,
Lexical,458,The Marketing team needs their own isolated environment.,provision_vm,provision_vm,send_notification,False,3,0.29262131452560425,0.2834535539150238,send_notification;escalate_to_human;provision_vm;quarantine_system;generate_report,0.29262131;0.28397861;0.28345355;0.27518988;0.26859632,726,lexical_cue_reduced,
Lexical,459,We're short on infrastructure for Finance.,provision_vm,provision_vm,send_notification,False,3,0.22788676619529724,0.20954629778862,send_notification;create_ticket;provision_vm;generate_report;update_subscription,0.22788677;0.22445889;0.20954630;0.18006398;0.17184667,727,lexical_cue_reduced,
Lexical,460,We need another host for the Legal workload.,provision_vm,provision_vm,create_ticket,False,5,0.3121083378791809,0.2665725648403168,create_ticket;generate_report;send_notification;escalate_to_human;provision_vm,0.31210834;0.28632650;0.28490907;0.28174320;0.26657256,728,lexical_cue_reduced,
Lexical,461,HR needs more compute capacity.,provision_vm,provision_vm,process_refund,False,9,0.28948840498924255,0.2181856483221054,process_refund;generate_report;quarantine_system;restart_service;send_notification,0.28948840;0.26773292;0.24953805;0.23825590;0.23093362,729,lexical_cue_reduced,
Lexical,462,Finance is asking for a new environment.,provision_vm,provision_vm,create_ticket,False,2,0.2993261218070984,0.28190886974334717,create_ticket;provision_vm;generate_report;process_refund;reset_password,0.29932612;0.28190887;0.27627838;0.25573137;0.24724892,730,lexical_cue_reduced,
Lexical,463,Engineering put in a request for new hardware resources.,provision_vm,provision_vm,create_ticket,False,3,0.38290631771087646,0.35677778720855713,create_ticket;quarantine_system;provision_vm;process_refund;generate_report,0.38290632;0.35984874;0.35677779;0.34787449;0.33491609,731,lexical_cue_reduced,
Lexical,464,We're short on infrastructure for HR.,provision_vm,provision_vm,send_notification,False,6,0.2640572488307953,0.22457145154476166,send_notification;escalate_to_human;generate_report;process_refund;quarantine_system,0.26405725;0.23870701;0.23422775;0.23240298;0.22678040,732,lexical_cue_reduced,
Lexical,465,The Finance team needs their own isolated environment.,provision_vm,provision_vm,generate_report,False,2,0.30545562505722046,0.2917695939540863,generate_report;provision_vm;send_notification;escalate_to_human;create_ticket,0.30545563;0.29176959;0.29059634;0.28287920;0.27147323,733,lexical_cue_reduced,
Lexical,466,HR put in a request for new hardware resources.,provision_vm,provision_vm,process_refund,False,4,0.3944985270500183,0.3578766882419586,process_refund;create_ticket;quarantine_system;provision_vm;generate_report,0.39449853;0.39408264;0.36636195;0.35787669;0.35753837,734,lexical_cue_reduced,
Lexical,467,We're running out of capacity for Engineering.,provision_vm,provision_vm,send_notification,False,4,0.29992082715034485,0.28883638978004456,send_notification;quarantine_system;generate_report;provision_vm;process_refund,0.29992083;0.29853001;0.28921267;0.28883639;0.28440249,735,lexical_cue_reduced,
Lexical,468,Engineering needs more compute capacity.,provision_vm,provision_vm,quarantine_system,False,3,0.3212957978248596,0.3047378659248352,quarantine_system;process_refund;provision_vm;send_notification;generate_report,0.32129580;0.31629178;0.30473787;0.30452919;0.29227617,736,lexical_cue_reduced,
Lexical,469,payment-api-03 is showing signs of compromise.,quarantine_system,quarantine_system,create_ticket,False,4,0.2765864133834839,0.24090731143951416,create_ticket;provision_vm;send_notification;quarantine_system;log_audit_event,0.27658641;0.25497130;0.25390583;0.24090731;0.24039437,335,lexical_cue_reduced,
Lexical,470,Something on prod-web-01 looks compromised.,quarantine_system,quarantine_system,scan_malware,False,2,0.49670276045799255,0.34718209505081177,scan_malware;quarantine_system;provision_vm;generate_report;reset_password,0.49670276;0.34718210;0.33161032;0.30529043;0.28618491,336,lexical_cue_reduced,
Lexical,471,Remove auth-svc-04 before it spreads to other hosts.,quarantine_system,quarantine_system,reset_password,False,4,0.24141021072864532,0.18240942060947418,reset_password;scan_malware;provision_vm;quarantine_system;escalate_to_human,0.24141021;0.21443748;0.19491310;0.18240942;0.17325217,337,lexical_cue_reduced,
Lexical,472,Get payment-api-03 out of the environment until we know more.,quarantine_system,quarantine_system,quarantine_system,True,1,0.4143062233924866,0.4143062233924866,quarantine_system;provision_vm;process_refund;generate_report;send_notification,0.41430622;0.39236501;0.36998972;0.34904745;0.34441540,338,lexical_cue_reduced,
Lexical,473,Get auth-svc-04 out of the environment until we know more.,quarantine_system,quarantine_system,reset_password,False,3,0.32130321860313416,0.27572953701019287,reset_password;scan_malware;quarantine_system;provision_vm;log_audit_event,0.32130322;0.30033827;0.27572954;0.24992073;0.23161313,339,lexical_cue_reduced,
Lexical,474,That box is behaving erratically -- cut it off.,quarantine_system,quarantine_system,quarantine_system,True,1,0.3618009686470032,0.3618009686470032,quarantine_system;provision_vm;escalate_to_human;send_notification;scan_malware,0.36180097;0.36099064;0.32617742;0.32106587;0.31988648,340,lexical_cue_reduced,
Lexical,475,Get staging-db-02 out of the environment until we know more.,quarantine_system,quarantine_system,db_write,False,3,0.3557615280151367,0.2836989462375641,db_write;db_read;quarantine_system;provision_vm;generate_report,0.35576153;0.31668055;0.28369895;0.27657351;0.26872528,341,lexical_cue_reduced,
Lexical,476,ml-infer-05 shouldn't be connected to the rest of the network right now.,quarantine_system,quarantine_system,generate_report,False,2,0.2453174740076065,0.24037134647369385,generate_report;quarantine_system;send_notification;process_refund;scan_malware,0.24531747;0.24037135;0.23014590;0.22718011;0.22549309,342,lexical_cue_reduced,
Lexical,477,We need auth-svc-04 separated from production immediately.,quarantine_system,quarantine_system,provision_vm,False,2,0.3135599195957184,0.31008675694465637,provision_vm;quarantine_system;generate_report;escalate_to_human;send_notification,0.31355992;0.31008676;0.30205506;0.28942037;0.28754798,343,lexical_cue_reduced,
Lexical,478,We need staging-db-02 separated from production immediately.,quarantine_system,quarantine_system,db_write,False,7,0.43013766407966614,0.2795708477497101,db_write;db_read;generate_report;send_notification;provision_vm,0.43013766;0.33295861;0.31053323;0.29730183;0.29451215,344,lexical_cue_reduced,
Lexical,479,Something on ml-infer-05 looks compromised.,quarantine_system,quarantine_system,scan_malware,False,2,0.3520340919494629,0.24371592700481415,scan_malware;quarantine_system;generate_report;provision_vm;send_notification,0.35203409;0.24371593;0.23554771;0.23284894;0.22549029,345,lexical_cue_reduced,
Lexical,480,Remove staging-db-02 before it spreads to other hosts.,quarantine_system,quarantine_system,db_write,False,6,0.2964792549610138,0.17040687799453735,db_write;db_read;provision_vm;restart_service;generate_report,0.29647925;0.21369836;0.20440504;0.17848234;0.17067368,346,lexical_cue_reduced,
Lexical,481,Remove payment-api-03 before it spreads to other hosts.,quarantine_system,quarantine_system,provision_vm,False,4,0.31661126017570496,0.27762359380722046,provision_vm;create_ticket;update_subscription;quarantine_system;process_refund,0.31661126;0.28959152;0.27888188;0.27762359;0.25538638,347,lexical_cue_reduced,
Lexical,482,prod-web-01 is showing signs of compromise.,quarantine_system,quarantine_system,quarantine_system,True,1,0.3508565127849579,0.3508565127849579,quarantine_system;provision_vm;create_ticket;generate_report;send_notification,0.35085651;0.34662992;0.34412068;0.34238634;0.34050059,348,lexical_cue_reduced,
Lexical,483,We need cdn-edge-06 separated from production immediately.,quarantine_system,quarantine_system,create_ticket,False,5,0.32058727741241455,0.2894524931907654,create_ticket;generate_report;provision_vm;send_notification;quarantine_system,0.32058728;0.31803042;0.31559387;0.30984309;0.28945249,349,lexical_cue_reduced,
Lexical,484,cdn-edge-06 is a risk to the rest of the infrastructure.,quarantine_system,quarantine_system,scan_malware,False,3,0.2865641415119171,0.24535444378852844,scan_malware;provision_vm;quarantine_system;escalate_to_human;create_ticket,0.28656414;0.26877201;0.24535444;0.24291107;0.24019895,350,lexical_cue_reduced,
Lexical,485,Something on staging-db-02 looks compromised.,quarantine_system,quarantine_system,scan_malware,False,5,0.2833612263202667,0.16059774160385132,scan_malware;db_read;db_write;provision_vm;quarantine_system,0.28336123;0.24857977;0.24323754;0.16307165;0.16059774,351,lexical_cue_reduced,
Lexical,486,ml-infer-05 is acting weird -- get it away from everything else.,quarantine_system,quarantine_system,quarantine_system,True,1,0.292174369096756,0.292174369096756,quarantine_system;scan_malware;generate_report;send_notification;provision_vm,0.29217437;0.29189759;0.29185772;0.28406304;0.28124419,352,lexical_cue_reduced,
Lexical,487,ml-infer-05 is a risk to the rest of the infrastructure.,quarantine_system,quarantine_system,scan_malware,False,2,0.3533945679664612,0.2833631634712219,scan_malware;quarantine_system;provision_vm;generate_report;send_notification,0.35339457;0.28336316;0.27713397;0.27021846;0.25586233,353,lexical_cue_reduced,
Lexical,488,Something on cdn-edge-06 looks compromised.,quarantine_system,quarantine_system,scan_malware,False,3,0.3074638545513153,0.2013532519340515,scan_malware;provision_vm;quarantine_system;escalate_to_human;send_notification,0.30746385;0.20787108;0.20135325;0.17080489;0.17026831,354,lexical_cue_reduced,
Lexical,489,We can't trust ml-infer-05 anymore -- take it offline.,quarantine_system,quarantine_system,quarantine_system,True,1,0.3436368405818939,0.3436368405818939,quarantine_system;generate_report;scan_malware;provision_vm;send_notification,0.34363684;0.34254676;0.34241268;0.32011434;0.31297070,355,lexical_cue_reduced,
Lexical,490,ml-infer-05 is showing signs of compromise.,quarantine_system,quarantine_system,send_notification,False,5,0.21041011810302734,0.1638481765985489,send_notification;log_audit_event;generate_report;scan_malware;quarantine_system,0.21041012;0.18340985;0.17753546;0.17032932;0.16384818,356,lexical_cue_reduced,
Lexical,491,staging-db-02 is showing signs of compromise.,quarantine_system,quarantine_system,db_write,False,9,0.1935047209262848,0.10910996049642563,db_write;db_read;send_notification;check_status;generate_report,0.19350472;0.17519262;0.16895442;0.16657700;0.13266176,357,lexical_cue_reduced,
Lexical,492,We need ml-infer-05 separated from production immediately.,quarantine_system,quarantine_system,generate_report,False,3,0.357317179441452,0.35278981924057007,generate_report;send_notification;quarantine_system;db_write;process_refund,0.35731718;0.35718229;0.35278982;0.34385720;0.33115157,358,lexical_cue_reduced,
Lexical,493,prod-web-01 is acting weird -- get it away from everything else.,quarantine_system,quarantine_system,scan_malware,False,2,0.44182947278022766,0.4399312734603882,scan_malware;quarantine_system;provision_vm;generate_report;process_refund,0.44182947;0.43993127;0.43958151;0.42176700;0.38685808,359,lexical_cue_reduced,
Lexical,494,payment-api-03 is acting weird -- get it away from everything else.,quarantine_system,quarantine_system,provision_vm,False,2,0.3883112072944641,0.36454883217811584,provision_vm;quarantine_system;update_subscription;generate_report;create_ticket,0.38831121;0.36454883;0.35116771;0.34119141;0.33746731,360,lexical_cue_reduced,
Lexical,495,We can't trust staging-db-02 anymore -- take it offline.,quarantine_system,quarantine_system,db_write,False,3,0.32106316089630127,0.29278576374053955,db_write;db_read;quarantine_system;generate_report;provision_vm,0.32106316;0.30204439;0.29278576;0.29144457;0.28642482,361,lexical_cue_reduced,
Lexical,496,Remove ml-infer-05 before it spreads to other hosts.,quarantine_system,quarantine_system,scan_malware,False,3,0.2888934016227722,0.24465401470661163,scan_malware;provision_vm;quarantine_system;send_notification;generate_report,0.28889340;0.24851972;0.24465401;0.23474966;0.21711807,362,lexical_cue_reduced,
Lexical,497,auth-svc-04 is acting weird -- get it away from everything else.,quarantine_system,quarantine_system,reset_password,False,4,0.33373796939849854,0.2732783854007721,reset_password;scan_malware;provision_vm;quarantine_system;generate_report,0.33373797;0.29888576;0.28686997;0.27327839;0.24556600,363,lexical_cue_reduced,
Lexical,498,Remove prod-web-01 before it spreads to other hosts.,quarantine_system,quarantine_system,scan_malware,False,3,0.3607502281665802,0.34373214840888977,scan_malware;provision_vm;quarantine_system;create_ticket;generate_report,0.36075023;0.35908428;0.34373215;0.31634986;0.31323734,364,lexical_cue_reduced,
Lexical,499,payment-api-03 shouldn't be connected to the rest of the network right now.,quarantine_system,quarantine_system,process_refund,False,3,0.34049373865127563,0.3330400288105011,process_refund;provision_vm;quarantine_system;update_subscription;generate_report,0.34049374;0.33570567;0.33304003;0.31570026;0.31168780,365,lexical_cue_reduced,
Lexical,500,staging-db-02 shouldn't be connected to the rest of the network right now.,quarantine_system,quarantine_system,db_write,False,6,0.2872013747692108,0.16980551183223724,db_write;db_read;restart_service;check_status;generate_report,0.28720137;0.26565310;0.21955973;0.20054476;0.18143916,366,lexical_cue_reduced,
Lexical,501,prod-web-01 is a risk to the rest of the infrastructure.,quarantine_system,quarantine_system,scan_malware,False,2,0.46082016825675964,0.4062233567237854,scan_malware;quarantine_system;provision_vm;generate_report;process_refund,0.46082017;0.40622336;0.40189165;0.38137069;0.35643488,367,lexical_cue_reduced,
Lexical,502,Remove cdn-edge-06 before it spreads to other hosts.,quarantine_system,quarantine_system,provision_vm,False,2,0.2856995463371277,0.25151172280311584,provision_vm;quarantine_system;scan_malware;send_notification;create_ticket,0.28569955;0.25151172;0.24735239;0.24651900;0.24596086,368,lexical_cue_reduced,
Lexical,503,prod-web-01 shouldn't be connected to the rest of the network right now.,quarantine_system,quarantine_system,quarantine_system,True,1,0.36134767532348633,0.36134767532348633,quarantine_system;process_refund;provision_vm;generate_report;scan_malware,0.36134768;0.34690040;0.34680238;0.34435683;0.31835386,369,lexical_cue_reduced,
Lexical,504,auth-svc-04 shouldn't be connected to the rest of the network right now.,quarantine_system,quarantine_system,reset_password,False,4,0.26769837737083435,0.18206727504730225,reset_password;restart_service;process_refund;quarantine_system;log_audit_event,0.26769838;0.21454990;0.19193123;0.18206728;0.17948073,370,lexical_cue_reduced,
Lexical,505,auth-svc-04 is a risk to the rest of the infrastructure.,quarantine_system,quarantine_system,scan_malware,False,4,0.3645908534526825,0.2914475202560425,scan_malware;reset_password;provision_vm;quarantine_system;escalate_to_human,0.36459085;0.32420772;0.29196849;0.29144752;0.27719089,371,lexical_cue_reduced,
Lexical,506,Get ml-infer-05 out of the environment until we know more.,quarantine_system,quarantine_system,quarantine_system,True,1,0.3184172213077545,0.3184172213077545,quarantine_system;scan_malware;send_notification;generate_report;provision_vm,0.31841722;0.30495182;0.29910958;0.28853327;0.27525824,372,lexical_cue_reduced,
Lexical,507,We can't trust auth-svc-04 anymore -- take it offline.,quarantine_system,quarantine_system,scan_malware,False,2,0.33128130435943604,0.3307536244392395,scan_malware;quarantine_system;provision_vm;reset_password;generate_report,0.33128130;0.33075362;0.30910954;0.30515781;0.29018992,373,lexical_cue_reduced,
Lexical,508,We need prod-web-01 separated from production immediately.,quarantine_system,quarantine_system,generate_report,False,3,0.4545030891895294,0.4492344260215759,generate_report;provision_vm;quarantine_system;process_refund;send_notification,0.45450309;0.45336959;0.44923443;0.42495400;0.42022261,374,lexical_cue_reduced,
Lexical,509,We can't trust prod-web-01 anymore -- take it offline.,quarantine_system,quarantine_system,scan_malware,False,2,0.4572218656539917,0.45182740688323975,scan_malware;quarantine_system;provision_vm;generate_report;process_refund,0.45722187;0.45182741;0.42327949;0.42264962;0.39003977,375,lexical_cue_reduced,
Lexical,510,Get cdn-edge-06 out of the environment until we know more.,quarantine_system,quarantine_system,provision_vm,False,2,0.3107796609401703,0.3058396577835083,provision_vm;quarantine_system;scan_malware;send_notification;generate_report,0.31077966;0.30583966;0.28941292;0.28778899;0.28058580,376,lexical_cue_reduced,
Lexical,511,cdn-edge-06 is showing signs of compromise.,quarantine_system,quarantine_system,create_ticket,False,7,0.19911439716815948,0.1482800394296646,create_ticket;send_notification;check_status;provision_vm;escalate_to_human,0.19911440;0.18948776;0.16632950;0.16600899;0.16508785,377,lexical_cue_reduced,
Lexical,512,staging-db-02 is acting weird -- get it away from everything else.,quarantine_system,quarantine_system,db_read,False,6,0.33294928073883057,0.2438870221376419,db_read;db_write;provision_vm;generate_report;send_notification,0.33294928;0.31793800;0.26839095;0.25927511;0.25158626,378,lexical_cue_reduced,
Lexical,513,Something on payment-api-03 looks compromised.,quarantine_system,quarantine_system,scan_malware,False,3,0.3576006591320038,0.27318763732910156,scan_malware;provision_vm;quarantine_system;escalate_to_human;generate_report,0.35760066;0.27495596;0.27318764;0.22715689;0.22556335,379,lexical_cue_reduced,
Lexical,514,Something on auth-svc-04 looks compromised.,quarantine_system,quarantine_system,scan_malware,False,3,0.2995014190673828,0.17788830399513245,scan_malware;reset_password;quarantine_system;provision_vm;log_audit_event,0.29950142;0.28331459;0.17788830;0.17349893;0.16377804,380,lexical_cue_reduced,
Lexical,515,We need payment-api-03 separated from production immediately.,quarantine_system,quarantine_system,provision_vm,False,4,0.4260023832321167,0.4008669853210449,provision_vm;create_ticket;generate_report;quarantine_system;send_notification,0.42600238;0.41739079;0.40772650;0.40086699;0.39530203,381,lexical_cue_reduced,
Lexical,516,We can't trust cdn-edge-06 anymore -- take it offline.,quarantine_system,quarantine_system,quarantine_system,True,1,0.3153003454208374,0.3153003454208374,quarantine_system;provision_vm;send_notification;generate_report;escalate_to_human,0.31530035;0.30610552;0.30056772;0.29515573;0.29158479,382,lexical_cue_reduced,
Lexical,517,cdn-edge-06 is acting weird -- get it away from everything else.,quarantine_system,quarantine_system,provision_vm,False,2,0.28328314423561096,0.26279857754707336,provision_vm;quarantine_system;send_notification;generate_report;create_ticket,0.28328314;0.26279858;0.25823122;0.25098091;0.24745505,383,lexical_cue_reduced,
Lexical,518,cdn-edge-06 shouldn't be connected to the rest of the network right now.,quarantine_system,quarantine_system,provision_vm,False,4,0.22625425457954407,0.2130776047706604,provision_vm;send_notification;generate_report;quarantine_system;process_refund,0.22625425;0.22395594;0.21944396;0.21307760;0.20569618,384,lexical_cue_reduced,
Lexical,519,ml-infer-05 is a risk to the rest of the infrastructure.,quarantine_system,quarantine_system,scan_malware,False,2,0.3533945679664612,0.2833631634712219,scan_malware;quarantine_system;provision_vm;generate_report;send_notification,0.35339457;0.28336316;0.27713397;0.27021846;0.25586233,385,lexical_cue_reduced,
Lexical,520,auth-svc-04 is showing signs of compromise.,quarantine_system,quarantine_system,scan_malware,False,7,0.1896575689315796,0.15592849254608154,scan_malware;log_audit_event;reset_password;escalate_to_human;create_ticket,0.18965757;0.18455365;0.18094055;0.16786449;0.16198263,386,lexical_cue_reduced,
Lexical,521,staging-db-02 is a risk to the rest of the infrastructure.,quarantine_system,quarantine_system,db_write,False,6,0.3310428559780121,0.20063525438308716,db_write;db_read;scan_malware;provision_vm;generate_report,0.33104286;0.27810386;0.23710586;0.22010739;0.20898263,387,lexical_cue_reduced,
Lexical,522,We can't trust payment-api-03 anymore -- take it offline.,quarantine_system,quarantine_system,quarantine_system,True,1,0.4389879107475281,0.4389879107475281,quarantine_system;provision_vm;generate_report;process_refund;escalate_to_human,0.43898791;0.42703158;0.39247459;0.38781342;0.38637742,388,lexical_cue_reduced,
Lexical,523,payment-api-03 is acting weird -- get it away from everything else.,quarantine_system,quarantine_system,provision_vm,False,2,0.3883112072944641,0.36454883217811584,provision_vm;quarantine_system;update_subscription;generate_report;create_ticket,0.38831121;0.36454883;0.35116771;0.34119141;0.33746731,389,lexical_cue_reduced,
Lexical,524,Get prod-web-01 out of the environment until we know more.,quarantine_system,quarantine_system,scan_malware,False,2,0.45930370688438416,0.44975557923316956,scan_malware;quarantine_system;provision_vm;generate_report;process_refund,0.45930371;0.44975558;0.42988434;0.41123027;0.38954404,390,lexical_cue_reduced,
Lexical,525,payment-api-03 is a risk to the rest of the infrastructure.,quarantine_system,quarantine_system,provision_vm,False,2,0.3895975947380066,0.37388336658477783,provision_vm;quarantine_system;scan_malware;create_ticket;process_refund,0.38959759;0.37388337;0.37108070;0.35410303;0.34084156,391,lexical_cue_reduced,
Lexical,526,That box is behaving erratically -- cut it off.,quarantine_system,quarantine_system,quarantine_system,True,1,0.3618009686470032,0.3618009686470032,quarantine_system;provision_vm;escalate_to_human;send_notification;scan_malware,0.36180097;0.36099064;0.32617742;0.32106587;0.31988648,392,lexical_cue_reduced,
Lexical,527,We can't trust prod-web-01 anymore -- take it offline.,quarantine_system,quarantine_system,scan_malware,False,2,0.4572218656539917,0.45182740688323975,scan_malware;quarantine_system;provision_vm;generate_report;process_refund,0.45722187;0.45182741;0.42327949;0.42264962;0.39003977,393,lexical_cue_reduced,
Lexical,528,ml-infer-05 is a risk to the rest of the infrastructure.,quarantine_system,quarantine_system,scan_malware,False,2,0.3533945679664612,0.2833631634712219,scan_malware;quarantine_system;provision_vm;generate_report;send_notification,0.35339457;0.28336316;0.27713397;0.27021846;0.25586233,394,lexical_cue_reduced,
Lexical,529,Get staging-db-02 out of the environment until we know more.,quarantine_system,quarantine_system,db_write,False,3,0.3557615280151367,0.2836989462375641,db_write;db_read;quarantine_system;provision_vm;generate_report,0.35576153;0.31668055;0.28369895;0.27657351;0.26872528,395,lexical_cue_reduced,
Lexical,530,Get prod-web-01 out of the environment until we know more.,quarantine_system,quarantine_system,scan_malware,False,2,0.45930370688438416,0.44975557923316956,scan_malware;quarantine_system;provision_vm;generate_report;process_refund,0.45930371;0.44975558;0.42988434;0.41123027;0.38954404,396,lexical_cue_reduced,
Lexical,531,Remove auth-svc-04 before it spreads to other hosts.,quarantine_system,quarantine_system,reset_password,False,4,0.24141021072864532,0.18240942060947418,reset_password;scan_malware;provision_vm;quarantine_system;escalate_to_human,0.24141021;0.21443748;0.19491310;0.18240942;0.17325217,397,lexical_cue_reduced,
Lexical,532,payment-api-03 is showing signs of compromise.,quarantine_system,quarantine_system,create_ticket,False,4,0.2765864133834839,0.24090731143951416,create_ticket;provision_vm;send_notification;quarantine_system;log_audit_event,0.27658641;0.25497130;0.25390583;0.24090731;0.24039437,398,lexical_cue_reduced,
Lexical,533,Something on cdn-edge-06 looks compromised.,quarantine_system,quarantine_system,scan_malware,False,3,0.3074638545513153,0.2013532519340515,scan_malware;provision_vm;quarantine_system;escalate_to_human;send_notification,0.30746385;0.20787108;0.20135325;0.17080489;0.17026831,399,lexical_cue_reduced,
Lexical,534,Remove auth-svc-04 before it spreads to other hosts.,quarantine_system,quarantine_system,reset_password,False,4,0.24141021072864532,0.18240942060947418,reset_password;scan_malware;provision_vm;quarantine_system;escalate_to_human,0.24141021;0.21443748;0.19491310;0.18240942;0.17325217,400,lexical_cue_reduced,
Lexical,535,Get cdn-edge-06 out of the environment until we know more.,quarantine_system,quarantine_system,provision_vm,False,2,0.3107796609401703,0.3058396577835083,provision_vm;quarantine_system;scan_malware;send_notification;generate_report,0.31077966;0.30583966;0.28941292;0.28778899;0.28058580,401,lexical_cue_reduced,
Lexical,536,I need the details on Bob.,query_database,db_read,quarantine_system,False,12,0.28371965885162354,0.1898072212934494,quarantine_system;create_ticket;process_refund;escalate_to_human;provision_vm,0.28371966;0.27053213;0.26733622;0.26700521;0.25748128,0,lexical_cue_reduced,
Lexical,537,I need the details on Eve.,query_database,db_read,db_write,False,9,0.3045171797275543,0.23768803477287292,db_write;log_audit_event;escalate_to_human;generate_report;send_notification,0.30451718;0.28179449;0.27232063;0.26892468;0.26837933,1,lexical_cue_reduced,
Lexical,538,What do we have on file for Charlie?,query_database,db_read,generate_report,False,2,0.3727823495864868,0.3619372546672821,generate_report;db_read;db_write;quarantine_system;provision_vm,0.37278235;0.36193725;0.36112213;0.35367471;0.35034275,2,lexical_cue_reduced,
Lexical,539,I'm trying to find out about order #60122.,query_database,db_read,process_refund,False,12,0.2841748297214508,0.2040175199508667,process_refund;provision_vm;create_ticket;generate_report;send_notification,0.28417483;0.28348184;0.28119734;0.27677029;0.26519132,3,lexical_cue_reduced,
Lexical,540,Grace called in -- what's their history with us?,query_database,db_read,reset_password,False,14,0.14675544202327728,0.014350205659866333,reset_password;log_audit_event;update_subscription;restart_service;db_write,0.14675544;0.10984092;0.10156736;0.08111699;0.08020524,4,lexical_cue_reduced,
Lexical,541,I'm trying to find out about order #53698.,query_database,db_read,create_ticket,False,11,0.3126104772090912,0.233684703707695,create_ticket;process_refund;provision_vm;generate_report;db_write,0.31261048;0.30703166;0.30645362;0.29966480;0.27456626,5,lexical_cue_reduced,
Lexical,542,What do we have on file for Alice?,query_database,db_read,escalate_to_human,False,5,0.3756087124347687,0.31951022148132324,escalate_to_human;db_write;generate_report;provision_vm;db_read,0.37560871;0.34900495;0.34094205;0.32843792;0.31951022,6,lexical_cue_reduced,
Lexical,543,Can someone get me Charlie's information?,query_database,db_read,db_read,True,1,0.3045286536216736,0.3045286536216736,db_read;quarantine_system;scan_malware;generate_report;send_notification,0.30452865;0.29831898;0.28487962;0.28341597;0.26429895,7,lexical_cue_reduced,
Lexical,544,"We got a question about #31450, need context.",query_database,db_read,provision_vm,False,10,0.4514120817184448,0.3266139030456543,provision_vm;generate_report;escalate_to_human;send_notification;process_refund,0.45141208;0.43146926;0.42684704;0.42307207;0.42086762,8,lexical_cue_reduced,
Lexical,545,I'm trying to find out about order #20891.,query_database,db_read,create_ticket,False,13,0.38819262385368347,0.2263452708721161,create_ticket;provision_vm;generate_report;process_refund;send_notification,0.38819262;0.35315391;0.35189924;0.34871873;0.32110906,9,lexical_cue_reduced,
Lexical,546,Bob called in -- what's their history with us?,query_database,db_read,restart_service,False,13,0.17495101690292358,0.039529949426651,restart_service;escalate_to_human;process_refund;quarantine_system;check_status,0.17495102;0.14774315;0.13873897;0.13619563;0.13062504,10,lexical_cue_reduced,
Lexical,547,What's on record for Alice?,query_database,db_read,escalate_to_human,False,6,0.34879302978515625,0.2402307689189911,escalate_to_human;db_write;generate_report;create_ticket;provision_vm,0.34879303;0.26743418;0.26006696;0.25633934;0.24643230,11,lexical_cue_reduced,
Lexical,548,I want to see the full picture for #42017.,query_database,db_read,send_notification,False,10,0.38861390948295593,0.2922441363334656,send_notification;provision_vm;generate_report;db_write;process_refund,0.38861391;0.35119838;0.34784162;0.33467048;0.33420309,12,lexical_cue_reduced,
Lexical,549,Show me what we've got for #31450.,query_database,db_read,send_notification,False,10,0.2784885764122009,0.18622657656669617,send_notification;generate_report;provision_vm;db_write;escalate_to_human,0.27848858;0.26740178;0.24290223;0.23555782;0.21029009,13,lexical_cue_reduced,
Lexical,550,Who has the records related to #60122?,query_database,db_read,db_read,True,1,0.34897512197494507,0.34897512197494507,db_read;db_write;generate_report;create_ticket;process_refund,0.34897512;0.31140235;0.25203931;0.24906556;0.24544089,14,lexical_cue_reduced,
Lexical,551,Frank called in -- what's their history with us?,query_database,db_read,create_ticket,False,14,0.2734488248825073,0.14084351062774658,create_ticket;provision_vm;escalate_to_human;send_notification;generate_report,0.27344882;0.26019982;0.25249878;0.24822578;0.23156621,15,lexical_cue_reduced,
Lexical,552,Tell me everything we know about Grace.,query_database,db_read,update_subscription,False,12,0.21572232246398926,0.13964368402957916,update_subscription;quarantine_system;check_status;provision_vm;process_refund,0.21572232;0.20898218;0.20526446;0.19018018;0.18848819,16,lexical_cue_reduced,
Lexical,553,Who has the records related to #20891?,query_database,db_read,db_write,False,2,0.37825676798820496,0.3636760413646698,db_write;db_read;create_ticket;generate_report;process_refund,0.37825677;0.36367604;0.34705561;0.32489040;0.30413526,17,lexical_cue_reduced,
Lexical,554,I need the details on Frank.,query_database,db_read,create_ticket,False,13,0.4420985281467438,0.2722539007663727,create_ticket;provision_vm;escalate_to_human;generate_report;quarantine_system,0.44209853;0.42315778;0.39721107;0.39043841;0.38770956,18,lexical_cue_reduced,
Lexical,555,Show me what we've got for #60122.,query_database,db_read,send_notification,False,13,0.21511507034301758,0.09019351750612259,send_notification;provision_vm;generate_report;process_refund;quarantine_system,0.21511507;0.18285795;0.17911936;0.16738801;0.16367519,19,lexical_cue_reduced,
Lexical,556,Eve called in -- what's their history with us?,query_database,db_read,db_write,False,8,0.22741557657718658,0.11967362463474274,db_write;log_audit_event;escalate_to_human;generate_report;send_notification,0.22741558;0.18028329;0.16055624;0.14624612;0.14191411,20,lexical_cue_reduced,
Lexical,557,"We got a question about #60122, need context.",query_database,db_read,provision_vm,False,13,0.4328468441963196,0.2495276927947998,provision_vm;process_refund;escalate_to_human;quarantine_system;send_notification,0.43284684;0.42163163;0.41251361;0.40706140;0.38910496,21,lexical_cue_reduced,
Lexical,558,I need the details on Alice.,query_database,db_read,escalate_to_human,False,11,0.40761128067970276,0.2160811722278595,escalate_to_human;create_ticket;provision_vm;generate_report;send_notification,0.40761128;0.31495777;0.30808797;0.28525749;0.27026087,22,lexical_cue_reduced,
Lexical,559,"We got a question about #10234, need context.",query_database,db_read,process_refund,False,11,0.4565751552581787,0.31670740246772766,process_refund;provision_vm;create_ticket;escalate_to_human;generate_report,0.45657516;0.45654866;0.45582756;0.43769702;0.43536940,23,lexical_cue_reduced,
Lexical,560,I'm trying to find out about order #10234.,query_database,db_read,create_ticket,False,12,0.33518368005752563,0.25063908100128174,create_ticket;process_refund;generate_report;provision_vm;send_notification,0.33518368;0.31223804;0.30763319;0.30114338;0.29527295,24,lexical_cue_reduced,
Lexical,561,What's on record for Bob?,query_database,db_read,check_status,False,3,0.2603248655796051,0.2316051721572876,check_status;process_refund;db_read;generate_report;create_ticket,0.26032487;0.23963602;0.23160517;0.23157284;0.22500835,25,lexical_cue_reduced,
Lexical,562,What do we have on file for Bob?,query_database,db_read,generate_report,False,3,0.33713260293006897,0.3294770121574402,generate_report;send_notification;db_read;provision_vm;quarantine_system,0.33713260;0.33216861;0.32947701;0.31544471;0.30527467,26,lexical_cue_reduced,
Lexical,563,I want to see the full picture for #53698.,query_database,db_read,send_notification,False,5,0.3366817831993103,0.3183436095714569,send_notification;db_write;provision_vm;generate_report;db_read,0.33668178;0.33540517;0.32792082;0.31976247;0.31834361,27,lexical_cue_reduced,
Lexical,564,Can you find what's associated with Alice's account?,query_database,db_read,update_subscription,False,3,0.3112320899963379,0.2772369384765625,update_subscription;reset_password;db_read;escalate_to_human;provision_vm,0.31123209;0.30389336;0.27723694;0.25874254;0.25094512,28,lexical_cue_reduced,
Lexical,565,Can someone get me Frank's information?,query_database,db_read,generate_report,False,7,0.3755325376987457,0.33097904920578003,generate_report;create_ticket;send_notification;provision_vm;quarantine_system,0.37553254;0.36968809;0.36916971;0.36409774;0.34058061,29,lexical_cue_reduced,
Lexical,566,I want to see the full picture for #20891.,query_database,db_read,send_notification,False,10,0.387339323759079,0.28756284713745117,send_notification;provision_vm;generate_report;db_write;create_ticket,0.38733932;0.37452394;0.37105104;0.35201156;0.34864298,30,lexical_cue_reduced,
Lexical,567,Tell me everything we know about Charlie.,query_database,db_read,quarantine_system,False,10,0.3218035399913788,0.21101875603199005,quarantine_system;scan_malware;send_notification;provision_vm;generate_report,0.32180354;0.27914637;0.26472795;0.25758919;0.24221222,31,lexical_cue_reduced,
Lexical,568,Who has the records related to #42017?,query_database,db_read,db_read,True,1,0.365045428276062,0.365045428276062,db_read;db_write;process_refund;generate_report;create_ticket,0.36504543;0.35177630;0.29897583;0.29851994;0.29051793,32,lexical_cue_reduced,
Lexical,569,"We got a question about #42017, need context.",query_database,db_read,process_refund,False,13,0.4855382740497589,0.29822099208831787,process_refund;provision_vm;quarantine_system;send_notification;generate_report,0.48553827;0.47998559;0.45908633;0.45712596;0.45496824,33,lexical_cue_reduced,
Lexical,570,I want to see the full picture for #60122.,query_database,db_read,send_notification,False,7,0.34906554222106934,0.28847432136535645,send_notification;provision_vm;generate_report;db_write;quarantine_system,0.34906554;0.32178280;0.31211734;0.30395988;0.29895434,34,lexical_cue_reduced,
Lexical,571,Can someone get me Grace's information?,query_database,db_read,reset_password,False,3,0.22008907794952393,0.19622820615768433,reset_password;update_subscription;db_read;log_audit_event;scan_malware,0.22008908;0.21233980;0.19622821;0.19250916;0.18366967,35,lexical_cue_reduced,
Lexical,572,Diana called in -- what's their history with us?,query_database,db_read,db_read,True,1,0.2508455812931061,0.2508455812931061,db_read;db_write;generate_report;process_refund;quarantine_system,0.25084558;0.23499888;0.17403659;0.17367156;0.16611099,36,lexical_cue_reduced,
Lexical,573,What do we have on file for Grace?,query_database,db_read,db_write,False,4,0.2952791452407837,0.2736785113811493,db_write;generate_report;log_audit_event;db_read;provision_vm,0.29527915;0.28307104;0.28069255;0.27367851;0.26731744,37,lexical_cue_reduced,
Lexical,574,Tell me everything we know about Eve.,query_database,db_read,send_notification,False,5,0.26802220940589905,0.23723675310611725,send_notification;db_write;quarantine_system;check_status;db_read,0.26802221;0.26317173;0.25903025;0.25685179;0.23723675,38,lexical_cue_reduced,
Lexical,575,Can you find what's associated with Bob's account?,query_database,db_read,reset_password,False,2,0.3369928300380707,0.31260958313941956,reset_password;db_read;update_subscription;scan_malware;quarantine_system,0.33699283;0.31260958;0.29598090;0.29148686;0.25870025,39,lexical_cue_reduced,
Lexical,576,Can you find what's associated with Frank's account?,query_database,db_read,update_subscription,False,4,0.4236118197441101,0.359152227640152,update_subscription;provision_vm;reset_password;db_read;scan_malware,0.42361182;0.36946648;0.36580625;0.35915223;0.34608999,40,lexical_cue_reduced,
Lexical,577,Tell me everything we know about Diana.,query_database,db_read,db_read,True,1,0.3757040500640869,0.3757040500640869,db_read;db_write;quarantine_system;generate_report;check_status,0.37570405;0.29703668;0.27944401;0.26123220;0.25683731,41,lexical_cue_reduced,
Lexical,578,Can you find what's associated with Eve's account?,query_database,db_read,db_read,True,1,0.29569897055625916,0.29569897055625916,db_read;reset_password;scan_malware;update_subscription;log_audit_event,0.29569897;0.28991926;0.28158122;0.26163021;0.25413117,42,lexical_cue_reduced,
Lexical,579,Show me what we've got for #42017.,query_database,db_read,send_notification,False,13,0.3023127317428589,0.14122602343559265,send_notification;generate_report;process_refund;provision_vm;update_subscription,0.30231273;0.26965928;0.26058576;0.26055548;0.24581400,43,lexical_cue_reduced,
Lexical,580,I need the details on Grace.,query_database,db_read,reset_password,False,14,0.22957055270671844,0.11851125210523605,reset_password;provision_vm;update_subscription;create_ticket;log_audit_event,0.22957055;0.22135715;0.21756770;0.20937482;0.20640753,44,lexical_cue_reduced,
Lexical,581,Tell me everything we know about Frank.,query_database,db_read,send_notification,False,12,0.3822237253189087,0.2614193856716156,send_notification;provision_vm;quarantine_system;create_ticket;generate_report,0.38222373;0.37499049;0.37162149;0.35444975;0.35234320,45,lexical_cue_reduced,
Lexical,582,I want to see the full picture for #10234.,query_database,db_read,send_notification,False,5,0.3866698741912842,0.34478726983070374,send_notification;db_write;generate_report;provision_vm;db_read,0.38666987;0.36293891;0.35542810;0.35454041;0.34478727,46,lexical_cue_reduced,
Lexical,583,Alice called in -- what's their history with us?,query_database,db_read,escalate_to_human,False,12,0.30020424723625183,0.10498327016830444,escalate_to_human;create_ticket;provision_vm;db_write;log_audit_event,0.30020425;0.17989743;0.17935809;0.16311751;0.16292898,47,lexical_cue_reduced,
Lexical,584,What do we have on file for Diana?,query_database,db_read,db_read,True,1,0.47235727310180664,0.47235727310180664,db_read;db_write;generate_report;provision_vm;send_notification,0.47235727;0.45062405;0.37918863;0.33776084;0.32787147,48,lexical_cue_reduced,
Lexical,585,I'm trying to find out about order #42017.,query_database,db_read,process_refund,False,13,0.3284955620765686,0.2263224571943283,process_refund;send_notification;generate_report;provision_vm;create_ticket,0.32849556;0.31351659;0.31316331;0.31231773;0.30486953,49,lexical_cue_reduced,
Lexical,586,Show me what we've got for #10234.,query_database,db_read,send_notification,False,12,0.29875677824020386,0.18869514763355255,send_notification;generate_report;provision_vm;process_refund;quarantine_system,0.29875678;0.27696404;0.26162428;0.24940661;0.23379867,50,lexical_cue_reduced,
Lexical,587,What's on record for Diana?,query_database,db_read,db_read,True,1,0.34466415643692017,0.34466415643692017,db_read;db_write;generate_report;process_refund;check_status,0.34466416;0.28680265;0.24522772;0.22773123;0.21290436,51,lexical_cue_reduced,
Lexical,588,What's on record for Frank?,query_database,db_read,create_ticket,False,6,0.3495471775531769,0.29824355244636536,create_ticket;generate_report;provision_vm;check_status;db_write,0.34954718;0.33474568;0.32403216;0.30291051;0.30141509,52,lexical_cue_reduced,
Lexical,589,Tell me everything we know about Bob.,query_database,db_read,quarantine_system,False,11,0.26484212279319763,0.16064032912254333,quarantine_system;check_status;send_notification;process_refund;scan_malware,0.26484212;0.25535074;0.22608811;0.21468730;0.19919446,53,lexical_cue_reduced,
Lexical,590,What's on record for Grace?,query_database,db_read,db_read,True,1,0.1763695776462555,0.1763695776462555,db_read;check_status;reset_password;db_write;log_audit_event,0.17636958;0.17524196;0.17123692;0.17113388;0.16904676,54,lexical_cue_reduced,
Lexical,591,Can someone get me Alice's information?,query_database,db_read,escalate_to_human,False,2,0.32876116037368774,0.29402196407318115,escalate_to_human;db_read;generate_report;db_write;log_audit_event,0.32876116;0.29402196;0.27489653;0.27252454;0.26107016,55,lexical_cue_reduced,
Lexical,592,What do we have on file for Frank?,query_database,db_read,generate_report,False,6,0.43229934573173523,0.371421754360199,generate_report;send_notification;create_ticket;provision_vm;db_write,0.43229935;0.42707348;0.42328805;0.42016238;0.39933157,56,lexical_cue_reduced,
Lexical,593,Charlie called in -- what's their history with us?,query_database,db_read,quarantine_system,False,14,0.19154731929302216,0.08721806108951569,quarantine_system;escalate_to_human;restart_service;provision_vm;send_notification,0.19154732;0.16334343;0.15604754;0.15444130;0.15246631,57,lexical_cue_reduced,
Lexical,594,I want to see the full picture for #31450.,query_database,db_read,send_notification,False,5,0.3449000120162964,0.2964952886104584,send_notification;db_write;generate_report;provision_vm;db_read,0.34490001;0.32557711;0.31026033;0.30222780;0.29649529,58,lexical_cue_reduced,
Lexical,595,Show me what we've got for #20891.,query_database,db_read,provision_vm,False,13,0.30586209893226624,0.13781677186489105,provision_vm;generate_report;send_notification;create_ticket;process_refund,0.30586210;0.30550084;0.29773483;0.28551272;0.27064124,59,lexical_cue_reduced,
Lexical,596,Can you find what's associated with Diana's account?,query_database,db_read,db_read,True,1,0.40065816044807434,0.40065816044807434,db_read;db_write;reset_password;update_subscription;generate_report,0.40065816;0.30118844;0.29823491;0.29677010;0.28804359,60,lexical_cue_reduced,
Lexical,597,What's on record for Charlie?,query_database,db_read,generate_report,False,2,0.2718307077884674,0.26986247301101685,generate_report;db_read;quarantine_system;process_refund;create_ticket,0.27183071;0.26986247;0.26934078;0.26239666;0.26121166,61,lexical_cue_reduced,
Lexical,598,Can someone get me Bob's information?,query_database,db_read,db_read,True,1,0.2633506655693054,0.2633506655693054,db_read;generate_report;check_status;quarantine_system;send_notification,0.26335067;0.24272184;0.24246946;0.23352090;0.23100212,62,lexical_cue_reduced,
Lexical,599,Can someone get me Eve's information?,query_database,db_read,db_read,True,1,0.3174188733100891,0.3174188733100891,db_read;log_audit_event;db_write;send_notification;generate_report,0.31741887;0.29763913;0.29021740;0.26241139;0.25933683,63,lexical_cue_reduced,
Lexical,600,I'm trying to find out about order #31450.,query_database,db_read,create_ticket,False,9,0.26562175154685974,0.21448945999145508,create_ticket;generate_report;send_notification;provision_vm;db_write,0.26562175;0.25932920;0.25514376;0.25370905;0.24882764,64,lexical_cue_reduced,
Lexical,601,What's on record for Eve?,query_database,db_read,db_write,False,2,0.30998316407203674,0.24490635097026825,db_write;db_read;log_audit_event;generate_report;check_status,0.30998316;0.24490635;0.24465467;0.22983140;0.21364789,65,lexical_cue_reduced,
Lexical,602,I need the details on Charlie.,query_database,db_read,quarantine_system,False,10,0.3565596342086792,0.23899897933006287,quarantine_system;provision_vm;create_ticket;escalate_to_human;process_refund,0.35655963;0.32294577;0.31154570;0.30803362;0.30571476,66,lexical_cue_reduced,
Lexical,603,Frank can't log in anymore.,reset_password,reset_password,reset_password,True,1,0.5137138366699219,0.5137138366699219,reset_password;provision_vm;update_subscription;process_refund;create_ticket,0.51371384;0.33328471;0.31765559;0.31718567;0.31388110,134,lexical_cue_reduced,
Lexical,604,Grace is complaining about being locked out.,reset_password,reset_password,create_ticket,False,2,0.28025826811790466,0.2687380313873291,create_ticket;reset_password;escalate_to_human;update_subscription;provision_vm,0.28025827;0.26873803;0.24594343;0.24355762;0.23320471,135,lexical_cue_reduced,
Lexical,605,Alice can't log in anymore.,reset_password,reset_password,reset_password,True,1,0.4514703154563904,0.4514703154563904,reset_password;log_audit_event;escalate_to_human;process_refund;create_ticket,0.45147032;0.23114568;0.23030044;0.22784016;0.21208331,136,lexical_cue_reduced,
Lexical,606,Eve forgot how to access the system.,reset_password,reset_password,restart_service,False,5,0.34106671810150146,0.28374940156936646,restart_service;process_refund;db_write;quarantine_system;reset_password,0.34106672;0.30691308;0.29996422;0.28600228;0.28374940,137,lexical_cue_reduced,
Lexical,607,Diana can't log in anymore.,reset_password,reset_password,reset_password,True,1,0.4711165428161621,0.4711165428161621,reset_password;process_refund;generate_report;provision_vm;log_audit_event,0.47111654;0.30649018;0.27896866;0.27193093;0.27160147,138,lexical_cue_reduced,
Lexical,608,Eve is complaining about being locked out.,reset_password,reset_password,escalate_to_human,False,6,0.30033230781555176,0.231382355093956,escalate_to_human;create_ticket;generate_report;provision_vm;process_refund,0.30033231;0.26092598;0.25125220;0.25029272;0.23387195,139,lexical_cue_reduced,
Lexical,609,Diana keeps getting 'access denied'.,reset_password,reset_password,reset_password,True,1,0.3097173273563385,0.3097173273563385,reset_password;scan_malware;log_audit_event;provision_vm;quarantine_system,0.30971733;0.26782918;0.22171956;0.21113360;0.21068637,140,lexical_cue_reduced,
Lexical,610,We need to restore Grace's access.,reset_password,reset_password,reset_password,True,1,0.3635726571083069,0.3635726571083069,reset_password;update_subscription;log_audit_event;scan_malware;process_refund,0.36357266;0.23941341;0.20091049;0.19272749;0.19074385,141,lexical_cue_reduced,
Lexical,611,Eve can't authenticate since this morning.,reset_password,reset_password,reset_password,True,1,0.3033168315887451,0.3033168315887451,reset_password;log_audit_event;escalate_to_human;process_refund;update_subscription,0.30331683;0.21073738;0.17918296;0.17905901;0.17852719,142,lexical_cue_reduced,
Lexical,612,Charlie says the system won't let them in.,reset_password,reset_password,quarantine_system,False,11,0.3900703489780426,0.27731046080589294,quarantine_system;provision_vm;generate_report;scan_malware;escalate_to_human,0.39007035;0.37322253;0.35583913;0.34769598;0.32519773,143,lexical_cue_reduced,
Lexical,613,Frank can't authenticate since this morning.,reset_password,reset_password,reset_password,True,1,0.3718361258506775,0.3718361258506775,reset_password;update_subscription;escalate_to_human;provision_vm;quarantine_system,0.37183613;0.31929043;0.31788608;0.29995361;0.29100651,144,lexical_cue_reduced,
Lexical,614,Charlie can't authenticate since this morning.,reset_password,reset_password,reset_password,True,1,0.3216409981250763,0.3216409981250763,reset_password;quarantine_system;escalate_to_human;scan_malware;process_refund,0.32164100;0.26653793;0.25015864;0.23800050;0.22484440,145,lexical_cue_reduced,
Lexical,615,Charlie forgot how to access the system.,reset_password,reset_password,restart_service,False,7,0.368967741727829,0.279226690530777,restart_service;quarantine_system;process_refund;provision_vm;scan_malware,0.36896774;0.36494595;0.35050261;0.33203200;0.30726677,146,lexical_cue_reduced,
Lexical,616,Diana says the system won't let them in.,reset_password,reset_password,provision_vm,False,11,0.3926165699958801,0.28726860880851746,provision_vm;generate_report;quarantine_system;db_write;escalate_to_human,0.39261657;0.38878924;0.36931893;0.36628860;0.35080031,147,lexical_cue_reduced,
Lexical,617,Alice is complaining about being locked out.,reset_password,reset_password,escalate_to_human,False,8,0.4385005533695221,0.2501520812511444,escalate_to_human;create_ticket;provision_vm;generate_report;process_refund,0.43850055;0.38281462;0.31560758;0.28769296;0.27743906,148,lexical_cue_reduced,
Lexical,618,Grace can't authenticate since this morning.,reset_password,reset_password,reset_password,True,1,0.3372025787830353,0.3372025787830353,reset_password;update_subscription;log_audit_event;escalate_to_human;provision_vm,0.33720258;0.20736679;0.15829588;0.14728922;0.13926378,149,lexical_cue_reduced,
Lexical,619,Alice is locked out of their account.,reset_password,reset_password,reset_password,True,1,0.41341254115104675,0.41341254115104675,reset_password;escalate_to_human;update_subscription;provision_vm;generate_report,0.41341254;0.37284857;0.33596089;0.29581562;0.26436594,150,lexical_cue_reduced,
Lexical,620,Frank says the system won't let them in.,reset_password,reset_password,provision_vm,False,11,0.44672825932502747,0.33464315533638,provision_vm;generate_report;quarantine_system;create_ticket;escalate_to_human,0.44672826;0.42369428;0.41214031;0.40736455;0.38703769,151,lexical_cue_reduced,
Lexical,621,Alice's credentials are expired.,reset_password,reset_password,reset_password,True,1,0.4052676558494568,0.4052676558494568,reset_password;update_subscription;escalate_to_human;provision_vm;process_refund,0.40526766;0.30388832;0.27263838;0.24314384;0.22968699,152,lexical_cue_reduced,
Lexical,622,Charlie has been unable to sign in all day.,reset_password,reset_password,reset_password,True,1,0.35696840286254883,0.35696840286254883,reset_password;scan_malware;log_audit_event;quarantine_system;create_ticket,0.35696840;0.27981314;0.25998706;0.25606447;0.24838817,153,lexical_cue_reduced,
Lexical,623,We need to restore Eve's access.,reset_password,reset_password,reset_password,True,1,0.2999189794063568,0.2999189794063568,reset_password;log_audit_event;quarantine_system;process_refund;generate_report,0.29991898;0.28594020;0.25974834;0.25176588;0.25027987,154,lexical_cue_reduced,
Lexical,624,Alice forgot how to access the system.,reset_password,reset_password,process_refund,False,4,0.336873322725296,0.31389716267585754,process_refund;provision_vm;escalate_to_human;reset_password;restart_service,0.33687332;0.32665285;0.32338572;0.31389716;0.30783677,155,lexical_cue_reduced,
Lexical,625,Alice can't authenticate since this morning.,reset_password,reset_password,reset_password,True,1,0.34417665004730225,0.34417665004730225,reset_password;escalate_to_human;update_subscription;provision_vm;log_audit_event,0.34417665;0.31969371;0.23149648;0.21670476;0.21585602,156,lexical_cue_reduced,
Lexical,626,Grace can't log in anymore.,reset_password,reset_password,reset_password,True,1,0.4524005949497223,0.4524005949497223,reset_password;update_subscription;log_audit_event;process_refund;provision_vm,0.45240059;0.19729255;0.16223258;0.15312633;0.13854802,157,lexical_cue_reduced,
Lexical,627,We need to restore Bob's access.,reset_password,reset_password,reset_password,True,1,0.331259161233902,0.331259161233902,reset_password;quarantine_system;process_refund;generate_report;log_audit_event,0.33125916;0.26534471;0.26141930;0.22493611;0.22488126,158,lexical_cue_reduced,
Lexical,628,Diana is complaining about being locked out.,reset_password,reset_password,create_ticket,False,8,0.35979214310646057,0.23076435923576355,create_ticket;escalate_to_human;provision_vm;generate_report;process_refund,0.35979214;0.34870821;0.30367401;0.29610744;0.27921623,159,lexical_cue_reduced,
Lexical,629,Charlie is locked out of their account.,reset_password,reset_password,reset_password,True,1,0.4152762293815613,0.4152762293815613,reset_password;update_subscription;provision_vm;quarantine_system;scan_malware,0.41527623;0.32452479;0.31131378;0.30609003;0.29691491,160,lexical_cue_reduced,
Lexical,630,Frank is locked out of their account.,reset_password,reset_password,reset_password,True,1,0.4751591086387634,0.4751591086387634,reset_password;update_subscription;provision_vm;escalate_to_human;generate_report,0.47515911;0.44351780;0.39569640;0.35940140;0.35429931,161,lexical_cue_reduced,
Lexical,631,Bob is complaining about being locked out.,reset_password,reset_password,create_ticket,False,8,0.37736260890960693,0.22395700216293335,create_ticket;escalate_to_human;provision_vm;process_refund;quarantine_system,0.37736261;0.33538589;0.27999708;0.27393067;0.26533392,162,lexical_cue_reduced,
Lexical,632,Grace's credentials are expired.,reset_password,reset_password,reset_password,True,1,0.372079074382782,0.372079074382782,reset_password;update_subscription;provision_vm;scan_malware;process_refund,0.37207907;0.25021845;0.15001974;0.14614679;0.14382333,163,lexical_cue_reduced,
Lexical,633,Eve has been unable to sign in all day.,reset_password,reset_password,reset_password,True,1,0.3414391875267029,0.3414391875267029,reset_password;log_audit_event;update_subscription;scan_malware;generate_report,0.34143919;0.25266460;0.23823422;0.22109048;0.19538437,164,lexical_cue_reduced,
Lexical,634,Alice has been unable to sign in all day.,reset_password,reset_password,reset_password,True,1,0.37345415353775024,0.37345415353775024,reset_password;update_subscription;escalate_to_human;create_ticket;log_audit_event,0.37345415;0.28651038;0.28257281;0.25199720;0.24880983,165,lexical_cue_reduced,
Lexical,635,Diana's credentials are expired.,reset_password,reset_password,reset_password,True,1,0.30094969272613525,0.30094969272613525,reset_password;process_refund;generate_report;provision_vm;update_subscription,0.30094969;0.22600698;0.22226563;0.20258702;0.19597895,166,lexical_cue_reduced,
Lexical,636,Grace has been unable to sign in all day.,reset_password,reset_password,reset_password,True,1,0.3708544075489044,0.3708544075489044,reset_password;update_subscription;log_audit_event;scan_malware;provision_vm,0.37085441;0.25411180;0.18990520;0.18205306;0.15532257,167,lexical_cue_reduced,
Lexical,637,We need to restore Alice's access.,reset_password,reset_password,reset_password,True,1,0.3604712188243866,0.3604712188243866,reset_password;escalate_to_human;update_subscription;process_refund;provision_vm,0.36047122;0.34153903;0.30872896;0.30686036;0.30431563,168,lexical_cue_reduced,
Lexical,638,We need to restore Frank's access.,reset_password,reset_password,reset_password,True,1,0.38003188371658325,0.38003188371658325,reset_password;quarantine_system;provision_vm;update_subscription;generate_report,0.38003188;0.36759537;0.36252055;0.36139941;0.34973520,169,lexical_cue_reduced,
Lexical,639,Bob has been unable to sign in all day.,reset_password,reset_password,reset_password,True,1,0.35170742869377136,0.35170742869377136,reset_password;create_ticket;log_audit_event;scan_malware;update_subscription,0.35170743;0.23182862;0.22649001;0.21172406;0.20722215,170,lexical_cue_reduced,
Lexical,640,Bob forgot how to access the system.,reset_password,reset_password,restart_service,False,4,0.3585079312324524,0.274711936712265,restart_service;process_refund;quarantine_system;reset_password;provision_vm,0.35850793;0.30219126;0.29231906;0.27471194;0.26917571,171,lexical_cue_reduced,
Lexical,641,Bob can't log in anymore.,reset_password,reset_password,reset_password,True,1,0.4466192126274109,0.4466192126274109,reset_password;process_refund;log_audit_event;restart_service;create_ticket,0.44661921;0.22542095;0.21066591;0.20841822;0.19046311,172,lexical_cue_reduced,
Lexical,642,Diana can't authenticate since this morning.,reset_password,reset_password,reset_password,True,1,0.3119215965270996,0.3119215965270996,reset_password;escalate_to_human;generate_report;process_refund;provision_vm,0.31192160;0.25676784;0.24481110;0.23599489;0.22814980,173,lexical_cue_reduced,
Lexical,643,Bob keeps getting 'access denied'.,reset_password,reset_password,reset_password,True,1,0.2993503212928772,0.2993503212928772,reset_password;scan_malware;log_audit_event;quarantine_system;create_ticket,0.29935032;0.25820473;0.20786501;0.19626953;0.17822328,174,lexical_cue_reduced,
Lexical,644,Frank keeps getting 'access denied'.,reset_password,reset_password,reset_password,True,1,0.3705247640609741,0.3705247640609741,reset_password;create_ticket;provision_vm;scan_malware;update_subscription,0.37052476;0.33188039;0.33150384;0.32986590;0.32474697,175,lexical_cue_reduced,
Lexical,645,Eve's credentials are expired.,reset_password,reset_password,reset_password,True,1,0.36145684123039246,0.36145684123039246,reset_password;update_subscription;process_refund;log_audit_event;scan_malware,0.36145684;0.23984066;0.19526377;0.19337286;0.18438068,176,lexical_cue_reduced,
Lexical,646,Grace says the system won't let them in.,reset_password,reset_password,reset_password,True,1,0.3124944865703583,0.3124944865703583,reset_password;provision_vm;generate_report;quarantine_system;scan_malware,0.31249449;0.30030522;0.26663044;0.26630411;0.25640431,177,lexical_cue_reduced,
Lexical,647,Alice keeps getting 'access denied'.,reset_password,reset_password,reset_password,True,1,0.3161225914955139,0.3161225914955139,reset_password;escalate_to_human;log_audit_event;provision_vm;scan_malware,0.31612259;0.26901174;0.22427046;0.20804331;0.20688638,178,lexical_cue_reduced,
Lexical,648,Eve is locked out of their account.,reset_password,reset_password,reset_password,True,1,0.39711830019950867,0.39711830019950867,reset_password;update_subscription;scan_malware;provision_vm;generate_report,0.39711830;0.30287707;0.26979324;0.26640582;0.25314358,179,lexical_cue_reduced,
Lexical,649,Bob can't authenticate since this morning.,reset_password,reset_password,reset_password,True,1,0.3363683819770813,0.3363683819770813,reset_password;quarantine_system;escalate_to_human;process_refund;log_audit_event,0.33636838;0.20120656;0.19410367;0.19326298;0.18589117,180,lexical_cue_reduced,
Lexical,650,Frank is complaining about being locked out.,reset_password,reset_password,create_ticket,False,9,0.4487186074256897,0.2873973846435547,create_ticket;escalate_to_human;provision_vm;generate_report;send_notification,0.44871861;0.39032438;0.37793279;0.34973708;0.34744364,181,lexical_cue_reduced,
Lexical,651,Charlie can't log in anymore.,reset_password,reset_password,reset_password,True,1,0.45022153854370117,0.45022153854370117,reset_password;process_refund;scan_malware;quarantine_system;provision_vm,0.45022154;0.26738259;0.26420325;0.26082695;0.24652019,182,lexical_cue_reduced,
Lexical,652,Eve can't log in anymore.,reset_password,reset_password,reset_password,True,1,0.42147234082221985,0.42147234082221985,reset_password;log_audit_event;process_refund;restart_service;generate_report,0.42147234;0.25069031;0.22397734;0.21446994;0.18672399,183,lexical_cue_reduced,
Lexical,653,Alice says the system won't let them in.,reset_password,reset_password,escalate_to_human,False,7,0.42370694875717163,0.2894211709499359,escalate_to_human;provision_vm;generate_report;create_ticket;quarantine_system,0.42370695;0.37125218;0.33451328;0.33290264;0.31687933,184,lexical_cue_reduced,
Lexical,654,We need to restore Charlie's access.,reset_password,reset_password,quarantine_system,False,2,0.32892242074012756,0.3050701320171356,quarantine_system;reset_password;process_refund;scan_malware;generate_report,0.32892242;0.30507013;0.29589820;0.28325459;0.27782783,185,lexical_cue_reduced,
Lexical,655,Grace keeps getting 'access denied'.,reset_password,reset_password,reset_password,True,1,0.3236960172653198,0.3236960172653198,reset_password;scan_malware;update_subscription;log_audit_event;provision_vm,0.32369602;0.20693590;0.15694657;0.15305191;0.10673103,186,lexical_cue_reduced,
Lexical,656,Diana forgot how to access the system.,reset_password,reset_password,restart_service,False,8,0.3845531940460205,0.2890145182609558,restart_service;process_refund;db_write;provision_vm;quarantine_system,0.38455319;0.37167525;0.36686197;0.34149358;0.33880308,187,lexical_cue_reduced,
Lexical,657,Charlie is complaining about being locked out.,reset_password,reset_password,create_ticket,False,8,0.39005011320114136,0.2508143484592438,create_ticket;escalate_to_human;provision_vm;quarantine_system;generate_report,0.39005011;0.35515919;0.32819334;0.32339698;0.31003886,188,lexical_cue_reduced,
Lexical,658,Frank's credentials are expired.,reset_password,reset_password,reset_password,True,1,0.4182316064834595,0.4182316064834595,reset_password;update_subscription;provision_vm;process_refund;create_ticket,0.41823161;0.36801198;0.32337940;0.29800391;0.29780918,189,lexical_cue_reduced,
Lexical,659,Frank has been unable to sign in all day.,reset_password,reset_password,reset_password,True,1,0.3989998996257782,0.3989998996257782,reset_password;update_subscription;create_ticket;provision_vm;generate_report,0.39899990;0.34877494;0.34434906;0.31454903;0.30119807,190,lexical_cue_reduced,
Lexical,660,Grace forgot how to access the system.,reset_password,reset_password,reset_password,True,1,0.33414921164512634,0.33414921164512634,reset_password;restart_service;process_refund;provision_vm;update_subscription,0.33414921;0.28597379;0.24813692;0.23537835;0.21613249,191,lexical_cue_reduced,
Lexical,661,Frank forgot how to access the system.,reset_password,reset_password,provision_vm,False,7,0.41186025738716125,0.34752610325813293,provision_vm;process_refund;restart_service;quarantine_system;generate_report,0.41186026;0.40483892;0.40317437;0.39695656;0.36555153,192,lexical_cue_reduced,
Lexical,662,Diana has been unable to sign in all day.,reset_password,reset_password,reset_password,True,1,0.3624208867549896,0.3624208867549896,reset_password;log_audit_event;generate_report;create_ticket;provision_vm,0.36242089;0.25627011;0.25329250;0.24827282;0.23125552,193,lexical_cue_reduced,
Lexical,663,Charlie keeps getting 'access denied'.,reset_password,reset_password,scan_malware,False,2,0.30954790115356445,0.294057697057724,scan_malware;reset_password;quarantine_system;log_audit_event;provision_vm,0.30954790;0.29405770;0.25315735;0.23914815;0.21134247,194,lexical_cue_reduced,
Lexical,664,Bob is locked out of their account.,reset_password,reset_password,reset_password,True,1,0.42385080456733704,0.42385080456733704,reset_password;update_subscription;escalate_to_human;provision_vm;quarantine_system,0.42385080;0.29281709;0.27534509;0.27495810;0.26056841,195,lexical_cue_reduced,
Lexical,665,Bob's credentials are expired.,reset_password,reset_password,reset_password,True,1,0.39208850264549255,0.39208850264549255,reset_password;update_subscription;process_refund;quarantine_system;provision_vm,0.39208850;0.24003179;0.22753948;0.20433687;0.20407690,196,lexical_cue_reduced,
Lexical,666,Bob says the system won't let them in.,reset_password,reset_password,provision_vm,False,7,0.34241265058517456,0.28847843408584595,provision_vm;quarantine_system;scan_malware;generate_report;create_ticket,0.34241265;0.33889294;0.31634143;0.31509680;0.30323291,197,lexical_cue_reduced,
Lexical,667,Grace is locked out of their account.,reset_password,reset_password,reset_password,True,1,0.42594975233078003,0.42594975233078003,reset_password;update_subscription;provision_vm;generate_report;scan_malware,0.42594975;0.34035113;0.23825029;0.19400674;0.19234575,198,lexical_cue_reduced,
Lexical,668,Diana is locked out of their account.,reset_password,reset_password,reset_password,True,1,0.4015527367591858,0.4015527367591858,reset_password;provision_vm;update_subscription;generate_report;escalate_to_human,0.40155274;0.30727059;0.30550584;0.30060852;0.27697057,199,lexical_cue_reduced,
Lexical,669,Alice can't log in anymore.,reset_password,reset_password,reset_password,True,1,0.451470285654068,0.451470285654068,reset_password;log_audit_event;escalate_to_human;process_refund;create_ticket,0.45147029;0.23114565;0.23030040;0.22784016;0.21208332,200,lexical_cue_reduced,
Lexical,670,The process on ml-infer-05 is hung.,restart_service,restart_service,db_write,False,2,0.23007816076278687,0.22820478677749634,db_write;restart_service;quarantine_system;process_refund;generate_report,0.23007816;0.22820479;0.22306395;0.21567641;0.20975798,737,lexical_cue_reduced,
Lexical,671,Something on payment-api-03 stopped working.,restart_service,restart_service,create_ticket,False,11,0.3429202735424042,0.23124700784683228,create_ticket;process_refund;provision_vm;quarantine_system;generate_report,0.34292027;0.33500594;0.30782345;0.29087177;0.29070574,738,lexical_cue_reduced,
Lexical,672,Requests to staging-db-02 are timing out.,restart_service,restart_service,db_write,False,10,0.2648094594478607,0.15860816836357117,db_write;db_read;create_ticket;generate_report;process_refund,0.26480946;0.24315798;0.19666061;0.18750553;0.17976631,739,lexical_cue_reduced,
Lexical,673,The application on cdn-edge-06 is frozen.,restart_service,restart_service,restart_service,True,1,0.3561354875564575,0.3561354875564575,restart_service;provision_vm;process_refund;quarantine_system;create_ticket,0.35613549;0.30379963;0.29831415;0.28428644;0.28266886,740,lexical_cue_reduced,
Lexical,674,staging-db-02 has been unresponsive.,restart_service,restart_service,restart_service,True,1,0.23592440783977509,0.23592440783977509,restart_service;db_write;db_read;generate_report;create_ticket,0.23592441;0.23220752;0.19364305;0.14579450;0.13939433,741,lexical_cue_reduced,
Lexical,675,Something on prod-web-01 stopped working.,restart_service,restart_service,process_refund,False,7,0.39818304777145386,0.3227332532405853,process_refund;generate_report;create_ticket;quarantine_system;provision_vm,0.39818305;0.37807003;0.37463686;0.37330931;0.37046593,742,lexical_cue_reduced,
Lexical,676,Requests to payment-api-03 are timing out.,restart_service,restart_service,create_ticket,False,15,0.32532450556755066,0.09926395118236542,create_ticket;quarantine_system;process_refund;provision_vm;log_audit_event,0.32532451;0.27491379;0.27301997;0.26811126;0.26584435,743,lexical_cue_reduced,
Lexical,677,Requests to auth-svc-04 are timing out.,restart_service,restart_service,reset_password,False,11,0.2378455102443695,0.1382429450750351,reset_password;create_ticket;log_audit_event;quarantine_system;scan_malware,0.23784551;0.22519162;0.22290219;0.19441731;0.19281125,744,lexical_cue_reduced,
Lexical,678,ml-infer-05 is stuck and not serving requests.,restart_service,restart_service,process_refund,False,5,0.2693746089935303,0.22254040837287903,process_refund;log_audit_event;quarantine_system;generate_report;restart_service,0.26937461;0.25127488;0.24629940;0.23730597;0.22254041,745,lexical_cue_reduced,
Lexical,679,cdn-edge-06 needs a fresh start.,restart_service,restart_service,provision_vm,False,6,0.2763153612613678,0.2575657069683075,provision_vm;generate_report;process_refund;quarantine_system;send_notification,0.27631536;0.26882461;0.26534152;0.26400974;0.25763589,746,lexical_cue_reduced,
Lexical,680,ml-infer-05 hasn't responded in a while.,restart_service,restart_service,generate_report,False,11,0.32515978813171387,0.23116877675056458,generate_report;quarantine_system;process_refund;log_audit_event;send_notification,0.32515979;0.31096452;0.30903801;0.30649427;0.30328512,747,lexical_cue_reduced,
Lexical,681,Requests to ml-infer-05 are timing out.,restart_service,restart_service,process_refund,False,14,0.2556849420070648,0.14757521450519562,process_refund;quarantine_system;log_audit_event;generate_report;scan_malware,0.25568494;0.25503305;0.25297856;0.25068790;0.24116029,748,lexical_cue_reduced,
Lexical,682,Users are complaining that cdn-edge-06 is down.,restart_service,restart_service,create_ticket,False,11,0.2569698393344879,0.12372653186321259,create_ticket;send_notification;escalate_to_human;provision_vm;generate_report,0.25696984;0.24354224;0.22988442;0.21704435;0.21336147,749,lexical_cue_reduced,
Lexical,683,The process on cdn-edge-06 is hung.,restart_service,restart_service,restart_service,True,1,0.2799142897129059,0.2799142897129059,restart_service;create_ticket;provision_vm;quarantine_system;process_refund,0.27991429;0.26187062;0.25587401;0.25439307;0.24258633,750,lexical_cue_reduced,
Lexical,684,payment-api-03 is stuck and not serving requests.,restart_service,restart_service,create_ticket,False,8,0.29821693897247314,0.18915696442127228,create_ticket;process_refund;quarantine_system;provision_vm;log_audit_event,0.29821694;0.26451409;0.23356277;0.22999747;0.22384274,751,lexical_cue_reduced,
Lexical,685,Users are complaining that staging-db-02 is down.,restart_service,restart_service,db_write,False,8,0.21786126494407654,0.13451716303825378,db_write;send_notification;create_ticket;escalate_to_human;generate_report,0.21786126;0.18752979;0.16461144;0.16427897;0.16424288,752,lexical_cue_reduced,
Lexical,686,The service on ml-infer-05 is in a bad state.,restart_service,restart_service,quarantine_system,False,2,0.28879207372665405,0.27872902154922485,quarantine_system;restart_service;process_refund;scan_malware;provision_vm,0.28879207;0.27872902;0.26844230;0.25681028;0.25529286,753,lexical_cue_reduced,
Lexical,687,Users are complaining that ml-infer-05 is down.,restart_service,restart_service,send_notification,False,13,0.304701030254364,0.1725175827741623,send_notification;generate_report;provision_vm;process_refund;escalate_to_human,0.30470103;0.29777020;0.27387297;0.26463398;0.26150903,754,lexical_cue_reduced,
Lexical,688,payment-api-03 hasn't responded in a while.,restart_service,restart_service,quarantine_system,False,14,0.36500662565231323,0.1797160506248474,quarantine_system;provision_vm;process_refund;generate_report;send_notification,0.36500663;0.35848829;0.35620412;0.34715816;0.34502265,755,lexical_cue_reduced,
Lexical,689,cdn-edge-06 is stuck and not serving requests.,restart_service,restart_service,create_ticket,False,4,0.26843082904815674,0.21065403521060944,create_ticket;process_refund;check_status;restart_service;quarantine_system,0.26843083;0.22832474;0.21578424;0.21065404;0.20859566,756,lexical_cue_reduced,
Lexical,690,The service on auth-svc-04 is in a bad state.,restart_service,restart_service,restart_service,True,1,0.33843132853507996,0.33843132853507996,restart_service;quarantine_system;process_refund;check_status;provision_vm,0.33843133;0.26811099;0.25583801;0.24631046;0.23183118,757,lexical_cue_reduced,
Lexical,691,auth-svc-04 is stuck and not serving requests.,restart_service,restart_service,reset_password,False,2,0.21052466332912445,0.17944954335689545,reset_password;restart_service;log_audit_event;create_ticket;process_refund,0.21052466;0.17944954;0.16490708;0.15484226;0.13497646,758,lexical_cue_reduced,
Lexical,692,prod-web-01 needs a fresh start.,restart_service,restart_service,generate_report,False,12,0.43664899468421936,0.3105054199695587,generate_report;quarantine_system;provision_vm;process_refund;send_notification,0.43664899;0.43321118;0.43000290;0.42927021;0.38213745,759,lexical_cue_reduced,
Lexical,693,Something on cdn-edge-06 stopped working.,restart_service,restart_service,create_ticket,False,2,0.28213435411453247,0.25590837001800537,create_ticket;restart_service;process_refund;provision_vm;generate_report,0.28213435;0.25590837;0.24488086;0.23864435;0.23073006,760,lexical_cue_reduced,
Lexical,694,Users are complaining that prod-web-01 is down.,restart_service,restart_service,create_ticket,False,11,0.3599357306957245,0.19624736905097961,create_ticket;generate_report;escalate_to_human;provision_vm;send_notification,0.35993573;0.33373562;0.33283281;0.33189794;0.32521284,761,lexical_cue_reduced,
Lexical,695,The application on auth-svc-04 is frozen.,restart_service,restart_service,restart_service,True,1,0.3572978079319,0.3572978079319,restart_service;reset_password;process_refund;provision_vm;quarantine_system,0.35729781;0.32095662;0.25186735;0.21125591;0.20689209,762,lexical_cue_reduced,
Lexical,696,ml-infer-05 has been unresponsive.,restart_service,restart_service,restart_service,True,1,0.21287384629249573,0.21287384629249573,restart_service;generate_report;process_refund;quarantine_system;scan_malware,0.21287385;0.20811737;0.20327057;0.19065164;0.18319410,763,lexical_cue_reduced,
Lexical,697,Requests to prod-web-01 are timing out.,restart_service,restart_service,create_ticket,False,13,0.3963620662689209,0.20837759971618652,create_ticket;quarantine_system;process_refund;generate_report;provision_vm,0.39636207;0.37159011;0.35872191;0.35720068;0.35287327,764,lexical_cue_reduced,
Lexical,698,The process on payment-api-03 is hung.,restart_service,restart_service,process_refund,False,7,0.32715076208114624,0.26699936389923096,process_refund;create_ticket;quarantine_system;provision_vm;generate_report,0.32715076;0.31563583;0.31042564;0.29921925;0.28454566,765,lexical_cue_reduced,
Lexical,699,staging-db-02 is stuck and not serving requests.,restart_service,restart_service,db_read,False,3,0.2608318030834198,0.21971172094345093,db_read;db_write;restart_service;check_status;process_refund,0.26083180;0.22440226;0.21971172;0.17029701;0.15240002,766,lexical_cue_reduced,
Lexical,700,The process on auth-svc-04 is hung.,restart_service,restart_service,restart_service,True,1,0.2603265643119812,0.2603265643119812,restart_service;reset_password;process_refund;quarantine_system;log_audit_event,0.26032656;0.19484502;0.19008684;0.17877460;0.17322268,767,lexical_cue_reduced,
Lexical,701,Users are complaining that auth-svc-04 is down.,restart_service,restart_service,create_ticket,False,7,0.19644367694854736,0.14929963648319244,create_ticket;escalate_to_human;log_audit_event;reset_password;send_notification,0.19644368;0.18029934;0.17400947;0.16496976;0.15554667,768,lexical_cue_reduced,
Lexical,702,The process on prod-web-01 is hung.,restart_service,restart_service,quarantine_system,False,5,0.40720757842063904,0.35712459683418274,quarantine_system;process_refund;generate_report;provision_vm;restart_service,0.40720758;0.39680070;0.37954584;0.37667775;0.35712460,769,lexical_cue_reduced,
Lexical,703,Something on ml-infer-05 stopped working.,restart_service,restart_service,process_refund,False,6,0.2659153938293457,0.23208722472190857,process_refund;generate_report;db_write;log_audit_event;quarantine_system,0.26591539;0.26069072;0.25628874;0.25315946;0.23738292,770,lexical_cue_reduced,
Lexical,704,The service on payment-api-03 is in a bad state.,restart_service,restart_service,quarantine_system,False,6,0.36352646350860596,0.3111909329891205,quarantine_system;process_refund;check_status;provision_vm;create_ticket,0.36352646;0.35249847;0.34243718;0.34241605;0.33515173,771,lexical_cue_reduced,
Lexical,705,The service on prod-web-01 is in a bad state.,restart_service,restart_service,quarantine_system,False,4,0.430258572101593,0.3896152973175049,quarantine_system;process_refund;provision_vm;restart_service;generate_report,0.43025857;0.40790832;0.39355326;0.38961530;0.37471977,772,lexical_cue_reduced,
Lexical,706,auth-svc-04 hasn't responded in a while.,restart_service,restart_service,reset_password,False,9,0.2998069226741791,0.2138201743364334,reset_password;log_audit_event;quarantine_system;process_refund;escalate_to_human,0.29980692;0.26066202;0.23773329;0.23746249;0.22922617,773,lexical_cue_reduced,
Lexical,707,ml-infer-05 needs a fresh start.,restart_service,restart_service,generate_report,False,5,0.31759849190711975,0.28937065601348877,generate_report;process_refund;db_write;quarantine_system;restart_service,0.31759849;0.31285191;0.30554655;0.30182859;0.28937066,774,lexical_cue_reduced,
Lexical,708,cdn-edge-06 has been unresponsive.,restart_service,restart_service,restart_service,True,1,0.25410813093185425,0.25410813093185425,restart_service;create_ticket;process_refund;escalate_to_human;provision_vm,0.25410813;0.23516062;0.19012229;0.18354395;0.18347852,775,lexical_cue_reduced,
Lexical,709,Requests to cdn-edge-06 are timing out.,restart_service,restart_service,create_ticket,False,12,0.28832370042800903,0.13528385758399963,create_ticket;provision_vm;quarantine_system;send_notification;process_refund,0.28832370;0.22940601;0.22476977;0.22273920;0.21999894,776,lexical_cue_reduced,
Lexical,710,The application on ml-infer-05 is frozen.,restart_service,restart_service,process_refund,False,4,0.3053177297115326,0.29197147488594055,process_refund;generate_report;scan_malware;restart_service;quarantine_system,0.30531773;0.29756016;0.29237983;0.29197147;0.28959718,777,lexical_cue_reduced,
Lexical,711,cdn-edge-06 hasn't responded in a while.,restart_service,restart_service,send_notification,False,11,0.30311909317970276,0.21056589484214783,send_notification;escalate_to_human;create_ticket;provision_vm;generate_report,0.30311909;0.29926264;0.29897282;0.29508767;0.29038021,778,lexical_cue_reduced,
Lexical,712,staging-db-02 needs a fresh start.,restart_service,restart_service,db_write,False,3,0.39186891913414,0.30231523513793945,db_write;db_read;restart_service;generate_report;process_refund,0.39186892;0.31944051;0.30231524;0.24322540;0.23660943,779,lexical_cue_reduced,
Lexical,713,payment-api-03 needs a fresh start.,restart_service,restart_service,process_refund,False,12,0.38067978620529175,0.24668169021606445,process_refund;provision_vm;quarantine_system;generate_report;create_ticket,0.38067979;0.36797917;0.35795429;0.35124573;0.34054711,780,lexical_cue_reduced,
Lexical,714,Users are complaining that payment-api-03 is down.,restart_service,restart_service,create_ticket,False,12,0.3175937235355377,0.09026508778333664,create_ticket;escalate_to_human;send_notification;provision_vm;generate_report,0.31759372;0.26898003;0.24704067;0.24528471;0.22145392,781,lexical_cue_reduced,
Lexical,715,The application on payment-api-03 is frozen.,restart_service,restart_service,process_refund,False,3,0.3793580234050751,0.3504573702812195,process_refund;provision_vm;restart_service;quarantine_system;generate_report,0.37935802;0.35489646;0.35045737;0.34093881;0.33258122,782,lexical_cue_reduced,
Lexical,716,prod-web-01 has been unresponsive.,restart_service,restart_service,quarantine_system,False,7,0.3512425124645233,0.3070499300956726,quarantine_system;process_refund;generate_report;create_ticket;provision_vm,0.35124251;0.34423870;0.33656815;0.33550799;0.32913253,783,lexical_cue_reduced,
Lexical,717,staging-db-02 hasn't responded in a while.,restart_service,restart_service,db_write,False,9,0.330374538898468,0.21532075107097626,db_write;db_read;generate_report;send_notification;check_status,0.33037454;0.30252635;0.26060021;0.24836841;0.23928155,784,lexical_cue_reduced,
Lexical,718,prod-web-01 is stuck and not serving requests.,restart_service,restart_service,create_ticket,False,8,0.33611226081848145,0.25638139247894287,create_ticket;process_refund;quarantine_system;log_audit_event;provision_vm,0.33611226;0.32511300;0.31766319;0.30066779;0.29262546,785,lexical_cue_reduced,
Lexical,719,auth-svc-04 has been unresponsive.,restart_service,restart_service,restart_service,True,1,0.24190032482147217,0.24190032482147217,restart_service;reset_password;create_ticket;escalate_to_human;process_refund,0.24190032;0.22320256;0.17260386;0.16526209;0.16069335,786,lexical_cue_reduced,
Lexical,720,auth-svc-04 needs a fresh start.,restart_service,restart_service,reset_password,False,2,0.354836642742157,0.2900078594684601,reset_password;restart_service;process_refund;quarantine_system;provision_vm,0.35483664;0.29000786;0.26778719;0.25339437;0.24262342,787,lexical_cue_reduced,
Lexical,721,Something on auth-svc-04 stopped working.,restart_service,restart_service,reset_password,False,2,0.2855733036994934,0.2539029121398926,reset_password;restart_service;log_audit_event;process_refund;create_ticket,0.28557330;0.25390291;0.19514042;0.19420330;0.16899739,788,lexical_cue_reduced,
Lexical,722,prod-web-01 hasn't responded in a while.,restart_service,restart_service,quarantine_system,False,13,0.4582861661911011,0.288207471370697,quarantine_system;generate_report;provision_vm;process_refund;scan_malware,0.45828617;0.45235729;0.44232321;0.43420950;0.41840991,789,lexical_cue_reduced,
Lexical,723,payment-api-03 has been unresponsive.,restart_service,restart_service,create_ticket,False,6,0.3052831292152405,0.21000514924526215,create_ticket;process_refund;provision_vm;quarantine_system;generate_report,0.30528313;0.25320572;0.24252225;0.23847978;0.22267365,790,lexical_cue_reduced,
Lexical,724,The application on prod-web-01 is frozen.,restart_service,restart_service,process_refund,False,2,0.38130033016204834,0.3751629889011383,process_refund;restart_service;quarantine_system;provision_vm;generate_report,0.38130033;0.37516299;0.36549467;0.36031514;0.35853308,791,lexical_cue_reduced,
Lexical,725,Something on staging-db-02 stopped working.,restart_service,restart_service,db_write,False,3,0.32104185223579407,0.27462953329086304,db_write;db_read;restart_service;process_refund;generate_report,0.32104185;0.29030207;0.27462953;0.20239791;0.20080753,792,lexical_cue_reduced,
Lexical,726,The application on staging-db-02 is frozen.,restart_service,restart_service,db_write,False,2,0.3713453412055969,0.33035048842430115,db_write;restart_service;db_read;generate_report;process_refund,0.37134534;0.33035049;0.29299283;0.23742700;0.23668644,793,lexical_cue_reduced,
Lexical,727,The service on cdn-edge-06 is in a bad state.,restart_service,restart_service,restart_service,True,1,0.28543660044670105,0.28543660044670105,restart_service;check_status;quarantine_system;create_ticket;provision_vm,0.28543660;0.25843099;0.25659752;0.24527186;0.24318816,794,lexical_cue_reduced,
Lexical,728,The process on staging-db-02 is hung.,restart_service,restart_service,db_write,False,2,0.32878291606903076,0.28579312562942505,db_write;restart_service;db_read;check_status;process_refund,0.32878292;0.28579313;0.27616110;0.21205790;0.19019906,795,lexical_cue_reduced,
Lexical,729,payment-api-03 hasn't responded in a while.,restart_service,restart_service,quarantine_system,False,14,0.36500662565231323,0.1797160506248474,quarantine_system;provision_vm;process_refund;generate_report;send_notification,0.36500663;0.35848829;0.35620412;0.34715816;0.34502265,796,lexical_cue_reduced,
Lexical,730,ml-infer-05 has been unresponsive.,restart_service,restart_service,restart_service,True,1,0.21287384629249573,0.21287384629249573,restart_service;generate_report;process_refund;quarantine_system;scan_malware,0.21287385;0.20811737;0.20327057;0.19065164;0.18319410,797,lexical_cue_reduced,
Lexical,731,The service on staging-db-02 is in a bad state.,restart_service,restart_service,restart_service,True,1,0.3312250077724457,0.3312250077724457,restart_service;db_write;db_read;check_status;quarantine_system,0.33122501;0.32717896;0.28742263;0.25869802;0.23480022,798,lexical_cue_reduced,
Lexical,732,The application on cdn-edge-06 is frozen.,restart_service,restart_service,restart_service,True,1,0.3561354875564575,0.3561354875564575,restart_service;provision_vm;process_refund;quarantine_system;create_ticket,0.35613549;0.30379963;0.29831415;0.28428644;0.28266886,799,lexical_cue_reduced,
Lexical,733,Users are complaining that prod-web-01 is down.,restart_service,restart_service,create_ticket,False,11,0.3599357306957245,0.19624736905097961,create_ticket;generate_report;escalate_to_human;provision_vm;send_notification,0.35993573;0.33373562;0.33283281;0.33189794;0.32521284,800,lexical_cue_reduced,
Lexical,734,prod-web-01 hasn't responded in a while.,restart_service,restart_service,quarantine_system,False,13,0.4582861661911011,0.288207471370697,quarantine_system;generate_report;provision_vm;process_refund;scan_malware,0.45828617;0.45235729;0.44232321;0.43420950;0.41840991,801,lexical_cue_reduced,
Lexical,735,ml-infer-05 needs a fresh start.,restart_service,restart_service,generate_report,False,5,0.31759849190711975,0.28937065601348877,generate_report;process_refund;db_write;quarantine_system;restart_service,0.31759849;0.31285191;0.30554655;0.30182859;0.28937066,802,lexical_cue_reduced,
Lexical,736,Users are complaining that prod-web-01 is down.,restart_service,restart_service,create_ticket,False,11,0.3599357306957245,0.19624736905097961,create_ticket;generate_report;escalate_to_human;provision_vm;send_notification,0.35993573;0.33373562;0.33283281;0.33189794;0.32521284,803,lexical_cue_reduced,
Lexical,737,Something weird is going on with ml-infer-05.,scan_malware,scan_malware,generate_report,False,2,0.3186894357204437,0.31532415747642517,generate_report;scan_malware;provision_vm;quarantine_system;send_notification,0.31868944;0.31532416;0.30731380;0.30330461;0.29451641,402,lexical_cue_reduced,
Lexical,738,There are suspicious processes on staging-db-02.,scan_malware,scan_malware,scan_malware,True,1,0.2930769920349121,0.2930769920349121,scan_malware;db_read;db_write;quarantine_system;provision_vm,0.29307699;0.25150353;0.23867448;0.19212592;0.16507266,403,lexical_cue_reduced,
Lexical,739,auth-svc-04 might have been breached.,scan_malware,scan_malware,reset_password,False,2,0.36939987540245056,0.2583065330982208,reset_password;scan_malware;log_audit_event;escalate_to_human;quarantine_system,0.36939988;0.25830653;0.25263441;0.21381909;0.20837428,404,lexical_cue_reduced,
Lexical,740,cdn-edge-06 might have been breached.,scan_malware,scan_malware,create_ticket,False,3,0.26698043942451477,0.2647947669029236,create_ticket;escalate_to_human;scan_malware;provision_vm;generate_report,0.26698044;0.26690927;0.26479477;0.26180708;0.24957809,405,lexical_cue_reduced,
Lexical,741,cdn-edge-06 has been flagged for unusual behavior.,scan_malware,scan_malware,create_ticket,False,10,0.3186531662940979,0.1799195259809494,create_ticket;escalate_to_human;provision_vm;quarantine_system;send_notification,0.31865317;0.29983857;0.25345182;0.24059412;0.23935126,406,lexical_cue_reduced,
Lexical,742,Is auth-svc-04 clean? We're not sure.,scan_malware,scan_malware,reset_password,False,2,0.29873785376548767,0.2636609375476837,reset_password;scan_malware;quarantine_system;log_audit_event;provision_vm,0.29873785;0.26366094;0.23642905;0.22626781;0.21811372,407,lexical_cue_reduced,
Lexical,743,There are suspicious processes on cdn-edge-06.,scan_malware,scan_malware,scan_malware,True,1,0.33433154225349426,0.33433154225349426,scan_malware;quarantine_system;provision_vm;escalate_to_human;send_notification,0.33433154;0.24204016;0.21215606;0.20066582;0.19727050,408,lexical_cue_reduced,
Lexical,744,We need to make sure auth-svc-04 is safe.,scan_malware,scan_malware,scan_malware,True,1,0.3577115535736084,0.3577115535736084,scan_malware;reset_password;quarantine_system;provision_vm;generate_report,0.35771155;0.28647837;0.26832557;0.25101215;0.23135352,409,lexical_cue_reduced,
Lexical,745,Something weird is going on with payment-api-03.,scan_malware,scan_malware,provision_vm,False,9,0.36230260133743286,0.2760712206363678,provision_vm;create_ticket;quarantine_system;generate_report;process_refund,0.36230260;0.35263088;0.33076733;0.32168499;0.31644896,410,lexical_cue_reduced,
Lexical,746,We're seeing unusual activity on staging-db-02.,scan_malware,scan_malware,db_read,False,9,0.34945574402809143,0.22841092944145203,db_read;db_write;generate_report;quarantine_system;log_audit_event,0.34945574;0.32765555;0.26633605;0.24396738;0.23983900,411,lexical_cue_reduced,
Lexical,747,Something weird is going on with cdn-edge-06.,scan_malware,scan_malware,provision_vm,False,4,0.2757773697376251,0.24206338822841644,provision_vm;create_ticket;send_notification;scan_malware;escalate_to_human,0.27577737;0.27200103;0.24700676;0.24206339;0.24135637,412,lexical_cue_reduced,
Lexical,748,ml-infer-05 might have been breached.,scan_malware,scan_malware,scan_malware,True,1,0.30832910537719727,0.30832910537719727,scan_malware;generate_report;log_audit_event;provision_vm;process_refund,0.30832911;0.29538387;0.28560352;0.26398817;0.25897121,413,lexical_cue_reduced,
Lexical,749,prod-web-01 might have been breached.,scan_malware,scan_malware,scan_malware,True,1,0.4564512372016907,0.4564512372016907,scan_malware;reset_password;generate_report;quarantine_system;provision_vm,0.45645124;0.40074989;0.38865358;0.38811019;0.38557816,414,lexical_cue_reduced,
Lexical,750,There are suspicious processes on auth-svc-04.,scan_malware,scan_malware,scan_malware,True,1,0.32966065406799316,0.32966065406799316,scan_malware;reset_password;quarantine_system;log_audit_event;provision_vm,0.32966065;0.23400280;0.22288948;0.22012624;0.18184485,415,lexical_cue_reduced,
Lexical,751,Can we verify that ml-infer-05 isn't compromised?,scan_malware,scan_malware,scan_malware,True,1,0.3004683256149292,0.3004683256149292,scan_malware;generate_report;send_notification;log_audit_event;quarantine_system,0.30046833;0.20328455;0.20162803;0.20039846;0.19561830,416,lexical_cue_reduced,
Lexical,752,Is ml-infer-05 clean? We're not sure.,scan_malware,scan_malware,scan_malware,True,1,0.27938565611839294,0.27938565611839294,scan_malware;restart_service;quarantine_system;db_write;generate_report,0.27938566;0.24296978;0.23401332;0.21850550;0.20646529,417,lexical_cue_reduced,
Lexical,753,payment-api-03 has been flagged for unusual behavior.,scan_malware,scan_malware,create_ticket,False,11,0.3376716077327728,0.16169549524784088,create_ticket;escalate_to_human;provision_vm;quarantine_system;process_refund,0.33767161;0.26984471;0.25969627;0.24596673;0.24594586,418,lexical_cue_reduced,
Lexical,754,There could be something bad running on auth-svc-04.,scan_malware,scan_malware,reset_password,False,2,0.2895958721637726,0.24900241196155548,reset_password;scan_malware;log_audit_event;quarantine_system;provision_vm,0.28959587;0.24900241;0.23084389;0.22465430;0.21311860,419,lexical_cue_reduced,
Lexical,755,payment-api-03 might have been breached.,scan_malware,scan_malware,create_ticket,False,5,0.31370049715042114,0.28298863768577576,create_ticket;escalate_to_human;provision_vm;log_audit_event;scan_malware,0.31370050;0.30501604;0.29965308;0.29232332;0.28298864,420,lexical_cue_reduced,
Lexical,756,We're seeing unusual activity on ml-infer-05.,scan_malware,scan_malware,log_audit_event,False,2,0.31793397665023804,0.3179049789905548,log_audit_event;scan_malware;generate_report;quarantine_system;send_notification,0.31793398;0.31790498;0.30190200;0.29219636;0.27309597,421,lexical_cue_reduced,
Lexical,757,We should look into what's happening on prod-web-01.,scan_malware,scan_malware,generate_report,False,6,0.4779844582080841,0.43057337403297424,generate_report;quarantine_system;provision_vm;process_refund;log_audit_event,0.47798446;0.47654647;0.45332089;0.44700184;0.43476820,422,lexical_cue_reduced,
Lexical,758,ml-infer-05 has been flagged for unusual behavior.,scan_malware,scan_malware,escalate_to_human,False,9,0.23570312559604645,0.19594934582710266,escalate_to_human;generate_report;send_notification;log_audit_event;quarantine_system,0.23570313;0.22706223;0.22476329;0.21523422;0.21194227,423,lexical_cue_reduced,
Lexical,759,We're seeing unusual activity on cdn-edge-06.,scan_malware,scan_malware,quarantine_system,False,3,0.27346867322921753,0.26515015959739685,quarantine_system;log_audit_event;scan_malware;provision_vm;generate_report,0.27346867;0.26677260;0.26515016;0.25219473;0.24989328,424,lexical_cue_reduced,
Lexical,760,Can we verify that auth-svc-04 isn't compromised?,scan_malware,scan_malware,scan_malware,True,1,0.2520451247692108,0.2520451247692108,scan_malware;reset_password;log_audit_event;escalate_to_human;quarantine_system,0.25204512;0.18723740;0.16019726;0.12825739;0.12682880,425,lexical_cue_reduced,
Lexical,761,We need to make sure cdn-edge-06 is safe.,scan_malware,scan_malware,scan_malware,True,1,0.3020775020122528,0.3020775020122528,scan_malware;provision_vm;quarantine_system;escalate_to_human;send_notification,0.30207750;0.22448555;0.21941450;0.21866146;0.21599458,426,lexical_cue_reduced,
Lexical,762,Is prod-web-01 clean? We're not sure.,scan_malware,scan_malware,scan_malware,True,1,0.43868014216423035,0.43868014216423035,scan_malware;quarantine_system;provision_vm;generate_report;process_refund,0.43868014;0.40239754;0.37200511;0.36888343;0.34648734,427,lexical_cue_reduced,
Lexical,763,We're seeing unusual activity on prod-web-01.,scan_malware,scan_malware,scan_malware,True,1,0.439826101064682,0.439826101064682,scan_malware;quarantine_system;generate_report;log_audit_event;provision_vm,0.43982610;0.41951913;0.39510772;0.39236134;0.38292557,428,lexical_cue_reduced,
Lexical,764,We need to make sure ml-infer-05 is safe.,scan_malware,scan_malware,scan_malware,True,1,0.37048783898353577,0.37048783898353577,scan_malware;quarantine_system;generate_report;send_notification;provision_vm,0.37048784;0.27436250;0.27198038;0.26196608;0.25124663,429,lexical_cue_reduced,
Lexical,765,We need to make sure prod-web-01 is safe.,scan_malware,scan_malware,scan_malware,True,1,0.48590946197509766,0.48590946197509766,scan_malware;quarantine_system;provision_vm;generate_report;escalate_to_human,0.48590946;0.38333499;0.36642635;0.35689688;0.32736474,430,lexical_cue_reduced,
Lexical,766,There could be something bad running on payment-api-03.,scan_malware,scan_malware,create_ticket,False,9,0.36158066987991333,0.2899227440357208,create_ticket;provision_vm;quarantine_system;process_refund;generate_report,0.36158067;0.35076970;0.34773341;0.34377611;0.33068308,431,lexical_cue_reduced,
Lexical,767,There could be something bad running on ml-infer-05.,scan_malware,scan_malware,scan_malware,True,1,0.35002580285072327,0.35002580285072327,scan_malware;quarantine_system;generate_report;send_notification;provision_vm,0.35002580;0.31660560;0.31394649;0.30353975;0.29555818,432,lexical_cue_reduced,
Lexical,768,There could be something bad running on cdn-edge-06.,scan_malware,scan_malware,scan_malware,True,1,0.2724667489528656,0.2724667489528656,scan_malware;provision_vm;quarantine_system;create_ticket;send_notification,0.27246675;0.27196926;0.26981619;0.26454970;0.26434150,433,lexical_cue_reduced,
Lexical,769,Something weird is going on with staging-db-02.,scan_malware,scan_malware,db_write,False,7,0.3426371216773987,0.20820392668247223,db_write;db_read;provision_vm;generate_report;send_notification,0.34263712;0.33140269;0.24311681;0.24119805;0.23148839,434,lexical_cue_reduced,
Lexical,770,We should look into what's happening on ml-infer-05.,scan_malware,scan_malware,generate_report,False,7,0.3713191747665405,0.31138724088668823,generate_report;quarantine_system;send_notification;log_audit_event;process_refund,0.37131917;0.34808302;0.34263420;0.34245294;0.32732433,435,lexical_cue_reduced,
Lexical,771,Can we verify that prod-web-01 isn't compromised?,scan_malware,scan_malware,scan_malware,True,1,0.4436659812927246,0.4436659812927246,scan_malware;quarantine_system;escalate_to_human;provision_vm;generate_report,0.44366598;0.31323782;0.28561959;0.28495091;0.28396350,436,lexical_cue_reduced,
Lexical,772,We're seeing unusual activity on payment-api-03.,scan_malware,scan_malware,log_audit_event,False,7,0.34551122784614563,0.2865104377269745,log_audit_event;quarantine_system;provision_vm;generate_report;process_refund,0.34551123;0.32548732;0.30508912;0.29944229;0.29909602,437,lexical_cue_reduced,
Lexical,773,staging-db-02 has been flagged for unusual behavior.,scan_malware,scan_malware,db_write,False,13,0.2191292643547058,0.0809696763753891,db_write;escalate_to_human;create_ticket;db_read;generate_report,0.21912926;0.21022077;0.19723618;0.19386312;0.17981353,438,lexical_cue_reduced,
Lexical,774,We need to make sure staging-db-02 is safe.,scan_malware,scan_malware,db_write,False,2,0.3046031594276428,0.28188103437423706,db_write;scan_malware;db_read;generate_report;quarantine_system,0.30460316;0.28188103;0.27001938;0.21933873;0.21083109,439,lexical_cue_reduced,
Lexical,775,prod-web-01 has been flagged for unusual behavior.,scan_malware,scan_malware,create_ticket,False,6,0.41487550735473633,0.36556223034858704,create_ticket;quarantine_system;escalate_to_human;provision_vm;generate_report,0.41487551;0.39114714;0.39095795;0.38306737;0.37697452,440,lexical_cue_reduced,
Lexical,776,Is staging-db-02 clean? We're not sure.,scan_malware,scan_malware,db_write,False,8,0.3356277346611023,0.20486868917942047,db_write;db_read;restart_service;check_status;generate_report,0.33562773;0.30558759;0.24733277;0.23228844;0.22026479,441,lexical_cue_reduced,
Lexical,777,There could be something bad running on staging-db-02.,scan_malware,scan_malware,db_write,False,9,0.3446926772594452,0.21223965287208557,db_write;db_read;check_status;restart_service;generate_report,0.34469268;0.32830235;0.24621491;0.23239425;0.23098624,442,lexical_cue_reduced,
Lexical,778,We should look into what's happening on cdn-edge-06.,scan_malware,scan_malware,create_ticket,False,11,0.3071717321872711,0.22419388592243195,create_ticket;generate_report;send_notification;provision_vm;quarantine_system,0.30717173;0.30594090;0.30566594;0.30015999;0.29554382,443,lexical_cue_reduced,
Lexical,779,Can we verify that staging-db-02 isn't compromised?,scan_malware,scan_malware,scan_malware,True,1,0.21288831532001495,0.21288831532001495,scan_malware;db_read;db_write;escalate_to_human;generate_report,0.21288832;0.19605485;0.16482328;0.09936207;0.08892765,444,lexical_cue_reduced,
Lexical,780,We need to make sure payment-api-03 is safe.,scan_malware,scan_malware,scan_malware,True,1,0.3836188018321991,0.3836188018321991,scan_malware;quarantine_system;provision_vm;generate_report;escalate_to_human,0.38361880;0.34324062;0.34030095;0.31101245;0.29672086,445,lexical_cue_reduced,
Lexical,781,There are suspicious processes on prod-web-01.,scan_malware,scan_malware,scan_malware,True,1,0.4856572449207306,0.4856572449207306,scan_malware;quarantine_system;provision_vm;generate_report;log_audit_event,0.48565724;0.38236710;0.33628857;0.31873226;0.30481049,446,lexical_cue_reduced,
Lexical,782,We're seeing unusual activity on auth-svc-04.,scan_malware,scan_malware,log_audit_event,False,3,0.30026498436927795,0.27073588967323303,log_audit_event;reset_password;scan_malware;quarantine_system;process_refund,0.30026498;0.28354636;0.27073589;0.23796907;0.20936199,447,lexical_cue_reduced,
Lexical,783,We should look into what's happening on payment-api-03.,scan_malware,scan_malware,quarantine_system,False,12,0.40067052841186523,0.2952970862388611,quarantine_system;generate_report;provision_vm;create_ticket;log_audit_event,0.40067053;0.39442912;0.38868245;0.38758159;0.38631788,448,lexical_cue_reduced,
Lexical,784,Can we verify that payment-api-03 isn't compromised?,scan_malware,scan_malware,scan_malware,True,1,0.30000168085098267,0.30000168085098267,scan_malware;escalate_to_human;quarantine_system;log_audit_event;provision_vm,0.30000168;0.20878455;0.20566915;0.20352884;0.18094096,449,lexical_cue_reduced,
Lexical,785,Can we verify that cdn-edge-06 isn't compromised?,scan_malware,scan_malware,scan_malware,True,1,0.26934048533439636,0.26934048533439636,scan_malware;escalate_to_human;send_notification;quarantine_system;provision_vm,0.26934049;0.18872234;0.18253836;0.17761566;0.17345595,450,lexical_cue_reduced,
Lexical,786,We should look into what's happening on auth-svc-04.,scan_malware,scan_malware,log_audit_event,False,6,0.3283644914627075,0.2787470817565918,log_audit_event;reset_password;quarantine_system;generate_report;process_refund,0.32836449;0.30898628;0.30071267;0.29402477;0.28075975,451,lexical_cue_reduced,
Lexical,787,There are suspicious processes on ml-infer-05.,scan_malware,scan_malware,scan_malware,True,1,0.3790742754936218,0.3790742754936218,scan_malware;quarantine_system;send_notification;generate_report;provision_vm,0.37907428;0.27781829;0.24910615;0.23964193;0.23943359,452,lexical_cue_reduced,
Lexical,788,auth-svc-04 has been flagged for unusual behavior.,scan_malware,scan_malware,reset_password,False,7,0.21072573959827423,0.13315816223621368,reset_password;create_ticket;escalate_to_human;log_audit_event;quarantine_system,0.21072574;0.18728346;0.18443558;0.16811284;0.13931750,453,lexical_cue_reduced,
Lexical,789,There are suspicious processes on payment-api-03.,scan_malware,scan_malware,scan_malware,True,1,0.3742205500602722,0.3742205500602722,scan_malware;quarantine_system;provision_vm;log_audit_event;create_ticket,0.37422055;0.32844481;0.29169494;0.28719467;0.27156740,454,lexical_cue_reduced,
Lexical,790,There could be something bad running on prod-web-01.,scan_malware,scan_malware,scan_malware,True,1,0.4261171221733093,0.4261171221733093,scan_malware;quarantine_system;provision_vm;generate_report;process_refund,0.42611712;0.41658273;0.39951041;0.39266643;0.38118446,455,lexical_cue_reduced,
Lexical,791,Is cdn-edge-06 clean? We're not sure.,scan_malware,scan_malware,scan_malware,True,1,0.25308892130851746,0.25308892130851746,scan_malware;quarantine_system;check_status;provision_vm;restart_service,0.25308892;0.24278566;0.22650777;0.22621484;0.21244830,456,lexical_cue_reduced,
Lexical,792,Something weird is going on with prod-web-01.,scan_malware,scan_malware,scan_malware,True,1,0.4252918064594269,0.4252918064594269,scan_malware;provision_vm;quarantine_system;generate_report;create_ticket,0.42529181;0.40698656;0.40054777;0.38991737;0.36710191,457,lexical_cue_reduced,
Lexical,793,We should look into what's happening on staging-db-02.,scan_malware,scan_malware,db_write,False,13,0.4034137427806854,0.21313878893852234,db_write;db_read;generate_report;send_notification;check_status,0.40341374;0.37997571;0.31272224;0.29477102;0.29468235,458,lexical_cue_reduced,
Lexical,794,Something weird is going on with auth-svc-04.,scan_malware,scan_malware,reset_password,False,2,0.31520137190818787,0.2298363596200943,reset_password;scan_malware;provision_vm;log_audit_event;quarantine_system,0.31520137;0.22983636;0.22280228;0.21701729;0.21560276,459,lexical_cue_reduced,
Lexical,795,We're seeing unusual activity on cdn-edge-06.,scan_malware,scan_malware,quarantine_system,False,3,0.2734687924385071,0.265150249004364,quarantine_system;log_audit_event;scan_malware;provision_vm;generate_report,0.27346879;0.26677272;0.26515025;0.25219482;0.24989340,460,lexical_cue_reduced,
Lexical,796,Is payment-api-03 clean? We're not sure.,scan_malware,scan_malware,quarantine_system,False,8,0.34683719277381897,0.2982192039489746,quarantine_system;provision_vm;generate_report;process_refund;log_audit_event,0.34683719;0.34341744;0.32857826;0.31787604;0.31460309,461,lexical_cue_reduced,
Lexical,797,prod-web-01 has been flagged for unusual behavior.,scan_malware,scan_malware,create_ticket,False,6,0.41487550735473633,0.36556223034858704,create_ticket;quarantine_system;escalate_to_human;provision_vm;generate_report,0.41487551;0.39114714;0.39095795;0.38306737;0.37697452,462,lexical_cue_reduced,
Lexical,798,We should look into what's happening on cdn-edge-06.,scan_malware,scan_malware,create_ticket,False,11,0.3071717321872711,0.22419388592243195,create_ticket;generate_report;send_notification;provision_vm;quarantine_system,0.30717173;0.30594090;0.30566594;0.30015999;0.29554382,463,lexical_cue_reduced,
Lexical,799,staging-db-02 might have been breached.,scan_malware,scan_malware,db_write,False,4,0.3070732355117798,0.21362075209617615,db_write;db_read;generate_report;scan_malware;provision_vm,0.30707324;0.30602252;0.21926890;0.21362075;0.20436545,464,lexical_cue_reduced,
Lexical,800,There are suspicious processes on prod-web-01.,scan_malware,scan_malware,scan_malware,True,1,0.4856572449207306,0.4856572449207306,scan_malware;quarantine_system;provision_vm;generate_report;log_audit_event,0.48565724;0.38236710;0.33628857;0.31873226;0.30481049,465,lexical_cue_reduced,
Lexical,801,We need to make sure ml-infer-05 is safe.,scan_malware,scan_malware,scan_malware,True,1,0.37048792839050293,0.37048792839050293,scan_malware;quarantine_system;generate_report;send_notification;provision_vm,0.37048793;0.27436265;0.27198043;0.26196599;0.25124669,466,lexical_cue_reduced,
Lexical,802,Something weird is going on with cdn-edge-06.,scan_malware,scan_malware,provision_vm,False,4,0.27577731013298035,0.24206337332725525,provision_vm;create_ticket;send_notification;scan_malware;escalate_to_human,0.27577731;0.27200088;0.24700673;0.24206337;0.24135640,467,lexical_cue_reduced,
Lexical,803,We need to make sure staging-db-02 is safe.,scan_malware,scan_malware,db_write,False,2,0.3046031594276428,0.28188103437423706,db_write;scan_malware;db_read;generate_report;quarantine_system,0.30460316;0.28188103;0.27001938;0.21933873;0.21083109,468,lexical_cue_reduced,
Lexical,804,Don't forget to tell Grace the news.,send_notification,send_notification,update_subscription,False,2,0.11041676998138428,0.09796164929866791,update_subscription;send_notification;reset_password;provision_vm;escalate_to_human,0.11041677;0.09796165;0.09048227;0.08703494;0.08451323,268,lexical_cue_reduced,
Lexical,805,Time to reach out to Eve about the outcome.,send_notification,send_notification,escalate_to_human,False,4,0.2812647521495819,0.17668353021144867,escalate_to_human;quarantine_system;log_audit_event;send_notification;process_refund,0.28126475;0.19970457;0.18980063;0.17668353;0.15509556,269,lexical_cue_reduced,
Lexical,806,Grace is waiting for an update.,send_notification,send_notification,update_subscription,False,9,0.24044767022132874,0.1472991406917572,update_subscription;reset_password;provision_vm;escalate_to_human;generate_report,0.24044767;0.19905931;0.18134432;0.17550486;0.16459285,270,lexical_cue_reduced,
Lexical,807,Make sure Legal hears about this.,send_notification,send_notification,create_ticket,False,3,0.3508286476135254,0.22971992194652557,create_ticket;escalate_to_human;send_notification;generate_report;provision_vm,0.35082865;0.34932312;0.22971992;0.22636472;0.21276690,271,lexical_cue_reduced,
Lexical,808,We should let Grace know about the situation.,send_notification,send_notification,escalate_to_human,False,3,0.28064170479774475,0.24978774785995483,escalate_to_human;quarantine_system;send_notification;provision_vm;create_ticket,0.28064170;0.25642151;0.24978775;0.24211383;0.23330750,272,lexical_cue_reduced,
Lexical,809,Time to reach out to Alice about the outcome.,send_notification,send_notification,escalate_to_human,False,3,0.4365347921848297,0.2351134866476059,escalate_to_human;create_ticket;send_notification;quarantine_system;provision_vm,0.43653479;0.25176412;0.23511349;0.22820351;0.22177874,273,lexical_cue_reduced,
Lexical,810,We should let Bob know about the situation.,send_notification,send_notification,escalate_to_human,False,4,0.3180636465549469,0.27387043833732605,escalate_to_human;quarantine_system;create_ticket;send_notification;provision_vm,0.31806365;0.30478227;0.29425716;0.27387044;0.25875995,274,lexical_cue_reduced,
Lexical,811,Diana is waiting for an update.,send_notification,send_notification,escalate_to_human,False,7,0.3101786971092224,0.2571256160736084,escalate_to_human;generate_report;process_refund;quarantine_system;provision_vm,0.31017870;0.30580434;0.29585952;0.28206897;0.27907237,275,lexical_cue_reduced,
Lexical,812,HR hasn't been informed yet.,send_notification,send_notification,escalate_to_human,False,2,0.31659483909606934,0.3025277554988861,escalate_to_human;send_notification;log_audit_event;generate_report;quarantine_system,0.31659484;0.30252776;0.28848729;0.27928704;0.27710840,276,lexical_cue_reduced,
Lexical,813,Time to reach out to Bob about the outcome.,send_notification,send_notification,escalate_to_human,False,5,0.3169444799423218,0.2129405438899994,escalate_to_human;quarantine_system;create_ticket;process_refund;send_notification,0.31694448;0.24897699;0.23507407;0.22117358;0.21294054,277,lexical_cue_reduced,
Lexical,814,Keep Bob in the loop.,send_notification,send_notification,escalate_to_human,False,10,0.205980584025383,0.10467373579740524,escalate_to_human;quarantine_system;provision_vm;restart_service;create_ticket,0.20598058;0.16999856;0.16215605;0.14672820;0.14245977,278,lexical_cue_reduced,
Lexical,815,Has anyone told Marketing about this?,send_notification,send_notification,restart_service,False,2,0.16406314074993134,0.1455206722021103,restart_service;send_notification;escalate_to_human;quarantine_system;check_status,0.16406314;0.14552067;0.12955181;0.11667063;0.10595836,279,lexical_cue_reduced,
Lexical,816,Make sure HR hears about this.,send_notification,send_notification,escalate_to_human,False,5,0.3768688440322876,0.3216662108898163,escalate_to_human;create_ticket;generate_report;check_status;send_notification,0.37686884;0.37319022;0.33441579;0.33107722;0.32166621,280,lexical_cue_reduced,
Lexical,817,Has anyone told Finance about this?,send_notification,send_notification,create_ticket,False,4,0.28072965145111084,0.24384108185768127,create_ticket;generate_report;check_status;send_notification;db_write,0.28072965;0.26270354;0.24939667;0.24384108;0.24280418,281,lexical_cue_reduced,
Lexical,818,Engineering hasn't been informed yet.,send_notification,send_notification,escalate_to_human,False,2,0.385844349861145,0.3638477921485901,escalate_to_human;send_notification;quarantine_system;provision_vm;generate_report,0.38584435;0.36384779;0.36303413;0.34041759;0.33233160,282,lexical_cue_reduced,
Lexical,819,Diana needs to know what happened.,send_notification,send_notification,db_read,False,12,0.3318018317222595,0.23890961706638336,db_read;generate_report;process_refund;db_write;quarantine_system,0.33180183;0.30904764;0.30738810;0.30384555;0.29848239,283,lexical_cue_reduced,
Lexical,820,We should let Charlie know about the situation.,send_notification,send_notification,quarantine_system,False,3,0.3827630579471588,0.34321328997612,quarantine_system;escalate_to_human;send_notification;provision_vm;create_ticket,0.38276306;0.36672026;0.34321329;0.33057424;0.33029076,284,lexical_cue_reduced,
Lexical,821,Time to reach out to Diana about the outcome.,send_notification,send_notification,escalate_to_human,False,6,0.34786278009414673,0.24909251928329468,escalate_to_human;quarantine_system;process_refund;create_ticket;generate_report,0.34786278;0.27403420;0.27192336;0.25592130;0.25473976,285,lexical_cue_reduced,
Lexical,822,Charlie is waiting for an update.,send_notification,send_notification,quarantine_system,False,6,0.3493412733078003,0.29936450719833374,quarantine_system;provision_vm;escalate_to_human;generate_report;process_refund,0.34934127;0.31336427;0.31195784;0.31134927;0.30620092,286,lexical_cue_reduced,
Lexical,823,Has anyone told HR about this?,send_notification,send_notification,escalate_to_human,False,4,0.245557963848114,0.21721485257148743,escalate_to_human;check_status;create_ticket;send_notification;quarantine_system,0.24555796;0.22160162;0.21990500;0.21721485;0.20455058,287,lexical_cue_reduced,
Lexical,824,We should let Diana know about the situation.,send_notification,send_notification,escalate_to_human,False,4,0.3760128617286682,0.3272985517978668,escalate_to_human;generate_report;quarantine_system;send_notification;provision_vm,0.37601286;0.34578225;0.34497857;0.32729855;0.32448387,288,lexical_cue_reduced,
Lexical,825,Time to reach out to Charlie about the outcome.,send_notification,send_notification,escalate_to_human,False,5,0.35169774293899536,0.2652891278266907,escalate_to_human;quarantine_system;process_refund;create_ticket;send_notification,0.35169774;0.32630587;0.27444243;0.26863208;0.26528913,289,lexical_cue_reduced,
Lexical,826,Make sure Marketing hears about this.,send_notification,send_notification,send_notification,True,1,0.31246668100357056,0.31246668100357056,send_notification;escalate_to_human;check_status;quarantine_system;process_refund,0.31246668;0.30105782;0.29083884;0.27781594;0.27573574,290,lexical_cue_reduced,
Lexical,827,Has anyone told Engineering about this?,send_notification,send_notification,quarantine_system,False,2,0.33205312490463257,0.3311547040939331,quarantine_system;send_notification;escalate_to_human;generate_report;provision_vm,0.33205312;0.33115470;0.31937510;0.29591227;0.29437479,291,lexical_cue_reduced,
Lexical,828,Keep Frank in the loop.,send_notification,send_notification,escalate_to_human,False,6,0.2920409142971039,0.23696501553058624,escalate_to_human;provision_vm;update_subscription;create_ticket;quarantine_system,0.29204091;0.29006547;0.28185040;0.26325071;0.25779906,292,lexical_cue_reduced,
Lexical,829,Make sure Finance hears about this.,send_notification,send_notification,create_ticket,False,4,0.33043918013572693,0.28624227643013,create_ticket;check_status;generate_report;send_notification;escalate_to_human,0.33043918;0.29751837;0.29312414;0.28624228;0.27591032,293,lexical_cue_reduced,
Lexical,830,Don't forget to tell Charlie the news.,send_notification,send_notification,escalate_to_human,False,3,0.1914387345314026,0.18418516218662262,escalate_to_human;quarantine_system;send_notification;provision_vm;generate_report,0.19143873;0.18949695;0.18418516;0.17657088;0.16469526,294,lexical_cue_reduced,
Lexical,831,Keep Alice in the loop.,send_notification,send_notification,escalate_to_human,False,7,0.3543631434440613,0.18147698044776917,escalate_to_human;update_subscription;provision_vm;create_ticket;quarantine_system,0.35436314;0.25228000;0.24611267;0.19762132;0.18742244,295,lexical_cue_reduced,
Lexical,832,Frank needs to know what happened.,send_notification,send_notification,create_ticket,False,6,0.3905331790447235,0.34940218925476074,create_ticket;generate_report;quarantine_system;escalate_to_human;provision_vm,0.39053318;0.37441400;0.36782426;0.36266616;0.35328332,296,lexical_cue_reduced,
Lexical,833,Someone needs to loop Alice in.,send_notification,send_notification,escalate_to_human,False,5,0.42421433329582214,0.24902808666229248,escalate_to_human;provision_vm;create_ticket;generate_report;send_notification,0.42421433;0.28298506;0.25972965;0.25118542;0.24902809,297,lexical_cue_reduced,
Lexical,834,Alice needs to know what happened.,send_notification,send_notification,escalate_to_human,False,9,0.39766746759414673,0.22916363179683685,escalate_to_human;create_ticket;log_audit_event;generate_report;process_refund,0.39766747;0.29346463;0.29235038;0.28011400;0.27680415,298,lexical_cue_reduced,
Lexical,835,Don't forget to tell Frank the news.,send_notification,send_notification,send_notification,True,1,0.3009227216243744,0.3009227216243744,send_notification;escalate_to_human;create_ticket;provision_vm;generate_report,0.30092272;0.28632870;0.28020781;0.27823588;0.26177800,299,lexical_cue_reduced,
Lexical,836,Keep Diana in the loop.,send_notification,send_notification,escalate_to_human,False,11,0.22829437255859375,0.14032188057899475,escalate_to_human;provision_vm;quarantine_system;process_refund;update_subscription,0.22829437;0.20910282;0.19339795;0.18436094;0.18207940,300,lexical_cue_reduced,
Lexical,837,Someone needs to loop Frank in.,send_notification,send_notification,escalate_to_human,False,6,0.3923081159591675,0.3060019016265869,escalate_to_human;provision_vm;create_ticket;quarantine_system;generate_report,0.39230812;0.33913189;0.33208609;0.31336570;0.30799070,301,lexical_cue_reduced,
Lexical,838,Someone needs to loop Bob in.,send_notification,send_notification,escalate_to_human,False,7,0.2987726032733917,0.1773729771375656,escalate_to_human;quarantine_system;create_ticket;provision_vm;generate_report,0.29877260;0.22101246;0.21580219;0.21174313;0.18575308,302,lexical_cue_reduced,
Lexical,839,Someone needs to loop Charlie in.,send_notification,send_notification,escalate_to_human,False,8,0.33193743228912354,0.21374212205410004,escalate_to_human;quarantine_system;provision_vm;create_ticket;generate_report,0.33193743;0.29015380;0.25578395;0.24520330;0.22693858,303,lexical_cue_reduced,
Lexical,840,Make sure Engineering hears about this.,send_notification,send_notification,quarantine_system,False,2,0.4183260202407837,0.4137265682220459,quarantine_system;send_notification;escalate_to_human;generate_report;provision_vm,0.41832602;0.41372657;0.41072193;0.40220168;0.40047696,304,lexical_cue_reduced,
Lexical,841,Time to reach out to Frank about the outcome.,send_notification,send_notification,escalate_to_human,False,4,0.41077879071235657,0.339511901140213,escalate_to_human;create_ticket;quarantine_system;send_notification;provision_vm,0.41077879;0.34867191;0.34686789;0.33951190;0.31872168,305,lexical_cue_reduced,
Lexical,842,Don't forget to tell Diana the news.,send_notification,send_notification,db_read,False,4,0.24323607981204987,0.21904844045639038,db_read;escalate_to_human;db_write;send_notification;generate_report,0.24323608;0.24133807;0.23403789;0.21904844;0.21827258,306,lexical_cue_reduced,
Lexical,843,Finance hasn't been informed yet.,send_notification,send_notification,generate_report,False,5,0.2837207615375519,0.2698061168193817,generate_report;log_audit_event;escalate_to_human;provision_vm;send_notification,0.28372076;0.27862671;0.27424309;0.27119267;0.26980612,307,lexical_cue_reduced,
Lexical,844,Legal hasn't been informed yet.,send_notification,send_notification,escalate_to_human,False,2,0.36130818724632263,0.2869187593460083,escalate_to_human;send_notification;create_ticket;log_audit_event;generate_report,0.36130819;0.28691876;0.28048649;0.25040215;0.24935554,308,lexical_cue_reduced,
Lexical,845,Alice is waiting for an update.,send_notification,send_notification,escalate_to_human,False,6,0.40110018849372864,0.24886439740657806,escalate_to_human;provision_vm;create_ticket;update_subscription;generate_report,0.40110019;0.27635211;0.27261701;0.26999328;0.26506570,309,lexical_cue_reduced,
Lexical,846,Eve needs to know what happened.,send_notification,send_notification,log_audit_event,False,8,0.3105793595314026,0.2067846804857254,log_audit_event;escalate_to_human;quarantine_system;generate_report;db_write,0.31057936;0.25040624;0.24346274;0.24194656;0.24170724,310,lexical_cue_reduced,
Lexical,847,Don't forget to tell Alice the news.,send_notification,send_notification,escalate_to_human,False,2,0.317400723695755,0.20820489525794983,escalate_to_human;send_notification;provision_vm;generate_report;create_ticket,0.31740072;0.20820490;0.18588176;0.17200498;0.16189024,311,lexical_cue_reduced,
Lexical,848,Grace needs to know what happened.,send_notification,send_notification,log_audit_event,False,12,0.2367209941148758,0.13046014308929443,log_audit_event;process_refund;reset_password;quarantine_system;restart_service,0.23672099;0.19646503;0.19389211;0.19344448;0.17817341,312,lexical_cue_reduced,
Lexical,849,Eve is waiting for an update.,send_notification,send_notification,log_audit_event,False,6,0.2533787786960602,0.21444819867610931,log_audit_event;escalate_to_human;generate_report;db_write;quarantine_system,0.25337878;0.24286288;0.23138745;0.22456816;0.22120062,313,lexical_cue_reduced,
Lexical,850,Bob needs to know what happened.,send_notification,send_notification,log_audit_event,False,10,0.2855241894721985,0.20434372127056122,log_audit_event;quarantine_system;process_refund;create_ticket;check_status,0.28552419;0.28548276;0.27758431;0.27633017;0.27322009,314,lexical_cue_reduced,
Lexical,851,Keep Grace in the loop.,send_notification,send_notification,update_subscription,False,11,0.1960621178150177,0.0402512326836586,update_subscription;reset_password;provision_vm;escalate_to_human;restart_service,0.19606212;0.15210514;0.11534856;0.09234498;0.09155512,315,lexical_cue_reduced,
Lexical,852,Someone needs to loop Eve in.,send_notification,send_notification,escalate_to_human,False,5,0.30710989236831665,0.2137843817472458,escalate_to_human;quarantine_system;provision_vm;generate_report;send_notification,0.30710989;0.24919781;0.24044904;0.22877610;0.21378438,316,lexical_cue_reduced,
Lexical,853,Keep Charlie in the loop.,send_notification,send_notification,quarantine_system,False,10,0.22596599161624908,0.13814827799797058,quarantine_system;provision_vm;escalate_to_human;update_subscription;process_refund,0.22596599;0.20385702;0.20138955;0.18724483;0.17280971,317,lexical_cue_reduced,
Lexical,854,Don't forget to tell Eve the news.,send_notification,send_notification,escalate_to_human,False,2,0.16838791966438293,0.15030835568904877,escalate_to_human;send_notification;db_write;generate_report;quarantine_system,0.16838792;0.15030836;0.14821300;0.12265636;0.11842337,318,lexical_cue_reduced,
Lexical,855,Marketing hasn't been informed yet.,send_notification,send_notification,send_notification,True,1,0.2455899715423584,0.2455899715423584,send_notification;escalate_to_human;quarantine_system;process_refund;check_status,0.24558997;0.23763001;0.22966458;0.21916647;0.21134499,319,lexical_cue_reduced,
Lexical,856,Frank is waiting for an update.,send_notification,send_notification,provision_vm,False,3,0.3909452259540558,0.3807409703731537,provision_vm;escalate_to_human;send_notification;generate_report;create_ticket,0.39094523;0.38232347;0.38074097;0.37843758;0.37589952,320,lexical_cue_reduced,
Lexical,857,We should let Frank know about the situation.,send_notification,send_notification,escalate_to_human,False,2,0.4161064326763153,0.39904481172561646,escalate_to_human;send_notification;create_ticket;quarantine_system;provision_vm,0.41610643;0.39904481;0.39512208;0.38026604;0.37838465,321,lexical_cue_reduced,
Lexical,858,Someone needs to loop Diana in.,send_notification,send_notification,escalate_to_human,False,7,0.35608166456222534,0.23275436460971832,escalate_to_human;provision_vm;quarantine_system;generate_report;create_ticket,0.35608166;0.28344586;0.27249700;0.26986980;0.25343803,322,lexical_cue_reduced,
Lexical,859,Bob is waiting for an update.,send_notification,send_notification,quarantine_system,False,7,0.273197740316391,0.2326376885175705,quarantine_system;escalate_to_human;process_refund;create_ticket;provision_vm,0.27319774;0.26739931;0.25373119;0.25124779;0.24099329,323,lexical_cue_reduced,
Lexical,860,We should let Eve know about the situation.,send_notification,send_notification,escalate_to_human,False,2,0.3490300476551056,0.28995150327682495,escalate_to_human;send_notification;quarantine_system;generate_report;log_audit_event,0.34903005;0.28995150;0.28627056;0.26096988;0.25260901,324,lexical_cue_reduced,
Lexical,861,Don't forget to tell Bob the news.,send_notification,send_notification,check_status,False,2,0.14485658705234528,0.13732968270778656,check_status;send_notification;quarantine_system;escalate_to_human;provision_vm,0.14485659;0.13732968;0.13458915;0.13456756;0.10754740,325,lexical_cue_reduced,
Lexical,862,Alice needs to know what happened.,send_notification,send_notification,escalate_to_human,False,9,0.39766746759414673,0.22916363179683685,escalate_to_human;create_ticket;log_audit_event;generate_report;process_refund,0.39766747;0.29346463;0.29235038;0.28011400;0.27680415,326,lexical_cue_reduced,
Lexical,863,Charlie needs to know what happened.,send_notification,send_notification,quarantine_system,False,9,0.3426681458950043,0.2560030519962311,quarantine_system;log_audit_event;process_refund;generate_report;create_ticket,0.34266815;0.30537555;0.30258167;0.29752967;0.29431018,327,lexical_cue_reduced,
Lexical,864,Someone needs to loop Grace in.,send_notification,send_notification,reset_password,False,10,0.2431073933839798,0.13936847448349,reset_password;escalate_to_human;update_subscription;provision_vm;quarantine_system,0.24310739;0.22031833;0.20005180;0.19721375;0.18320267,328,lexical_cue_reduced,
Lexical,865,Has anyone told Legal about this?,send_notification,send_notification,escalate_to_human,False,3,0.31208473443984985,0.21284419298171997,escalate_to_human;create_ticket;send_notification;generate_report;provision_vm,0.31208473;0.27223101;0.21284419;0.18202150;0.17090164,329,lexical_cue_reduced,
Lexical,866,We should let Frank know about the situation.,send_notification,send_notification,escalate_to_human,False,2,0.4161064326763153,0.39904481172561646,escalate_to_human;send_notification;create_ticket;quarantine_system;provision_vm,0.41610643;0.39904481;0.39512208;0.38026604;0.37838465,330,lexical_cue_reduced,
Lexical,867,Time to reach out to Grace about the outcome.,send_notification,send_notification,escalate_to_human,False,7,0.235688716173172,0.14570637047290802,escalate_to_human;quarantine_system;process_refund;create_ticket;log_audit_event,0.23568872;0.19672433;0.17767759;0.17081165;0.15840502,331,lexical_cue_reduced,
Lexical,868,We should let Diana know about the situation.,send_notification,send_notification,escalate_to_human,False,4,0.3760128915309906,0.327298641204834,escalate_to_human;generate_report;quarantine_system;send_notification;provision_vm,0.37601289;0.34578231;0.34497857;0.32729864;0.32448390,332,lexical_cue_reduced,
Lexical,869,We should let Alice know about the situation.,send_notification,send_notification,escalate_to_human,False,3,0.4633757770061493,0.30006036162376404,escalate_to_human;create_ticket;send_notification;provision_vm;generate_report,0.46337578;0.30536255;0.30006036;0.28799915;0.28069189,333,lexical_cue_reduced,
Lexical,870,Keep Eve in the loop.,send_notification,send_notification,escalate_to_human,False,7,0.19331949949264526,0.13711974024772644,escalate_to_human;quarantine_system;provision_vm;update_subscription;db_write,0.19331950;0.17421767;0.17395924;0.15789934;0.15442973,334,lexical_cue_reduced,
Lexical,871,Grace's file needs to reflect the changes from today.,update_database,db_write,generate_report,False,5,0.3462241291999817,0.3266758620738983,generate_report;update_subscription;log_audit_event;provision_vm;db_write,0.34622413;0.34587955;0.34482267;0.33591855;0.32667586,67,lexical_cue_reduced,
Lexical,872,We got new details for Charlie that need to go into the system.,update_database,db_write,quarantine_system,False,7,0.4316878020763397,0.34482547640800476,quarantine_system;send_notification;generate_report;provision_vm;process_refund,0.43168780;0.40512598;0.40019125;0.39170641;0.37651759,68,lexical_cue_reduced,
Lexical,873,The records for Frank are stale -- please fix them.,update_database,db_write,db_write,True,1,0.31332674622535706,0.31332674622535706,db_write;generate_report;provision_vm;send_notification;process_refund,0.31332675;0.28958157;0.28344056;0.27775642;0.26048112,69,lexical_cue_reduced,
Lexical,874,Diana's file needs to reflect the changes from today.,update_database,db_write,db_write,True,1,0.5041807889938354,0.5041807889938354,db_write;db_read;generate_report;provision_vm;process_refund,0.50418079;0.48085380;0.46337748;0.42023310;0.41647860,70,lexical_cue_reduced,
Lexical,875,Grace's profile doesn't reflect the latest info.,update_database,db_write,reset_password,False,10,0.26710134744644165,0.1259501725435257,reset_password;update_subscription;db_read;scan_malware;send_notification,0.26710135;0.23597458;0.19036363;0.17341740;0.16673526,71,lexical_cue_reduced,
Lexical,876,Eve's profile doesn't reflect the latest info.,update_database,db_write,db_read,False,4,0.2563338577747345,0.2247725874185562,db_read;reset_password;send_notification;db_write;generate_report,0.25633386;0.24325274;0.22982815;0.22477259;0.21916036,72,lexical_cue_reduced,
Lexical,877,We need to amend the entry for Eve.,update_database,db_write,db_write,True,1,0.4072803854942322,0.4072803854942322,db_write;generate_report;provision_vm;send_notification;update_subscription,0.40728039;0.40525356;0.39203501;0.37612647;0.35431030,73,lexical_cue_reduced,
Lexical,878,The data for Charlie is outdated.,update_database,db_write,db_write,True,1,0.3751412332057953,0.3751412332057953,db_write;db_read;generate_report;provision_vm;quarantine_system,0.37514123;0.36498258;0.35329109;0.33986309;0.32304826,74,lexical_cue_reduced,
Lexical,879,Some fields for Eve are wrong -- please sort it out.,update_database,db_write,db_write,True,1,0.343492329120636,0.343492329120636,db_write;generate_report;send_notification;escalate_to_human;provision_vm,0.34349233;0.32046002;0.30653691;0.30553848;0.29043442,75,lexical_cue_reduced,
Lexical,880,The records for Grace are stale -- please fix them.,update_database,db_write,db_write,True,1,0.2037966549396515,0.2037966549396515,db_write;restart_service;update_subscription;process_refund;generate_report,0.20379665;0.17862232;0.16461587;0.16142452;0.15935719,76,lexical_cue_reduced,
Lexical,881,We got new details for Diana that need to go into the system.,update_database,db_write,db_write,True,1,0.4299682378768921,0.4299682378768921,db_write;generate_report;quarantine_system;provision_vm;send_notification,0.42996824;0.41956612;0.39328977;0.39269719;0.38934860,77,lexical_cue_reduced,
Lexical,882,Please correct Frank's address in our system.,update_database,db_write,provision_vm,False,10,0.5122265815734863,0.3710426688194275,provision_vm;send_notification;quarantine_system;escalate_to_human;generate_report,0.51222658;0.47412172;0.47087130;0.45071602;0.44052196,78,lexical_cue_reduced,
Lexical,883,Please correct Grace's address in our system.,update_database,db_write,provision_vm,False,10,0.38820070028305054,0.26678648591041565,provision_vm;update_subscription;quarantine_system;send_notification;escalate_to_human,0.38820070;0.38815379;0.33070779;0.33014783;0.32815430,79,lexical_cue_reduced,
Lexical,884,We got new details for Eve that need to go into the system.,update_database,db_write,db_write,True,1,0.3708653450012207,0.3708653450012207,db_write;generate_report;send_notification;quarantine_system;escalate_to_human,0.37086535;0.33260596;0.33039492;0.32541561;0.30390772,80,lexical_cue_reduced,
Lexical,885,We got new details for Bob that need to go into the system.,update_database,db_write,quarantine_system,False,9,0.40027639269828796,0.29610422253608704,quarantine_system;send_notification;generate_report;provision_vm;process_refund,0.40027639;0.38704497;0.38265631;0.37370610;0.37229878,81,lexical_cue_reduced,
Lexical,886,Charlie's file needs to reflect the changes from today.,update_database,db_write,generate_report,False,4,0.46345973014831543,0.4246284067630768,generate_report;quarantine_system;provision_vm;db_write;process_refund,0.46345973;0.43694818;0.43495351;0.42462841;0.42147601,82,lexical_cue_reduced,
Lexical,887,We got new details for Alice that need to go into the system.,update_database,db_write,escalate_to_human,False,5,0.4747862219810486,0.3836096227169037,escalate_to_human;send_notification;generate_report;provision_vm;db_write,0.47478622;0.40570486;0.40438274;0.40079460;0.38360962,83,lexical_cue_reduced,
Lexical,888,We need to amend the entry for Bob.,update_database,db_write,generate_report,False,10,0.41255441308021545,0.29728519916534424,generate_report;provision_vm;create_ticket;process_refund;send_notification,0.41255441;0.41129389;0.39742333;0.39308685;0.38784105,84,lexical_cue_reduced,
Lexical,889,Eve's information has changed and needs correcting.,update_database,db_write,escalate_to_human,False,2,0.3193609416484833,0.31907710433006287,escalate_to_human;db_write;send_notification;generate_report;provision_vm,0.31936094;0.31907710;0.28885698;0.28781161;0.27005288,85,lexical_cue_reduced,
Lexical,890,Bob's information has changed and needs correcting.,update_database,db_write,escalate_to_human,False,11,0.3452351689338684,0.19994041323661804,escalate_to_human;send_notification;process_refund;provision_vm;generate_report,0.34523517;0.30636054;0.29880893;0.29849774;0.29523912,86,lexical_cue_reduced,
Lexical,891,There are incorrect entries for Grace that need patching.,update_database,db_write,update_subscription,False,6,0.2751850485801697,0.20283208787441254,update_subscription;reset_password;provision_vm;create_ticket;generate_report,0.27518505;0.24399625;0.23807260;0.22393797;0.22276209,87,lexical_cue_reduced,
Lexical,892,There are incorrect entries for Diana that need patching.,update_database,db_write,db_write,True,1,0.3618432283401489,0.3618432283401489,db_write;generate_report;provision_vm;create_ticket;escalate_to_human,0.36184323;0.34584194;0.33922306;0.33164802;0.30540302,88,lexical_cue_reduced,
Lexical,893,The data for Alice is outdated.,update_database,db_write,escalate_to_human,False,2,0.3709712326526642,0.36475053429603577,escalate_to_human;db_write;generate_report;db_read;provision_vm,0.37097123;0.36475053;0.32136247;0.31997406;0.31930354,89,lexical_cue_reduced,
Lexical,894,The records for Charlie are stale -- please fix them.,update_database,db_write,db_write,True,1,0.25573891401290894,0.25573891401290894,db_write;generate_report;restart_service;process_refund;provision_vm,0.25573891;0.23583536;0.22826804;0.22708358;0.21518365,90,lexical_cue_reduced,
Lexical,895,Some fields for Bob are wrong -- please sort it out.,update_database,db_write,send_notification,False,10,0.32259753346443176,0.21394352614879608,send_notification;escalate_to_human;generate_report;provision_vm;create_ticket,0.32259753;0.31424364;0.31383929;0.30254176;0.28749728,91,lexical_cue_reduced,
Lexical,896,Eve's file needs to reflect the changes from today.,update_database,db_write,db_write,True,1,0.45063236355781555,0.45063236355781555,db_write;generate_report;log_audit_event;provision_vm;process_refund,0.45063236;0.40637514;0.38980943;0.36967403;0.35663044,92,lexical_cue_reduced,
Lexical,897,Please correct Eve's address in our system.,update_database,db_write,provision_vm,False,6,0.38873207569122314,0.34713268280029297,provision_vm;escalate_to_human;quarantine_system;send_notification;generate_report,0.38873208;0.38642451;0.36826932;0.36319008;0.34815508,93,lexical_cue_reduced,
Lexical,898,We need to amend the entry for Charlie.,update_database,db_write,provision_vm,False,9,0.4434681236743927,0.35998573899269104,provision_vm;generate_report;quarantine_system;process_refund;send_notification,0.44346812;0.44206691;0.43057993;0.41259626;0.41203120,94,lexical_cue_reduced,
Lexical,899,Alice's information has changed and needs correcting.,update_database,db_write,escalate_to_human,False,6,0.4234652817249298,0.2843076288700104,escalate_to_human;update_subscription;provision_vm;generate_report;send_notification,0.42346528;0.32699078;0.31244409;0.30308250;0.29959837,95,lexical_cue_reduced,
Lexical,900,The data for Diana is outdated.,update_database,db_write,db_read,False,2,0.419192910194397,0.41839170455932617,db_read;db_write;generate_report;provision_vm;process_refund,0.41919291;0.41839170;0.33785415;0.30421034;0.29371777,96,lexical_cue_reduced,
Lexical,901,There are incorrect entries for Bob that need patching.,update_database,db_write,create_ticket,False,10,0.32199713587760925,0.216621994972229,create_ticket;provision_vm;generate_report;escalate_to_human;send_notification,0.32199714;0.31326854;0.30048868;0.29743442;0.28993720,97,lexical_cue_reduced,
Lexical,902,The data for Grace is outdated.,update_database,db_write,db_write,True,1,0.29294610023498535,0.29294610023498535,db_write;generate_report;db_read;provision_vm;update_subscription,0.29294610;0.25796387;0.25520125;0.24723880;0.24723089,98,lexical_cue_reduced,
Lexical,903,We need to amend the entry for Alice.,update_database,db_write,escalate_to_human,False,7,0.4694921374320984,0.36506614089012146,escalate_to_human;provision_vm;generate_report;create_ticket;send_notification,0.46949214;0.42500290;0.41297558;0.40736586;0.39072496,99,lexical_cue_reduced,
Lexical,904,Charlie's information has changed and needs correcting.,update_database,db_write,escalate_to_human,False,8,0.3405565321445465,0.26476970314979553,escalate_to_human;provision_vm;generate_report;send_notification;quarantine_system,0.34055653;0.31503162;0.31444719;0.31395960;0.31263965,100,lexical_cue_reduced,
Lexical,905,Some fields for Frank are wrong -- please sort it out.,update_database,db_write,create_ticket,False,9,0.4099264442920685,0.29747921228408813,create_ticket;escalate_to_human;provision_vm;generate_report;send_notification,0.40992644;0.40196928;0.39903623;0.39837748;0.39621896,101,lexical_cue_reduced,
Lexical,906,Some fields for Alice are wrong -- please sort it out.,update_database,db_write,escalate_to_human,False,6,0.4147754907608032,0.3003087341785431,escalate_to_human;send_notification;generate_report;provision_vm;create_ticket,0.41477549;0.33837217;0.33095890;0.32437542;0.31083876,102,lexical_cue_reduced,
Lexical,907,Diana's information has changed and needs correcting.,update_database,db_write,db_write,True,1,0.37376391887664795,0.37376391887664795,db_write;db_read;generate_report;escalate_to_human;process_refund,0.37376392;0.36467221;0.34448773;0.34226918;0.32859203,103,lexical_cue_reduced,
Lexical,908,Bob's file needs to reflect the changes from today.,update_database,db_write,generate_report,False,7,0.4306935667991638,0.3675386905670166,generate_report;provision_vm;process_refund;quarantine_system;log_audit_event,0.43069357;0.40890366;0.40516239;0.39779589;0.38490871,104,lexical_cue_reduced,
Lexical,909,Alice's profile doesn't reflect the latest info.,update_database,db_write,escalate_to_human,False,8,0.26780301332473755,0.21172697842121124,escalate_to_human;update_subscription;db_read;send_notification;reset_password,0.26780301;0.26013941;0.25070989;0.24883367;0.23701969,105,lexical_cue_reduced,
Lexical,910,Some fields for Grace are wrong -- please sort it out.,update_database,db_write,update_subscription,False,11,0.24852722883224487,0.18004783987998962,update_subscription;provision_vm;generate_report;send_notification;reset_password,0.24852723;0.23401454;0.22604692;0.22153942;0.22001348,106,lexical_cue_reduced,
Lexical,911,The records for Diana are stale -- please fix them.,update_database,db_write,db_write,True,1,0.3178897202014923,0.3178897202014923,db_write;db_read;generate_report;process_refund;restart_service,0.31788972;0.28312686;0.24175750;0.22231755;0.21415776,107,lexical_cue_reduced,
Lexical,912,The records for Alice are stale -- please fix them.,update_database,db_write,db_write,True,1,0.30736151337623596,0.30736151337623596,db_write;escalate_to_human;generate_report;db_read;provision_vm,0.30736151;0.26523405;0.23713109;0.22790778;0.22219981,108,lexical_cue_reduced,
Lexical,913,Some fields for Charlie are wrong -- please sort it out.,update_database,db_write,generate_report,False,8,0.3497292399406433,0.2603287994861603,generate_report;escalate_to_human;provision_vm;send_notification;quarantine_system,0.34972924;0.33791354;0.33622497;0.33192095;0.32621151,109,lexical_cue_reduced,
Lexical,914,The data for Bob is outdated.,update_database,db_write,db_read,False,4,0.3268137276172638,0.3038712739944458,db_read;generate_report;provision_vm;db_write;send_notification,0.32681373;0.31352216;0.30550233;0.30387127;0.29602423,110,lexical_cue_reduced,
Lexical,915,Diana's profile doesn't reflect the latest info.,update_database,db_write,db_read,False,2,0.3566659092903137,0.2616806626319885,db_read;db_write;generate_report;reset_password;send_notification,0.35666591;0.26168066;0.24677031;0.22813015;0.21751109,111,lexical_cue_reduced,
Lexical,916,Grace's information has changed and needs correcting.,update_database,db_write,update_subscription,False,9,0.309358686208725,0.18661431968212128,update_subscription;provision_vm;escalate_to_human;generate_report;reset_password,0.30935869;0.23590586;0.22220369;0.21729743;0.21527313,112,lexical_cue_reduced,
Lexical,917,There are incorrect entries for Alice that need patching.,update_database,db_write,escalate_to_human,False,6,0.3907534182071686,0.27879124879837036,escalate_to_human;create_ticket;provision_vm;generate_report;update_subscription,0.39075342;0.33266744;0.31632635;0.30229303;0.28652471,113,lexical_cue_reduced,
Lexical,918,Charlie's profile doesn't reflect the latest info.,update_database,db_write,db_read,False,9,0.279398649930954,0.19643177092075348,db_read;send_notification;reset_password;generate_report;quarantine_system,0.27939865;0.24887508;0.24787004;0.24229999;0.24050680,114,lexical_cue_reduced,
Lexical,919,The records for Eve are stale -- please fix them.,update_database,db_write,db_write,True,1,0.3410060703754425,0.3410060703754425,db_write;db_read;generate_report;restart_service;process_refund,0.34100607;0.23772539;0.21571827;0.20984145;0.19337834,115,lexical_cue_reduced,
Lexical,920,Please correct Diana's address in our system.,update_database,db_write,provision_vm,False,2,0.43172740936279297,0.40771323442459106,provision_vm;db_write;generate_report;quarantine_system;escalate_to_human,0.43172741;0.40771323;0.40021831;0.39762825;0.39092079,116,lexical_cue_reduced,
Lexical,921,We got new details for Frank that need to go into the system.,update_database,db_write,send_notification,False,8,0.47952979803085327,0.3935753405094147,send_notification;provision_vm;generate_report;quarantine_system;escalate_to_human,0.47952980;0.46879816;0.46664041;0.45527667;0.43794000,117,lexical_cue_reduced,
Lexical,922,There are incorrect entries for Eve that need patching.,update_database,db_write,db_write,True,1,0.34653812646865845,0.34653812646865845,db_write;generate_report;provision_vm;escalate_to_human;send_notification,0.34653813;0.30804661;0.30141330;0.27751565;0.27448276,118,lexical_cue_reduced,
Lexical,923,There are incorrect entries for Charlie that need patching.,update_database,db_write,provision_vm,False,8,0.36505550146102905,0.3066573739051819,provision_vm;create_ticket;generate_report;escalate_to_human;send_notification,0.36505550;0.36025989;0.35418299;0.33911821;0.32815653,119,lexical_cue_reduced,
Lexical,924,Some fields for Diana are wrong -- please sort it out.,update_database,db_write,db_read,False,3,0.34230729937553406,0.33163145184516907,db_read;generate_report;db_write;escalate_to_human;provision_vm,0.34230730;0.33732575;0.33163145;0.31440550;0.30988258,120,lexical_cue_reduced,
Lexical,925,Bob's profile doesn't reflect the latest info.,update_database,db_write,reset_password,False,13,0.24252261221408844,0.138663187623024,reset_password;db_read;send_notification;generate_report;quarantine_system,0.24252261;0.24013723;0.22881901;0.20974849;0.20475501,121,lexical_cue_reduced,
Lexical,926,There are incorrect entries for Frank that need patching.,update_database,db_write,create_ticket,False,7,0.43414244055747986,0.3393661081790924,create_ticket;provision_vm;generate_report;update_subscription;escalate_to_human,0.43414244;0.42543206;0.39991373;0.39370841;0.38840252,122,lexical_cue_reduced,
Lexical,927,Frank's profile doesn't reflect the latest info.,update_database,db_write,send_notification,False,11,0.31351080536842346,0.2387266308069229,send_notification;update_subscription;db_read;generate_report;provision_vm,0.31351081;0.31332263;0.30027583;0.29370379;0.29136011,123,lexical_cue_reduced,
Lexical,928,We need to amend the entry for Frank.,update_database,db_write,provision_vm,False,9,0.4999653100967407,0.4002419710159302,provision_vm;create_ticket;generate_report;send_notification;update_subscription,0.49996531;0.48859593;0.48112056;0.46615154;0.46521962,124,lexical_cue_reduced,
Lexical,929,Please correct Charlie's address in our system.,update_database,db_write,provision_vm,False,10,0.41052183508872986,0.2982889711856842,provision_vm;quarantine_system;scan_malware;send_notification;escalate_to_human,0.41052184;0.40772355;0.37965560;0.36962065;0.36917713,125,lexical_cue_reduced,
Lexical,930,Please correct Bob's address in our system.,update_database,db_write,provision_vm,False,12,0.37262895703315735,0.22584739327430725,provision_vm;quarantine_system;escalate_to_human;send_notification;scan_malware,0.37262896;0.36002678;0.35164866;0.34309149;0.33090714,126,lexical_cue_reduced,
Lexical,931,Frank's information has changed and needs correcting.,update_database,db_write,escalate_to_human,False,9,0.40815433859825134,0.32827821373939514,escalate_to_human;provision_vm;send_notification;update_subscription;generate_report,0.40815434;0.40694454;0.39992371;0.39065665;0.38814968,127,lexical_cue_reduced,
Lexical,932,The data for Eve is outdated.,update_database,db_write,db_write,True,1,0.3762628734111786,0.3762628734111786,db_write;db_read;generate_report;log_audit_event;provision_vm,0.37626287;0.30539247;0.27479187;0.26003781;0.24823993,128,lexical_cue_reduced,
Lexical,933,Please correct Alice's address in our system.,update_database,db_write,escalate_to_human,False,7,0.47173112630844116,0.3359094560146332,escalate_to_human;provision_vm;send_notification;update_subscription;generate_report,0.47173113;0.41180560;0.37325519;0.36152706;0.35799426,129,lexical_cue_reduced,
Lexical,934,The records for Bob are stale -- please fix them.,update_database,db_write,restart_service,False,3,0.24131989479064941,0.21453586220741272,restart_service;process_refund;db_write;generate_report;db_read,0.24131989;0.22781989;0.21453586;0.21083015;0.20248079,130,lexical_cue_reduced,
Lexical,935,Frank's file needs to reflect the changes from today.,update_database,db_write,generate_report,False,3,0.5383103489875793,0.49446961283683777,generate_report;provision_vm;db_write;send_notification;quarantine_system,0.53831035;0.53020203;0.49446961;0.48589587;0.47885701,131,lexical_cue_reduced,
Lexical,936,Please correct Grace's address in our system.,update_database,db_write,provision_vm,False,10,0.38820070028305054,0.26678648591041565,provision_vm;update_subscription;quarantine_system;send_notification;escalate_to_human,0.38820070;0.38815379;0.33070779;0.33014783;0.32815430,132,lexical_cue_reduced,
Lexical,937,We got new details for Grace that need to go into the system.,update_database,db_write,send_notification,False,8,0.29627475142478943,0.2415817677974701,send_notification;provision_vm;quarantine_system;update_subscription;generate_report,0.29627475;0.29284471;0.29135904;0.28735173;0.28675792,133,lexical_cue_reduced,
Lexical,938,Grace's agreement needs to reflect the new pricing.,update_subscription,update_subscription,update_subscription,True,1,0.3606305718421936,0.3606305718421936,update_subscription;create_ticket;generate_report;process_refund;provision_vm,0.36063057;0.20383026;0.20226330;0.17946592;0.17837252,603,lexical_cue_reduced,
Lexical,939,Eve wants to change their service level.,update_subscription,update_subscription,restart_service,False,2,0.29730987548828125,0.21920335292816162,restart_service;update_subscription;quarantine_system;process_refund;check_status,0.29730988;0.21920335;0.21570240;0.21032517;0.19993290,604,lexical_cue_reduced,
Lexical,940,Frank is requesting more capacity.,update_subscription,update_subscription,send_notification,False,2,0.33976688981056213,0.3389440178871155,send_notification;update_subscription;create_ticket;provision_vm;quarantine_system,0.33976689;0.33894402;0.33095345;0.31273162;0.31260955,605,lexical_cue_reduced,
Lexical,941,Eve's agreement needs to reflect the new pricing.,update_subscription,update_subscription,update_subscription,True,1,0.3434697389602661,0.3434697389602661,update_subscription;generate_report;process_refund;log_audit_event;db_write,0.34346974;0.26945361;0.23612814;0.22755498;0.22669445,606,lexical_cue_reduced,
Lexical,942,Charlie is requesting more capacity.,update_subscription,update_subscription,quarantine_system,False,8,0.2951967716217041,0.23660318553447723,quarantine_system;process_refund;send_notification;generate_report;create_ticket,0.29519677;0.26711330;0.25780946;0.24382001;0.24269529,607,lexical_cue_reduced,
Lexical,943,Bob asked to be moved to a different package.,update_subscription,update_subscription,create_ticket,False,7,0.3036609888076782,0.2435935139656067,create_ticket;escalate_to_human;provision_vm;quarantine_system;generate_report,0.30366099;0.30358735;0.30348596;0.25620991;0.25254664,608,lexical_cue_reduced,
Lexical,944,Please move Charlie to the appropriate package.,update_subscription,update_subscription,quarantine_system,False,8,0.33519843220710754,0.2745175063610077,quarantine_system;provision_vm;escalate_to_human;generate_report;send_notification,0.33519843;0.33365607;0.31476006;0.30611655;0.28975844,609,lexical_cue_reduced,
Lexical,945,The contract terms for Charlie have changed.,update_subscription,update_subscription,update_subscription,True,1,0.37593451142311096,0.37593451142311096,update_subscription;provision_vm;create_ticket;process_refund;generate_report,0.37593451;0.33768257;0.33043894;0.32494318;0.30865148,610,lexical_cue_reduced,
Lexical,946,The contract terms for Grace have changed.,update_subscription,update_subscription,update_subscription,True,1,0.3570179343223572,0.3570179343223572,update_subscription;reset_password;provision_vm;process_refund;create_ticket,0.35701793;0.22308926;0.21830194;0.20072193;0.19223186,611,lexical_cue_reduced,
Lexical,947,Bob's service needs don't match what they're paying for.,update_subscription,update_subscription,check_status,False,6,0.21616272628307343,0.12264106422662735,check_status;restart_service;create_ticket;process_refund;generate_report,0.21616273;0.18131898;0.17666815;0.15696435;0.13537008,612,lexical_cue_reduced,
Lexical,948,Frank's current plan doesn't match their needs.,update_subscription,update_subscription,update_subscription,True,1,0.3701600730419159,0.3701600730419159,update_subscription;create_ticket;generate_report;provision_vm;send_notification,0.37016007;0.30452877;0.30282369;0.29282820;0.25967005,613,lexical_cue_reduced,
Lexical,949,The contract terms for Diana have changed.,update_subscription,update_subscription,update_subscription,True,1,0.34503042697906494,0.34503042697906494,update_subscription;provision_vm;process_refund;generate_report;create_ticket,0.34503043;0.31443739;0.30829784;0.30296609;0.30117440,614,lexical_cue_reduced,
Lexical,950,Charlie wants fewer features and a lower cost.,update_subscription,update_subscription,update_subscription,True,1,0.2833385467529297,0.2833385467529297,update_subscription;create_ticket;provision_vm;generate_report;send_notification,0.28333855;0.26619306;0.23464984;0.23449282;0.22248194,615,lexical_cue_reduced,
Lexical,951,Charlie's current plan doesn't match their needs.,update_subscription,update_subscription,update_subscription,True,1,0.285462886095047,0.285462886095047,update_subscription;generate_report;create_ticket;provision_vm;quarantine_system,0.28546289;0.25663888;0.23313908;0.23308761;0.20731133,616,lexical_cue_reduced,
Lexical,952,Eve is requesting more capacity.,update_subscription,update_subscription,send_notification,False,9,0.1835465282201767,0.15743187069892883,send_notification;check_status;process_refund;log_audit_event;quarantine_system,0.18354653;0.18083157;0.17900746;0.17864463;0.17580001,617,lexical_cue_reduced,
Lexical,953,Bob wants fewer features and a lower cost.,update_subscription,update_subscription,update_subscription,True,1,0.23066826164722443,0.23066826164722443,update_subscription;create_ticket;provision_vm;generate_report;send_notification,0.23066826;0.23011176;0.17219342;0.16937858;0.15838327,618,lexical_cue_reduced,
Lexical,954,Please move Grace to the appropriate package.,update_subscription,update_subscription,update_subscription,True,1,0.3202946186065674,0.3202946186065674,update_subscription;provision_vm;escalate_to_human;generate_report;send_notification,0.32029462;0.28423452;0.24373731;0.23983373;0.22244141,619,lexical_cue_reduced,
Lexical,955,Eve needs a different tier.,update_subscription,update_subscription,update_subscription,True,1,0.21754662692546844,0.21754662692546844,update_subscription;generate_report;log_audit_event;quarantine_system;send_notification,0.21754663;0.16092144;0.15292369;0.14342950;0.14084315,620,lexical_cue_reduced,
Lexical,956,Frank wants fewer features and a lower cost.,update_subscription,update_subscription,update_subscription,True,1,0.3427775204181671,0.3427775204181671,update_subscription;create_ticket;provision_vm;generate_report;send_notification,0.34277752;0.31989676;0.27365395;0.26581553;0.26349065,621,lexical_cue_reduced,
Lexical,957,Please move Frank to the appropriate package.,update_subscription,update_subscription,provision_vm,False,6,0.4117997884750366,0.36210936307907104,provision_vm;escalate_to_human;create_ticket;generate_report;send_notification,0.41179979;0.39584017;0.38134757;0.37495339;0.36737245,622,lexical_cue_reduced,
Lexical,958,Grace asked to be moved to a different package.,update_subscription,update_subscription,update_subscription,True,1,0.32910510897636414,0.32910510897636414,update_subscription;provision_vm;create_ticket;generate_report;escalate_to_human,0.32910511;0.28428894;0.24287029;0.22224075;0.21792874,623,lexical_cue_reduced,
Lexical,959,Charlie asked to be moved to a different package.,update_subscription,update_subscription,provision_vm,False,6,0.34039369225502014,0.287320613861084,provision_vm;create_ticket;escalate_to_human;quarantine_system;generate_report,0.34039369;0.32586741;0.32357049;0.30901751;0.29138011,624,lexical_cue_reduced,
Lexical,960,Alice's service needs don't match what they're paying for.,update_subscription,update_subscription,escalate_to_human,False,2,0.2375493347644806,0.21073117852210999,escalate_to_human;update_subscription;create_ticket;check_status;generate_report,0.23754933;0.21073118;0.21049331;0.17706473;0.17675106,625,lexical_cue_reduced,
Lexical,961,Diana's current plan doesn't match their needs.,update_subscription,update_subscription,generate_report,False,2,0.2588594853878021,0.2580680549144745,generate_report;update_subscription;provision_vm;create_ticket;db_write,0.25885949;0.25806805;0.21622147;0.20144843;0.20049688,626,lexical_cue_reduced,
Lexical,962,Eve wants fewer features and a lower cost.,update_subscription,update_subscription,update_subscription,True,1,0.21827559173107147,0.21827559173107147,update_subscription;generate_report;db_write;send_notification;create_ticket,0.21827559;0.17232256;0.17067504;0.15298760;0.15026377,627,lexical_cue_reduced,
Lexical,963,The contract terms for Bob have changed.,update_subscription,update_subscription,update_subscription,True,1,0.34905675053596497,0.34905675053596497,update_subscription;create_ticket;provision_vm;process_refund;generate_report,0.34905675;0.31923541;0.30363160;0.30156749;0.26676962,628,lexical_cue_reduced,
Lexical,964,Alice is requesting more capacity.,update_subscription,update_subscription,escalate_to_human,False,2,0.33232393860816956,0.25112226605415344,escalate_to_human;update_subscription;create_ticket;send_notification;process_refund,0.33232394;0.25112227;0.23537306;0.22321028;0.22047521,629,lexical_cue_reduced,
Lexical,965,Alice needs a different tier.,update_subscription,update_subscription,update_subscription,True,1,0.2829492688179016,0.2829492688179016,update_subscription;escalate_to_human;generate_report;provision_vm;process_refund,0.28294927;0.27123973;0.17540395;0.17425987;0.15674078,630,lexical_cue_reduced,
Lexical,966,Frank's agreement needs to reflect the new pricing.,update_subscription,update_subscription,update_subscription,True,1,0.4569319486618042,0.4569319486618042,update_subscription;create_ticket;generate_report;provision_vm;send_notification,0.45693195;0.38647804;0.35997874;0.34350771;0.32707879,631,lexical_cue_reduced,
Lexical,967,Bob's current plan doesn't match their needs.,update_subscription,update_subscription,update_subscription,True,1,0.26874014735221863,0.26874014735221863,update_subscription;create_ticket;generate_report;provision_vm;reset_password,0.26874015;0.21734075;0.21578832;0.19202641;0.18138883,632,lexical_cue_reduced,
Lexical,968,Grace wants to change their service level.,update_subscription,update_subscription,update_subscription,True,1,0.25425371527671814,0.25425371527671814,update_subscription;restart_service;process_refund;quarantine_system;provision_vm,0.25425372;0.23235196;0.16399105;0.15142757;0.13884862,633,lexical_cue_reduced,
Lexical,969,Alice wants fewer features and a lower cost.,update_subscription,update_subscription,update_subscription,True,1,0.2856588661670685,0.2856588661670685,update_subscription;create_ticket;escalate_to_human;provision_vm;generate_report,0.28565887;0.24160261;0.22914766;0.19897251;0.19458197,634,lexical_cue_reduced,
Lexical,970,Diana's agreement needs to reflect the new pricing.,update_subscription,update_subscription,update_subscription,True,1,0.3382652997970581,0.3382652997970581,update_subscription;generate_report;create_ticket;db_write;process_refund,0.33826530;0.31702679;0.29173744;0.29116216;0.28733650,635,lexical_cue_reduced,
Lexical,971,Diana needs a different tier.,update_subscription,update_subscription,update_subscription,True,1,0.24230536818504333,0.24230536818504333,update_subscription;generate_report;process_refund;quarantine_system;escalate_to_human,0.24230537;0.21699812;0.20416175;0.19171506;0.18906356,636,lexical_cue_reduced,
Lexical,972,Bob's agreement needs to reflect the new pricing.,update_subscription,update_subscription,update_subscription,True,1,0.34409287571907043,0.34409287571907043,update_subscription;create_ticket;generate_report;process_refund;check_status,0.34409288;0.29281747;0.26380891;0.26013333;0.23569754,637,lexical_cue_reduced,
Lexical,973,Alice asked to be moved to a different package.,update_subscription,update_subscription,escalate_to_human,False,4,0.4013640284538269,0.30398181080818176,escalate_to_human;provision_vm;create_ticket;update_subscription;generate_report,0.40136403;0.34160069;0.31765348;0.30398181;0.29045558,638,lexical_cue_reduced,
Lexical,974,Grace's service needs don't match what they're paying for.,update_subscription,update_subscription,update_subscription,True,1,0.15243814885616302,0.15243814885616302,update_subscription;create_ticket;check_status;generate_report;log_audit_event,0.15243815;0.10693089;0.10431655;0.08083986;0.06455126,639,lexical_cue_reduced,
Lexical,975,Eve's service needs don't match what they're paying for.,update_subscription,update_subscription,check_status,False,6,0.1904146522283554,0.13607899844646454,check_status;log_audit_event;db_write;generate_report;restart_service,0.19041465;0.15282017;0.14784703;0.14575781;0.14416036,640,lexical_cue_reduced,
Lexical,976,Please move Eve to the appropriate package.,update_subscription,update_subscription,generate_report,False,8,0.2808193266391754,0.22329577803611755,generate_report;provision_vm;escalate_to_human;quarantine_system;send_notification,0.28081933;0.27953139;0.27149689;0.26159292;0.24595134,641,lexical_cue_reduced,
Lexical,977,Alice wants to change their service level.,update_subscription,update_subscription,update_subscription,True,1,0.32199805974960327,0.32199805974960327,update_subscription;escalate_to_human;process_refund;restart_service;quarantine_system,0.32199806;0.28378710;0.27410102;0.26022100;0.25949454,642,lexical_cue_reduced,
Lexical,978,Diana's service needs don't match what they're paying for.,update_subscription,update_subscription,check_status,False,9,0.1801113486289978,0.11092697083950043,check_status;db_write;db_read;generate_report;restart_service,0.18011135;0.17589301;0.17307548;0.16650793;0.16432062,643,lexical_cue_reduced,
Lexical,979,Frank needs a different tier.,update_subscription,update_subscription,update_subscription,True,1,0.33356067538261414,0.33356067538261414,update_subscription;generate_report;send_notification;provision_vm;quarantine_system,0.33356068;0.25827351;0.25767750;0.25641841;0.24127607,644,lexical_cue_reduced,
Lexical,980,Alice's agreement needs to reflect the new pricing.,update_subscription,update_subscription,update_subscription,True,1,0.36347103118896484,0.36347103118896484,update_subscription;create_ticket;escalate_to_human;generate_report;provision_vm,0.36347103;0.28830814;0.28558761;0.26559082;0.24103038,645,lexical_cue_reduced,
Lexical,981,Frank's service needs don't match what they're paying for.,update_subscription,update_subscription,create_ticket,False,3,0.27507805824279785,0.24204181134700775,create_ticket;check_status;update_subscription;generate_report;process_refund,0.27507806;0.26970059;0.24204181;0.22303650;0.20708379,646,lexical_cue_reduced,
Lexical,982,Diana is requesting more capacity.,update_subscription,update_subscription,process_refund,False,12,0.2411796599626541,0.17986005544662476,process_refund;db_write;db_read;generate_report;quarantine_system,0.24117966;0.22989264;0.22976984;0.22866033;0.22053568,647,lexical_cue_reduced,
Lexical,983,Diana asked to be moved to a different package.,update_subscription,update_subscription,provision_vm,False,7,0.3115909993648529,0.24388955533504486,provision_vm;escalate_to_human;db_write;create_ticket;generate_report,0.31159100;0.29299417;0.28660470;0.28323528;0.27890965,648,lexical_cue_reduced,
Lexical,984,Bob needs a different tier.,update_subscription,update_subscription,update_subscription,True,1,0.19877047836780548,0.19877047836780548,update_subscription;quarantine_system;process_refund;check_status;generate_report,0.19877048;0.14024583;0.13980500;0.13213348;0.12134980,649,lexical_cue_reduced,
Lexical,985,Charlie's agreement needs to reflect the new pricing.,update_subscription,update_subscription,update_subscription,True,1,0.3873090445995331,0.3873090445995331,update_subscription;create_ticket;generate_report;process_refund;provision_vm,0.38730904;0.32228619;0.31537664;0.29461533;0.28238776,650,lexical_cue_reduced,
Lexical,986,Charlie's service needs don't match what they're paying for.,update_subscription,update_subscription,check_status,False,7,0.20104394853115082,0.14458361268043518,check_status;restart_service;create_ticket;process_refund;generate_report,0.20104395;0.18823989;0.18517609;0.17015953;0.16803522,651,lexical_cue_reduced,
Lexical,987,Please move Alice to the appropriate package.,update_subscription,update_subscription,escalate_to_human,False,3,0.41365715861320496,0.31056588888168335,escalate_to_human;provision_vm;update_subscription;generate_report;create_ticket,0.41365716;0.33241022;0.31056589;0.30529535;0.29249331,652,lexical_cue_reduced,
Lexical,988,The contract terms for Alice have changed.,update_subscription,update_subscription,update_subscription,True,1,0.4039953351020813,0.4039953351020813,update_subscription;escalate_to_human;create_ticket;provision_vm;generate_report,0.40399534;0.34974185;0.32961738;0.31949776;0.28773040,653,lexical_cue_reduced,
Lexical,989,Grace is requesting more capacity.,update_subscription,update_subscription,update_subscription,True,1,0.24941250681877136,0.24941250681877136,update_subscription;quarantine_system;process_refund;send_notification;provision_vm,0.24941251;0.14993668;0.14949630;0.14294106;0.13677977,654,lexical_cue_reduced,
Lexical,990,Charlie wants to change their service level.,update_subscription,update_subscription,restart_service,False,4,0.33948326110839844,0.2815746068954468,restart_service;quarantine_system;process_refund;update_subscription;provision_vm,0.33948326;0.31530684;0.29901633;0.28157461;0.25747436,655,lexical_cue_reduced,
Lexical,991,Please move Diana to the appropriate package.,update_subscription,update_subscription,escalate_to_human,False,8,0.3365139365196228,0.2607342004776001,escalate_to_human;provision_vm;generate_report;quarantine_system;process_refund,0.33651394;0.33251846;0.32205904;0.28505492;0.27887890,656,lexical_cue_reduced,
Lexical,992,Grace needs a different tier.,update_subscription,update_subscription,update_subscription,True,1,0.2685581147670746,0.2685581147670746,update_subscription;reset_password;provision_vm;quarantine_system;process_refund,0.26855811;0.14145696;0.10615037;0.10110874;0.09892977,657,lexical_cue_reduced,
Lexical,993,Diana wants fewer features and a lower cost.,update_subscription,update_subscription,update_subscription,True,1,0.23809202015399933,0.23809202015399933,update_subscription;db_write;create_ticket;generate_report;provision_vm,0.23809202;0.22761390;0.22683102;0.22246887;0.19862247,658,lexical_cue_reduced,
Lexical,994,Charlie needs a different tier.,update_subscription,update_subscription,update_subscription,True,1,0.2662467360496521,0.2662467360496521,update_subscription;quarantine_system;generate_report;process_refund;provision_vm,0.26624674;0.24399157;0.21217109;0.21159402;0.20154223,659,lexical_cue_reduced,
Lexical,995,The contract terms for Frank have changed.,update_subscription,update_subscription,update_subscription,True,1,0.4629672169685364,0.4629672169685364,update_subscription;create_ticket;provision_vm;send_notification;generate_report,0.46296722;0.40679961;0.39975727;0.35624579;0.35191509,660,lexical_cue_reduced,
Lexical,996,Frank wants to change their service level.,update_subscription,update_subscription,update_subscription,True,1,0.36399102210998535,0.36399102210998535,update_subscription;restart_service;quarantine_system;process_refund;provision_vm,0.36399102;0.35149270;0.32485288;0.32146913;0.31648055,661,lexical_cue_reduced,
Lexical,997,Bob wants to change their service level.,update_subscription,update_subscription,restart_service,False,4,0.349143922328949,0.24302196502685547,restart_service;quarantine_system;process_refund;update_subscription;check_status,0.34914392;0.26832724;0.26796705;0.24302197;0.24270871,662,lexical_cue_reduced,
Lexical,998,Grace wants fewer features and a lower cost.,update_subscription,update_subscription,update_subscription,True,1,0.2585809528827667,0.2585809528827667,update_subscription;create_ticket;provision_vm;generate_report;reset_password,0.25858095;0.13495339;0.11480772;0.10460104;0.09993946,663,lexical_cue_reduced,
Lexical,999,Bob is requesting more capacity.,update_subscription,update_subscription,check_status,False,9,0.21094734966754913,0.1543465554714203,check_status;process_refund;quarantine_system;create_ticket;restart_service,0.21094735;0.20205899;0.19900341;0.19436038;0.17631444,664,lexical_cue_reduced,
Lexical,1000,Eve's current plan doesn't match their needs.,update_subscription,update_subscription,update_subscription,True,1,0.2372034341096878,0.2372034341096878,update_subscription;generate_report;log_audit_event;db_write;provision_vm,0.23720343;0.20355201;0.20111130;0.15953179;0.15464740,665,lexical_cue_reduced,
Lexical,1001,Please move Bob to the appropriate package.,update_subscription,update_subscription,escalate_to_human,False,8,0.2929360866546631,0.21911463141441345,escalate_to_human;provision_vm;quarantine_system;generate_report;create_ticket,0.29293609;0.28404909;0.26724967;0.26118380;0.25554129,666,lexical_cue_reduced,
Lexical,1002,Eve asked to be moved to a different package.,update_subscription,update_subscription,provision_vm,False,5,0.30232250690460205,0.2563675045967102,provision_vm;db_write;generate_report;escalate_to_human;update_subscription,0.30232251;0.28793812;0.27739325;0.27558026;0.25636750,667,lexical_cue_reduced,
Lexical,1003,Grace's current plan doesn't match their needs.,update_subscription,update_subscription,update_subscription,True,1,0.2915582060813904,0.2915582060813904,update_subscription;reset_password;generate_report;provision_vm;create_ticket,0.29155821;0.18039495;0.15387988;0.14221674;0.12649068,668,lexical_cue_reduced,
Lexical,1004,The contract terms for Eve have changed.,update_subscription,update_subscription,update_subscription,True,1,0.37334802746772766,0.37334802746772766,update_subscription;provision_vm;generate_report;process_refund;send_notification,0.37334803;0.28650472;0.27349246;0.27013940;0.25227064,669,lexical_cue_reduced,
