condition,row_index,query,ground_truth_raw,ground_truth_tool,predicted_tool,correct,rank,top1_cosine,ground_truth_cosine,top5_tools,top5_cosines,source_row_id,generation_type,confusable_with
Paraphrase,0,bring up Bob's account information.,query_database,db_read,update_subscription,False,4,0.2989724576473236,0.24512214958667755,update_subscription;send_notification;quarantine_system;db_read;provision_vm,0.29897246;0.25625557;0.25523090;0.24512215;0.23724450,6,paraphrase_original,
Paraphrase,1,"Yo, bring up bob's account information.",query_database,db_read,update_subscription,False,7,0.31579768657684326,0.26332560181617737,update_subscription;scan_malware;quarantine_system;send_notification;reset_password,0.31579769;0.29687983;0.29223001;0.28767478;0.27342960,6,paraphrase_variant,
Paraphrase,2,We request that you bring up bob's account information.,query_database,db_read,send_notification,False,6,0.3581574857234955,0.31278592348098755,send_notification;quarantine_system;update_subscription;generate_report;provision_vm,0.35815749;0.35370636;0.35314810;0.31763405;0.31341648,6,paraphrase_variant,
Paraphrase,3,Is it possible to bring up bob's account information?,query_database,db_read,update_subscription,False,2,0.35438740253448486,0.32137349247932434,update_subscription;db_read;scan_malware;send_notification;quarantine_system,0.35438740;0.32137349;0.31834224;0.31066173;0.30049905,6,paraphrase_variant,
Paraphrase,4,bring up bob's account information -- that's what needs to happen.,query_database,db_read,quarantine_system,False,9,0.34326574206352234,0.2513323426246643,quarantine_system;send_notification;update_subscription;escalate_to_human;provision_vm,0.34326574;0.33536744;0.32142475;0.31633970;0.30819067,6,paraphrase_variant,
Paraphrase,5,Please check the database entry for Eve.,query_database,db_read,db_write,False,2,0.4850689768791199,0.47755342721939087,db_write;db_read;generate_report;send_notification;log_audit_event,0.48506898;0.47755343;0.31209040;0.28900275;0.28486395,11,paraphrase_original,
Paraphrase,6,Is it possible to check the database entry for eve?,query_database,db_read,db_read,True,1,0.41155534982681274,0.41155534982681274,db_read;db_write;scan_malware;log_audit_event;check_status,0.41155535;0.35147327;0.21605827;0.21279463;0.20957366,11,paraphrase_variant,
Paraphrase,7,What we need is for check the database entry for eve.,query_database,db_read,db_read,True,1,0.46345895528793335,0.46345895528793335,db_read;db_write;check_status;generate_report;log_audit_event,0.46345896;0.43224701;0.26225370;0.25230387;0.23778334,11,paraphrase_variant,
Paraphrase,8,Quick one -- check the database entry for eve.,query_database,db_read,db_write,False,2,0.4697069227695465,0.45847731828689575,db_write;db_read;generate_report;send_notification;quarantine_system,0.46970692;0.45847732;0.31768709;0.28384873;0.27679747,11,paraphrase_variant,
Paraphrase,9,Would you mind check the database entry for eve.,query_database,db_read,db_write,False,2,0.5020052194595337,0.49769026041030884,db_write;db_read;generate_report;log_audit_event;scan_malware,0.50200522;0.49769026;0.34884083;0.32408649;0.32017615,11,paraphrase_variant,
Paraphrase,10,Can you check the database for #53698?,query_database,db_read,db_read,True,1,0.5489434003829956,0.5489434003829956,db_read;db_write;generate_report;provision_vm;send_notification,0.54894340;0.48770621;0.37211996;0.35062855;0.33979350,18,paraphrase_original,
Paraphrase,11,Quick one -- check the database for #53698.,query_database,db_read,db_read,True,1,0.5387363433837891,0.5387363433837891,db_read;db_write;generate_report;send_notification;process_refund,0.53873634;0.53171408;0.44707546;0.40552330;0.39803421,18,paraphrase_variant,
Paraphrase,12,We request that you check the database for #53698.,query_database,db_read,db_read,True,1,0.5338943600654602,0.5338943600654602,db_read;db_write;generate_report;send_notification;quarantine_system,0.53389436;0.49293774;0.39051446;0.36890128;0.35874492,18,paraphrase_variant,
Paraphrase,13,check the database for #53698 -- that's what needs to happen.,query_database,db_read,db_read,True,1,0.5706605315208435,0.5706605315208435,db_read;db_write;generate_report;provision_vm;quarantine_system,0.57066053;0.55429304;0.45941174;0.42796120;0.42696199,18,paraphrase_variant,
Paraphrase,14,Would anyone be able to check the database for #53698?,query_database,db_read,db_read,True,1,0.5259954333305359,0.5259954333305359,db_read;db_write;generate_report;scan_malware;provision_vm,0.52599543;0.46512350;0.35425910;0.32355765;0.31627578,18,paraphrase_variant,
Paraphrase,15,Can you pull the details associated with #53698?,query_database,db_read,generate_report,False,3,0.49275103211402893,0.4826596975326538,generate_report;provision_vm;db_read;process_refund;create_ticket,0.49275103;0.48794806;0.48265970;0.46657121;0.45433664,19,paraphrase_original,
Paraphrase,16,Gonna need you to pull the details associated with #53698.,query_database,db_read,generate_report,False,4,0.4949629306793213,0.45822301506996155,generate_report;process_refund;provision_vm;db_read;send_notification,0.49496293;0.47019985;0.46987367;0.45822302;0.44836214,19,paraphrase_variant,
Paraphrase,17,What we need is for pull the details associated with #53698.,query_database,db_read,generate_report,False,2,0.473778635263443,0.47025102376937866,generate_report;db_read;db_write;process_refund;provision_vm,0.47377864;0.47025102;0.44405642;0.43990007;0.43709967,19,paraphrase_variant,
Paraphrase,18,Who can pull the details associated with #53698?,query_database,db_read,escalate_to_human,False,7,0.4510883390903473,0.3893800377845764,escalate_to_human;generate_report;provision_vm;create_ticket;send_notification,0.45108834;0.42059743;0.41126877;0.40128228;0.39046487,19,paraphrase_variant,
Paraphrase,19,Would you mind pull the details associated with #53698.,query_database,db_read,generate_report,False,9,0.511635422706604,0.43064528703689575,generate_report;provision_vm;process_refund;create_ticket;send_notification,0.51163542;0.49537230;0.48011050;0.46319428;0.44957700,19,paraphrase_variant,
Paraphrase,20,Can you bring up the database entry for #20891?,query_database,db_read,db_write,False,2,0.5720456838607788,0.5532464981079102,db_write;db_read;generate_report;provision_vm;process_refund,0.57204568;0.55324650;0.48022923;0.46709573;0.42414978,22,paraphrase_original,
Paraphrase,21,Would anyone be able to bring up the database entry for #20891?,query_database,db_read,db_write,False,2,0.5523036122322083,0.5431535840034485,db_write;db_read;generate_report;provision_vm;send_notification,0.55230361;0.54315358;0.47674561;0.43867064;0.41286641,22,paraphrase_variant,
Paraphrase,22,Quick one -- bring up the database entry for #20891.,query_database,db_read,db_write,False,2,0.568874716758728,0.5442697405815125,db_write;db_read;generate_report;provision_vm;process_refund,0.56887472;0.54426974;0.49200794;0.44883913;0.44494927,22,paraphrase_variant,
Paraphrase,23,What we need is for bring up the database entry for #20891.,query_database,db_read,db_write,False,2,0.5588268637657166,0.5455048680305481,db_write;db_read;generate_report;provision_vm;process_refund,0.55882686;0.54550487;0.46247080;0.41770956;0.40903300,22,paraphrase_variant,
Paraphrase,24,Would you mind bring up the database entry for #20891.,query_database,db_read,db_write,False,2,0.547638475894928,0.5103710889816284,db_write;db_read;generate_report;provision_vm;process_refund,0.54763848;0.51037109;0.48369199;0.45019192;0.42052040,22,paraphrase_variant,
Paraphrase,25,Can you read back the data for #60122?,query_database,db_read,db_read,True,1,0.5349456071853638,0.5349456071853638,db_read;db_write;generate_report;provision_vm;send_notification,0.53494561;0.46938604;0.40189379;0.38344106;0.37978292,23,paraphrase_original,
Paraphrase,26,Gonna need you to read back the data for #60122.,query_database,db_read,db_read,True,1,0.4803679883480072,0.4803679883480072,db_read;db_write;generate_report;send_notification;process_refund,0.48036799;0.41885549;0.39705580;0.37798759;0.37081972,23,paraphrase_variant,
Paraphrase,27,Would anyone be able to read back the data for #60122?,query_database,db_read,db_read,True,1,0.5209063291549683,0.5209063291549683,db_read;db_write;generate_report;send_notification;provision_vm,0.52090633;0.44508517;0.39726153;0.37415001;0.35345414,23,paraphrase_variant,
Paraphrase,28,We request that you read back the data for #60122.,query_database,db_read,db_read,True,1,0.5000244379043579,0.5000244379043579,db_read;db_write;generate_report;send_notification;process_refund,0.50002444;0.47130021;0.42811528;0.42378083;0.40948206,23,paraphrase_variant,
Paraphrase,29,It would help if read back the data for #60122.,query_database,db_read,db_read,True,1,0.5039392113685608,0.5039392113685608,db_read;db_write;generate_report;send_notification;process_refund,0.50393921;0.46316156;0.42517251;0.40287447;0.40164441,23,paraphrase_variant,
Paraphrase,30,We should look up the record for Charlie.,query_database,db_read,quarantine_system,False,2,0.3061715066432953,0.29004549980163574,quarantine_system;db_read;generate_report;process_refund;check_status,0.30617151;0.29004550;0.28623748;0.27359143;0.26841819,40,paraphrase_original,
Paraphrase,31,Is it possible to we should look up the record for charlie?,query_database,db_read,generate_report,False,2,0.323821485042572,0.3228789269924164,generate_report;db_read;quarantine_system;provision_vm;escalate_to_human,0.32382149;0.32287893;0.32024306;0.29117426;0.28953093,40,paraphrase_variant,
Paraphrase,32,The situation requires we should look up the record for charlie.,query_database,db_read,generate_report,False,8,0.36728453636169434,0.3106992542743683,generate_report;escalate_to_human;quarantine_system;create_ticket;process_refund,0.36728454;0.35612470;0.35479486;0.34195238;0.33876631,40,paraphrase_variant,
Paraphrase,33,Could you please we should look up the record for charlie.,query_database,db_read,quarantine_system,False,3,0.32389986515045166,0.30853164196014404,quarantine_system;generate_report;db_read;scan_malware;process_refund,0.32389987;0.32347986;0.30853164;0.29674456;0.29649356,40,paraphrase_variant,
Paraphrase,34,Quick one -- we should look up the record for charlie.,query_database,db_read,generate_report,False,5,0.4064439833164215,0.35310396552085876,generate_report;quarantine_system;process_refund;provision_vm;db_read,0.40644398;0.38664275;0.38248029;0.35955438;0.35310397,40,paraphrase_variant,
Paraphrase,35,We should search the database for Charlie.,query_database,db_read,db_read,True,1,0.3964938819408417,0.3964938819408417,db_read;db_write;quarantine_system;generate_report;scan_malware,0.39649388;0.34623897;0.30997658;0.30304706;0.29231665,47,paraphrase_original,
Paraphrase,36,we should search the database for charlie -- that's what needs to happen.,query_database,db_read,db_read,True,1,0.43192651867866516,0.43192651867866516,db_read;db_write;quarantine_system;generate_report;scan_malware,0.43192652;0.41888303;0.40458003;0.40124342;0.36196652,47,paraphrase_variant,
Paraphrase,37,Would anyone be able to we should search the database for charlie?,query_database,db_read,db_read,True,1,0.40876737236976624,0.40876737236976624,db_read;db_write;scan_malware;generate_report;quarantine_system,0.40876737;0.35548308;0.34115118;0.31612337;0.30045769,47,paraphrase_variant,
Paraphrase,38,Kindly we should search the database for charlie.,query_database,db_read,db_read,True,1,0.3906354606151581,0.3906354606151581,db_read;db_write;generate_report;scan_malware;quarantine_system,0.39063546;0.34533674;0.27950943;0.27742586;0.27308452,47,paraphrase_variant,
Paraphrase,39,Need you to we should search the database for charlie.,query_database,db_read,db_read,True,1,0.4313565790653229,0.4313565790653229,db_read;db_write;generate_report;quarantine_system;scan_malware,0.43135658;0.39399567;0.34926102;0.33034316;0.31183562,47,paraphrase_variant,
Paraphrase,40,Let's look up the record for Charlie.,query_database,db_read,quarantine_system,False,2,0.30589643120765686,0.28870898485183716,quarantine_system;db_read;process_refund;generate_report;provision_vm,0.30589643;0.28870898;0.28865841;0.28593770;0.26565400,48,paraphrase_original,
Paraphrase,41,What we need is for let's look up the record for charlie.,query_database,db_read,quarantine_system,False,5,0.3151949644088745,0.2808992266654968,quarantine_system;generate_report;check_status;process_refund;db_read,0.31519496;0.30903625;0.29477140;0.29358023;0.28089923,48,paraphrase_variant,
Paraphrase,42,Quick one -- let's look up the record for charlie.,query_database,db_read,generate_report,False,6,0.40773019194602966,0.3573201596736908,generate_report;process_refund;quarantine_system;create_ticket;provision_vm,0.40773019;0.39528689;0.39274755;0.37030798;0.36997163,48,paraphrase_variant,
Paraphrase,43,Would you mind let's look up the record for charlie.,query_database,db_read,generate_report,False,6,0.31871989369392395,0.28551673889160156,generate_report;quarantine_system;scan_malware;provision_vm;process_refund,0.31871989;0.31819561;0.29260415;0.29183251;0.29142433,48,paraphrase_variant,
Paraphrase,44,Who can let's look up the record for charlie?,query_database,db_read,generate_report,False,4,0.2719186544418335,0.2552248537540436,generate_report;escalate_to_human;quarantine_system;db_read;process_refund,0.27191865;0.26627338;0.26382604;0.25522485;0.25247779,48,paraphrase_variant,
Paraphrase,45,Let's retrieve the entry for #10234.,query_database,db_read,generate_report,False,4,0.4939974546432495,0.47748321294784546,generate_report;process_refund;provision_vm;db_read;send_notification,0.49399745;0.49029905;0.48033202;0.47748321;0.46783447,49,paraphrase_original,
Paraphrase,46,Is it possible to let's retrieve the entry for #10234?,query_database,db_read,db_read,True,1,0.42967474460601807,0.42967474460601807,db_read;generate_report;process_refund;provision_vm;db_write,0.42967474;0.40537411;0.40021327;0.39674357;0.38834980,49,paraphrase_variant,
Paraphrase,47,We request that you let's retrieve the entry for #10234.,query_database,db_read,generate_report,False,7,0.5008597373962402,0.4563351571559906,generate_report;process_refund;send_notification;provision_vm;quarantine_system,0.50085974;0.49696720;0.49083436;0.47950545;0.47896001,49,paraphrase_variant,
Paraphrase,48,The situation requires let's retrieve the entry for #10234.,query_database,db_read,generate_report,False,9,0.4912799596786499,0.412727028131485,generate_report;provision_vm;process_refund;send_notification;create_ticket,0.49127996;0.48102391;0.47820643;0.46577188;0.46422794,49,paraphrase_variant,
Paraphrase,49,Need you to let's retrieve the entry for #10234.,query_database,db_read,generate_report,False,4,0.5124414563179016,0.4983309805393219,generate_report;process_refund;provision_vm;db_read;send_notification,0.51244146;0.50559705;0.50530463;0.49833098;0.49086186,49,paraphrase_variant,
Paraphrase,50,Let's pull the details associated with #42017.,query_database,db_read,process_refund,False,11,0.4853328764438629,0.38285011053085327,process_refund;generate_report;send_notification;provision_vm;quarantine_system,0.48533288;0.47813427;0.47797775;0.46589577;0.43769550,51,paraphrase_original,
Paraphrase,51,Please let's pull the details associated with #42017.,query_database,db_read,generate_report,False,12,0.5206298232078552,0.39238816499710083,generate_report;process_refund;send_notification;provision_vm;quarantine_system,0.52062982;0.51990217;0.50946331;0.50794154;0.48240095,51,paraphrase_variant,
Paraphrase,52,Could someone let's pull the details associated with #42017?,query_database,db_read,generate_report,False,10,0.4981500804424286,0.3945079743862152,generate_report;process_refund;provision_vm;send_notification;create_ticket,0.49815008;0.47857830;0.47673830;0.47673315;0.44853839,51,paraphrase_variant,
Paraphrase,53,"Yo, let's pull the details associated with #42017.",query_database,db_read,generate_report,False,11,0.4781663715839386,0.36958184838294983,generate_report;process_refund;send_notification;provision_vm;quarantine_system,0.47816637;0.47361347;0.46581820;0.45928204;0.42645434,51,paraphrase_variant,
Paraphrase,54,The situation requires let's pull the details associated with #42017.,query_database,db_read,generate_report,False,12,0.5117638111114502,0.35305529832839966,generate_report;send_notification;process_refund;create_ticket;escalate_to_human,0.51176381;0.50067914;0.49880624;0.49755430;0.49073780,51,paraphrase_variant,
Paraphrase,55,Let's search for transaction #10234 in the database.,query_database,db_read,db_read,True,1,0.5079894065856934,0.5079894065856934,db_read;db_write;generate_report;check_status;process_refund,0.50798941;0.44440138;0.32851198;0.31691495;0.31609789,53,paraphrase_original,
Paraphrase,56,Could someone let's search for transaction #10234 in the database?,query_database,db_read,db_read,True,1,0.474740207195282,0.474740207195282,db_read;db_write;log_audit_event;generate_report;process_refund,0.47474021;0.39445224;0.31785032;0.31509826;0.28639540,53,paraphrase_variant,
Paraphrase,57,Could you please let's search for transaction #10234 in the database.,query_database,db_read,db_read,True,1,0.502896249294281,0.502896249294281,db_read;db_write;generate_report;log_audit_event;process_refund,0.50289625;0.44971684;0.34659329;0.33880261;0.32220447,53,paraphrase_variant,
Paraphrase,58,Quick one -- let's search for transaction #10234 in the database.,query_database,db_read,db_read,True,1,0.5058229565620422,0.5058229565620422,db_read;db_write;generate_report;process_refund;check_status,0.50582296;0.45153743;0.35311428;0.33017510;0.32990754,53,paraphrase_variant,
Paraphrase,59,let's search for transaction #10234 in the database -- that's what needs to happen.,query_database,db_read,db_read,True,1,0.5212540030479431,0.5212540030479431,db_read;db_write;generate_report;process_refund;check_status,0.52125400;0.47720563;0.37111902;0.34645897;0.33965951,53,paraphrase_variant,
Paraphrase,60,Kindly look up the record for #31450.,query_database,db_read,db_read,True,1,0.381351113319397,0.381351113319397,db_read;db_write;generate_report;process_refund;create_ticket,0.38135111;0.37897646;0.35066053;0.33657855;0.32257977,56,paraphrase_original,
Paraphrase,61,"Yo, look up the record for #31450.",query_database,db_read,db_read,True,1,0.3806769847869873,0.3806769847869873,db_read;db_write;generate_report;process_refund;provision_vm,0.38067698;0.36499268;0.35857281;0.32113975;0.31788006,56,paraphrase_variant,
Paraphrase,62,look up the record for #31450 -- that's what needs to happen.,query_database,db_read,generate_report,False,3,0.4157823622226715,0.37706589698791504,generate_report;db_write;db_read;process_refund;create_ticket,0.41578236;0.40939361;0.37706590;0.37071648;0.36662170,56,paraphrase_variant,
Paraphrase,63,Who can look up the record for #31450?,query_database,db_read,db_read,True,1,0.3449303209781647,0.3449303209781647,db_read;db_write;generate_report;escalate_to_human;create_ticket,0.34493032;0.30719608;0.30044854;0.27229315;0.26326397,56,paraphrase_variant,
Paraphrase,64,Would you mind look up the record for #31450.,query_database,db_read,db_write,False,2,0.37723395228385925,0.3682016432285309,db_write;db_read;generate_report;provision_vm;send_notification,0.37723395;0.36820164;0.36817145;0.31886947;0.31357393,56,paraphrase_variant,
Paraphrase,65,Kindly bring up the database entry for #53698.,query_database,db_read,db_read,True,1,0.5269211530685425,0.5269211530685425,db_read;db_write;generate_report;provision_vm;process_refund,0.52692115;0.51179689;0.39637095;0.37775379;0.37018779,62,paraphrase_original,
Paraphrase,66,Gonna need you to bring up the database entry for #53698.,query_database,db_read,db_read,True,1,0.5412716269493103,0.5412716269493103,db_read;db_write;generate_report;provision_vm;process_refund,0.54127163;0.51798344;0.42923665;0.39575794;0.37968513,62,paraphrase_variant,
Paraphrase,67,We request that you bring up the database entry for #53698.,query_database,db_read,db_read,True,1,0.5440953373908997,0.5440953373908997,db_read;db_write;generate_report;provision_vm;process_refund,0.54409534;0.52677578;0.42983368;0.40446571;0.39127678,62,paraphrase_variant,
Paraphrase,68,bring up the database entry for #53698 -- that's what needs to happen.,query_database,db_read,db_write,False,2,0.5570341348648071,0.5456895232200623,db_write;db_read;generate_report;provision_vm;process_refund,0.55703413;0.54568952;0.45578954;0.42826363;0.40229890,62,paraphrase_variant,
Paraphrase,69,Would anyone be able to bring up the database entry for #53698?,query_database,db_read,db_read,True,1,0.5425306558609009,0.5425306558609009,db_read;db_write;generate_report;provision_vm;send_notification,0.54253066;0.51184571;0.42081338;0.39349687;0.35853064,62,paraphrase_variant,
Paraphrase,70,save the latest data for Bob to the database.,update_database,db_write,db_read,False,2,0.47272107005119324,0.4131726622581482,db_read;db_write;provision_vm;generate_report;quarantine_system,0.47272107;0.41317266;0.24572481;0.24446534;0.22833696,67,paraphrase_original,
Paraphrase,71,Would anyone be able to save the latest data for bob to the database?,update_database,db_write,db_read,False,2,0.5065263509750366,0.45942187309265137,db_read;db_write;generate_report;provision_vm;send_notification,0.50652635;0.45942187;0.32722741;0.29379827;0.29150271,67,paraphrase_variant,
Paraphrase,72,It would help if save the latest data for bob to the database.,update_database,db_write,db_read,False,2,0.5157238841056824,0.47548580169677734,db_read;db_write;generate_report;provision_vm;send_notification,0.51572388;0.47548580;0.34874192;0.32402566;0.32126591,67,paraphrase_variant,
Paraphrase,73,We request that you save the latest data for bob to the database.,update_database,db_write,db_read,False,2,0.5297085046768188,0.4717952609062195,db_read;db_write;generate_report;send_notification;quarantine_system,0.52970850;0.47179526;0.35173121;0.34029308;0.33537811,67,paraphrase_variant,
Paraphrase,74,Do me a favor and save the latest data for bob to the database.,update_database,db_write,db_read,False,2,0.4450451135635376,0.4029896557331085,db_read;db_write;generate_report;provision_vm;send_notification,0.44504511;0.40298966;0.30142441;0.28158480;0.26414317,67,paraphrase_variant,
Paraphrase,75,commit the new record for Alice to the database.,update_database,db_write,db_write,True,1,0.5157139897346497,0.5157139897346497,db_write;db_read;generate_report;provision_vm;escalate_to_human,0.51571399;0.38855031;0.34461665;0.33638647;0.33220083,70,paraphrase_original,
Paraphrase,76,commit the new record for alice to the database -- that's what needs to happen.,update_database,db_write,db_write,True,1,0.5280088782310486,0.5280088782310486,db_write;db_read;generate_report;provision_vm;escalate_to_human,0.52800888;0.39916310;0.37570924;0.35154840;0.35081658,70,paraphrase_variant,
Paraphrase,77,"Hey, can you commit the new record for alice to the database.",update_database,db_write,db_write,True,1,0.5750029683113098,0.5750029683113098,db_write;db_read;generate_report;provision_vm;escalate_to_human,0.57500297;0.45405191;0.45232603;0.42912927;0.39835829,70,paraphrase_variant,
Paraphrase,78,Would you mind commit the new record for alice to the database.,update_database,db_write,db_write,True,1,0.5176751613616943,0.5176751613616943,db_write;db_read;generate_report;provision_vm;escalate_to_human,0.51767516;0.39302352;0.38292032;0.35697079;0.34531528,70,paraphrase_variant,
Paraphrase,79,Would anyone be able to commit the new record for alice to the database?,update_database,db_write,db_write,True,1,0.5301024913787842,0.5301024913787842,db_write;generate_report;db_read;escalate_to_human;provision_vm,0.53010249;0.41727608;0.41651809;0.38763589;0.37354004,70,paraphrase_variant,
Paraphrase,80,Please persist the changes for Frank.,update_database,db_write,provision_vm,False,9,0.5286309123039246,0.3780820965766907,provision_vm;update_subscription;send_notification;generate_report;create_ticket,0.52863091;0.51520085;0.46292499;0.45665053;0.44026011,77,paraphrase_original,
Paraphrase,81,I'd appreciate it if you could persist the changes for frank.,update_database,db_write,provision_vm,False,8,0.5545525550842285,0.44517993927001953,provision_vm;update_subscription;send_notification;generate_report;create_ticket,0.55455256;0.53360438;0.51516342;0.51019782;0.48416963,77,paraphrase_variant,
Paraphrase,82,Who can persist the changes for frank?,update_database,db_write,provision_vm,False,10,0.4348245859146118,0.26699864864349365,provision_vm;update_subscription;escalate_to_human;create_ticket;send_notification,0.43482459;0.41142783;0.39391756;0.39329511;0.37671953,77,paraphrase_variant,
Paraphrase,83,"Yo, persist the changes for frank.",update_database,db_write,provision_vm,False,9,0.4966071844100952,0.3660871982574463,provision_vm;update_subscription;send_notification;generate_report;quarantine_system,0.49660718;0.48813063;0.43536913;0.43369231;0.41393542,77,paraphrase_variant,
Paraphrase,84,The situation requires persist the changes for frank.,update_database,db_write,provision_vm,False,9,0.49611273407936096,0.37240156531333923,provision_vm;update_subscription;create_ticket;generate_report;process_refund,0.49611273;0.47231194;0.45675248;0.44754940;0.43425778,77,paraphrase_variant,
Paraphrase,85,Please commit the new record for Grace to the database.,update_database,db_write,db_write,True,1,0.5110477805137634,0.5110477805137634,db_write;db_read;generate_report;provision_vm;send_notification,0.51104778;0.38458109;0.38101381;0.36365664;0.32749727,78,paraphrase_original,
Paraphrase,86,Who can commit the new record for grace to the database?,update_database,db_write,db_write,True,1,0.47525304555892944,0.47525304555892944,db_write;db_read;generate_report;provision_vm;reset_password,0.47525305;0.36596879;0.32364678;0.30155286;0.26678270,78,paraphrase_variant,
Paraphrase,87,Need you to commit the new record for grace to the database.,update_database,db_write,db_write,True,1,0.5404807329177856,0.5404807329177856,db_write;db_read;generate_report;provision_vm;process_refund,0.54048073;0.42757869;0.37969902;0.36010274;0.32487443,78,paraphrase_variant,
Paraphrase,88,We request that you commit the new record for grace to the database.,update_database,db_write,db_write,True,1,0.5320074558258057,0.5320074558258057,db_write;db_read;generate_report;provision_vm;send_notification,0.53200746;0.42012307;0.38807291;0.36253843;0.33538333,78,paraphrase_variant,
Paraphrase,89,commit the new record for grace to the database -- that's what needs to happen.,update_database,db_write,db_write,True,1,0.5064972043037415,0.5064972043037415,db_write;db_read;generate_report;provision_vm;process_refund,0.50649720;0.37284732;0.35318410;0.33699581;0.29176009,78,paraphrase_variant,
Paraphrase,90,Please apply the database update for Finance.,update_database,db_write,db_write,True,1,0.5358048677444458,0.5358048677444458,db_write;db_read;generate_report;provision_vm;process_refund,0.53580487;0.46552733;0.37075236;0.34077209;0.32774246,82,paraphrase_original,
Paraphrase,91,Is it possible to apply the database update for finance?,update_database,db_write,db_write,True,1,0.5332745313644409,0.5332745313644409,db_write;db_read;generate_report;provision_vm;reset_password,0.53327453;0.44186229;0.31567737;0.30923361;0.28706446,82,paraphrase_variant,
Paraphrase,92,Kindly apply the database update for finance.,update_database,db_write,db_write,True,1,0.5068947672843933,0.5068947672843933,db_write;db_read;generate_report;provision_vm;process_refund,0.50689477;0.43949538;0.32661042;0.29775339;0.29643175,82,paraphrase_variant,
Paraphrase,93,What we need is for apply the database update for finance.,update_database,db_write,db_write,True,1,0.5593651533126831,0.5593651533126831,db_write;db_read;generate_report;provision_vm;process_refund,0.55936515;0.50440669;0.33441791;0.29629061;0.27988189,82,paraphrase_variant,
Paraphrase,94,Need you to apply the database update for finance.,update_database,db_write,db_write,True,1,0.5743628144264221,0.5743628144264221,db_write;db_read;generate_report;provision_vm;process_refund,0.57436281;0.51405978;0.37181875;0.35054114;0.33164021,82,paraphrase_variant,
Paraphrase,95,Can you persist the database update for #53698?,update_database,db_write,db_write,True,1,0.551670253276825,0.551670253276825,db_write;db_read;provision_vm;generate_report;process_refund,0.55167025;0.46760243;0.42640370;0.40640795;0.37268421,85,paraphrase_original,
Paraphrase,96,Would anyone be able to persist the database update for #53698?,update_database,db_write,db_write,True,1,0.5710179805755615,0.5710179805755615,db_write;db_read;generate_report;provision_vm;process_refund,0.57101798;0.47106773;0.44264635;0.43471715;0.38299209,85,paraphrase_variant,
Paraphrase,97,persist the database update for #53698 -- that's what needs to happen.,update_database,db_write,db_write,True,1,0.5520092248916626,0.5520092248916626,db_write;db_read;provision_vm;generate_report;process_refund,0.55200922;0.46006575;0.42758173;0.42001235;0.39022142,85,paraphrase_variant,
Paraphrase,98,Would you mind persist the database update for #53698.,update_database,db_write,db_write,True,1,0.5626534223556519,0.5626534223556519,db_write;db_read;provision_vm;generate_report;process_refund,0.56265342;0.46495032;0.44931456;0.44616544;0.39807510,85,paraphrase_variant,
Paraphrase,99,Gonna need you to persist the database update for #53698.,update_database,db_write,db_write,True,1,0.5687874555587769,0.5687874555587769,db_write;db_read;generate_report;provision_vm;process_refund,0.56878746;0.48729351;0.44382808;0.44162509;0.40954438,85,paraphrase_variant,
Paraphrase,100,Could you store the Finance configuration in the database for me?,update_database,db_write,db_write,True,1,0.5013973116874695,0.5013973116874695,db_write;db_read;generate_report;provision_vm;update_subscription,0.50139731;0.47792313;0.32513189;0.31705728;0.30203640,91,paraphrase_original,
Paraphrase,101,store the finance configuration in the database for me -- that's what needs to happen.,update_database,db_write,db_write,True,1,0.4760374426841736,0.4760374426841736,db_write;db_read;provision_vm;generate_report;update_subscription,0.47603744;0.44092420;0.28887090;0.27943245;0.26855719,91,paraphrase_variant,
Paraphrase,102,Could someone store the finance configuration in the database for me?,update_database,db_write,db_read,False,2,0.4710575044155121,0.46654006838798523,db_read;db_write;generate_report;provision_vm;update_subscription,0.47105750;0.46654007;0.29999498;0.28202385;0.27422994,91,paraphrase_variant,
Paraphrase,103,"Hey, can you store the finance configuration in the database for me.",update_database,db_write,db_write,True,1,0.5119922161102295,0.5119922161102295,db_write;db_read;generate_report;provision_vm;update_subscription,0.51199222;0.47654980;0.35808820;0.34675387;0.32935655,91,paraphrase_variant,
Paraphrase,104,Please store the finance configuration in the database for me.,update_database,db_write,db_write,True,1,0.49020248651504517,0.49020248651504517,db_write;db_read;generate_report;provision_vm;update_subscription,0.49020249;0.46531114;0.32238820;0.31944367;0.31155360,91,paraphrase_variant,
Paraphrase,105,Could you commit the new record for Charlie to the database for me?,update_database,db_write,db_write,True,1,0.5908382534980774,0.5908382534980774,db_write;db_read;generate_report;provision_vm;send_notification,0.59083825;0.50203013;0.47888133;0.44112504;0.42037421,94,paraphrase_original,
Paraphrase,106,I'd appreciate it if you could commit the new record for charlie to the database for me.,update_database,db_write,db_write,True,1,0.5879879593849182,0.5879879593849182,db_write;generate_report;db_read;provision_vm;send_notification,0.58798796;0.50088048;0.49686900;0.44988090;0.44796020,94,paraphrase_variant,
Paraphrase,107,Would anyone be able to commit the new record for charlie to the database for me?,update_database,db_write,db_write,True,1,0.558892011642456,0.558892011642456,db_write;db_read;generate_report;provision_vm;send_notification,0.55889201;0.48380098;0.47116742;0.41724461;0.41050711,94,paraphrase_variant,
Paraphrase,108,Gonna need you to commit the new record for charlie to the database for me.,update_database,db_write,db_write,True,1,0.5369254946708679,0.5369254946708679,db_write;db_read;generate_report;provision_vm;send_notification,0.53692549;0.47104821;0.46135980;0.40851995;0.40730166,94,paraphrase_variant,
Paraphrase,109,It would help if commit the new record for charlie to the database for me.,update_database,db_write,db_write,True,1,0.5778818130493164,0.5778818130493164,db_write;db_read;generate_report;provision_vm;send_notification,0.57788181;0.49601018;0.46344841;0.41721338;0.40784952,94,paraphrase_variant,
Paraphrase,110,Could you store the revised data tied to #60122 for me?,update_database,db_write,db_write,True,1,0.5450392961502075,0.5450392961502075,db_write;db_read;generate_report;provision_vm;process_refund,0.54503930;0.51916718;0.43382627;0.39424700;0.37930369,96,paraphrase_original,
Paraphrase,111,Could someone store the revised data tied to #60122 for me?,update_database,db_write,db_write,True,1,0.4923623204231262,0.4923623204231262,db_write;db_read;generate_report;process_refund;provision_vm,0.49236232;0.49056932;0.39582628;0.34278488;0.34018785,96,paraphrase_variant,
Paraphrase,112,It would help if store the revised data tied to #60122 for me.,update_database,db_write,db_write,True,1,0.5417083501815796,0.5417083501815796,db_write;db_read;generate_report;provision_vm;send_notification,0.54170835;0.50206733;0.43862900;0.40897989;0.38964602,96,paraphrase_variant,
Paraphrase,113,"Yo, store the revised data tied to #60122 for me.",update_database,db_write,db_write,True,1,0.5429412126541138,0.5429412126541138,db_write;db_read;generate_report;provision_vm;send_notification,0.54294121;0.49076134;0.44961733;0.42348501;0.40081471,96,paraphrase_variant,
Paraphrase,114,Please store the revised data tied to #60122 for me.,update_database,db_write,db_write,True,1,0.5365179777145386,0.5365179777145386,db_write;db_read;generate_report;provision_vm;process_refund,0.53651798;0.48997557;0.44922328;0.40815902;0.40284154,96,paraphrase_variant,
Paraphrase,115,I need you to store the revised details for Alice.,update_database,db_write,db_write,True,1,0.445262610912323,0.445262610912323,db_write;escalate_to_human;generate_report;update_subscription;provision_vm,0.44526261;0.42772421;0.41492051;0.39860177;0.39671496,104,paraphrase_original,
Paraphrase,116,It would help if store the revised details for alice.,update_database,db_write,db_write,True,1,0.4500732421875,0.4500732421875,db_write;escalate_to_human;generate_report;update_subscription;provision_vm,0.45007324;0.41391906;0.40805393;0.39481437;0.38792583,104,paraphrase_variant,
Paraphrase,117,"Hey, can you store the revised details for alice.",update_database,db_write,db_write,True,1,0.4237653315067291,0.4237653315067291,db_write;escalate_to_human;generate_report;update_subscription;provision_vm,0.42376533;0.41812846;0.41341600;0.41025683;0.39728719,104,paraphrase_variant,
Paraphrase,118,I'd appreciate it if you could store the revised details for alice.,update_database,db_write,db_write,True,1,0.4409000873565674,0.4409000873565674,db_write;generate_report;update_subscription;escalate_to_human;provision_vm,0.44090009;0.42430711;0.40722841;0.40612322;0.39421913,104,paraphrase_variant,
Paraphrase,119,Could someone store the revised details for alice?,update_database,db_write,escalate_to_human,False,2,0.37853720784187317,0.3680962920188904,escalate_to_human;db_write;update_subscription;generate_report;provision_vm,0.37853721;0.36809629;0.36235073;0.34386611;0.32425708,104,paraphrase_variant,
Paraphrase,120,We should save the latest data for Diana to the database.,update_database,db_write,db_read,False,2,0.5098896622657776,0.49622687697410583,db_read;db_write;generate_report;provision_vm;send_notification,0.50988966;0.49622688;0.35769641;0.30719402;0.29972482,107,paraphrase_original,
Paraphrase,121,The situation requires we should save the latest data for diana to the database.,update_database,db_write,db_write,True,1,0.5128176212310791,0.5128176212310791,db_write;db_read;generate_report;provision_vm;process_refund,0.51281762;0.50934380;0.36675474;0.31688446;0.30954972,107,paraphrase_variant,
Paraphrase,122,Do me a favor and we should save the latest data for diana to the database.,update_database,db_write,db_write,True,1,0.4898582398891449,0.4898582398891449,db_write;db_read;generate_report;provision_vm;send_notification,0.48985824;0.48423254;0.37430680;0.31504619;0.30405858,107,paraphrase_variant,
Paraphrase,123,I'd appreciate it if you could we should save the latest data for diana to the database.,update_database,db_write,db_write,True,1,0.5581775903701782,0.5581775903701782,db_write;db_read;generate_report;provision_vm;send_notification,0.55817759;0.54488510;0.44817245;0.38888428;0.38535258,107,paraphrase_variant,
Paraphrase,124,Is it possible to we should save the latest data for diana to the database?,update_database,db_write,db_read,False,2,0.46842482686042786,0.46196216344833374,db_read;db_write;generate_report;provision_vm;process_refund,0.46842483;0.46196216;0.29546344;0.25190023;0.23650005,107,paraphrase_variant,
Paraphrase,125,We should commit the new record for Bob to the database.,update_database,db_write,db_write,True,1,0.49729064106941223,0.49729064106941223,db_write;db_read;generate_report;provision_vm;send_notification,0.49729064;0.40490475;0.39441508;0.35678491;0.34162715,110,paraphrase_original,
Paraphrase,126,Please we should commit the new record for bob to the database.,update_database,db_write,db_write,True,1,0.49432051181793213,0.49432051181793213,db_write;generate_report;db_read;provision_vm;send_notification,0.49432051;0.41394439;0.40134776;0.36774004;0.35094813,110,paraphrase_variant,
Paraphrase,127,The situation requires we should commit the new record for bob to the database.,update_database,db_write,db_write,True,1,0.4954163730144501,0.4954163730144501,db_write;db_read;generate_report;provision_vm;create_ticket,0.49541637;0.40190026;0.38995203;0.34475082;0.33043367,110,paraphrase_variant,
Paraphrase,128,Is it possible to we should commit the new record for bob to the database?,update_database,db_write,db_write,True,1,0.506416380405426,0.506416380405426,db_write;db_read;generate_report;provision_vm;create_ticket,0.50641638;0.40840968;0.37893689;0.34625071;0.31710812,110,paraphrase_variant,
Paraphrase,129,"Yo, we should commit the new record for bob to the database.",update_database,db_write,db_write,True,1,0.4919327199459076,0.4919327199459076,db_write;generate_report;db_read;provision_vm;send_notification,0.49193272;0.41170964;0.40218973;0.36535943;0.35402638,110,paraphrase_variant,
Paraphrase,130,We should store the revised details for Frank.,update_database,db_write,update_subscription,False,4,0.46498626470565796,0.4359862506389618,update_subscription;generate_report;provision_vm;db_write;send_notification,0.46498626;0.44749749;0.43653977;0.43598625;0.42456239,112,paraphrase_original,
Paraphrase,131,Could you please we should store the revised details for frank.,update_database,db_write,generate_report,False,5,0.5209692120552063,0.468516081571579,generate_report;provision_vm;update_subscription;send_notification;db_write,0.52096921;0.50353271;0.49773553;0.48155469;0.46851608,112,paraphrase_variant,
Paraphrase,132,The situation requires we should store the revised details for frank.,update_database,db_write,generate_report,False,6,0.4743998646736145,0.43969815969467163,generate_report;provision_vm;escalate_to_human;create_ticket;update_subscription,0.47439986;0.45738089;0.45602381;0.45372254;0.44595066,112,paraphrase_variant,
Paraphrase,133,Would anyone be able to we should store the revised details for frank?,update_database,db_write,generate_report,False,5,0.507501482963562,0.4554675221443176,generate_report;update_subscription;provision_vm;send_notification;db_write,0.50750148;0.48600075;0.47633719;0.46401244;0.45546752,112,paraphrase_variant,
Paraphrase,134,"Yo, we should store the revised details for frank.",update_database,db_write,generate_report,False,5,0.49966397881507874,0.4651618003845215,generate_report;update_subscription;provision_vm;send_notification;db_write,0.49966398;0.49564067;0.48377249;0.46824113;0.46516180,112,paraphrase_variant,
Paraphrase,135,Let's save the latest data for Frank to the database.,update_database,db_write,db_write,True,1,0.5452643036842346,0.5452643036842346,db_write;db_read;generate_report;provision_vm;send_notification,0.54526430;0.51965934;0.44099018;0.41675788;0.40754852,115,paraphrase_original,
Paraphrase,136,Is it possible to let's save the latest data for frank to the database?,update_database,db_write,db_write,True,1,0.5019855499267578,0.5019855499267578,db_write;db_read;generate_report;provision_vm;send_notification,0.50198555;0.47254524;0.35439920;0.34771055;0.31504422,115,paraphrase_variant,
Paraphrase,137,I'd appreciate it if you could let's save the latest data for frank to the database.,update_database,db_write,db_write,True,1,0.60508793592453,0.60508793592453,db_write;db_read;generate_report;provision_vm;send_notification,0.60508794;0.55675739;0.52027249;0.48922384;0.48874152,115,paraphrase_variant,
Paraphrase,138,The situation requires let's save the latest data for frank to the database.,update_database,db_write,db_write,True,1,0.5529423356056213,0.5529423356056213,db_write;db_read;generate_report;provision_vm;send_notification,0.55294234;0.49951661;0.44747877;0.43138212;0.40725085,115,paraphrase_variant,
Paraphrase,139,Quick one -- let's save the latest data for frank to the database.,update_database,db_write,db_write,True,1,0.5764930844306946,0.5764930844306946,db_write;db_read;generate_report;provision_vm;send_notification,0.57649308;0.53916842;0.50066644;0.46760869;0.46260431,115,paraphrase_variant,
Paraphrase,140,Let's commit the Legal configuration update.,update_database,db_write,create_ticket,False,9,0.5442154407501221,0.3989703059196472,create_ticket;provision_vm;generate_report;update_subscription;process_refund,0.54421544;0.53099442;0.49051803;0.49016792;0.48067030,118,paraphrase_original,
Paraphrase,141,Would anyone be able to let's commit the legal configuration update?,update_database,db_write,create_ticket,False,9,0.5570880174636841,0.39469456672668457,create_ticket;provision_vm;generate_report;update_subscription;send_notification,0.55708802;0.52635288;0.50916994;0.48756272;0.46987566,118,paraphrase_variant,
Paraphrase,142,The situation requires let's commit the legal configuration update.,update_database,db_write,create_ticket,False,9,0.5798130631446838,0.3977595269680023,create_ticket;provision_vm;escalate_to_human;generate_report;process_refund,0.57981306;0.53725886;0.49166998;0.48413223;0.48052865,118,paraphrase_variant,
Paraphrase,143,Please let's commit the legal configuration update.,update_database,db_write,create_ticket,False,9,0.5569198727607727,0.4111243784427643,create_ticket;provision_vm;generate_report;update_subscription;process_refund,0.55691987;0.54300356;0.51624191;0.50445026;0.49290490,118,paraphrase_variant,
Paraphrase,144,Do me a favor and let's commit the legal configuration update.,update_database,db_write,create_ticket,False,10,0.5128591656684875,0.32392311096191406,create_ticket;provision_vm;generate_report;update_subscription;process_refund,0.51285917;0.46643549;0.43244421;0.41567761;0.41503248,118,paraphrase_variant,
Paraphrase,145,Kindly push Diana's data update into the database.,update_database,db_write,db_write,True,1,0.5119876861572266,0.5119876861572266,db_write;db_read;generate_report;provision_vm;send_notification,0.51198769;0.49447897;0.37741727;0.34633255;0.33320704,129,paraphrase_original,
Paraphrase,146,Quick one -- push diana's data update into the database.,update_database,db_write,db_write,True,1,0.5174326300621033,0.5174326300621033,db_write;db_read;generate_report;provision_vm;send_notification,0.51743263;0.48675251;0.38826716;0.34402692;0.33710462,129,paraphrase_variant,
Paraphrase,147,The situation requires push diana's data update into the database.,update_database,db_write,db_write,True,1,0.530779242515564,0.530779242515564,db_write;db_read;generate_report;provision_vm;send_notification,0.53077924;0.50422204;0.39923358;0.37683722;0.34913334,129,paraphrase_variant,
Paraphrase,148,Could someone push diana's data update into the database?,update_database,db_write,db_write,True,1,0.5081974864006042,0.5081974864006042,db_write;db_read;generate_report;provision_vm;send_notification,0.50819749;0.48989862;0.37486070;0.34664199;0.31583229,129,paraphrase_variant,
Paraphrase,149,We request that you push diana's data update into the database.,update_database,db_write,db_write,True,1,0.5539911389350891,0.5539911389350891,db_write;db_read;generate_report;provision_vm;send_notification,0.55399114;0.52868873;0.42063746;0.39627519;0.38437781,129,paraphrase_variant,
Paraphrase,150,Kindly apply the database update for HR.,update_database,db_write,db_write,True,1,0.45195966958999634,0.45195966958999634,db_write;db_read;generate_report;process_refund;provision_vm,0.45195967;0.42643759;0.33745483;0.32421881;0.30118707,130,paraphrase_original,
Paraphrase,151,Would anyone be able to apply the database update for hr?,update_database,db_write,db_write,True,1,0.514982283115387,0.514982283115387,db_write;db_read;generate_report;provision_vm;reset_password,0.51498228;0.46522167;0.43023351;0.36943755;0.35849881,130,paraphrase_variant,
Paraphrase,152,Please apply the database update for hr.,update_database,db_write,db_write,True,1,0.48339131474494934,0.48339131474494934,db_write;db_read;generate_report;process_refund;provision_vm,0.48339131;0.45086980;0.38720664;0.35830316;0.34762129,130,paraphrase_variant,
Paraphrase,153,Need you to apply the database update for hr.,update_database,db_write,db_write,True,1,0.5088057518005371,0.5088057518005371,db_write;db_read;generate_report;process_refund;provision_vm,0.50880575;0.48434788;0.38282427;0.36040047;0.35483432,130,paraphrase_variant,
Paraphrase,154,It would help if apply the database update for hr.,update_database,db_write,db_write,True,1,0.5239606499671936,0.5239606499671936,db_write;db_read;generate_report;process_refund;provision_vm,0.52396065;0.49039224;0.42581108;0.39045891;0.38181317,130,paraphrase_variant,
Paraphrase,155,"When you have a moment, write the updated data for #31450 back to the database.",update_database,db_write,db_write,True,1,0.5269755721092224,0.5269755721092224,db_write;db_read;generate_report;provision_vm;process_refund,0.52697557;0.50314456;0.35575473;0.34610337;0.32407862,132,paraphrase_original,
Paraphrase,156,"Hey, can you when you have a moment, write the updated data for #31450 back to the database.",update_database,db_write,db_write,True,1,0.5762902498245239,0.5762902498245239,db_write;db_read;generate_report;provision_vm;send_notification,0.57629025;0.52870256;0.44222498;0.42024422;0.39463264,132,paraphrase_variant,
Paraphrase,157,"We request that you when you have a moment, write the updated data for #31450 back to the database.",update_database,db_write,db_write,True,1,0.5645379424095154,0.5645379424095154,db_write;db_read;generate_report;provision_vm;send_notification,0.56453794;0.52095515;0.42446095;0.39795366;0.38820606,132,paraphrase_variant,
Paraphrase,158,"What we need is for when you have a moment, write the updated data for #31450 back to the database.",update_database,db_write,db_write,True,1,0.5554149746894836,0.5554149746894836,db_write;db_read;generate_report;provision_vm;send_notification,0.55541497;0.51998889;0.38989756;0.36125496;0.34352285,132,paraphrase_variant,
Paraphrase,159,"Who can when you have a moment, write the updated data for #31450 back to the database?",update_database,db_write,db_write,True,1,0.5302841067314148,0.5302841067314148,db_write;db_read;generate_report;provision_vm;send_notification,0.53028411;0.47454992;0.39301792;0.37275091;0.33208197,132,paraphrase_variant,
Paraphrase,160,reset Bob's password.,reset_password,reset_password,reset_password,True,1,0.5139267444610596,0.5139267444610596,reset_password;update_subscription;scan_malware;process_refund;provision_vm,0.51392674;0.19928697;0.18982515;0.16960473;0.16551073,134,paraphrase_original,
Paraphrase,161,reset bob's password -- that's what needs to happen.,reset_password,reset_password,reset_password,True,1,0.5337955355644226,0.5337955355644226,reset_password;scan_malware;quarantine_system;provision_vm;update_subscription,0.53379554;0.27252370;0.26317218;0.25895694;0.25659004,134,paraphrase_variant,
Paraphrase,162,"Hey, can you reset bob's password.",reset_password,reset_password,reset_password,True,1,0.5948165059089661,0.5948165059089661,reset_password;scan_malware;update_subscription;provision_vm;quarantine_system,0.59481651;0.30351323;0.30312163;0.27091014;0.25772926,134,paraphrase_variant,
Paraphrase,163,Could you please reset bob's password.,reset_password,reset_password,reset_password,True,1,0.6164645552635193,0.6164645552635193,reset_password;scan_malware;update_subscription;provision_vm;process_refund,0.61646456;0.33434317;0.30669159;0.29443204;0.27852887,134,paraphrase_variant,
Paraphrase,164,Who can reset bob's password?,reset_password,reset_password,reset_password,True,1,0.5375443696975708,0.5375443696975708,reset_password;update_subscription;scan_malware;provision_vm;process_refund,0.53754437;0.21344163;0.20706016;0.17534439;0.17315641,134,paraphrase_variant,
Paraphrase,165,trigger a credential reset for Alice.,reset_password,reset_password,reset_password,True,1,0.37709447741508484,0.37709447741508484,reset_password;update_subscription;escalate_to_human;provision_vm;process_refund,0.37709448;0.26805246;0.25355014;0.21894298;0.19049491,140,paraphrase_original,
Paraphrase,166,The situation requires trigger a credential reset for alice.,reset_password,reset_password,escalate_to_human,False,2,0.3936839997768402,0.3908346891403198,escalate_to_human;reset_password;provision_vm;update_subscription;process_refund,0.39368400;0.39083469;0.31807253;0.31129220;0.28658056,140,paraphrase_variant,
Paraphrase,167,Could someone trigger a credential reset for alice?,reset_password,reset_password,reset_password,True,1,0.4190048277378082,0.4190048277378082,reset_password;escalate_to_human;update_subscription;provision_vm;create_ticket,0.41900483;0.28532341;0.24696553;0.22387058;0.20995967,140,paraphrase_variant,
Paraphrase,168,Could you please trigger a credential reset for alice.,reset_password,reset_password,reset_password,True,1,0.46728500723838806,0.46728500723838806,reset_password;escalate_to_human;update_subscription;provision_vm;process_refund,0.46728501;0.36053327;0.34723389;0.33495712;0.30346054,140,paraphrase_variant,
Paraphrase,169,Need you to trigger a credential reset for alice.,reset_password,reset_password,reset_password,True,1,0.45877858996391296,0.45877858996391296,reset_password;escalate_to_human;provision_vm;update_subscription;process_refund,0.45877859;0.35725576;0.35316429;0.34877363;0.32679689,140,paraphrase_variant,
Paraphrase,170,Please invalidate the old password and create a new one for Diana.,reset_password,reset_password,reset_password,True,1,0.5329676866531372,0.5329676866531372,reset_password;provision_vm;update_subscription;generate_report;scan_malware,0.53296769;0.30654344;0.29415452;0.28908065;0.28789529,149,paraphrase_original,
Paraphrase,171,"Hey, can you invalidate the old password and create a new one for diana.",reset_password,reset_password,reset_password,True,1,0.5753741264343262,0.5753741264343262,reset_password;provision_vm;generate_report;update_subscription;process_refund,0.57537413;0.37426397;0.35653290;0.34676594;0.33378920,149,paraphrase_variant,
Paraphrase,172,invalidate the old password and create a new one for diana -- that's what needs to happen.,reset_password,reset_password,reset_password,True,1,0.5142325162887573,0.5142325162887573,reset_password;provision_vm;generate_report;process_refund;update_subscription,0.51423252;0.28355536;0.26432151;0.25701961;0.25441930,149,paraphrase_variant,
Paraphrase,173,Is it possible to invalidate the old password and create a new one for diana?,reset_password,reset_password,reset_password,True,1,0.5391951203346252,0.5391951203346252,reset_password;provision_vm;generate_report;update_subscription;process_refund,0.53919512;0.26075712;0.25114933;0.24931327;0.23835719,149,paraphrase_variant,
Paraphrase,174,Kindly invalidate the old password and create a new one for diana.,reset_password,reset_password,reset_password,True,1,0.5303683876991272,0.5303683876991272,reset_password;provision_vm;scan_malware;process_refund;generate_report,0.53036839;0.27809829;0.26791987;0.26243165;0.25993973,149,paraphrase_variant,
Paraphrase,175,I need you to issue a new password for Charlie.,reset_password,reset_password,reset_password,True,1,0.5738219022750854,0.5738219022750854,reset_password;update_subscription;scan_malware;provision_vm;generate_report,0.57382190;0.38652435;0.37890932;0.37534556;0.35022715,167,paraphrase_original,
Paraphrase,176,Who can issue a new password for charlie?,reset_password,reset_password,reset_password,True,1,0.49722012877464294,0.49722012877464294,reset_password;scan_malware;create_ticket;provision_vm;update_subscription,0.49722013;0.28215447;0.27145767;0.27053446;0.26949686,167,paraphrase_variant,
Paraphrase,177,I'd appreciate it if you could issue a new password for charlie.,reset_password,reset_password,reset_password,True,1,0.5931145548820496,0.5931145548820496,reset_password;update_subscription;provision_vm;generate_report;scan_malware,0.59311455;0.38914359;0.36518309;0.36256564;0.36242017,167,paraphrase_variant,
Paraphrase,178,The situation requires issue a new password for charlie.,reset_password,reset_password,reset_password,True,1,0.4990480840206146,0.4990480840206146,reset_password;create_ticket;update_subscription;provision_vm;escalate_to_human,0.49904808;0.31418404;0.31324816;0.31010994;0.30760050,167,paraphrase_variant,
Paraphrase,179,Need you to issue a new password for charlie.,reset_password,reset_password,reset_password,True,1,0.5624545216560364,0.5624545216560364,reset_password;update_subscription;scan_malware;provision_vm;process_refund,0.56245452;0.36623627;0.36159956;0.35351855;0.33247837,167,paraphrase_variant,
Paraphrase,180,I need you to force a password reset for Diana.,reset_password,reset_password,reset_password,True,1,0.5817422270774841,0.5817422270774841,reset_password;provision_vm;process_refund;generate_report;scan_malware,0.58174223;0.34566912;0.32700133;0.32002455;0.31629968,168,paraphrase_original,
Paraphrase,181,I'd appreciate it if you could force a password reset for diana.,reset_password,reset_password,reset_password,True,1,0.5999692678451538,0.5999692678451538,reset_password;provision_vm;update_subscription;generate_report;process_refund,0.59996927;0.34800678;0.34008181;0.33931449;0.32070303,168,paraphrase_variant,
Paraphrase,182,Who can force a password reset for diana?,reset_password,reset_password,reset_password,True,1,0.51020348072052,0.51020348072052,reset_password;provision_vm;scan_malware;update_subscription;process_refund,0.51020348;0.20648025;0.20605409;0.20160717;0.19173102,168,paraphrase_variant,
Paraphrase,183,force a password reset for diana -- that's what needs to happen.,reset_password,reset_password,reset_password,True,1,0.49441441893577576,0.49441441893577576,reset_password;scan_malware;provision_vm;process_refund;generate_report,0.49441442;0.29954904;0.29157874;0.27073687;0.26265436,168,paraphrase_variant,
Paraphrase,184,Gonna need you to force a password reset for diana.,reset_password,reset_password,reset_password,True,1,0.5266863107681274,0.5266863107681274,reset_password;provision_vm;scan_malware;process_refund;generate_report,0.52668631;0.29612651;0.28257298;0.28229135;0.28007179,168,paraphrase_variant,
Paraphrase,185,I need you to set a fresh password for Alice.,reset_password,reset_password,reset_password,True,1,0.5293827652931213,0.5293827652931213,reset_password;update_subscription;provision_vm;escalate_to_human;process_refund,0.52938277;0.34080362;0.29774314;0.28551203;0.26899549,171,paraphrase_original,
Paraphrase,186,The situation requires set a fresh password for alice.,reset_password,reset_password,reset_password,True,1,0.4775262176990509,0.4775262176990509,reset_password;escalate_to_human;update_subscription;provision_vm;process_refund,0.47752622;0.30950481;0.29856986;0.25242189;0.22715814,171,paraphrase_variant,
Paraphrase,187,Who can set a fresh password for alice?,reset_password,reset_password,reset_password,True,1,0.48417696356773376,0.48417696356773376,reset_password;update_subscription;escalate_to_human;provision_vm;process_refund,0.48417696;0.25652385;0.22778854;0.19190010;0.16617407,171,paraphrase_variant,
Paraphrase,188,"Hey, can you set a fresh password for alice.",reset_password,reset_password,reset_password,True,1,0.5379825830459595,0.5379825830459595,reset_password;update_subscription;escalate_to_human;provision_vm;generate_report,0.53798258;0.34062475;0.30066875;0.29402363;0.26836768,171,paraphrase_variant,
Paraphrase,189,Please set a fresh password for alice.,reset_password,reset_password,reset_password,True,1,0.49079346656799316,0.49079346656799316,reset_password;update_subscription;escalate_to_human;provision_vm;generate_report,0.49079347;0.28814107;0.26298457;0.23273943;0.20079401,171,paraphrase_variant,
Paraphrase,190,We should reset Charlie's password.,reset_password,reset_password,reset_password,True,1,0.4925640821456909,0.4925640821456909,reset_password;scan_malware;quarantine_system;update_subscription;provision_vm,0.49256408;0.30436391;0.25193340;0.24323523;0.23557669,174,paraphrase_original,
Paraphrase,191,What we need is for we should reset charlie's password.,reset_password,reset_password,reset_password,True,1,0.5281344652175903,0.5281344652175903,reset_password;scan_malware;quarantine_system;update_subscription;provision_vm,0.52813447;0.32464585;0.28652990;0.28112036;0.28057769,174,paraphrase_variant,
Paraphrase,192,Do me a favor and we should reset charlie's password.,reset_password,reset_password,reset_password,True,1,0.49548080563545227,0.49548080563545227,reset_password;scan_malware;quarantine_system;provision_vm;process_refund,0.49548081;0.31916466;0.26046166;0.25740352;0.24327140,174,paraphrase_variant,
Paraphrase,193,We request that you we should reset charlie's password.,reset_password,reset_password,reset_password,True,1,0.5242756605148315,0.5242756605148315,reset_password;scan_malware;quarantine_system;update_subscription;provision_vm,0.52427566;0.33664742;0.30397081;0.29267058;0.27525726,174,paraphrase_variant,
Paraphrase,194,Could someone we should reset charlie's password?,reset_password,reset_password,reset_password,True,1,0.5240192413330078,0.5240192413330078,reset_password;scan_malware;provision_vm;quarantine_system;update_subscription,0.52401924;0.31041434;0.23078147;0.22728518;0.22518006,174,paraphrase_variant,
Paraphrase,195,We should issue a new password for Eve.,reset_password,reset_password,reset_password,True,1,0.4372599422931671,0.4372599422931671,reset_password;update_subscription;scan_malware;provision_vm;generate_report,0.43725994;0.25443873;0.23362671;0.21410143;0.21213147,175,paraphrase_original,
Paraphrase,196,It would help if we should issue a new password for eve.,reset_password,reset_password,reset_password,True,1,0.48809778690338135,0.48809778690338135,reset_password;generate_report;update_subscription;scan_malware;provision_vm,0.48809779;0.29962108;0.29006526;0.28837299;0.28634492,175,paraphrase_variant,
Paraphrase,197,I'd appreciate it if you could we should issue a new password for eve.,reset_password,reset_password,reset_password,True,1,0.5328505039215088,0.5328505039215088,reset_password;generate_report;update_subscription;scan_malware;provision_vm,0.53285050;0.34262535;0.32611546;0.32092285;0.32062912,175,paraphrase_variant,
Paraphrase,198,Who can we should issue a new password for eve?,reset_password,reset_password,reset_password,True,1,0.4100719392299652,0.4100719392299652,reset_password;escalate_to_human;update_subscription;scan_malware;provision_vm,0.41007194;0.22925192;0.19477354;0.19473381;0.18801905,175,paraphrase_variant,
Paraphrase,199,Need you to we should issue a new password for eve.,reset_password,reset_password,reset_password,True,1,0.49929681420326233,0.49929681420326233,reset_password;generate_report;scan_malware;update_subscription;provision_vm,0.49929681;0.30139807;0.29864526;0.29525721;0.28336203,175,paraphrase_variant,
Paraphrase,200,We should force a password reset for Grace.,reset_password,reset_password,reset_password,True,1,0.47700372338294983,0.47700372338294983,reset_password;update_subscription;scan_malware;provision_vm;process_refund,0.47700372;0.23426385;0.18677469;0.15760498;0.14214194,176,paraphrase_original,
Paraphrase,201,Quick one -- we should force a password reset for grace.,reset_password,reset_password,reset_password,True,1,0.5362005233764648,0.5362005233764648,reset_password;update_subscription;provision_vm;scan_malware;process_refund,0.53620052;0.33872345;0.31236193;0.30181760;0.29388100,176,paraphrase_variant,
Paraphrase,202,Would you mind we should force a password reset for grace.,reset_password,reset_password,reset_password,True,1,0.4942393898963928,0.4942393898963928,reset_password;update_subscription;scan_malware;provision_vm;process_refund,0.49423939;0.24562313;0.22877097;0.18076682;0.15263681,176,paraphrase_variant,
Paraphrase,203,What we need is for we should force a password reset for grace.,reset_password,reset_password,reset_password,True,1,0.48327675461769104,0.48327675461769104,reset_password;update_subscription;scan_malware;provision_vm;process_refund,0.48327675;0.24643010;0.19953898;0.18744723;0.17668015,176,paraphrase_variant,
Paraphrase,204,Would anyone be able to we should force a password reset for grace?,reset_password,reset_password,reset_password,True,1,0.5107066631317139,0.5107066631317139,reset_password;update_subscription;scan_malware;provision_vm;generate_report,0.51070666;0.24999508;0.21230537;0.17776006;0.15676814,176,paraphrase_variant,
Paraphrase,205,We should replace Eve's current password.,reset_password,reset_password,reset_password,True,1,0.48020139336586,0.48020139336586,reset_password;update_subscription;scan_malware;generate_report;provision_vm,0.48020139;0.27119580;0.23597804;0.20344219;0.19739340,178,paraphrase_original,
Paraphrase,206,Could you please we should replace eve's current password.,reset_password,reset_password,reset_password,True,1,0.5388228297233582,0.5388228297233582,reset_password;scan_malware;update_subscription;generate_report;log_audit_event,0.53882283;0.29125527;0.28619906;0.26126036;0.24374457,178,paraphrase_variant,
Paraphrase,207,It would help if we should replace eve's current password.,reset_password,reset_password,reset_password,True,1,0.5279073715209961,0.5279073715209961,reset_password;update_subscription;generate_report;scan_malware;provision_vm,0.52790737;0.29834616;0.27554536;0.27129796;0.25486451,178,paraphrase_variant,
Paraphrase,208,Need you to we should replace eve's current password.,reset_password,reset_password,reset_password,True,1,0.5475213527679443,0.5475213527679443,reset_password;update_subscription;scan_malware;generate_report;provision_vm,0.54752135;0.31519943;0.30421558;0.29844439;0.26866543,178,paraphrase_variant,
Paraphrase,209,Could someone we should replace eve's current password?,reset_password,reset_password,reset_password,True,1,0.5069159865379333,0.5069159865379333,reset_password;update_subscription;scan_malware;escalate_to_human;generate_report,0.50691599;0.23791423;0.22583933;0.21272641;0.20941064,178,paraphrase_variant,
Paraphrase,210,We should set a fresh password for Alice.,reset_password,reset_password,reset_password,True,1,0.45328962802886963,0.45328962802886963,reset_password;update_subscription;escalate_to_human;provision_vm;generate_report,0.45328963;0.27233285;0.24440420;0.20799848;0.18514952,179,paraphrase_original,
Paraphrase,211,What we need is for we should set a fresh password for alice.,reset_password,reset_password,reset_password,True,1,0.47701191902160645,0.47701191902160645,reset_password;update_subscription;escalate_to_human;provision_vm;generate_report,0.47701192;0.29334125;0.26108015;0.23518164;0.21734130,179,paraphrase_variant,
Paraphrase,212,Gonna need you to we should set a fresh password for alice.,reset_password,reset_password,reset_password,True,1,0.47402068972587585,0.47402068972587585,reset_password;escalate_to_human;update_subscription;generate_report;provision_vm,0.47402069;0.28408116;0.27890170;0.25236741;0.24735232,179,paraphrase_variant,
Paraphrase,213,Is it possible to we should set a fresh password for alice?,reset_password,reset_password,reset_password,True,1,0.47846731543540955,0.47846731543540955,reset_password;update_subscription;escalate_to_human;provision_vm;generate_report,0.47846732;0.24923402;0.21334676;0.18018574;0.15727602,179,paraphrase_variant,
Paraphrase,214,Kindly we should set a fresh password for alice.,reset_password,reset_password,reset_password,True,1,0.47830677032470703,0.47830677032470703,reset_password;escalate_to_human;update_subscription;provision_vm;generate_report,0.47830677;0.27121297;0.26953167;0.22479860;0.20744994,179,paraphrase_variant,
Paraphrase,215,We should invalidate the old password and create a new one for Frank.,reset_password,reset_password,reset_password,True,1,0.5349503755569458,0.5349503755569458,reset_password;update_subscription;provision_vm;generate_report;scan_malware,0.53495038;0.36996180;0.34130007;0.31372544;0.30059093,181,paraphrase_original,
Paraphrase,216,we should invalidate the old password and create a new one for frank -- that's what needs to happen.,reset_password,reset_password,reset_password,True,1,0.5395559072494507,0.5395559072494507,reset_password;provision_vm;update_subscription;generate_report;process_refund,0.53955591;0.36200529;0.35991025;0.34346819;0.32117695,181,paraphrase_variant,
Paraphrase,217,"Hey, can you we should invalidate the old password and create a new one for frank.",reset_password,reset_password,reset_password,True,1,0.5906899571418762,0.5906899571418762,reset_password;update_subscription;provision_vm;generate_report;scan_malware,0.59068996;0.41248497;0.40625748;0.38814774;0.37971452,181,paraphrase_variant,
Paraphrase,218,Would you mind we should invalidate the old password and create a new one for frank.,reset_password,reset_password,reset_password,True,1,0.5449427366256714,0.5449427366256714,reset_password;update_subscription;provision_vm;scan_malware;generate_report,0.54494274;0.36744431;0.35210398;0.33180001;0.33143151,181,paraphrase_variant,
Paraphrase,219,Who can we should invalidate the old password and create a new one for frank?,reset_password,reset_password,reset_password,True,1,0.49123379588127136,0.49123379588127136,reset_password;update_subscription;provision_vm;escalate_to_human;generate_report,0.49123380;0.29744840;0.29487082;0.28977767;0.26219064,181,paraphrase_variant,
Paraphrase,220,Let's reset Grace's password.,reset_password,reset_password,reset_password,True,1,0.5264560580253601,0.5264560580253601,reset_password;update_subscription;scan_malware;provision_vm;process_refund,0.52645606;0.27808496;0.20103146;0.18762113;0.16678780,182,paraphrase_original,
Paraphrase,221,Quick one -- let's reset grace's password.,reset_password,reset_password,reset_password,True,1,0.5662205815315247,0.5662205815315247,reset_password;update_subscription;provision_vm;scan_malware;process_refund,0.56622058;0.35848603;0.30794859;0.29324615;0.28517094,182,paraphrase_variant,
Paraphrase,222,We request that you let's reset grace's password.,reset_password,reset_password,reset_password,True,1,0.5370596647262573,0.5370596647262573,reset_password;update_subscription;scan_malware;provision_vm;process_refund,0.53705966;0.33004311;0.23302878;0.23101762;0.21546184,182,paraphrase_variant,
Paraphrase,223,Could someone let's reset grace's password?,reset_password,reset_password,reset_password,True,1,0.5711440443992615,0.5711440443992615,reset_password;update_subscription;scan_malware;provision_vm;process_refund,0.57114404;0.30256516;0.24653642;0.22082509;0.18135181,182,paraphrase_variant,
Paraphrase,224,let's reset grace's password -- that's what needs to happen.,reset_password,reset_password,reset_password,True,1,0.549780011177063,0.549780011177063,reset_password;update_subscription;provision_vm;scan_malware;process_refund,0.54978001;0.31152946;0.27207971;0.26518184;0.25095129,182,paraphrase_variant,
Paraphrase,225,Let's rotate Bob's login credentials.,reset_password,reset_password,reset_password,True,1,0.44219478964805603,0.44219478964805603,reset_password;update_subscription;scan_malware;process_refund;provision_vm,0.44219479;0.25237328;0.18789686;0.17251371;0.17081808,185,paraphrase_original,
Paraphrase,226,Kindly let's rotate bob's login credentials.,reset_password,reset_password,reset_password,True,1,0.4646359980106354,0.4646359980106354,reset_password;update_subscription;scan_malware;process_refund;provision_vm,0.46463600;0.26774883;0.22068974;0.20071933;0.19878082,185,paraphrase_variant,
Paraphrase,227,The situation requires let's rotate bob's login credentials.,reset_password,reset_password,reset_password,True,1,0.46987804770469666,0.46987804770469666,reset_password;update_subscription;escalate_to_human;provision_vm;process_refund,0.46987805;0.28352255;0.22474293;0.22376874;0.21938106,185,paraphrase_variant,
Paraphrase,228,Gonna need you to let's rotate bob's login credentials.,reset_password,reset_password,reset_password,True,1,0.47639501094818115,0.47639501094818115,reset_password;update_subscription;scan_malware;quarantine_system;provision_vm,0.47639501;0.29168096;0.24721996;0.23944558;0.23529662,185,paraphrase_variant,
Paraphrase,229,Could someone let's rotate bob's login credentials?,reset_password,reset_password,reset_password,True,1,0.4594103991985321,0.4594103991985321,reset_password;update_subscription;scan_malware;provision_vm;process_refund,0.45941040;0.26419818;0.16879186;0.15567800;0.13993315,185,paraphrase_variant,
Paraphrase,230,Kindly force a password reset for Eve.,reset_password,reset_password,reset_password,True,1,0.501281201839447,0.501281201839447,reset_password;scan_malware;update_subscription;provision_vm;process_refund,0.50128120;0.25305867;0.23331265;0.21393073;0.20941904,192,paraphrase_original,
Paraphrase,231,What we need is for force a password reset for eve.,reset_password,reset_password,reset_password,True,1,0.4785415232181549,0.4785415232181549,reset_password;update_subscription;scan_malware;provision_vm;process_refund,0.47854152;0.24004668;0.23775893;0.23460875;0.22624657,192,paraphrase_variant,
Paraphrase,232,Who can force a password reset for eve?,reset_password,reset_password,reset_password,True,1,0.4888843595981598,0.4888843595981598,reset_password;update_subscription;scan_malware;provision_vm;escalate_to_human,0.48888436;0.19968115;0.19661331;0.17070836;0.16178963,192,paraphrase_variant,
Paraphrase,233,Do me a favor and force a password reset for eve.,reset_password,reset_password,reset_password,True,1,0.43637213110923767,0.43637213110923767,reset_password;scan_malware;provision_vm;update_subscription;process_refund,0.43637213;0.22269775;0.19293509;0.19124229;0.17772737,192,paraphrase_variant,
Paraphrase,234,Kindly force a password reset for eve.,reset_password,reset_password,reset_password,True,1,0.501281201839447,0.501281201839447,reset_password;scan_malware;update_subscription;provision_vm;process_refund,0.50128120;0.25305867;0.23331265;0.21393073;0.20941904,192,paraphrase_variant,
Paraphrase,235,Kindly replace Eve's current password.,reset_password,reset_password,reset_password,True,1,0.5369638800621033,0.5369638800621033,reset_password;update_subscription;scan_malware;provision_vm;process_refund,0.53696388;0.29452464;0.27919871;0.24073708;0.22327042,194,paraphrase_original,
Paraphrase,236,Could someone replace eve's current password?,reset_password,reset_password,reset_password,True,1,0.5484431385993958,0.5484431385993958,reset_password;update_subscription;scan_malware;generate_report;provision_vm,0.54844314;0.26911122;0.24214178;0.22158180;0.20962159,194,paraphrase_variant,
Paraphrase,237,"Hey, can you replace eve's current password.",reset_password,reset_password,reset_password,True,1,0.5757436156272888,0.5757436156272888,reset_password;update_subscription;scan_malware;provision_vm;generate_report,0.57574362;0.34859785;0.31580380;0.29779330;0.29088211,194,paraphrase_variant,
Paraphrase,238,Please replace eve's current password.,reset_password,reset_password,reset_password,True,1,0.5315696001052856,0.5315696001052856,reset_password;update_subscription;scan_malware;provision_vm;generate_report,0.53156960;0.29855540;0.26693323;0.23165654;0.22199422,194,paraphrase_variant,
Paraphrase,239,The situation requires replace eve's current password.,reset_password,reset_password,reset_password,True,1,0.5238667726516724,0.5238667726516724,reset_password;update_subscription;provision_vm;scan_malware;generate_report,0.52386677;0.31163684;0.26765084;0.26168945;0.25533733,194,paraphrase_variant,
Paraphrase,240,"When you have a moment, force a password reset for Grace.",reset_password,reset_password,reset_password,True,1,0.47135844826698303,0.47135844826698303,reset_password;update_subscription;scan_malware;process_refund;provision_vm,0.47135845;0.22852354;0.20651560;0.19572656;0.18940152,200,paraphrase_original,
Paraphrase,241,"Is it possible to when you have a moment, force a password reset for grace?",reset_password,reset_password,reset_password,True,1,0.5075454115867615,0.5075454115867615,reset_password;update_subscription;scan_malware;provision_vm;process_refund,0.50754541;0.24329546;0.20107003;0.18976142;0.18275502,200,paraphrase_variant,
Paraphrase,242,"Quick one -- when you have a moment, force a password reset for grace.",reset_password,reset_password,reset_password,True,1,0.5144327282905579,0.5144327282905579,reset_password;provision_vm;process_refund;update_subscription;scan_malware,0.51443273;0.33015242;0.32757586;0.32059956;0.30352619,200,paraphrase_variant,
Paraphrase,243,"We request that you when you have a moment, force a password reset for grace.",reset_password,reset_password,reset_password,True,1,0.4934050440788269,0.4934050440788269,reset_password;update_subscription;process_refund;scan_malware;provision_vm,0.49340504;0.28771827;0.24845551;0.24726871;0.24237581,200,paraphrase_variant,
Paraphrase,244,"The situation requires when you have a moment, force a password reset for grace.",reset_password,reset_password,reset_password,True,1,0.4955962598323822,0.4955962598323822,reset_password;update_subscription;process_refund;provision_vm;escalate_to_human,0.49559626;0.26222044;0.25381324;0.25274655;0.23687319,200,paraphrase_variant,
Paraphrase,245,open an incident ticket for payment-api-03.,create_ticket,create_ticket,create_ticket,True,1,0.486482173204422,0.486482173204422,create_ticket;provision_vm;generate_report;log_audit_event;process_refund,0.48648217;0.35513452;0.34010172;0.33112967;0.32816529,201,paraphrase_original,
Paraphrase,246,Could you please open an incident ticket for payment-api-03.,create_ticket,create_ticket,create_ticket,True,1,0.5201448202133179,0.5201448202133179,create_ticket;provision_vm;generate_report;log_audit_event;escalate_to_human,0.52014482;0.40108001;0.39980581;0.37763980;0.36871952,201,paraphrase_variant,
Paraphrase,247,The situation requires open an incident ticket for payment-api-03.,create_ticket,create_ticket,create_ticket,True,1,0.5419572591781616,0.5419572591781616,create_ticket;provision_vm;generate_report;escalate_to_human;process_refund,0.54195726;0.41090819;0.39572877;0.39417675;0.38536948,201,paraphrase_variant,
Paraphrase,248,Could someone open an incident ticket for payment-api-03?,create_ticket,create_ticket,create_ticket,True,1,0.463574081659317,0.463574081659317,create_ticket;escalate_to_human;provision_vm;generate_report;log_audit_event,0.46357408;0.33820143;0.32490429;0.32181799;0.31716046,201,paraphrase_variant,
Paraphrase,249,"Hey, can you open an incident ticket for payment-api-03.",create_ticket,create_ticket,create_ticket,True,1,0.5225952863693237,0.5225952863693237,create_ticket;provision_vm;generate_report;escalate_to_human;log_audit_event,0.52259529;0.42636657;0.42003164;0.37697071;0.37632307,201,paraphrase_variant,
Paraphrase,250,log a helpdesk issue for Bob.,create_ticket,create_ticket,create_ticket,True,1,0.4611341953277588,0.4611341953277588,create_ticket;log_audit_event;process_refund;generate_report;escalate_to_human,0.46113420;0.37582240;0.34430844;0.32642251;0.32238194,204,paraphrase_original,
Paraphrase,251,"Hey, can you log a helpdesk issue for bob.",create_ticket,create_ticket,create_ticket,True,1,0.5346843004226685,0.5346843004226685,create_ticket;log_audit_event;generate_report;process_refund;provision_vm,0.53468430;0.45364368;0.45339778;0.43950430;0.41088733,204,paraphrase_variant,
Paraphrase,252,Is it possible to log a helpdesk issue for bob?,create_ticket,create_ticket,create_ticket,True,1,0.4755525290966034,0.4755525290966034,create_ticket;log_audit_event;process_refund;generate_report;escalate_to_human,0.47555253;0.40077186;0.34448645;0.33964053;0.33110261,204,paraphrase_variant,
Paraphrase,253,It would help if log a helpdesk issue for bob.,create_ticket,create_ticket,create_ticket,True,1,0.5322205424308777,0.5322205424308777,create_ticket;log_audit_event;process_refund;generate_report;provision_vm,0.53222054;0.46301123;0.44830236;0.43616763;0.39638966,204,paraphrase_variant,
Paraphrase,254,Could you please log a helpdesk issue for bob.,create_ticket,create_ticket,create_ticket,True,1,0.5204751491546631,0.5204751491546631,create_ticket;log_audit_event;process_refund;generate_report;provision_vm,0.52047515;0.45365593;0.42586851;0.42055246;0.38438070,204,paraphrase_variant,
Paraphrase,255,open a service desk case for Alice.,create_ticket,create_ticket,escalate_to_human,False,3,0.4386962652206421,0.2713642120361328,escalate_to_human;provision_vm;create_ticket;send_notification;quarantine_system,0.43869627;0.28138477;0.27136421;0.26740882;0.26511016,207,paraphrase_original,
Paraphrase,256,Could you please open a service desk case for alice.,create_ticket,create_ticket,escalate_to_human,False,4,0.4371037483215332,0.3089730143547058,escalate_to_human;provision_vm;generate_report;create_ticket;send_notification,0.43710375;0.31735712;0.31011948;0.30897301;0.30058128,207,paraphrase_variant,
Paraphrase,257,"Hey, can you open a service desk case for alice.",create_ticket,create_ticket,escalate_to_human,False,4,0.4431737959384918,0.30865105986595154,escalate_to_human;provision_vm;generate_report;create_ticket;send_notification,0.44317380;0.33733770;0.31443292;0.30865106;0.30528247,207,paraphrase_variant,
Paraphrase,258,The situation requires open a service desk case for alice.,create_ticket,create_ticket,escalate_to_human,False,2,0.5128095149993896,0.3546871840953827,escalate_to_human;create_ticket;provision_vm;process_refund;generate_report,0.51280951;0.35468718;0.33227044;0.30425936;0.29820895,207,paraphrase_variant,
Paraphrase,259,Who can open a service desk case for alice?,create_ticket,create_ticket,escalate_to_human,False,2,0.4370986819267273,0.27063220739364624,escalate_to_human;create_ticket;provision_vm;send_notification;generate_report,0.43709868;0.27063221;0.26187104;0.23955290;0.23652558,207,paraphrase_variant,
Paraphrase,260,Please log an issue against staging-db-02.,create_ticket,create_ticket,db_write,False,2,0.35434582829475403,0.32014700770378113,db_write;create_ticket;log_audit_event;generate_report;db_read,0.35434583;0.32014701;0.31239328;0.28397164;0.27423722,212,paraphrase_original,
Paraphrase,261,Could you please log an issue against staging-db-02.,create_ticket,create_ticket,db_write,False,2,0.3724302053451538,0.3246104121208191,db_write;create_ticket;log_audit_event;generate_report;db_read,0.37243021;0.32461041;0.31987050;0.29868954;0.29146945,212,paraphrase_variant,
Paraphrase,262,Quick one -- log an issue against staging-db-02.,create_ticket,create_ticket,db_write,False,2,0.3811022639274597,0.31941917538642883,db_write;create_ticket;db_read;generate_report;log_audit_event,0.38110226;0.31941918;0.29698744;0.29462662;0.26980609,212,paraphrase_variant,
Paraphrase,263,Is it possible to log an issue against staging-db-02?,create_ticket,create_ticket,db_write,False,2,0.2939494550228119,0.28865110874176025,db_write;create_ticket;log_audit_event;generate_report;db_read,0.29394946;0.28865111;0.25818929;0.21659188;0.21034046,212,paraphrase_variant,
Paraphrase,264,What we need is for log an issue against staging-db-02.,create_ticket,create_ticket,db_write,False,2,0.3583115041255951,0.3061157763004303,db_write;create_ticket;log_audit_event;db_read;generate_report,0.35831150;0.30611578;0.29599053;0.29418740;0.26222989,212,paraphrase_variant,
Paraphrase,265,Please submit a ticket for Frank.,create_ticket,create_ticket,create_ticket,True,1,0.5017449855804443,0.5017449855804443,create_ticket;generate_report;provision_vm;escalate_to_human;send_notification,0.50174499;0.37168154;0.35714409;0.35447934;0.32907966,214,paraphrase_original,
Paraphrase,266,"Hey, can you submit a ticket for frank.",create_ticket,create_ticket,create_ticket,True,1,0.5366113185882568,0.5366113185882568,create_ticket;generate_report;provision_vm;escalate_to_human;send_notification,0.53661132;0.41514140;0.39424908;0.38831198;0.36793247,214,paraphrase_variant,
Paraphrase,267,I'd appreciate it if you could submit a ticket for frank.,create_ticket,create_ticket,create_ticket,True,1,0.5254017114639282,0.5254017114639282,create_ticket;generate_report;provision_vm;send_notification;escalate_to_human,0.52540171;0.42510974;0.39322150;0.38670835;0.36524823,214,paraphrase_variant,
Paraphrase,268,Is it possible to submit a ticket for frank?,create_ticket,create_ticket,create_ticket,True,1,0.5253549814224243,0.5253549814224243,create_ticket;escalate_to_human;provision_vm;generate_report;send_notification,0.52535498;0.36385214;0.36291745;0.36183155;0.32344231,214,paraphrase_variant,
Paraphrase,269,What we need is for submit a ticket for frank.,create_ticket,create_ticket,create_ticket,True,1,0.5160702466964722,0.5160702466964722,create_ticket;generate_report;provision_vm;escalate_to_human;send_notification,0.51607025;0.37459391;0.35786486;0.35537946;0.35449457,214,paraphrase_variant,
Paraphrase,270,Can you raise an incident for auth-svc-04?,create_ticket,create_ticket,create_ticket,True,1,0.4229211211204529,0.4229211211204529,create_ticket;escalate_to_human;provision_vm;generate_report;reset_password,0.42292112;0.38639519;0.37075734;0.35332015;0.33557254,221,paraphrase_original,
Paraphrase,271,raise an incident for auth-svc-04 -- that's what needs to happen.,create_ticket,create_ticket,create_ticket,True,1,0.424161821603775,0.424161821603775,create_ticket;escalate_to_human;provision_vm;generate_report;quarantine_system,0.42416182;0.40063304;0.39901051;0.38565373;0.37879264,221,paraphrase_variant,
Paraphrase,272,We request that you raise an incident for auth-svc-04.,create_ticket,create_ticket,create_ticket,True,1,0.4334012567996979,0.4334012567996979,create_ticket;provision_vm;generate_report;escalate_to_human;quarantine_system,0.43340126;0.39330646;0.39203909;0.38435513;0.38051364,221,paraphrase_variant,
Paraphrase,273,Gonna need you to raise an incident for auth-svc-04.,create_ticket,create_ticket,create_ticket,True,1,0.4165401756763458,0.4165401756763458,create_ticket;escalate_to_human;generate_report;provision_vm;quarantine_system,0.41654018;0.39728588;0.38791355;0.38527036;0.36355790,221,paraphrase_variant,
Paraphrase,274,Who can raise an incident for auth-svc-04?,create_ticket,create_ticket,escalate_to_human,False,2,0.3855743110179901,0.38133472204208374,escalate_to_human;create_ticket;provision_vm;generate_report;log_audit_event,0.38557431;0.38133472;0.29834139;0.28171745;0.27468711,221,paraphrase_variant,
Paraphrase,275,Can you create a support issue for Finance?,create_ticket,create_ticket,create_ticket,True,1,0.5376434922218323,0.5376434922218323,create_ticket;generate_report;provision_vm;process_refund;escalate_to_human,0.53764349;0.35674804;0.34837005;0.30788380;0.30238739,224,paraphrase_original,
Paraphrase,276,Is it possible to create a support issue for finance?,create_ticket,create_ticket,create_ticket,True,1,0.5033190250396729,0.5033190250396729,create_ticket;generate_report;provision_vm;escalate_to_human;process_refund,0.50331903;0.30641946;0.29268584;0.27799183;0.25521010,224,paraphrase_variant,
Paraphrase,277,What we need is for create a support issue for finance.,create_ticket,create_ticket,create_ticket,True,1,0.5257699489593506,0.5257699489593506,create_ticket;generate_report;provision_vm;process_refund;send_notification,0.52576995;0.35334000;0.32534492;0.30732757;0.29536265,224,paraphrase_variant,
Paraphrase,278,Please create a support issue for finance.,create_ticket,create_ticket,create_ticket,True,1,0.5393329858779907,0.5393329858779907,create_ticket;generate_report;provision_vm;process_refund;send_notification,0.53933299;0.39395216;0.37633905;0.34737110;0.31905225,224,paraphrase_variant,
Paraphrase,279,"Yo, create a support issue for finance.",create_ticket,create_ticket,create_ticket,True,1,0.5194775462150574,0.5194775462150574,create_ticket;generate_report;provision_vm;process_refund;send_notification,0.51947755;0.37312230;0.36566129;0.32646480;0.32119730,224,paraphrase_variant,
Paraphrase,280,Could you open an incident ticket for cdn-edge-06 for me?,create_ticket,create_ticket,create_ticket,True,1,0.4409022331237793,0.4409022331237793,create_ticket;generate_report;provision_vm;escalate_to_human;log_audit_event,0.44090223;0.32813805;0.30519900;0.28823921;0.27574563,225,paraphrase_original,
Paraphrase,281,Quick one -- open an incident ticket for cdn-edge-06 for me.,create_ticket,create_ticket,create_ticket,True,1,0.45949140191078186,0.45949140191078186,create_ticket;generate_report;provision_vm;escalate_to_human;send_notification,0.45949140;0.34652981;0.33621913;0.32043839;0.29573029,225,paraphrase_variant,
Paraphrase,282,Would anyone be able to open an incident ticket for cdn-edge-06 for me?,create_ticket,create_ticket,create_ticket,True,1,0.45178911089897156,0.45178911089897156,create_ticket;generate_report;provision_vm;escalate_to_human;log_audit_event,0.45178911;0.34752220;0.31324843;0.30316213;0.29660019,225,paraphrase_variant,
Paraphrase,283,It would help if open an incident ticket for cdn-edge-06 for me.,create_ticket,create_ticket,create_ticket,True,1,0.46303635835647583,0.46303635835647583,create_ticket;generate_report;provision_vm;escalate_to_human;process_refund,0.46303636;0.33377931;0.31953734;0.30625674;0.28682148,225,paraphrase_variant,
Paraphrase,284,Kindly open an incident ticket for cdn-edge-06 for me.,create_ticket,create_ticket,create_ticket,True,1,0.43339577317237854,0.43339577317237854,create_ticket;escalate_to_human;generate_report;provision_vm;process_refund,0.43339577;0.28546450;0.28025913;0.27593884;0.24418187,225,paraphrase_variant,
Paraphrase,285,Could you create an incident ticket for Diana for me?,create_ticket,create_ticket,create_ticket,True,1,0.4691212475299835,0.4691212475299835,create_ticket;generate_report;escalate_to_human;provision_vm;db_write,0.46912125;0.38694254;0.36879992;0.35087365;0.32001173,227,paraphrase_original,
Paraphrase,286,What we need is for create an incident ticket for diana for me.,create_ticket,create_ticket,create_ticket,True,1,0.4543992578983307,0.4543992578983307,create_ticket;generate_report;escalate_to_human;provision_vm;send_notification,0.45439926;0.36014950;0.35559860;0.32630393;0.30782408,227,paraphrase_variant,
Paraphrase,287,Is it possible to create an incident ticket for diana for me?,create_ticket,create_ticket,create_ticket,True,1,0.4380539655685425,0.4380539655685425,create_ticket;escalate_to_human;generate_report;provision_vm;db_write,0.43805397;0.33174908;0.32855102;0.29761493;0.26232696,227,paraphrase_variant,
Paraphrase,288,Quick one -- create an incident ticket for diana for me.,create_ticket,create_ticket,create_ticket,True,1,0.4454649090766907,0.4454649090766907,create_ticket;generate_report;escalate_to_human;provision_vm;send_notification,0.44546491;0.37767637;0.36739826;0.34350803;0.31104559,227,paraphrase_variant,
Paraphrase,289,Please create an incident ticket for diana for me.,create_ticket,create_ticket,create_ticket,True,1,0.43877968192100525,0.43877968192100525,create_ticket;generate_report;escalate_to_human;provision_vm;process_refund,0.43877968;0.35234174;0.34499568;0.32448468;0.28802827,227,paraphrase_variant,
Paraphrase,290,Could you log a helpdesk issue for Frank for me?,create_ticket,create_ticket,create_ticket,True,1,0.6023344993591309,0.6023344993591309,create_ticket;generate_report;log_audit_event;process_refund;provision_vm,0.60233450;0.51085705;0.48660797;0.47632813;0.47404087,228,paraphrase_original,
Paraphrase,291,Gonna need you to log a helpdesk issue for frank for me.,create_ticket,create_ticket,create_ticket,True,1,0.6065450310707092,0.6065450310707092,create_ticket;generate_report;process_refund;provision_vm;log_audit_event,0.60654503;0.50859445;0.48256746;0.47817037;0.47246751,228,paraphrase_variant,
Paraphrase,292,Could someone log a helpdesk issue for frank for me?,create_ticket,create_ticket,create_ticket,True,1,0.5980679988861084,0.5980679988861084,create_ticket;generate_report;log_audit_event;process_refund;provision_vm,0.59806800;0.50138438;0.48130026;0.46187112;0.45848364,228,paraphrase_variant,
Paraphrase,293,I'd appreciate it if you could log a helpdesk issue for frank for me.,create_ticket,create_ticket,create_ticket,True,1,0.627482533454895,0.627482533454895,create_ticket;generate_report;log_audit_event;process_refund;provision_vm,0.62748253;0.54157162;0.51581228;0.51075649;0.50287795,228,paraphrase_variant,
Paraphrase,294,log a helpdesk issue for frank for me -- that's what needs to happen.,create_ticket,create_ticket,create_ticket,True,1,0.6005374193191528,0.6005374193191528,create_ticket;generate_report;process_refund;log_audit_event;provision_vm,0.60053742;0.49793389;0.48404410;0.47503155;0.47464976,228,paraphrase_variant,
Paraphrase,295,Could you submit a ticket for host auth-svc-04 for me?,create_ticket,create_ticket,create_ticket,True,1,0.43977445363998413,0.43977445363998413,create_ticket;generate_report;provision_vm;log_audit_event;reset_password,0.43977445;0.32149830;0.31409892;0.30936128;0.30785412,230,paraphrase_original,
Paraphrase,296,What we need is for submit a ticket for host auth-svc-04 for me.,create_ticket,create_ticket,create_ticket,True,1,0.41883134841918945,0.41883134841918945,create_ticket;log_audit_event;generate_report;provision_vm;send_notification,0.41883135;0.29061994;0.29030088;0.28857017;0.26290035,230,paraphrase_variant,
Paraphrase,297,Would anyone be able to submit a ticket for host auth-svc-04 for me?,create_ticket,create_ticket,create_ticket,True,1,0.4443601667881012,0.4443601667881012,create_ticket;generate_report;log_audit_event;reset_password;provision_vm,0.44436017;0.32344896;0.31662795;0.30118331;0.29974642,230,paraphrase_variant,
Paraphrase,298,Could you please submit a ticket for host auth-svc-04 for me.,create_ticket,create_ticket,create_ticket,True,1,0.41471442580223083,0.41471442580223083,create_ticket;generate_report;reset_password;log_audit_event;provision_vm,0.41471443;0.30999142;0.30506432;0.30459830;0.30042261,230,paraphrase_variant,
Paraphrase,299,"Yo, submit a ticket for host auth-svc-04 for me.",create_ticket,create_ticket,create_ticket,True,1,0.42220571637153625,0.42220571637153625,create_ticket;provision_vm;generate_report;reset_password;send_notification,0.42220572;0.33485323;0.33163390;0.30779120;0.30698031,230,paraphrase_variant,
Paraphrase,300,Could you create a service request for auth-svc-04 for me?,create_ticket,create_ticket,quarantine_system,False,2,0.31620755791664124,0.31304609775543213,quarantine_system;create_ticket;process_refund;log_audit_event;generate_report,0.31620756;0.31304610;0.29487279;0.28433549;0.28297830,232,paraphrase_original,
Paraphrase,301,Could someone create a service request for auth-svc-04 for me?,create_ticket,create_ticket,create_ticket,True,1,0.3097476065158844,0.3097476065158844,create_ticket;quarantine_system;log_audit_event;process_refund;generate_report,0.30974761;0.29481593;0.27929142;0.27083755;0.26639748,232,paraphrase_variant,
Paraphrase,302,I'd appreciate it if you could create a service request for auth-svc-04 for me.,create_ticket,create_ticket,quarantine_system,False,2,0.3589625358581543,0.357753187417984,quarantine_system;create_ticket;generate_report;process_refund;log_audit_event,0.35896254;0.35775319;0.34580421;0.34237587;0.33907074,232,paraphrase_variant,
Paraphrase,303,Need you to create a service request for auth-svc-04 for me.,create_ticket,create_ticket,quarantine_system,False,3,0.34189993143081665,0.3126690089702606,quarantine_system;process_refund;create_ticket;check_status;send_notification,0.34189993;0.32623523;0.31266901;0.29979828;0.29668847,232,paraphrase_variant,
Paraphrase,304,The situation requires create a service request for auth-svc-04 for me.,create_ticket,create_ticket,quarantine_system,False,3,0.33896130323410034,0.33031827211380005,quarantine_system;process_refund;create_ticket;provision_vm;restart_service,0.33896130;0.33325335;0.33031827;0.30603012;0.30025208,232,paraphrase_variant,
Paraphrase,305,I need you to open an incident ticket for prod-web-01.,create_ticket,create_ticket,create_ticket,True,1,0.5466413497924805,0.5466413497924805,create_ticket;generate_report;provision_vm;log_audit_event;process_refund,0.54664135;0.44344541;0.42523688;0.39700976;0.39479372,233,paraphrase_original,
Paraphrase,306,Could someone open an incident ticket for prod-web-01?,create_ticket,create_ticket,create_ticket,True,1,0.49525007605552673,0.49525007605552673,create_ticket;generate_report;escalate_to_human;provision_vm;log_audit_event,0.49525008;0.38583004;0.37367246;0.36126375;0.35718468,233,paraphrase_variant,
Paraphrase,307,The situation requires open an incident ticket for prod-web-01.,create_ticket,create_ticket,create_ticket,True,1,0.5598882436752319,0.5598882436752319,create_ticket;generate_report;provision_vm;escalate_to_human;process_refund,0.55988824;0.44130918;0.43536785;0.42940995;0.41183904,233,paraphrase_variant,
Paraphrase,308,Would you mind open an incident ticket for prod-web-01.,create_ticket,create_ticket,create_ticket,True,1,0.49445927143096924,0.49445927143096924,create_ticket;generate_report;provision_vm;escalate_to_human;log_audit_event,0.49445927;0.40444523;0.38019156;0.36218694;0.35372344,233,paraphrase_variant,
Paraphrase,309,Quick one -- open an incident ticket for prod-web-01.,create_ticket,create_ticket,create_ticket,True,1,0.5496295690536499,0.5496295690536499,create_ticket;generate_report;provision_vm;process_refund;escalate_to_human,0.54962957;0.45716661;0.43941772;0.41664279;0.41615748,233,paraphrase_variant,
Paraphrase,310,I need you to submit a ticket for Alice.,create_ticket,create_ticket,create_ticket,True,1,0.4672752022743225,0.4672752022743225,create_ticket;escalate_to_human;generate_report;provision_vm;send_notification,0.46727520;0.40644497;0.34189022;0.31847671;0.29782149,238,paraphrase_original,
Paraphrase,311,The situation requires submit a ticket for alice.,create_ticket,create_ticket,create_ticket,True,1,0.47713056206703186,0.47713056206703186,create_ticket;escalate_to_human;generate_report;provision_vm;send_notification,0.47713056;0.44815814;0.30288392;0.30129233;0.26431173,238,paraphrase_variant,
Paraphrase,312,Need you to submit a ticket for alice.,create_ticket,create_ticket,create_ticket,True,1,0.47309911251068115,0.47309911251068115,create_ticket;escalate_to_human;generate_report;provision_vm;send_notification,0.47309911;0.41192701;0.33691218;0.31674880;0.29550323,238,paraphrase_variant,
Paraphrase,313,I'd appreciate it if you could submit a ticket for alice.,create_ticket,create_ticket,create_ticket,True,1,0.43925923109054565,0.43925923109054565,create_ticket;escalate_to_human;generate_report;provision_vm;send_notification,0.43925923;0.37574419;0.34267360;0.30656111;0.29454416,238,paraphrase_variant,
Paraphrase,314,Would anyone be able to submit a ticket for alice?,create_ticket,create_ticket,create_ticket,True,1,0.4541448652744293,0.4541448652744293,create_ticket;escalate_to_human;generate_report;provision_vm;send_notification,0.45414487;0.39920890;0.33733428;0.30549803;0.28751391,238,paraphrase_variant,
Paraphrase,315,I need you to open a service desk case for Eve.,create_ticket,create_ticket,escalate_to_human,False,8,0.353590190410614,0.2775590121746063,escalate_to_human;quarantine_system;generate_report;db_write;provision_vm,0.35359019;0.33777136;0.33735466;0.33041969;0.32663053,239,paraphrase_original,
Paraphrase,316,It would help if open a service desk case for eve.,create_ticket,create_ticket,escalate_to_human,False,9,0.33576175570487976,0.2605113387107849,escalate_to_human;generate_report;quarantine_system;process_refund;db_write,0.33576176;0.31703719;0.31506413;0.30758384;0.29231650,239,paraphrase_variant,
Paraphrase,317,I'd appreciate it if you could open a service desk case for eve.,create_ticket,create_ticket,generate_report,False,9,0.3435609042644501,0.2602974772453308,generate_report;db_write;escalate_to_human;quarantine_system;send_notification,0.34356090;0.32580990;0.32429457;0.31362864;0.31224498,239,paraphrase_variant,
Paraphrase,318,Who can open a service desk case for eve?,create_ticket,create_ticket,escalate_to_human,False,8,0.36246010661125183,0.22638192772865295,escalate_to_human;generate_report;send_notification;provision_vm;quarantine_system,0.36246011;0.26221716;0.25261930;0.25236979;0.24789900,239,paraphrase_variant,
Paraphrase,319,"Hey, can you open a service desk case for eve.",create_ticket,create_ticket,escalate_to_human,False,9,0.3612280488014221,0.2589574158191681,escalate_to_human;quarantine_system;generate_report;provision_vm;process_refund,0.36122805;0.33381096;0.33379337;0.33075339;0.31532300,239,paraphrase_variant,
Paraphrase,320,We should create a support case for staging-db-02.,create_ticket,create_ticket,db_write,False,2,0.40759381651878357,0.3576998710632324,db_write;create_ticket;generate_report;db_read;send_notification,0.40759382;0.35769987;0.34032464;0.31308973;0.31137431,243,paraphrase_original,
Paraphrase,321,We request that you we should create a support case for staging-db-02.,create_ticket,create_ticket,db_write,False,2,0.4100549817085266,0.39854586124420166,db_write;create_ticket;generate_report;send_notification;db_read,0.41005498;0.39854586;0.36285040;0.33888248;0.32335004,243,paraphrase_variant,
Paraphrase,322,Could someone we should create a support case for staging-db-02?,create_ticket,create_ticket,create_ticket,True,1,0.34723854064941406,0.34723854064941406,create_ticket;db_write;escalate_to_human;generate_report;send_notification,0.34723854;0.31154278;0.28668565;0.28138426;0.24326059,243,paraphrase_variant,
Paraphrase,323,we should create a support case for staging-db-02 -- that's what needs to happen.,create_ticket,create_ticket,db_write,False,2,0.416507363319397,0.3866501748561859,db_write;create_ticket;generate_report;provision_vm;send_notification,0.41650736;0.38665017;0.36780828;0.34157765;0.34040752,243,paraphrase_variant,
Paraphrase,324,"Hey, can you we should create a support case for staging-db-02.",create_ticket,create_ticket,db_write,False,2,0.41993653774261475,0.41372716426849365,db_write;create_ticket;generate_report;send_notification;provision_vm,0.41993654;0.41372716;0.38262591;0.34848234;0.34201950,243,paraphrase_variant,
Paraphrase,325,We should log an issue against prod-web-01.,create_ticket,create_ticket,create_ticket,True,1,0.4790935218334198,0.4790935218334198,create_ticket;log_audit_event;generate_report;provision_vm;process_refund,0.47909352;0.45382658;0.44862768;0.41394657;0.40631920,244,paraphrase_original,
Paraphrase,326,Would anyone be able to we should log an issue against prod-web-01?,create_ticket,create_ticket,create_ticket,True,1,0.49029651284217834,0.49029651284217834,create_ticket;log_audit_event;generate_report;provision_vm;escalate_to_human,0.49029651;0.46247086;0.45509246;0.40952688;0.40938321,244,paraphrase_variant,
Paraphrase,327,Could you please we should log an issue against prod-web-01.,create_ticket,create_ticket,create_ticket,True,1,0.4871475398540497,0.4871475398540497,create_ticket;log_audit_event;generate_report;provision_vm;process_refund,0.48714754;0.46661508;0.46031383;0.41726997;0.40984151,244,paraphrase_variant,
Paraphrase,328,Gonna need you to we should log an issue against prod-web-01.,create_ticket,create_ticket,create_ticket,True,1,0.5053943991661072,0.5053943991661072,create_ticket;generate_report;log_audit_event;provision_vm;process_refund,0.50539440;0.48967654;0.47787181;0.43955824;0.43144718,244,paraphrase_variant,
Paraphrase,329,The situation requires we should log an issue against prod-web-01.,create_ticket,create_ticket,create_ticket,True,1,0.5157298445701599,0.5157298445701599,create_ticket;log_audit_event;generate_report;escalate_to_human;provision_vm,0.51572984;0.45947194;0.45761013;0.42864609;0.42240697,244,paraphrase_variant,
Paraphrase,330,Let's submit a ticket for Charlie.,create_ticket,create_ticket,create_ticket,True,1,0.4296327233314514,0.4296327233314514,create_ticket;generate_report;escalate_to_human;provision_vm;process_refund,0.42963272;0.31289491;0.30019897;0.29471427;0.27021351,254,paraphrase_original,
Paraphrase,331,Who can let's submit a ticket for charlie?,create_ticket,create_ticket,create_ticket,True,1,0.4400901794433594,0.4400901794433594,create_ticket;escalate_to_human;generate_report;provision_vm;send_notification,0.44009018;0.34596649;0.29446620;0.27746874;0.25274214,254,paraphrase_variant,
Paraphrase,332,Do me a favor and let's submit a ticket for charlie.,create_ticket,create_ticket,create_ticket,True,1,0.4224540591239929,0.4224540591239929,create_ticket;generate_report;provision_vm;escalate_to_human;process_refund,0.42245406;0.28739664;0.26960874;0.25886339;0.24266067,254,paraphrase_variant,
Paraphrase,333,let's submit a ticket for charlie -- that's what needs to happen.,create_ticket,create_ticket,create_ticket,True,1,0.4738050699234009,0.4738050699234009,create_ticket;generate_report;escalate_to_human;provision_vm;process_refund,0.47380507;0.35435584;0.34365731;0.32148904;0.30029821,254,paraphrase_variant,
Paraphrase,334,Would you mind let's submit a ticket for charlie.,create_ticket,create_ticket,create_ticket,True,1,0.4516820013523102,0.4516820013523102,create_ticket;generate_report;provision_vm;escalate_to_human;quarantine_system,0.45168200;0.34081578;0.32286435;0.31322628;0.28197855,254,paraphrase_variant,
Paraphrase,335,Let's open a tracking issue for cdn-edge-06.,create_ticket,create_ticket,create_ticket,True,1,0.37819328904151917,0.37819328904151917,create_ticket;provision_vm;generate_report;send_notification;escalate_to_human,0.37819329;0.32076645;0.31286266;0.31121564;0.27896485,255,paraphrase_original,
Paraphrase,336,It would help if let's open a tracking issue for cdn-edge-06.,create_ticket,create_ticket,create_ticket,True,1,0.401683509349823,0.401683509349823,create_ticket;send_notification;provision_vm;generate_report;check_status,0.40168351;0.33806914;0.33489892;0.33292982;0.29826409,255,paraphrase_variant,
Paraphrase,337,I'd appreciate it if you could let's open a tracking issue for cdn-edge-06.,create_ticket,create_ticket,create_ticket,True,1,0.4340611398220062,0.4340611398220062,create_ticket;send_notification;generate_report;provision_vm;log_audit_event,0.43406114;0.38027775;0.37834051;0.37515885;0.32809961,255,paraphrase_variant,
Paraphrase,338,"Hey, can you let's open a tracking issue for cdn-edge-06.",create_ticket,create_ticket,create_ticket,True,1,0.43948352336883545,0.43948352336883545,create_ticket;provision_vm;generate_report;send_notification;escalate_to_human,0.43948352;0.39384767;0.38400048;0.37980428;0.33545077,255,paraphrase_variant,
Paraphrase,339,Is it possible to let's open a tracking issue for cdn-edge-06?,create_ticket,create_ticket,create_ticket,True,1,0.41107386350631714,0.41107386350631714,create_ticket;provision_vm;generate_report;escalate_to_human;send_notification,0.41107386;0.34034371;0.32332173;0.30674577;0.30593923,255,paraphrase_variant,
Paraphrase,340,Let's create a support issue for Legal.,create_ticket,create_ticket,create_ticket,True,1,0.5266240239143372,0.5266240239143372,create_ticket;escalate_to_human;generate_report;provision_vm;process_refund,0.52662402;0.35584173;0.32039231;0.30858421;0.29259828,256,paraphrase_original,
Paraphrase,341,let's create a support issue for legal -- that's what needs to happen.,create_ticket,create_ticket,create_ticket,True,1,0.5413309335708618,0.5413309335708618,create_ticket;escalate_to_human;generate_report;provision_vm;process_refund,0.54133093;0.37679690;0.35043669;0.32874182;0.32025635,256,paraphrase_variant,
Paraphrase,342,Would anyone be able to let's create a support issue for legal?,create_ticket,create_ticket,create_ticket,True,1,0.5210606455802917,0.5210606455802917,create_ticket;escalate_to_human;generate_report;send_notification;provision_vm,0.52106065;0.37584120;0.33591199;0.31256285;0.31052354,256,paraphrase_variant,
Paraphrase,343,Quick one -- let's create a support issue for legal.,create_ticket,create_ticket,create_ticket,True,1,0.5756693482398987,0.5756693482398987,create_ticket;generate_report;escalate_to_human;provision_vm;send_notification,0.57566935;0.41973427;0.41330311;0.39162293;0.37733963,256,paraphrase_variant,
Paraphrase,344,Would you mind let's create a support issue for legal.,create_ticket,create_ticket,create_ticket,True,1,0.5306175351142883,0.5306175351142883,create_ticket;escalate_to_human;generate_report;provision_vm;process_refund,0.53061754;0.35489389;0.33746043;0.32332984;0.30283493,256,paraphrase_variant,
Paraphrase,345,"When you have a moment, open a support ticket for Grace.",create_ticket,create_ticket,create_ticket,True,1,0.35833805799484253,0.35833805799484253,create_ticket;log_audit_event;process_refund;provision_vm;generate_report,0.35833806;0.22825538;0.18683968;0.17187749;0.17102584,265,paraphrase_original,
Paraphrase,346,"Quick one -- when you have a moment, open a support ticket for grace.",create_ticket,create_ticket,create_ticket,True,1,0.46501705050468445,0.46501705050468445,create_ticket;generate_report;process_refund;log_audit_event;provision_vm,0.46501705;0.31481415;0.31434211;0.30980301;0.30954257,265,paraphrase_variant,
Paraphrase,347,"Could you please when you have a moment, open a support ticket for grace.",create_ticket,create_ticket,create_ticket,True,1,0.42964810132980347,0.42964810132980347,create_ticket;log_audit_event;generate_report;provision_vm;process_refund,0.42964810;0.33903125;0.30311200;0.28658178;0.27957922,265,paraphrase_variant,
Paraphrase,348,"What we need is for when you have a moment, open a support ticket for grace.",create_ticket,create_ticket,create_ticket,True,1,0.3909858167171478,0.3909858167171478,create_ticket;log_audit_event;generate_report;process_refund;provision_vm,0.39098582;0.28455535;0.24330758;0.23176479;0.21903506,265,paraphrase_variant,
Paraphrase,349,"Is it possible to when you have a moment, open a support ticket for grace?",create_ticket,create_ticket,create_ticket,True,1,0.4184342622756958,0.4184342622756958,create_ticket;log_audit_event;provision_vm;generate_report;escalate_to_human,0.41843426;0.28178015;0.25267574;0.25244227;0.23768163,265,paraphrase_variant,
Paraphrase,350,"When you have a moment, create an incident ticket for Grace.",create_ticket,create_ticket,create_ticket,True,1,0.35565152764320374,0.35565152764320374,create_ticket;escalate_to_human;provision_vm;generate_report;process_refund,0.35565153;0.29045120;0.25255853;0.23220280;0.22054936,267,paraphrase_original,
Paraphrase,351,"We request that you when you have a moment, create an incident ticket for grace.",create_ticket,create_ticket,create_ticket,True,1,0.3895798623561859,0.3895798623561859,create_ticket;generate_report;provision_vm;log_audit_event;escalate_to_human,0.38957986;0.31089807;0.31029555;0.30766186;0.30563578,267,paraphrase_variant,
Paraphrase,352,"The situation requires when you have a moment, create an incident ticket for grace.",create_ticket,create_ticket,create_ticket,True,1,0.42810162901878357,0.42810162901878357,create_ticket;escalate_to_human;provision_vm;generate_report;process_refund,0.42810163;0.37816843;0.31429628;0.30521512;0.28020537,267,paraphrase_variant,
Paraphrase,353,"Is it possible to when you have a moment, create an incident ticket for grace?",create_ticket,create_ticket,create_ticket,True,1,0.41212645173072815,0.41212645173072815,create_ticket;escalate_to_human;provision_vm;generate_report;log_audit_event,0.41212645;0.34071386;0.32181787;0.31662151;0.29230851,267,paraphrase_variant,
Paraphrase,354,"Hey, can you when you have a moment, create an incident ticket for grace.",create_ticket,create_ticket,create_ticket,True,1,0.400168776512146,0.400168776512146,create_ticket;generate_report;provision_vm;escalate_to_human;log_audit_event,0.40016878;0.33874688;0.33652005;0.33177099;0.29550469,267,paraphrase_variant,
Paraphrase,355,send an alert to Finance.,send_notification,send_notification,generate_report,False,2,0.3336455821990967,0.33132490515708923,generate_report;send_notification;create_ticket;provision_vm;escalate_to_human,0.33364558;0.33132491;0.32431403;0.32146469;0.31869787,269,paraphrase_original,
Paraphrase,356,Is it possible to send an alert to finance?,send_notification,send_notification,log_audit_event,False,3,0.3382420837879181,0.3277544677257538,log_audit_event;generate_report;send_notification;escalate_to_human;provision_vm,0.33824208;0.33286324;0.32775447;0.32066682;0.31041366,269,paraphrase_variant,
Paraphrase,357,What we need is for send an alert to finance.,send_notification,send_notification,log_audit_event,False,3,0.3700387179851532,0.3599020838737488,log_audit_event;generate_report;send_notification;db_write;quarantine_system,0.37003872;0.36668816;0.35990208;0.33076558;0.32364067,269,paraphrase_variant,
Paraphrase,358,Gonna need you to send an alert to finance.,send_notification,send_notification,generate_report,False,2,0.4039001166820526,0.37796375155448914,generate_report;send_notification;provision_vm;quarantine_system;log_audit_event,0.40390012;0.37796375;0.35213250;0.34910598;0.34550774,269,paraphrase_variant,
Paraphrase,359,Could you please send an alert to finance.,send_notification,send_notification,generate_report,False,2,0.4497723877429962,0.4164886474609375,generate_report;send_notification;log_audit_event;provision_vm;quarantine_system,0.44977239;0.41648865;0.41419229;0.40246937;0.38187891,269,paraphrase_variant,
Paraphrase,360,send a heads-up to Alice.,send_notification,send_notification,escalate_to_human,False,4,0.410768985748291,0.1982162743806839,escalate_to_human;create_ticket;provision_vm;send_notification;update_subscription,0.41076899;0.24894567;0.21953115;0.19821627;0.18135221,271,paraphrase_original,
Paraphrase,361,We request that you send a heads-up to alice.,send_notification,send_notification,escalate_to_human,False,3,0.4083353877067566,0.276414155960083,escalate_to_human;create_ticket;send_notification;provision_vm;generate_report,0.40833539;0.30944481;0.27641416;0.27537677;0.25554782,271,paraphrase_variant,
Paraphrase,362,Could someone send a heads-up to alice?,send_notification,send_notification,escalate_to_human,False,4,0.4412665069103241,0.27692002058029175,escalate_to_human;create_ticket;provision_vm;send_notification;generate_report,0.44126651;0.30917749;0.28304571;0.27692002;0.27359405,271,paraphrase_variant,
Paraphrase,363,"Hey, can you send a heads-up to alice.",send_notification,send_notification,escalate_to_human,False,5,0.445235013961792,0.29286232590675354,escalate_to_human;create_ticket;provision_vm;generate_report;send_notification,0.44523501;0.32714814;0.31515798;0.30734575;0.29286233,271,paraphrase_variant,
Paraphrase,364,send a heads-up to alice -- that's what needs to happen.,send_notification,send_notification,escalate_to_human,False,4,0.4784837067127228,0.2789944112300873,escalate_to_human;create_ticket;provision_vm;send_notification;generate_report,0.47848371;0.32543120;0.29376704;0.27899441;0.26390862,271,paraphrase_variant,
Paraphrase,365,Please send an update to Diana.,send_notification,send_notification,generate_report,False,4,0.4462062418460846,0.4024006426334381,generate_report;provision_vm;escalate_to_human;send_notification;db_write,0.44620624;0.42713985;0.42370892;0.40240064;0.39780578,276,paraphrase_original,
Paraphrase,366,The situation requires send an update to diana.,send_notification,send_notification,escalate_to_human,False,5,0.5055688619613647,0.44005393981933594,escalate_to_human;generate_report;provision_vm;create_ticket;send_notification,0.50556886;0.48411974;0.48338592;0.44513196;0.44005394,276,paraphrase_variant,
Paraphrase,367,Who can send an update to diana?,send_notification,send_notification,escalate_to_human,False,4,0.442157506942749,0.39156481623649597,escalate_to_human;generate_report;provision_vm;send_notification;db_write,0.44215751;0.41335607;0.41171551;0.39156482;0.36690420,276,paraphrase_variant,
Paraphrase,368,"Yo, send an update to diana.",send_notification,send_notification,generate_report,False,3,0.4476355016231537,0.41152578592300415,generate_report;provision_vm;send_notification;db_write;escalate_to_human,0.44763550;0.42767003;0.41152579;0.41098499;0.40034184,276,paraphrase_variant,
Paraphrase,369,Please send an update to diana.,send_notification,send_notification,generate_report,False,4,0.4462062418460846,0.4024006426334381,generate_report;provision_vm;escalate_to_human;send_notification;db_write,0.44620624;0.42713985;0.42370892;0.40240064;0.39780578,276,paraphrase_variant,
Paraphrase,370,Please alert Engineering.,send_notification,send_notification,quarantine_system,False,4,0.43841055035591125,0.4068976938724518,quarantine_system;escalate_to_human;generate_report;send_notification;provision_vm,0.43841055;0.42179391;0.41110969;0.40689769;0.40328825,282,paraphrase_original,
Paraphrase,371,Do me a favor and alert engineering.,send_notification,send_notification,escalate_to_human,False,5,0.30067503452301025,0.272036075592041,escalate_to_human;quarantine_system;generate_report;provision_vm;send_notification,0.30067503;0.29081568;0.28015265;0.27487037;0.27203608,282,paraphrase_variant,
Paraphrase,372,Would you mind alert engineering.,send_notification,send_notification,quarantine_system,False,6,0.34863853454589844,0.3236691355705261,quarantine_system;escalate_to_human;generate_report;provision_vm;scan_malware,0.34863853;0.34361565;0.34046897;0.33041555;0.32847995,282,paraphrase_variant,
Paraphrase,373,Would anyone be able to alert engineering?,send_notification,send_notification,send_notification,True,1,0.3891156315803528,0.3891156315803528,send_notification;escalate_to_human;quarantine_system;generate_report;log_audit_event,0.38911563;0.38742203;0.38347423;0.35882312;0.35039195,282,paraphrase_variant,
Paraphrase,374,It would help if alert engineering.,send_notification,send_notification,escalate_to_human,False,3,0.4016801416873932,0.3928229808807373,escalate_to_human;quarantine_system;send_notification;generate_report;provision_vm,0.40168014;0.39984801;0.39282298;0.38467857;0.36399981,282,paraphrase_variant,
Paraphrase,375,Can you send an update to Bob?,send_notification,send_notification,provision_vm,False,2,0.45096826553344727,0.44061145186424255,provision_vm;send_notification;escalate_to_human;generate_report;quarantine_system,0.45096827;0.44061145;0.43502107;0.42358565;0.40925854,284,paraphrase_original,
Paraphrase,376,Could you please send an update to bob.,send_notification,send_notification,send_notification,True,1,0.4226020872592926,0.4226020872592926,send_notification;generate_report;provision_vm;quarantine_system;escalate_to_human,0.42260209;0.42193028;0.41673404;0.40571329;0.39113301,284,paraphrase_variant,
Paraphrase,377,It would help if send an update to bob.,send_notification,send_notification,send_notification,True,1,0.43324607610702515,0.43324607610702515,send_notification;provision_vm;generate_report;quarantine_system;escalate_to_human,0.43324608;0.42334086;0.41841042;0.41431123;0.41045302,284,paraphrase_variant,
Paraphrase,378,Gonna need you to send an update to bob.,send_notification,send_notification,send_notification,True,1,0.3608517646789551,0.3608517646789551,send_notification;generate_report;quarantine_system;provision_vm;escalate_to_human,0.36085176;0.36077151;0.35737443;0.35035843;0.34287056,284,paraphrase_variant,
Paraphrase,379,Would anyone be able to send an update to bob?,send_notification,send_notification,send_notification,True,1,0.4725915193557739,0.4725915193557739,send_notification;generate_report;provision_vm;escalate_to_human;quarantine_system,0.47259152;0.45882273;0.45152527;0.43627158;0.41943502,284,paraphrase_variant,
Paraphrase,380,Can you send an alert to Finance?,send_notification,send_notification,send_notification,True,1,0.3751612901687622,0.3751612901687622,send_notification;generate_report;provision_vm;log_audit_event;quarantine_system,0.37516129;0.36956847;0.35820478;0.35400084;0.34718516,285,paraphrase_original,
Paraphrase,381,What we need is for send an alert to finance.,send_notification,send_notification,log_audit_event,False,3,0.3700387179851532,0.3599020838737488,log_audit_event;generate_report;send_notification;db_write;quarantine_system,0.37003872;0.36668816;0.35990208;0.33076558;0.32364067,285,paraphrase_variant,
Paraphrase,382,Who can send an alert to finance?,send_notification,send_notification,escalate_to_human,False,2,0.3550534248352051,0.3366134464740753,escalate_to_human;send_notification;generate_report;log_audit_event;provision_vm,0.35505342;0.33661345;0.31233007;0.31213027;0.29392207,285,paraphrase_variant,
Paraphrase,383,Gonna need you to send an alert to finance.,send_notification,send_notification,generate_report,False,2,0.4039001166820526,0.37796375155448914,generate_report;send_notification;provision_vm;quarantine_system;log_audit_event,0.40390012;0.37796375;0.35213250;0.34910598;0.34550774,285,paraphrase_variant,
Paraphrase,384,Could you please send an alert to finance.,send_notification,send_notification,generate_report,False,2,0.44977229833602905,0.4164886176586151,generate_report;send_notification;log_audit_event;provision_vm;quarantine_system,0.44977230;0.41648862;0.41419229;0.40246934;0.38187903,285,paraphrase_variant,
Paraphrase,385,Can you push a notification to Bob?,send_notification,send_notification,send_notification,True,1,0.38894566893577576,0.38894566893577576,send_notification;quarantine_system;provision_vm;escalate_to_human;generate_report,0.38894567;0.35423598;0.35350430;0.32037902;0.29855838,288,paraphrase_original,
Paraphrase,386,I'd appreciate it if you could push a notification to bob.,send_notification,send_notification,send_notification,True,1,0.44391298294067383,0.44391298294067383,send_notification;quarantine_system;provision_vm;generate_report;escalate_to_human,0.44391298;0.38966104;0.37172538;0.36614832;0.32745281,288,paraphrase_variant,
Paraphrase,387,"Yo, push a notification to bob.",send_notification,send_notification,send_notification,True,1,0.3442118167877197,0.3442118167877197,send_notification;quarantine_system;provision_vm;escalate_to_human;generate_report,0.34421182;0.30681971;0.27883413;0.26344818;0.23941502,288,paraphrase_variant,
Paraphrase,388,The situation requires push a notification to bob.,send_notification,send_notification,send_notification,True,1,0.38193225860595703,0.38193225860595703,send_notification;escalate_to_human;quarantine_system;provision_vm;create_ticket,0.38193226;0.37545821;0.34987876;0.33418474;0.31906924,288,paraphrase_variant,
Paraphrase,389,Who can push a notification to bob?,send_notification,send_notification,send_notification,True,1,0.34904733300209045,0.34904733300209045,send_notification;escalate_to_human;quarantine_system;provision_vm;create_ticket,0.34904733;0.31668776;0.28636041;0.28556991;0.25323284,288,paraphrase_variant,
Paraphrase,390,Can you forward the latest update to Legal?,send_notification,send_notification,escalate_to_human,False,6,0.45279133319854736,0.40091657638549805,escalate_to_human;create_ticket;provision_vm;update_subscription;generate_report,0.45279133;0.44208324;0.43756631;0.42222634;0.41338494,289,paraphrase_original,
Paraphrase,391,It would help if forward the latest update to legal.,send_notification,send_notification,create_ticket,False,5,0.4927412271499634,0.43377482891082764,create_ticket;escalate_to_human;provision_vm;generate_report;send_notification,0.49274123;0.45468920;0.45466784;0.45294762;0.43377483,289,paraphrase_variant,
Paraphrase,392,"Hey, can you forward the latest update to legal.",send_notification,send_notification,escalate_to_human,False,5,0.5038394331932068,0.44960296154022217,escalate_to_human;create_ticket;provision_vm;generate_report;send_notification,0.50383943;0.46589112;0.46577168;0.46197972;0.44960296,289,paraphrase_variant,
Paraphrase,393,Would you mind forward the latest update to legal.,send_notification,send_notification,escalate_to_human,False,6,0.4339185357093811,0.3521535098552704,escalate_to_human;create_ticket;generate_report;provision_vm;update_subscription,0.43391854;0.40632111;0.38432565;0.38290560;0.35959408,289,paraphrase_variant,
Paraphrase,394,Is it possible to forward the latest update to legal?,send_notification,send_notification,escalate_to_human,False,6,0.3974383473396301,0.3209134638309479,escalate_to_human;create_ticket;provision_vm;update_subscription;generate_report,0.39743835;0.39410388;0.36813277;0.35795766;0.33943713,289,paraphrase_variant,
Paraphrase,395,Can you drop a message to Charlie?,send_notification,send_notification,send_notification,True,1,0.4456850290298462,0.4456850290298462,send_notification;quarantine_system;escalate_to_human;provision_vm;generate_report,0.44568503;0.42639503;0.41815710;0.40387663;0.37655580,291,paraphrase_original,
Paraphrase,396,Gonna need you to drop a message to charlie.,send_notification,send_notification,send_notification,True,1,0.4017270803451538,0.4017270803451538,send_notification;quarantine_system;escalate_to_human;generate_report;provision_vm,0.40172708;0.37929437;0.35079861;0.34713840;0.33207381,291,paraphrase_variant,
Paraphrase,397,It would help if drop a message to charlie.,send_notification,send_notification,send_notification,True,1,0.450809121131897,0.450809121131897,send_notification;quarantine_system;escalate_to_human;generate_report;provision_vm,0.45080912;0.44346273;0.41923171;0.40247986;0.39842194,291,paraphrase_variant,
Paraphrase,398,Would you mind drop a message to charlie.,send_notification,send_notification,send_notification,True,1,0.40564975142478943,0.40564975142478943,send_notification;quarantine_system;generate_report;provision_vm;escalate_to_human,0.40564975;0.38090187;0.36354056;0.36089137;0.35530537,291,paraphrase_variant,
Paraphrase,399,Who can drop a message to charlie?,send_notification,send_notification,escalate_to_human,False,2,0.41754239797592163,0.397230863571167,escalate_to_human;send_notification;quarantine_system;provision_vm;generate_report,0.41754240;0.39723086;0.35669249;0.33822745;0.31588489,291,paraphrase_variant,
Paraphrase,400,Could you email Alice the latest status for me?,send_notification,send_notification,escalate_to_human,False,2,0.43820708990097046,0.409976989030838,escalate_to_human;send_notification;log_audit_event;generate_report;provision_vm,0.43820709;0.40997699;0.39207271;0.38971975;0.34596357,294,paraphrase_original,
Paraphrase,401,Need you to email alice the latest status for me.,send_notification,send_notification,escalate_to_human,False,2,0.466141939163208,0.4225273132324219,escalate_to_human;send_notification;generate_report;log_audit_event;provision_vm,0.46614194;0.42252731;0.40183404;0.38963413;0.36097464,294,paraphrase_variant,
Paraphrase,402,Could someone email alice the latest status for me?,send_notification,send_notification,escalate_to_human,False,2,0.4078695476055145,0.3663817048072815,escalate_to_human;send_notification;log_audit_event;generate_report;provision_vm,0.40786955;0.36638170;0.35839903;0.33477661;0.28761396,294,paraphrase_variant,
Paraphrase,403,Could you please email alice the latest status for me.,send_notification,send_notification,escalate_to_human,False,2,0.44927552342414856,0.4041166305541992,escalate_to_human;send_notification;log_audit_event;generate_report;provision_vm,0.44927552;0.40411663;0.39503416;0.38815552;0.34684405,294,paraphrase_variant,
Paraphrase,404,It would help if email alice the latest status for me.,send_notification,send_notification,escalate_to_human,False,2,0.44041377305984497,0.4268776774406433,escalate_to_human;send_notification;log_audit_event;generate_report;create_ticket,0.44041377;0.42687768;0.39316764;0.39240330;0.36577871,294,paraphrase_variant,
Paraphrase,405,Could you drop a message to the Engineering team for me?,send_notification,send_notification,send_notification,True,1,0.49827688932418823,0.49827688932418823,send_notification;provision_vm;generate_report;escalate_to_human;quarantine_system,0.49827689;0.44938335;0.44243759;0.44053429;0.44009075,299,paraphrase_original,
Paraphrase,406,It would help if drop a message to the engineering team for me.,send_notification,send_notification,send_notification,True,1,0.50310218334198,0.50310218334198,send_notification;generate_report;quarantine_system;provision_vm;create_ticket,0.50310218;0.45858294;0.45724756;0.45537645;0.43738574,299,paraphrase_variant,
Paraphrase,407,"Yo, drop a message to the engineering team for me.",send_notification,send_notification,send_notification,True,1,0.4849105179309845,0.4849105179309845,send_notification;provision_vm;generate_report;quarantine_system;escalate_to_human,0.48491052;0.43397763;0.43235663;0.42472789;0.40063623,299,paraphrase_variant,
Paraphrase,408,Is it possible to drop a message to the engineering team for me?,send_notification,send_notification,send_notification,True,1,0.4684657156467438,0.4684657156467438,send_notification;escalate_to_human;provision_vm;quarantine_system;generate_report,0.46846572;0.43192264;0.41656798;0.41110557;0.38924026,299,paraphrase_variant,
Paraphrase,409,Could you please drop a message to the engineering team for me.,send_notification,send_notification,send_notification,True,1,0.5008487105369568,0.5008487105369568,send_notification;quarantine_system;provision_vm;generate_report;escalate_to_human,0.50084871;0.45516175;0.45295978;0.45174468;0.42486796,299,paraphrase_variant,
Paraphrase,410,I need you to send a heads-up to Finance.,send_notification,send_notification,create_ticket,False,6,0.3758038282394409,0.27725616097450256,create_ticket;generate_report;provision_vm;db_write;update_subscription,0.37580383;0.34293768;0.31542981;0.29600835;0.27853855,303,paraphrase_original,
Paraphrase,411,Kindly send a heads-up to finance.,send_notification,send_notification,create_ticket,False,7,0.32528433203697205,0.20892585813999176,create_ticket;generate_report;provision_vm;escalate_to_human;process_refund,0.32528433;0.26011196;0.25419009;0.23261313;0.21772222,303,paraphrase_variant,
Paraphrase,412,Need you to send a heads-up to finance.,send_notification,send_notification,create_ticket,False,5,0.3699413239955902,0.25307825207710266,create_ticket;generate_report;provision_vm;db_write;send_notification,0.36994132;0.30970991;0.29070452;0.25722790;0.25307825,303,paraphrase_variant,
Paraphrase,413,Could someone send a heads-up to finance?,send_notification,send_notification,create_ticket,False,6,0.32914862036705017,0.19310440123081207,create_ticket;escalate_to_human;generate_report;provision_vm;reset_password,0.32914862;0.23968427;0.23327506;0.22201560;0.20712735,303,paraphrase_variant,
Paraphrase,414,What we need is for send a heads-up to finance.,send_notification,send_notification,create_ticket,False,6,0.29881665110588074,0.19087477028369904,create_ticket;generate_report;provision_vm;escalate_to_human;db_write,0.29881665;0.23266275;0.21397686;0.21365009;0.20497498,303,paraphrase_variant,
Paraphrase,415,I need you to drop a message to Diana.,send_notification,send_notification,send_notification,True,1,0.468813419342041,0.468813419342041,send_notification;generate_report;escalate_to_human;provision_vm;quarantine_system,0.46881342;0.45784426;0.44734627;0.42737037;0.41410735,307,paraphrase_original,
Paraphrase,416,"Hey, can you drop a message to diana.",send_notification,send_notification,send_notification,True,1,0.46391141414642334,0.46391141414642334,send_notification;escalate_to_human;generate_report;provision_vm;quarantine_system,0.46391141;0.45197535;0.44396013;0.42240196;0.40447217,307,paraphrase_variant,
Paraphrase,417,drop a message to diana -- that's what needs to happen.,send_notification,send_notification,escalate_to_human,False,2,0.4476674497127533,0.4462716281414032,escalate_to_human;send_notification;generate_report;quarantine_system;provision_vm,0.44766745;0.44627163;0.42922956;0.42042521;0.40931422,307,paraphrase_variant,
Paraphrase,418,Could someone drop a message to diana?,send_notification,send_notification,escalate_to_human,False,2,0.4361898899078369,0.4278315305709839,escalate_to_human;send_notification;generate_report;provision_vm;quarantine_system,0.43618989;0.42783153;0.39909622;0.38390493;0.38014066,307,paraphrase_variant,
Paraphrase,419,I'd appreciate it if you could drop a message to diana.,send_notification,send_notification,send_notification,True,1,0.467586874961853,0.467586874961853,send_notification;generate_report;provision_vm;escalate_to_human;quarantine_system,0.46758687;0.45620197;0.41780341;0.41644603;0.39726540,307,paraphrase_variant,
Paraphrase,420,We should forward the latest update to Engineering.,send_notification,send_notification,provision_vm,False,5,0.48072442412376404,0.44068604707717896,provision_vm;quarantine_system;generate_report;escalate_to_human;send_notification,0.48072442;0.46741840;0.45872447;0.44838560;0.44068605,313,paraphrase_original,
Paraphrase,421,Could you please we should forward the latest update to engineering.,send_notification,send_notification,provision_vm,False,5,0.49600833654403687,0.46203044056892395,provision_vm;generate_report;quarantine_system;escalate_to_human;send_notification,0.49600834;0.48776633;0.48050460;0.47233403;0.46203044,313,paraphrase_variant,
Paraphrase,422,Could someone we should forward the latest update to engineering?,send_notification,send_notification,escalate_to_human,False,6,0.45793387293815613,0.39705097675323486,escalate_to_human;provision_vm;generate_report;create_ticket;quarantine_system,0.45793387;0.43397516;0.41887206;0.40210322;0.40073130,313,paraphrase_variant,
Paraphrase,423,"Yo, we should forward the latest update to engineering.",send_notification,send_notification,provision_vm,False,4,0.48698922991752625,0.45046183466911316,provision_vm;quarantine_system;generate_report;send_notification;escalate_to_human,0.48698923;0.47286856;0.47137687;0.45046183;0.44978708,313,paraphrase_variant,
Paraphrase,424,we should forward the latest update to engineering -- that's what needs to happen.,send_notification,send_notification,provision_vm,False,4,0.4960630238056183,0.4547211527824402,provision_vm;quarantine_system;generate_report;send_notification;process_refund,0.49606302;0.48319012;0.47907704;0.45472115;0.45355538,313,paraphrase_variant,
Paraphrase,425,We should drop a message to the Marketing team.,send_notification,send_notification,send_notification,True,1,0.33794018626213074,0.33794018626213074,send_notification;quarantine_system;escalate_to_human;provision_vm;generate_report,0.33794019;0.27651477;0.26951647;0.26219669;0.25392795,315,paraphrase_original,
Paraphrase,426,It would help if we should drop a message to the marketing team.,send_notification,send_notification,send_notification,True,1,0.4087716341018677,0.4087716341018677,send_notification;quarantine_system;generate_report;provision_vm;escalate_to_human,0.40877163;0.34662905;0.34339693;0.33303413;0.33048096,315,paraphrase_variant,
Paraphrase,427,Do me a favor and we should drop a message to the marketing team.,send_notification,send_notification,send_notification,True,1,0.3460874855518341,0.3460874855518341,send_notification;quarantine_system;provision_vm;generate_report;process_refund,0.34608749;0.28912106;0.28346157;0.28234920;0.27432853,315,paraphrase_variant,
Paraphrase,428,Is it possible to we should drop a message to the marketing team?,send_notification,send_notification,send_notification,True,1,0.35467201471328735,0.35467201471328735,send_notification;escalate_to_human;quarantine_system;provision_vm;generate_report,0.35467201;0.31692952;0.30113217;0.28847513;0.25719523,315,paraphrase_variant,
Paraphrase,429,We request that you we should drop a message to the marketing team.,send_notification,send_notification,send_notification,True,1,0.3829706907272339,0.3829706907272339,send_notification;quarantine_system;generate_report;provision_vm;escalate_to_human,0.38297069;0.32063457;0.29781508;0.29234377;0.28743505,315,paraphrase_variant,
Paraphrase,430,Let's send an update to Grace.,send_notification,send_notification,update_subscription,False,5,0.3144921362400055,0.2551020085811615,update_subscription;provision_vm;reset_password;generate_report;send_notification,0.31449214;0.27789000;0.27048233;0.25577372;0.25510201,316,paraphrase_original,
Paraphrase,431,It would help if let's send an update to grace.,send_notification,send_notification,provision_vm,False,3,0.3686321973800659,0.3579052686691284,provision_vm;update_subscription;send_notification;generate_report;quarantine_system,0.36863220;0.36116621;0.35790527;0.35754439;0.32714757,316,paraphrase_variant,
Paraphrase,432,Who can let's send an update to grace?,send_notification,send_notification,update_subscription,False,4,0.322784960269928,0.2698516547679901,update_subscription;escalate_to_human;provision_vm;send_notification;generate_report,0.32278496;0.29764849;0.29067734;0.26985165;0.25574681,316,paraphrase_variant,
Paraphrase,433,Need you to let's send an update to grace.,send_notification,send_notification,update_subscription,False,4,0.36690062284469604,0.3497653007507324,update_subscription;provision_vm;generate_report;send_notification;quarantine_system,0.36690062;0.36664063;0.35117617;0.34976530;0.33187926,316,paraphrase_variant,
Paraphrase,434,Please let's send an update to grace.,send_notification,send_notification,update_subscription,False,5,0.3270616829395294,0.2688250243663788,update_subscription;reset_password;provision_vm;generate_report;send_notification,0.32706168;0.30371773;0.29234961;0.27864116;0.26882502,316,paraphrase_variant,
Paraphrase,435,Let's email Diana the latest status.,send_notification,send_notification,escalate_to_human,False,3,0.4064955413341522,0.38953569531440735,escalate_to_human;generate_report;send_notification;log_audit_event;quarantine_system,0.40649554;0.40154594;0.38953570;0.37850386;0.35482886,318,paraphrase_original,
Paraphrase,436,What we need is for let's email diana the latest status.,send_notification,send_notification,generate_report,False,2,0.44277578592300415,0.44154295325279236,generate_report;send_notification;escalate_to_human;log_audit_event;quarantine_system,0.44277579;0.44154295;0.43016031;0.41116795;0.37704721,318,paraphrase_variant,
Paraphrase,437,Kindly let's email diana the latest status.,send_notification,send_notification,generate_report,False,3,0.41883260011672974,0.4052334725856781,generate_report;escalate_to_human;send_notification;log_audit_event;process_refund,0.41883260;0.41815969;0.40523347;0.39284584;0.37199533,318,paraphrase_variant,
Paraphrase,438,Who can let's email diana the latest status?,send_notification,send_notification,escalate_to_human,False,2,0.3955615162849426,0.3829713463783264,escalate_to_human;send_notification;generate_report;log_audit_event;quarantine_system,0.39556152;0.38297135;0.36708161;0.35826465;0.31519392,318,paraphrase_variant,
Paraphrase,439,"Hey, can you let's email diana the latest status.",send_notification,send_notification,generate_report,False,2,0.46827811002731323,0.45540153980255127,generate_report;send_notification;escalate_to_human;quarantine_system;log_audit_event,0.46827811;0.45540154;0.45269278;0.41492131;0.41219717,318,paraphrase_variant,
Paraphrase,440,Let's drop a message to Frank.,send_notification,send_notification,send_notification,True,1,0.4487342834472656,0.4487342834472656,send_notification;escalate_to_human;provision_vm;quarantine_system;generate_report,0.44873428;0.40412101;0.38869408;0.37445313;0.37282699,323,paraphrase_original,
Paraphrase,441,It would help if let's drop a message to frank.,send_notification,send_notification,send_notification,True,1,0.5083521604537964,0.5083521604537964,send_notification;escalate_to_human;generate_report;provision_vm;create_ticket,0.50835216;0.46197236;0.45142511;0.45098180;0.44841322,323,paraphrase_variant,
Paraphrase,442,We request that you let's drop a message to frank.,send_notification,send_notification,send_notification,True,1,0.45442402362823486,0.45442402362823486,send_notification;escalate_to_human;create_ticket;quarantine_system;provision_vm,0.45442402;0.40517738;0.39008829;0.38767213;0.38427693,323,paraphrase_variant,
Paraphrase,443,Do me a favor and let's drop a message to frank.,send_notification,send_notification,send_notification,True,1,0.45180442929267883,0.45180442929267883,send_notification;create_ticket;provision_vm;escalate_to_human;generate_report,0.45180443;0.44227311;0.41500437;0.41453797;0.39633083,323,paraphrase_variant,
Paraphrase,444,Is it possible to let's drop a message to frank?,send_notification,send_notification,escalate_to_human,False,2,0.4768551290035248,0.47612833976745605,escalate_to_human;send_notification;provision_vm;quarantine_system;generate_report,0.47685513;0.47612834;0.43433478;0.41859227;0.40173635,323,paraphrase_variant,
Paraphrase,445,Kindly send an alert to Finance.,send_notification,send_notification,generate_report,False,3,0.39244407415390015,0.35918623208999634,generate_report;log_audit_event;send_notification;provision_vm;create_ticket,0.39244407;0.36587372;0.35918623;0.35130897;0.34980717,325,paraphrase_original,
Paraphrase,446,I'd appreciate it if you could send an alert to finance.,send_notification,send_notification,generate_report,False,2,0.45722657442092896,0.4347510039806366,generate_report;send_notification;log_audit_event;provision_vm;db_write,0.45722657;0.43475100;0.41508722;0.40251762;0.39709577,325,paraphrase_variant,
Paraphrase,447,send an alert to finance -- that's what needs to happen.,send_notification,send_notification,generate_report,False,2,0.3616971969604492,0.3549445569515228,generate_report;send_notification;quarantine_system;provision_vm;escalate_to_human,0.36169720;0.35494456;0.34655526;0.33523437;0.33325866,325,paraphrase_variant,
Paraphrase,448,Could someone send an alert to finance?,send_notification,send_notification,escalate_to_human,False,2,0.380242258310318,0.36737269163131714,escalate_to_human;send_notification;generate_report;log_audit_event;provision_vm,0.38024226;0.36737269;0.36318678;0.34765440;0.33955422,325,paraphrase_variant,
Paraphrase,449,"Yo, send an alert to finance.",send_notification,send_notification,generate_report,False,2,0.3816503584384918,0.3782905638217926,generate_report;send_notification;provision_vm;quarantine_system;escalate_to_human,0.38165036;0.37829056;0.35996073;0.34629360;0.32384828,325,paraphrase_variant,
Paraphrase,450,Kindly push a notification to Alice.,send_notification,send_notification,escalate_to_human,False,2,0.41398388147354126,0.35114482045173645,escalate_to_human;send_notification;provision_vm;create_ticket;generate_report,0.41398388;0.35114482;0.31516907;0.28859508;0.27823761,328,paraphrase_original,
Paraphrase,451,push a notification to alice -- that's what needs to happen.,send_notification,send_notification,escalate_to_human,False,2,0.4350905418395996,0.3926950693130493,escalate_to_human;send_notification;provision_vm;generate_report;quarantine_system,0.43509054;0.39269507;0.35866237;0.32952765;0.32602814,328,paraphrase_variant,
Paraphrase,452,Do me a favor and push a notification to alice.,send_notification,send_notification,escalate_to_human,False,2,0.37002018094062805,0.3124794661998749,escalate_to_human;send_notification;provision_vm;create_ticket;generate_report,0.37002018;0.31247947;0.29736599;0.28546238;0.25435233,328,paraphrase_variant,
Paraphrase,453,Is it possible to push a notification to alice?,send_notification,send_notification,escalate_to_human,False,2,0.3967927098274231,0.3327646255493164,escalate_to_human;send_notification;provision_vm;create_ticket;generate_report,0.39679271;0.33276463;0.32576567;0.29960895;0.27879062,328,paraphrase_variant,
Paraphrase,454,I'd appreciate it if you could push a notification to alice.,send_notification,send_notification,send_notification,True,1,0.4356643557548523,0.4356643557548523,send_notification;escalate_to_human;provision_vm;generate_report;create_ticket,0.43566436;0.43454289;0.39086029;0.37724459;0.35180730,328,paraphrase_variant,
Paraphrase,455,Please isolate staging-db-02 from the network.,quarantine_system,quarantine_system,db_write,False,4,0.295596718788147,0.24407242238521576,db_write;db_read;scan_malware;quarantine_system;provision_vm,0.29559672;0.29422474;0.27560884;0.24407242;0.23793484,343,paraphrase_original,
Paraphrase,456,Quick one -- isolate staging-db-02 from the network.,quarantine_system,quarantine_system,db_write,False,6,0.32631003856658936,0.2295665740966797,db_write;db_read;generate_report;scan_malware;provision_vm,0.32631004;0.30277798;0.24547313;0.23954183;0.23516607,343,paraphrase_variant,
Paraphrase,457,Who can isolate staging-db-02 from the network?,quarantine_system,quarantine_system,db_write,False,5,0.22759561240673065,0.16683141887187958,db_write;db_read;scan_malware;escalate_to_human;quarantine_system,0.22759561;0.22716649;0.22483203;0.19557220;0.16683142,343,paraphrase_variant,
Paraphrase,458,We request that you isolate staging-db-02 from the network.,quarantine_system,quarantine_system,db_write,False,3,0.3867085874080658,0.33812227845191956,db_write;db_read;quarantine_system;send_notification;provision_vm,0.38670859;0.35450572;0.33812228;0.33419281;0.33191562,343,paraphrase_variant,
Paraphrase,459,isolate staging-db-02 from the network -- that's what needs to happen.,quarantine_system,quarantine_system,db_write,False,3,0.33249926567077637,0.28562256693840027,db_write;db_read;quarantine_system;scan_malware;provision_vm,0.33249927;0.31045315;0.28562257;0.28514057;0.27342725,343,paraphrase_variant,
Paraphrase,460,Can you isolate staging-db-02 from the network?,quarantine_system,quarantine_system,db_write,False,5,0.31060221791267395,0.23126423358917236,db_write;db_read;scan_malware;provision_vm;quarantine_system,0.31060222;0.30948988;0.26689428;0.23299240;0.23126423,351,paraphrase_original,
Paraphrase,461,Would anyone be able to isolate staging-db-02 from the network?,quarantine_system,quarantine_system,db_write,False,5,0.28998371958732605,0.2151506394147873,db_write;db_read;scan_malware;generate_report;quarantine_system,0.28998372;0.28936791;0.27147603;0.22651087;0.21515064,351,paraphrase_variant,
Paraphrase,462,The situation requires isolate staging-db-02 from the network.,quarantine_system,quarantine_system,db_write,False,6,0.33752694725990295,0.26933592557907104,db_write;db_read;escalate_to_human;generate_report;provision_vm,0.33752695;0.31974739;0.28006825;0.27989841;0.27449369,351,paraphrase_variant,
Paraphrase,463,I'd appreciate it if you could isolate staging-db-02 from the network.,quarantine_system,quarantine_system,db_write,False,6,0.404930055141449,0.3300056457519531,db_write;db_read;generate_report;provision_vm;scan_malware,0.40493006;0.36021778;0.34334335;0.34031522;0.33030993,351,paraphrase_variant,
Paraphrase,464,Need you to isolate staging-db-02 from the network.,quarantine_system,quarantine_system,db_read,False,3,0.34814414381980896,0.27339890599250793,db_read;db_write;quarantine_system;scan_malware;provision_vm,0.34814414;0.34675911;0.27339891;0.27191746;0.26554170,351,paraphrase_variant,
Paraphrase,465,Can you pull auth-svc-04 out of production?,quarantine_system,quarantine_system,reset_password,False,3,0.3387564420700073,0.3175584375858307,reset_password;provision_vm;quarantine_system;scan_malware;generate_report,0.33875644;0.31982958;0.31755844;0.31387711;0.30454546,356,paraphrase_original,
Paraphrase,466,"Yo, pull auth-svc-04 out of production.",quarantine_system,quarantine_system,quarantine_system,True,1,0.33106815814971924,0.33106815814971924,quarantine_system;provision_vm;generate_report;log_audit_event;process_refund,0.33106816;0.32311842;0.31839973;0.31470761;0.30518278,356,paraphrase_variant,
Paraphrase,467,We request that you pull auth-svc-04 out of production.,quarantine_system,quarantine_system,quarantine_system,True,1,0.3778575360774994,0.3778575360774994,quarantine_system;log_audit_event;provision_vm;generate_report;process_refund,0.37785754;0.37332103;0.36791873;0.36740178;0.35231650,356,paraphrase_variant,
Paraphrase,468,Who can pull auth-svc-04 out of production?,quarantine_system,quarantine_system,reset_password,False,4,0.28603172302246094,0.25475236773490906,reset_password;log_audit_event;provision_vm;quarantine_system;generate_report,0.28603172;0.27559781;0.25846279;0.25475237;0.25002632,356,paraphrase_variant,
Paraphrase,469,It would help if pull auth-svc-04 out of production.,quarantine_system,quarantine_system,generate_report,False,2,0.34137335419654846,0.3401562571525574,generate_report;quarantine_system;log_audit_event;provision_vm;process_refund,0.34137335;0.34015626;0.33854020;0.33074465;0.32520083,356,paraphrase_variant,
Paraphrase,470,Could you contain payment-api-03 immediately for me?,quarantine_system,quarantine_system,generate_report,False,4,0.4305327534675598,0.41162109375,generate_report;provision_vm;create_ticket;quarantine_system;send_notification,0.43053275;0.42785978;0.41635603;0.41162109;0.40982419,362,paraphrase_original,
Paraphrase,471,"Yo, contain payment-api-03 immediately for me.",quarantine_system,quarantine_system,provision_vm,False,2,0.4063407778739929,0.3956991136074066,provision_vm;quarantine_system;send_notification;generate_report;create_ticket,0.40634078;0.39569911;0.39492348;0.39377025;0.38250294,362,paraphrase_variant,
Paraphrase,472,Would anyone be able to contain payment-api-03 immediately for me?,quarantine_system,quarantine_system,generate_report,False,5,0.41747570037841797,0.3939853608608246,generate_report;create_ticket;provision_vm;send_notification;quarantine_system,0.41747570;0.40655133;0.40558285;0.39479399;0.39398536,362,paraphrase_variant,
Paraphrase,473,Please contain payment-api-03 immediately for me.,quarantine_system,quarantine_system,create_ticket,False,4,0.4118580222129822,0.3881097137928009,create_ticket;provision_vm;generate_report;quarantine_system;send_notification,0.41185802;0.40808257;0.40077570;0.38810971;0.38621339,362,paraphrase_variant,
Paraphrase,474,What we need is for contain payment-api-03 immediately for me.,quarantine_system,quarantine_system,create_ticket,False,4,0.4174599051475525,0.394565224647522,create_ticket;generate_report;provision_vm;quarantine_system;process_refund,0.41745991;0.40886393;0.40661737;0.39456522;0.39279833,362,paraphrase_variant,
Paraphrase,475,Could you lock down cdn-edge-06 for me?,quarantine_system,quarantine_system,provision_vm,False,6,0.3648073673248291,0.2974017560482025,provision_vm;scan_malware;create_ticket;generate_report;send_notification,0.36480737;0.35943785;0.35059962;0.32305405;0.31087270,365,paraphrase_original,
Paraphrase,476,lock down cdn-edge-06 for me -- that's what needs to happen.,quarantine_system,quarantine_system,provision_vm,False,4,0.32253941893577576,0.2849181890487671,provision_vm;scan_malware;create_ticket;quarantine_system;generate_report,0.32253942;0.30941519;0.30491179;0.28491819;0.27201745,365,paraphrase_variant,
Paraphrase,477,Gonna need you to lock down cdn-edge-06 for me.,quarantine_system,quarantine_system,create_ticket,False,6,0.3191855251789093,0.26175808906555176,create_ticket;provision_vm;generate_report;scan_malware;send_notification,0.31918553;0.31208867;0.29198569;0.29023826;0.27700400,365,paraphrase_variant,
Paraphrase,478,Could someone lock down cdn-edge-06 for me?,quarantine_system,quarantine_system,create_ticket,False,7,0.3475438952445984,0.27775388956069946,create_ticket;provision_vm;scan_malware;generate_report;send_notification,0.34754390;0.34579459;0.34507516;0.32176575;0.31331393,365,paraphrase_variant,
Paraphrase,479,I'd appreciate it if you could lock down cdn-edge-06 for me.,quarantine_system,quarantine_system,provision_vm,False,6,0.38351985812187195,0.3163815438747406,provision_vm;create_ticket;generate_report;send_notification;scan_malware,0.38351986;0.37610498;0.35860857;0.35680139;0.34797096,365,paraphrase_variant,
Paraphrase,480,I need you to contain staging-db-02 immediately.,quarantine_system,quarantine_system,db_write,False,6,0.4362058937549591,0.34202197194099426,db_write;db_read;generate_report;provision_vm;send_notification,0.43620589;0.38353899;0.35753122;0.35551777;0.35014671,370,paraphrase_original,
Paraphrase,481,Is it possible to contain staging-db-02 immediately?,quarantine_system,quarantine_system,db_write,False,5,0.33575132489204407,0.22255773842334747,db_write;db_read;generate_report;provision_vm;quarantine_system,0.33575132;0.28993225;0.23857601;0.23214610;0.22255774,370,paraphrase_variant,
Paraphrase,482,Could you please contain staging-db-02 immediately.,quarantine_system,quarantine_system,db_write,False,6,0.45708152651786804,0.34900566935539246,db_write;db_read;generate_report;send_notification;provision_vm,0.45708153;0.39457899;0.39333290;0.36958420;0.36741763,370,paraphrase_variant,
Paraphrase,483,The situation requires contain staging-db-02 immediately.,quarantine_system,quarantine_system,db_write,False,5,0.4138225317001343,0.3251064717769623,db_write;db_read;generate_report;provision_vm;quarantine_system,0.41382253;0.35449994;0.34987643;0.33412522;0.32510647,370,paraphrase_variant,
Paraphrase,484,"Yo, contain staging-db-02 immediately.",quarantine_system,quarantine_system,db_write,False,6,0.41704872250556946,0.33809033036231995,db_write;generate_report;db_read;send_notification;provision_vm,0.41704872;0.36237872;0.35863870;0.35093260;0.34481043,370,paraphrase_variant,
Paraphrase,485,I need you to pull cdn-edge-06 out of production.,quarantine_system,quarantine_system,provision_vm,False,5,0.3518114984035492,0.3255787193775177,provision_vm;generate_report;db_write;send_notification;quarantine_system,0.35181150;0.33910203;0.33575138;0.32792032;0.32557872,372,paraphrase_original,
Paraphrase,486,"Hey, can you pull cdn-edge-06 out of production.",quarantine_system,quarantine_system,provision_vm,False,4,0.35730603337287903,0.3265503942966461,provision_vm;generate_report;send_notification;quarantine_system;db_write,0.35730603;0.34405991;0.32859695;0.32655039;0.32274881,372,paraphrase_variant,
Paraphrase,487,Would anyone be able to pull cdn-edge-06 out of production?,quarantine_system,quarantine_system,generate_report,False,6,0.30107444524765015,0.27016589045524597,generate_report;db_write;provision_vm;send_notification;create_ticket,0.30107445;0.29807335;0.29625228;0.28118482;0.27200595,372,paraphrase_variant,
Paraphrase,488,It would help if pull cdn-edge-06 out of production.,quarantine_system,quarantine_system,generate_report,False,5,0.27907469868659973,0.2621159255504608,generate_report;provision_vm;db_write;create_ticket;quarantine_system,0.27907470;0.27463460;0.26905921;0.26715982;0.26211593,372,paraphrase_variant,
Paraphrase,489,Would you mind pull cdn-edge-06 out of production.,quarantine_system,quarantine_system,provision_vm,False,5,0.2547115385532379,0.2249199002981186,provision_vm;db_write;generate_report;send_notification;quarantine_system,0.25471154;0.25280452;0.25191754;0.22703747;0.22491990,372,paraphrase_variant,
Paraphrase,490,We should segment ml-infer-05 from the rest of the environment.,quarantine_system,quarantine_system,send_notification,False,2,0.3500461280345917,0.3420194983482361,send_notification;quarantine_system;generate_report;provision_vm;scan_malware,0.35004613;0.34201950;0.31602699;0.30174556;0.29978681,379,paraphrase_original,
Paraphrase,491,Gonna need you to we should segment ml-infer-05 from the rest of the environment.,quarantine_system,quarantine_system,send_notification,False,3,0.426462322473526,0.41119542717933655,send_notification;generate_report;quarantine_system;provision_vm;scan_malware,0.42646232;0.41301656;0.41119543;0.38237563;0.36810854,379,paraphrase_variant,
Paraphrase,492,Kindly we should segment ml-infer-05 from the rest of the environment.,quarantine_system,quarantine_system,quarantine_system,True,1,0.3189805746078491,0.3189805746078491,quarantine_system;send_notification;scan_malware;generate_report;process_refund,0.31898057;0.31803706;0.31277034;0.29276046;0.27748662,379,paraphrase_variant,
Paraphrase,493,The situation requires we should segment ml-infer-05 from the rest of the environment.,quarantine_system,quarantine_system,send_notification,False,2,0.3657490909099579,0.34654754400253296,send_notification;quarantine_system;generate_report;provision_vm;process_refund,0.36574909;0.34654754;0.33981949;0.32317767;0.31486583,379,paraphrase_variant,
Paraphrase,494,Is it possible to we should segment ml-infer-05 from the rest of the environment?,quarantine_system,quarantine_system,send_notification,False,3,0.2835021913051605,0.2594039738178253,send_notification;scan_malware;quarantine_system;generate_report;provision_vm,0.28350219;0.26135886;0.25940397;0.24682942;0.24144706,379,paraphrase_variant,
Paraphrase,495,We should pull ml-infer-05 out of production.,quarantine_system,quarantine_system,generate_report,False,3,0.3351922035217285,0.3183693587779999,generate_report;db_write;quarantine_system;process_refund;provision_vm,0.33519220;0.33362460;0.31836936;0.30820936;0.29930738,380,paraphrase_original,
Paraphrase,496,Who can we should pull ml-infer-05 out of production?,quarantine_system,quarantine_system,db_write,False,6,0.260410338640213,0.18401871621608734,db_write;generate_report;provision_vm;process_refund;send_notification,0.26041034;0.23202986;0.20917408;0.19605529;0.19559082,380,paraphrase_variant,
Paraphrase,497,It would help if we should pull ml-infer-05 out of production.,quarantine_system,quarantine_system,db_write,False,3,0.3574073016643524,0.31859612464904785,db_write;generate_report;quarantine_system;process_refund;send_notification,0.35740730;0.35087007;0.31859612;0.31058258;0.30827838,380,paraphrase_variant,
Paraphrase,498,Do me a favor and we should pull ml-infer-05 out of production.,quarantine_system,quarantine_system,db_write,False,4,0.3198014795780182,0.27113571763038635,db_write;generate_report;provision_vm;quarantine_system;process_refund,0.31980148;0.31488755;0.27330402;0.27113572;0.27018172,380,paraphrase_variant,
Paraphrase,499,We request that you we should pull ml-infer-05 out of production.,quarantine_system,quarantine_system,generate_report,False,3,0.40012356638908386,0.3806070387363434,generate_report;db_write;quarantine_system;send_notification;process_refund,0.40012357;0.39027733;0.38060704;0.37319580;0.36318207,380,paraphrase_variant,
Paraphrase,500,We should lock down prod-web-01.,quarantine_system,quarantine_system,scan_malware,False,4,0.43967506289482117,0.3901578187942505,scan_malware;provision_vm;generate_report;quarantine_system;reset_password,0.43967506;0.39904362;0.39283082;0.39015782;0.36477065,381,paraphrase_original,
Paraphrase,501,Kindly we should lock down prod-web-01.,quarantine_system,quarantine_system,scan_malware,False,4,0.4428434371948242,0.3880405128002167,scan_malware;provision_vm;generate_report;quarantine_system;create_ticket,0.44284344;0.40398175;0.40083772;0.38804051;0.36591637,381,paraphrase_variant,
Paraphrase,502,we should lock down prod-web-01 -- that's what needs to happen.,quarantine_system,quarantine_system,scan_malware,False,3,0.4573191702365875,0.4300454556941986,scan_malware;provision_vm;quarantine_system;generate_report;process_refund,0.45731917;0.43175158;0.43004546;0.42846221;0.38846162,381,paraphrase_variant,
Paraphrase,503,Who can we should lock down prod-web-01?,quarantine_system,quarantine_system,scan_malware,False,7,0.37020343542099,0.2998087406158447,scan_malware;provision_vm;escalate_to_human;generate_report;reset_password,0.37020344;0.34344527;0.33281809;0.32556334;0.32002854,381,paraphrase_variant,
Paraphrase,504,Quick one -- we should lock down prod-web-01.,quarantine_system,quarantine_system,generate_report,False,4,0.4671398103237152,0.4378811717033386,generate_report;provision_vm;scan_malware;quarantine_system;process_refund,0.46713981;0.46423140;0.45501652;0.43788117;0.42144772,381,paraphrase_variant,
Paraphrase,505,Let's take payment-api-03 off the network.,quarantine_system,quarantine_system,provision_vm,False,2,0.3973523676395416,0.3953162133693695,provision_vm;quarantine_system;generate_report;process_refund;update_subscription,0.39735237;0.39531621;0.36698818;0.36205789;0.36193517,385,paraphrase_original,
Paraphrase,506,Would anyone be able to let's take payment-api-03 off the network?,quarantine_system,quarantine_system,provision_vm,False,2,0.43375444412231445,0.41812124848365784,provision_vm;quarantine_system;generate_report;update_subscription;send_notification,0.43375444;0.41812125;0.41557243;0.40628040;0.38978270,385,paraphrase_variant,
Paraphrase,507,It would help if let's take payment-api-03 off the network.,quarantine_system,quarantine_system,provision_vm,False,2,0.443636029958725,0.44200649857521057,provision_vm;quarantine_system;generate_report;process_refund;send_notification,0.44363603;0.44200650;0.42044017;0.41816697;0.41534263,385,paraphrase_variant,
Paraphrase,508,Could you please let's take payment-api-03 off the network.,quarantine_system,quarantine_system,provision_vm,False,2,0.465690553188324,0.45333051681518555,provision_vm;quarantine_system;generate_report;send_notification;process_refund,0.46569055;0.45333052;0.43932477;0.42758721;0.41246817,385,paraphrase_variant,
Paraphrase,509,"Hey, can you let's take payment-api-03 off the network.",quarantine_system,quarantine_system,provision_vm,False,2,0.46963995695114136,0.4544403553009033,provision_vm;quarantine_system;generate_report;update_subscription;send_notification,0.46963996;0.45444036;0.43610024;0.43290195;0.41971260,385,paraphrase_variant,
Paraphrase,510,Let's pull staging-db-02 out of production.,quarantine_system,quarantine_system,db_write,False,9,0.3747956156730652,0.22952914237976074,db_write;db_read;restart_service;generate_report;send_notification,0.37479562;0.31772986;0.26570949;0.25757387;0.24149948,388,paraphrase_original,
Paraphrase,511,Is it possible to let's pull staging-db-02 out of production?,quarantine_system,quarantine_system,db_write,False,7,0.36128512024879456,0.21019907295703888,db_write;db_read;generate_report;provision_vm;restart_service,0.36128512;0.29934740;0.24284126;0.23435542;0.21346270,388,paraphrase_variant,
Paraphrase,512,What we need is for let's pull staging-db-02 out of production.,quarantine_system,quarantine_system,db_write,False,9,0.414767324924469,0.24875415861606598,db_write;db_read;generate_report;send_notification;provision_vm,0.41476732;0.34423774;0.28539267;0.27632257;0.26205751,388,paraphrase_variant,
Paraphrase,513,"Yo, let's pull staging-db-02 out of production.",quarantine_system,quarantine_system,db_write,False,7,0.3793218433856964,0.2408687025308609,db_write;db_read;generate_report;send_notification;provision_vm,0.37932184;0.32156187;0.27853283;0.26141074;0.25585380,388,paraphrase_variant,
Paraphrase,514,We request that you let's pull staging-db-02 out of production.,quarantine_system,quarantine_system,db_write,False,6,0.4326353073120117,0.30591443181037903,db_write;db_read;generate_report;send_notification;provision_vm,0.43263531;0.35490873;0.32272026;0.31899989;0.30878210,388,paraphrase_variant,
Paraphrase,515,Let's lock down payment-api-03.,quarantine_system,quarantine_system,provision_vm,False,5,0.4072779715061188,0.3689573407173157,provision_vm;create_ticket;generate_report;process_refund;quarantine_system,0.40727797;0.40064952;0.37588713;0.37053403;0.36895734,389,paraphrase_original,
Paraphrase,516,Kindly let's lock down payment-api-03.,quarantine_system,quarantine_system,create_ticket,False,5,0.41811037063598633,0.35253486037254333,create_ticket;provision_vm;generate_report;process_refund;quarantine_system,0.41811037;0.39762723;0.37255609;0.36583337;0.35253486,389,paraphrase_variant,
Paraphrase,517,"Yo, let's lock down payment-api-03.",quarantine_system,quarantine_system,provision_vm,False,4,0.4336771070957184,0.38782981038093567,provision_vm;create_ticket;generate_report;quarantine_system;process_refund,0.43367711;0.41335887;0.40851611;0.38782981;0.38771087,389,paraphrase_variant,
Paraphrase,518,Could someone let's lock down payment-api-03?,quarantine_system,quarantine_system,create_ticket,False,4,0.40646642446517944,0.3432106673717499,create_ticket;provision_vm;generate_report;quarantine_system;escalate_to_human,0.40646642;0.39179465;0.35983136;0.34321067;0.33912733,389,paraphrase_variant,
Paraphrase,519,The situation requires let's lock down payment-api-03.,quarantine_system,quarantine_system,create_ticket,False,5,0.47731322050094604,0.4044276475906372,create_ticket;provision_vm;generate_report;process_refund;quarantine_system,0.47731322;0.45872974;0.41877407;0.41842508;0.40442765,389,paraphrase_variant,
Paraphrase,520,"When you have a moment, isolate prod-web-01 from the network.",quarantine_system,quarantine_system,quarantine_system,True,1,0.4369829595088959,0.4369829595088959,quarantine_system;scan_malware;provision_vm;generate_report;escalate_to_human,0.43698296;0.42829174;0.40831739;0.38923422;0.37330303,399,paraphrase_original,
Paraphrase,521,"Hey, can you when you have a moment, isolate prod-web-01 from the network.",quarantine_system,quarantine_system,quarantine_system,True,1,0.4742792844772339,0.4742792844772339,quarantine_system;scan_malware;provision_vm;generate_report;send_notification,0.47427928;0.47364360;0.46336824;0.45549953;0.42845586,399,paraphrase_variant,
Paraphrase,522,"What we need is for when you have a moment, isolate prod-web-01 from the network.",quarantine_system,quarantine_system,quarantine_system,True,1,0.43158626556396484,0.43158626556396484,quarantine_system;scan_malware;generate_report;provision_vm;escalate_to_human,0.43158627;0.41577753;0.40954515;0.40421802;0.37932834,399,paraphrase_variant,
Paraphrase,523,"Is it possible to when you have a moment, isolate prod-web-01 from the network?",quarantine_system,quarantine_system,scan_malware,False,2,0.4189375340938568,0.41461509466171265,scan_malware;quarantine_system;provision_vm;generate_report;escalate_to_human,0.41893753;0.41461509;0.39197361;0.38340601;0.37938589,399,paraphrase_variant,
Paraphrase,524,"I'd appreciate it if you could when you have a moment, isolate prod-web-01 from the network.",quarantine_system,quarantine_system,provision_vm,False,2,0.48010626435279846,0.4800722599029541,provision_vm;quarantine_system;generate_report;scan_malware;send_notification,0.48010626;0.48007226;0.47408265;0.47153437;0.45171154,399,paraphrase_variant,
Paraphrase,525,"When you have a moment, take ml-infer-05 off the network.",quarantine_system,quarantine_system,quarantine_system,True,1,0.3311893045902252,0.3311893045902252,quarantine_system;scan_malware;generate_report;send_notification;provision_vm,0.33118930;0.29808474;0.29400063;0.29382828;0.28245893,401,paraphrase_original,
Paraphrase,526,"I'd appreciate it if you could when you have a moment, take ml-infer-05 off the network.",quarantine_system,quarantine_system,generate_report,False,2,0.4467456042766571,0.43922415375709534,generate_report;quarantine_system;send_notification;provision_vm;scan_malware,0.44674560;0.43922415;0.43728477;0.42200142;0.41250283,401,paraphrase_variant,
Paraphrase,527,"Hey, can you when you have a moment, take ml-infer-05 off the network.",quarantine_system,quarantine_system,quarantine_system,True,1,0.4092665910720825,0.4092665910720825,quarantine_system;generate_report;scan_malware;provision_vm;send_notification,0.40926659;0.40609109;0.40111321;0.38461903;0.38343924,401,paraphrase_variant,
Paraphrase,528,"The situation requires when you have a moment, take ml-infer-05 off the network.",quarantine_system,quarantine_system,quarantine_system,True,1,0.35520610213279724,0.35520610213279724,quarantine_system;generate_report;send_notification;provision_vm;process_refund,0.35520610;0.33748713;0.32660204;0.31718361;0.30818060,401,paraphrase_variant,
Paraphrase,529,"Who can when you have a moment, take ml-infer-05 off the network?",quarantine_system,quarantine_system,generate_report,False,2,0.3064359426498413,0.2956361472606659,generate_report;quarantine_system;send_notification;provision_vm;scan_malware,0.30643594;0.29563615;0.29344183;0.29025650;0.28942066,401,paraphrase_variant,
Paraphrase,530,scan prod-web-01 for suspicious artifacts.,scan_malware,scan_malware,scan_malware,True,1,0.40030890703201294,0.40030890703201294,scan_malware;quarantine_system;log_audit_event;escalate_to_human;provision_vm,0.40030891;0.27939701;0.22742669;0.22154310;0.21369529,408,paraphrase_original,
Paraphrase,531,I'd appreciate it if you could scan prod-web-01 for suspicious artifacts.,scan_malware,scan_malware,scan_malware,True,1,0.4602988660335541,0.4602988660335541,scan_malware;quarantine_system;log_audit_event;generate_report;provision_vm,0.46029887;0.35565656;0.32969770;0.32446185;0.30702615,408,paraphrase_variant,
Paraphrase,532,Do me a favor and scan prod-web-01 for suspicious artifacts.,scan_malware,scan_malware,scan_malware,True,1,0.41679131984710693,0.41679131984710693,scan_malware;quarantine_system;log_audit_event;generate_report;provision_vm,0.41679132;0.27888694;0.25300500;0.24346128;0.23918706,408,paraphrase_variant,
Paraphrase,533,It would help if scan prod-web-01 for suspicious artifacts.,scan_malware,scan_malware,scan_malware,True,1,0.4493652284145355,0.4493652284145355,scan_malware;quarantine_system;log_audit_event;generate_report;provision_vm,0.44936523;0.34155652;0.29029542;0.27997029;0.27630097,408,paraphrase_variant,
Paraphrase,534,Is it possible to scan prod-web-01 for suspicious artifacts?,scan_malware,scan_malware,scan_malware,True,1,0.3893638551235199,0.3893638551235199,scan_malware;quarantine_system;escalate_to_human;log_audit_event;provision_vm,0.38936386;0.25990087;0.23051475;0.22502895;0.19948477,408,paraphrase_variant,
Paraphrase,535,Please inspect ml-infer-05 for malware activity.,scan_malware,scan_malware,scan_malware,True,1,0.5263069868087769,0.5263069868087769,scan_malware;quarantine_system;log_audit_event;provision_vm;generate_report,0.52630699;0.36840779;0.34674752;0.30301547;0.29106817,413,paraphrase_original,
Paraphrase,536,It would help if inspect ml-infer-05 for malware activity.,scan_malware,scan_malware,scan_malware,True,1,0.5131922364234924,0.5131922364234924,scan_malware;quarantine_system;log_audit_event;provision_vm;generate_report,0.51319224;0.37757912;0.35970187;0.30457395;0.30369127,413,paraphrase_variant,
Paraphrase,537,Would anyone be able to inspect ml-infer-05 for malware activity?,scan_malware,scan_malware,scan_malware,True,1,0.48938584327697754,0.48938584327697754,scan_malware;log_audit_event;quarantine_system;generate_report;provision_vm,0.48938584;0.34739718;0.32389119;0.27196446;0.25901932,413,paraphrase_variant,
Paraphrase,538,We request that you inspect ml-infer-05 for malware activity.,scan_malware,scan_malware,scan_malware,True,1,0.5280988216400146,0.5280988216400146,scan_malware;quarantine_system;log_audit_event;provision_vm;generate_report,0.52809882;0.39992288;0.38690874;0.32864287;0.32785183,413,paraphrase_variant,
Paraphrase,539,Gonna need you to inspect ml-infer-05 for malware activity.,scan_malware,scan_malware,scan_malware,True,1,0.5439674258232117,0.5439674258232117,scan_malware;quarantine_system;log_audit_event;provision_vm;generate_report,0.54396743;0.40180901;0.36392528;0.34276444;0.34055865,413,paraphrase_variant,
Paraphrase,540,Please run an IOC check against staging-db-02.,scan_malware,scan_malware,db_write,False,9,0.35493892431259155,0.2097383588552475,db_write;db_read;check_status;restart_service;send_notification,0.35493892;0.30009645;0.25440097;0.25172409;0.23622057,417,paraphrase_original,
Paraphrase,541,Could you please run an ioc check against staging-db-02.,scan_malware,scan_malware,db_write,False,9,0.3491325080394745,0.20282918214797974,db_write;db_read;check_status;generate_report;send_notification,0.34913251;0.29110342;0.25298142;0.23503606;0.23365885,417,paraphrase_variant,
Paraphrase,542,What we need is for run an ioc check against staging-db-02.,scan_malware,scan_malware,db_write,False,8,0.305399626493454,0.16340824961662292,db_write;db_read;check_status;send_notification;quarantine_system,0.30539963;0.26746407;0.23600058;0.20189938;0.19493799,417,paraphrase_variant,
Paraphrase,543,Is it possible to run an ioc check against staging-db-02?,scan_malware,scan_malware,db_write,False,7,0.2674526870250702,0.12924335896968842,db_write;db_read;check_status;restart_service;send_notification,0.26745269;0.22498067;0.17210230;0.15934153;0.13620113,417,paraphrase_variant,
Paraphrase,544,Need you to run an ioc check against staging-db-02.,scan_malware,scan_malware,db_write,False,10,0.3562997877597809,0.19585590064525604,db_write;db_read;check_status;restart_service;quarantine_system,0.35629979;0.31492254;0.26788452;0.24698296;0.23476820,417,paraphrase_variant,
Paraphrase,545,Can you run an IOC check against cdn-edge-06?,scan_malware,scan_malware,send_notification,False,4,0.3017326295375824,0.271709680557251,send_notification;quarantine_system;check_status;scan_malware;provision_vm,0.30173263;0.30153409;0.28848076;0.27170968;0.26864716,425,paraphrase_original,
Paraphrase,546,Could someone run an ioc check against cdn-edge-06?,scan_malware,scan_malware,send_notification,False,9,0.30058205127716064,0.2434154748916626,send_notification;escalate_to_human;quarantine_system;generate_report;check_status,0.30058205;0.28732643;0.28206271;0.27162021;0.26945513,425,paraphrase_variant,
Paraphrase,547,Could you please run an ioc check against cdn-edge-06.,scan_malware,scan_malware,send_notification,False,10,0.32400307059288025,0.26336413621902466,send_notification;quarantine_system;check_status;generate_report;create_ticket,0.32400307;0.30245695;0.29465070;0.29203746;0.28194240,425,paraphrase_variant,
Paraphrase,548,Need you to run an ioc check against cdn-edge-06.,scan_malware,scan_malware,quarantine_system,False,8,0.3309606611728668,0.2779152989387512,quarantine_system;send_notification;check_status;provision_vm;create_ticket,0.33096066;0.32936978;0.32190496;0.29833743;0.29093426,425,paraphrase_variant,
Paraphrase,549,What we need is for run an ioc check against cdn-edge-06.,scan_malware,scan_malware,send_notification,False,10,0.3007621765136719,0.22951002418994904,send_notification;quarantine_system;check_status;generate_report;provision_vm,0.30076218;0.28936309;0.28359762;0.24991339;0.24915384,425,paraphrase_variant,
Paraphrase,550,Could you scan payment-api-03 for malicious files for me?,scan_malware,scan_malware,scan_malware,True,1,0.45518356561660767,0.45518356561660767,scan_malware;quarantine_system;log_audit_event;provision_vm;escalate_to_human,0.45518357;0.28096414;0.25418568;0.23788451;0.22758619,427,paraphrase_original,
Paraphrase,551,Quick one -- scan payment-api-03 for malicious files for me.,scan_malware,scan_malware,scan_malware,True,1,0.42339909076690674,0.42339909076690674,scan_malware;quarantine_system;provision_vm;escalate_to_human;log_audit_event,0.42339909;0.27994481;0.25734016;0.25616640;0.24412028,427,paraphrase_variant,
Paraphrase,552,Would anyone be able to scan payment-api-03 for malicious files for me?,scan_malware,scan_malware,scan_malware,True,1,0.4576471447944641,0.4576471447944641,scan_malware;quarantine_system;log_audit_event;escalate_to_human;provision_vm,0.45764714;0.28304282;0.27137467;0.23785572;0.23447980,427,paraphrase_variant,
Paraphrase,553,It would help if scan payment-api-03 for malicious files for me.,scan_malware,scan_malware,scan_malware,True,1,0.46746179461479187,0.46746179461479187,scan_malware;quarantine_system;log_audit_event;provision_vm;escalate_to_human,0.46746179;0.31354704;0.26784366;0.26655599;0.24188222,427,paraphrase_variant,
Paraphrase,554,Would you mind scan payment-api-03 for malicious files for me.,scan_malware,scan_malware,scan_malware,True,1,0.4610138237476349,0.4610138237476349,scan_malware;quarantine_system;log_audit_event;provision_vm;escalate_to_human,0.46101382;0.28983217;0.26582137;0.25111777;0.23540452,427,paraphrase_variant,
Paraphrase,555,I need you to scan auth-svc-04 for malicious files.,scan_malware,scan_malware,scan_malware,True,1,0.4114079177379608,0.4114079177379608,scan_malware;quarantine_system;reset_password;log_audit_event;provision_vm,0.41140792;0.23847641;0.22478044;0.22313949;0.19116634,435,paraphrase_original,
Paraphrase,556,It would help if scan auth-svc-04 for malicious files.,scan_malware,scan_malware,scan_malware,True,1,0.41966745257377625,0.41966745257377625,scan_malware;quarantine_system;reset_password;log_audit_event;provision_vm,0.41966745;0.24278915;0.22337921;0.22232929;0.19109707,435,paraphrase_variant,
Paraphrase,557,Could someone scan auth-svc-04 for malicious files?,scan_malware,scan_malware,scan_malware,True,1,0.3799360692501068,0.3799360692501068,scan_malware;reset_password;quarantine_system;log_audit_event;escalate_to_human,0.37993607;0.20951924;0.17741367;0.17483400;0.17307100,435,paraphrase_variant,
Paraphrase,558,Could you please scan auth-svc-04 for malicious files.,scan_malware,scan_malware,scan_malware,True,1,0.41173091530799866,0.41173091530799866,scan_malware;reset_password;quarantine_system;log_audit_event;escalate_to_human,0.41173092;0.21711580;0.20736974;0.20343441;0.17113011,435,paraphrase_variant,
Paraphrase,559,"Yo, scan auth-svc-04 for malicious files.",scan_malware,scan_malware,scan_malware,True,1,0.3943594992160797,0.3943594992160797,scan_malware;quarantine_system;reset_password;log_audit_event;escalate_to_human,0.39435950;0.20402226;0.20171115;0.18913658;0.17044410,435,paraphrase_variant,
Paraphrase,560,I need you to check ml-infer-05 for indicators of compromise.,scan_malware,scan_malware,log_audit_event,False,9,0.40539202094078064,0.3074215054512024,log_audit_event;send_notification;generate_report;quarantine_system;check_status,0.40539202;0.37121952;0.36083797;0.35407123;0.35175636,436,paraphrase_original,
Paraphrase,561,Would anyone be able to check ml-infer-05 for indicators of compromise?,scan_malware,scan_malware,log_audit_event,False,6,0.3566276729106903,0.2631826400756836,log_audit_event;send_notification;generate_report;check_status;quarantine_system,0.35662767;0.32692987;0.30449432;0.30086625;0.28223425,436,paraphrase_variant,
Paraphrase,562,"Hey, can you check ml-infer-05 for indicators of compromise.",scan_malware,scan_malware,log_audit_event,False,8,0.42911800742149353,0.3403245210647583,log_audit_event;send_notification;generate_report;quarantine_system;check_status,0.42911801;0.40039116;0.38522944;0.37616056;0.36733535,436,paraphrase_variant,
Paraphrase,563,I'd appreciate it if you could check ml-infer-05 for indicators of compromise.,scan_malware,scan_malware,log_audit_event,False,9,0.4250151216983795,0.30043885111808777,log_audit_event;send_notification;generate_report;check_status;quarantine_system,0.42501512;0.38459995;0.37212971;0.36648139;0.35542706,436,paraphrase_variant,
Paraphrase,564,What we need is for check ml-infer-05 for indicators of compromise.,scan_malware,scan_malware,log_audit_event,False,11,0.3149581551551819,0.17460408806800842,log_audit_event;check_status;send_notification;generate_report;quarantine_system,0.31495816;0.29064378;0.28693444;0.24972840;0.23868217,436,paraphrase_variant,
Paraphrase,565,I need you to perform a threat scan on auth-svc-04.,scan_malware,scan_malware,scan_malware,True,1,0.39356788992881775,0.39356788992881775,scan_malware;quarantine_system;log_audit_event;provision_vm;reset_password,0.39356789;0.26121926;0.23750229;0.22767156;0.22547616,438,paraphrase_original,
Paraphrase,566,"Yo, perform a threat scan on auth-svc-04.",scan_malware,scan_malware,scan_malware,True,1,0.4144386649131775,0.4144386649131775,scan_malware;quarantine_system;reset_password;provision_vm;log_audit_event,0.41443866;0.26033488;0.23012489;0.22674789;0.22542824,438,paraphrase_variant,
Paraphrase,567,Would anyone be able to perform a threat scan on auth-svc-04?,scan_malware,scan_malware,scan_malware,True,1,0.3788231611251831,0.3788231611251831,scan_malware;escalate_to_human;quarantine_system;log_audit_event;reset_password,0.37882316;0.22559987;0.22065014;0.21597764;0.19364305,438,paraphrase_variant,
Paraphrase,568,perform a threat scan on auth-svc-04 -- that's what needs to happen.,scan_malware,scan_malware,scan_malware,True,1,0.3924896717071533,0.3924896717071533,scan_malware;quarantine_system;reset_password;log_audit_event;provision_vm,0.39248967;0.23878771;0.21284744;0.19696359;0.19268584,438,paraphrase_variant,
Paraphrase,569,We request that you perform a threat scan on auth-svc-04.,scan_malware,scan_malware,scan_malware,True,1,0.4033094346523285,0.4033094346523285,scan_malware;quarantine_system;log_audit_event;provision_vm;escalate_to_human,0.40330943;0.27938083;0.26889765;0.23479159;0.23165348,438,paraphrase_variant,
Paraphrase,570,I need you to run an IOC check against prod-web-01.,scan_malware,scan_malware,quarantine_system,False,2,0.43256062269210815,0.39494046568870544,quarantine_system;scan_malware;process_refund;generate_report;send_notification,0.43256062;0.39494047;0.38986218;0.38967037;0.38529614,441,paraphrase_original,
Paraphrase,571,The situation requires run an ioc check against prod-web-01.,scan_malware,scan_malware,quarantine_system,False,4,0.4376111924648285,0.3910978138446808,quarantine_system;process_refund;generate_report;scan_malware;provision_vm,0.43761119;0.40102264;0.39331880;0.39109781;0.38859737,441,paraphrase_variant,
Paraphrase,572,Would you mind run an ioc check against prod-web-01.,scan_malware,scan_malware,scan_malware,True,1,0.41415831446647644,0.41415831446647644,scan_malware;quarantine_system;generate_report;send_notification;process_refund,0.41415831;0.41186866;0.38402739;0.36801714;0.36533612,441,paraphrase_variant,
Paraphrase,573,"Yo, run an ioc check against prod-web-01.",scan_malware,scan_malware,quarantine_system,False,2,0.4332922101020813,0.4225667119026184,quarantine_system;scan_malware;generate_report;process_refund;provision_vm,0.43329221;0.42256671;0.38374060;0.38239604;0.38131881,441,paraphrase_variant,
Paraphrase,574,Could someone run an ioc check against prod-web-01?,scan_malware,scan_malware,quarantine_system,False,3,0.3998282849788666,0.3739027976989746,quarantine_system;generate_report;scan_malware;log_audit_event;send_notification,0.39982828;0.37972370;0.37390280;0.36126572;0.36122236,441,paraphrase_variant,
Paraphrase,575,We should scan cdn-edge-06 for malicious files.,scan_malware,scan_malware,scan_malware,True,1,0.38480502367019653,0.38480502367019653,scan_malware;quarantine_system;provision_vm;escalate_to_human;generate_report,0.38480502;0.22028773;0.19209579;0.18961358;0.16638142,443,paraphrase_original,
Paraphrase,576,Who can we should scan cdn-edge-06 for malicious files?,scan_malware,scan_malware,scan_malware,True,1,0.31739452481269836,0.31739452481269836,scan_malware;escalate_to_human;quarantine_system;provision_vm;send_notification,0.31739452;0.18893085;0.12988171;0.12150206;0.10616232,443,paraphrase_variant,
Paraphrase,577,"Hey, can you we should scan cdn-edge-06 for malicious files.",scan_malware,scan_malware,scan_malware,True,1,0.4370401203632355,0.4370401203632355,scan_malware;quarantine_system;provision_vm;escalate_to_human;generate_report,0.43704012;0.27249026;0.24693394;0.24170309;0.23995394,443,paraphrase_variant,
Paraphrase,578,Could you please we should scan cdn-edge-06 for malicious files.,scan_malware,scan_malware,scan_malware,True,1,0.4410336911678314,0.4410336911678314,scan_malware;quarantine_system;provision_vm;escalate_to_human;generate_report,0.44103369;0.26295450;0.23370600;0.22933143;0.22276291,443,paraphrase_variant,
Paraphrase,579,The situation requires we should scan cdn-edge-06 for malicious files.,scan_malware,scan_malware,scan_malware,True,1,0.39827051758766174,0.39827051758766174,scan_malware;quarantine_system;escalate_to_human;provision_vm;generate_report,0.39827052;0.25524530;0.25313053;0.23379405;0.20611417,443,paraphrase_variant,
Paraphrase,580,Let's perform a threat scan on payment-api-03.,scan_malware,scan_malware,scan_malware,True,1,0.4126362204551697,0.4126362204551697,scan_malware;quarantine_system;escalate_to_human;provision_vm;log_audit_event,0.41263622;0.32048503;0.28921333;0.28884184;0.27009699,454,paraphrase_original,
Paraphrase,581,Need you to let's perform a threat scan on payment-api-03.,scan_malware,scan_malware,scan_malware,True,1,0.4473864734172821,0.4473864734172821,scan_malware;quarantine_system;provision_vm;escalate_to_human;send_notification,0.44738647;0.37199047;0.33960694;0.32611239;0.31088170,454,paraphrase_variant,
Paraphrase,582,I'd appreciate it if you could let's perform a threat scan on payment-api-03.,scan_malware,scan_malware,scan_malware,True,1,0.46310093998908997,0.46310093998908997,scan_malware;quarantine_system;provision_vm;send_notification;log_audit_event,0.46310094;0.38843262;0.35927182;0.34776005;0.34759125,454,paraphrase_variant,
Paraphrase,583,let's perform a threat scan on payment-api-03 -- that's what needs to happen.,scan_malware,scan_malware,scan_malware,True,1,0.42170506715774536,0.42170506715774536,scan_malware;quarantine_system;provision_vm;escalate_to_human;log_audit_event,0.42170507;0.34132549;0.30215216;0.30195397;0.27131218,454,paraphrase_variant,
Paraphrase,584,Would anyone be able to let's perform a threat scan on payment-api-03?,scan_malware,scan_malware,scan_malware,True,1,0.4258910119533539,0.4258910119533539,scan_malware;escalate_to_human;quarantine_system;provision_vm;send_notification,0.42589101;0.32320607;0.32136095;0.29323453;0.27719086,454,paraphrase_variant,
Paraphrase,585,Let's sweep payment-api-03 for infections.,scan_malware,scan_malware,escalate_to_human,False,3,0.26679354906082153,0.20513775944709778,escalate_to_human;quarantine_system;scan_malware;provision_vm;log_audit_event,0.26679355;0.20869857;0.20513776;0.20213360;0.18547027,455,paraphrase_original,
Paraphrase,586,Do me a favor and let's sweep payment-api-03 for infections.,scan_malware,scan_malware,escalate_to_human,False,2,0.2196001261472702,0.2114109843969345,escalate_to_human;scan_malware;provision_vm;create_ticket;quarantine_system,0.21960013;0.21141098;0.18989389;0.17970112;0.17828603,455,paraphrase_variant,
Paraphrase,587,Would anyone be able to let's sweep payment-api-03 for infections?,scan_malware,scan_malware,scan_malware,True,1,0.3127947151660919,0.3127947151660919,scan_malware;escalate_to_human;quarantine_system;provision_vm;generate_report,0.31279472;0.28841129;0.25968227;0.25625935;0.23697869,455,paraphrase_variant,
Paraphrase,588,The situation requires let's sweep payment-api-03 for infections.,scan_malware,scan_malware,escalate_to_human,False,5,0.3485184609889984,0.23338308930397034,escalate_to_human;provision_vm;quarantine_system;create_ticket;scan_malware,0.34851846;0.26220462;0.26118290;0.25434092;0.23338309,455,paraphrase_variant,
Paraphrase,589,Kindly let's sweep payment-api-03 for infections.,scan_malware,scan_malware,escalate_to_human,False,2,0.26844897866249084,0.2301810085773468,escalate_to_human;scan_malware;quarantine_system;provision_vm;log_audit_event,0.26844898;0.23018101;0.20312396;0.19816105;0.18648690,455,paraphrase_variant,
Paraphrase,590,Kindly check staging-db-02 for indicators of compromise.,scan_malware,scan_malware,db_write,False,12,0.28649193048477173,0.16894978284835815,db_write;db_read;log_audit_event;check_status;send_notification,0.28649193;0.27597409;0.27442831;0.27060929;0.23563612,460,paraphrase_original,
Paraphrase,591,Gonna need you to check staging-db-02 for indicators of compromise.,scan_malware,scan_malware,db_write,False,12,0.35670456290245056,0.23624831438064575,db_write;db_read;check_status;send_notification;log_audit_event,0.35670456;0.34842220;0.34671369;0.34255806;0.32882470,460,paraphrase_variant,
Paraphrase,592,Who can check staging-db-02 for indicators of compromise?,scan_malware,scan_malware,check_status,False,12,0.2512301504611969,0.1082080751657486,check_status;db_read;send_notification;db_write;log_audit_event,0.25123015;0.23743063;0.22884639;0.22510155;0.22199623,460,paraphrase_variant,
Paraphrase,593,Could you please check staging-db-02 for indicators of compromise.,scan_malware,scan_malware,db_write,False,12,0.33200621604919434,0.2122916877269745,db_write;check_status;db_read;log_audit_event;send_notification,0.33200622;0.32623175;0.31702513;0.31449836;0.30236027,460,paraphrase_variant,
Paraphrase,594,The situation requires check staging-db-02 for indicators of compromise.,scan_malware,scan_malware,db_write,False,12,0.3206435441970825,0.16361680626869202,db_write;check_status;db_read;send_notification;escalate_to_human,0.32064354;0.31660819;0.31590775;0.30447966;0.28098661,460,paraphrase_variant,
Paraphrase,595,Kindly sweep payment-api-03 for infections.,scan_malware,scan_malware,escalate_to_human,False,2,0.18216083943843842,0.16633917391300201,escalate_to_human;scan_malware;quarantine_system;create_ticket;log_audit_event,0.18216084;0.16633917;0.11307258;0.10677937;0.10231004,463,paraphrase_original,
Paraphrase,596,Would anyone be able to sweep payment-api-03 for infections?,scan_malware,scan_malware,scan_malware,True,1,0.30762678384780884,0.30762678384780884,scan_malware;escalate_to_human;quarantine_system;provision_vm;generate_report,0.30762678;0.26209393;0.22692224;0.21081859;0.19142118,463,paraphrase_variant,
Paraphrase,597,sweep payment-api-03 for infections -- that's what needs to happen.,scan_malware,scan_malware,escalate_to_human,False,3,0.26491302251815796,0.24326235055923462,escalate_to_human;quarantine_system;scan_malware;provision_vm;log_audit_event,0.26491302;0.25217664;0.24326235;0.22315307;0.20737883,463,paraphrase_variant,
Paraphrase,598,I'd appreciate it if you could sweep payment-api-03 for infections.,scan_malware,scan_malware,scan_malware,True,1,0.3458346426486969,0.3458346426486969,scan_malware;quarantine_system;escalate_to_human;provision_vm;generate_report,0.34583464;0.30560642;0.30471310;0.29525146;0.27755439,463,paraphrase_variant,
Paraphrase,599,Gonna need you to sweep payment-api-03 for infections.,scan_malware,scan_malware,scan_malware,True,1,0.2657598555088043,0.2657598555088043,scan_malware;escalate_to_human;quarantine_system;provision_vm;generate_report,0.26575986;0.24788980;0.23475702;0.21376070;0.19463734,463,paraphrase_variant,
Paraphrase,600,Kindly run an IOC check against auth-svc-04.,scan_malware,scan_malware,quarantine_system,False,2,0.20934584736824036,0.20902195572853088,quarantine_system;scan_malware;log_audit_event;restart_service;check_status,0.20934585;0.20902196;0.20898323;0.20718773;0.17879345,465,paraphrase_original,
Paraphrase,601,Would you mind run an ioc check against auth-svc-04.,scan_malware,scan_malware,scan_malware,True,1,0.30621156096458435,0.30621156096458435,scan_malware;quarantine_system;log_audit_event;process_refund;generate_report,0.30621156;0.28577441;0.25536910;0.22998179;0.22582304,465,paraphrase_variant,
Paraphrase,602,Need you to run an ioc check against auth-svc-04.,scan_malware,scan_malware,quarantine_system,False,5,0.24368689954280853,0.21666771173477173,quarantine_system;log_audit_event;restart_service;check_status;scan_malware,0.24368690;0.23058671;0.22289106;0.21815312;0.21666771,465,paraphrase_variant,
Paraphrase,603,Is it possible to run an ioc check against auth-svc-04?,scan_malware,scan_malware,log_audit_event,False,3,0.1931484490633011,0.17956353724002838,log_audit_event;quarantine_system;scan_malware;restart_service;reset_password,0.19314845;0.18491794;0.17956354;0.16041788;0.14379469,465,paraphrase_variant,
Paraphrase,604,It would help if run an ioc check against auth-svc-04.,scan_malware,scan_malware,quarantine_system,False,2,0.26142212748527527,0.2535277009010315,quarantine_system;scan_malware;log_audit_event;restart_service;process_refund,0.26142213;0.25352770;0.24767052;0.24417937;0.22347845,465,paraphrase_variant,
Paraphrase,605,Please create the analytics report for Engineering.,generate_report,generate_report,generate_report,True,1,0.4038648009300232,0.4038648009300232,generate_report;db_write;process_refund;provision_vm;log_audit_event,0.40386480;0.40314227;0.40232611;0.39089441;0.39026916,479,paraphrase_original,
Paraphrase,606,Is it possible to create the analytics report for engineering?,generate_report,generate_report,db_write,False,2,0.3668384253978729,0.3283335268497467,db_write;generate_report;provision_vm;send_notification;db_read,0.36683843;0.32833353;0.32098690;0.30751902;0.30698434,479,paraphrase_variant,
Paraphrase,607,create the analytics report for engineering -- that's what needs to happen.,generate_report,generate_report,db_write,False,2,0.387813538312912,0.38498127460479736,db_write;generate_report;quarantine_system;send_notification;process_refund,0.38781354;0.38498127;0.37580633;0.36939669;0.36889836,479,paraphrase_variant,
Paraphrase,608,"Hey, can you create the analytics report for engineering.",generate_report,generate_report,generate_report,True,1,0.45576950907707214,0.45576950907707214,generate_report;db_write;provision_vm;process_refund;send_notification,0.45576951;0.44405761;0.43321401;0.42951035;0.42301175,479,paraphrase_variant,
Paraphrase,609,Kindly create the analytics report for engineering.,generate_report,generate_report,db_write,False,3,0.3612576127052307,0.3490048944950104,db_write;process_refund;generate_report;log_audit_event;provision_vm,0.36125761;0.35685897;0.34900489;0.34614682;0.33747491,479,paraphrase_variant,
Paraphrase,610,Please put together a performance summary for Engineering.,generate_report,generate_report,process_refund,False,3,0.43262019753456116,0.4116290211677551,process_refund;quarantine_system;generate_report;provision_vm;send_notification,0.43262020;0.41529876;0.41162902;0.39576501;0.38887161,481,paraphrase_original,
Paraphrase,611,I'd appreciate it if you could put together a performance summary for engineering.,generate_report,generate_report,generate_report,True,1,0.47260159254074097,0.47260159254074097,generate_report;process_refund;quarantine_system;send_notification;provision_vm,0.47260159;0.46748716;0.45078066;0.44438201;0.43464655,481,paraphrase_variant,
Paraphrase,612,Is it possible to put together a performance summary for engineering?,generate_report,generate_report,generate_report,True,1,0.3977054953575134,0.3977054953575134,generate_report;process_refund;send_notification;create_ticket;quarantine_system,0.39770550;0.39450532;0.38866347;0.38658357;0.37602872,481,paraphrase_variant,
Paraphrase,613,put together a performance summary for engineering -- that's what needs to happen.,generate_report,generate_report,quarantine_system,False,2,0.4449745714664459,0.44496870040893555,quarantine_system;generate_report;process_refund;send_notification;provision_vm,0.44497457;0.44496870;0.43981123;0.43577251;0.41607356,481,paraphrase_variant,
Paraphrase,614,Need you to put together a performance summary for engineering.,generate_report,generate_report,process_refund,False,2,0.46432843804359436,0.4536542296409607,process_refund;generate_report;quarantine_system;send_notification;provision_vm,0.46432844;0.45365423;0.43805370;0.43196607;0.42546052,481,paraphrase_variant,
Paraphrase,615,Can you draft a metrics report for Marketing?,generate_report,generate_report,db_write,False,5,0.3512652814388275,0.31613248586654663,db_write;send_notification;process_refund;provision_vm;generate_report,0.35126528;0.34632370;0.33707762;0.32007700;0.31613249,492,paraphrase_original,
Paraphrase,616,Is it possible to draft a metrics report for marketing?,generate_report,generate_report,db_write,False,4,0.32626232504844666,0.2821088433265686,db_write;send_notification;process_refund;generate_report;provision_vm,0.32626233;0.30312437;0.29800695;0.28210884;0.27906328,492,paraphrase_variant,
Paraphrase,617,Do me a favor and draft a metrics report for marketing.,generate_report,generate_report,process_refund,False,3,0.3080635666847229,0.2657492160797119,process_refund;send_notification;generate_report;quarantine_system;provision_vm,0.30806357;0.27256444;0.26574922;0.26225236;0.25956923,492,paraphrase_variant,
Paraphrase,618,draft a metrics report for marketing -- that's what needs to happen.,generate_report,generate_report,process_refund,False,4,0.35927510261535645,0.3309045433998108,process_refund;send_notification;quarantine_system;generate_report;provision_vm,0.35927510;0.34063011;0.33965144;0.33090454;0.30774087,492,paraphrase_variant,
Paraphrase,619,We request that you draft a metrics report for marketing.,generate_report,generate_report,send_notification,False,4,0.3892016112804413,0.3516966700553894,send_notification;process_refund;quarantine_system;generate_report;db_write,0.38920161;0.37889332;0.35524178;0.35169667;0.33561516,492,paraphrase_variant,
Paraphrase,620,Could you generate a diagnostics report for payment-api-03 for me?,generate_report,generate_report,create_ticket,False,5,0.3658137321472168,0.3281860947608948,create_ticket;log_audit_event;check_status;send_notification;generate_report,0.36581373;0.35731506;0.34601387;0.33003151;0.32818609,493,paraphrase_original,
Paraphrase,621,Quick one -- generate a diagnostics report for payment-api-03 for me.,generate_report,generate_report,create_ticket,False,4,0.3655017614364624,0.3293122947216034,create_ticket;check_status;log_audit_event;generate_report;send_notification,0.36550176;0.34574413;0.33813286;0.32931229;0.32861972,493,paraphrase_variant,
Paraphrase,622,Kindly generate a diagnostics report for payment-api-03 for me.,generate_report,generate_report,create_ticket,False,6,0.3323608934879303,0.27273520827293396,create_ticket;log_audit_event;check_status;process_refund;quarantine_system,0.33236089;0.31559965;0.30520400;0.28258052;0.27991742,493,paraphrase_variant,
Paraphrase,623,Is it possible to generate a diagnostics report for payment-api-03 for me?,generate_report,generate_report,create_ticket,False,6,0.32913053035736084,0.2689094543457031,create_ticket;log_audit_event;check_status;send_notification;quarantine_system,0.32913053;0.30375481;0.29817989;0.27266449;0.26970258,493,paraphrase_variant,
Paraphrase,624,generate a diagnostics report for payment-api-03 for me -- that's what needs to happen.,generate_report,generate_report,check_status,False,6,0.3270423114299774,0.29742011427879333,check_status;log_audit_event;quarantine_system;create_ticket;send_notification,0.32704231;0.32580739;0.32445985;0.32391918;0.31866381,493,paraphrase_variant,
Paraphrase,625,Could you compile a summary for Engineering for me?,generate_report,generate_report,generate_report,True,1,0.4726039469242096,0.4726039469242096,generate_report;provision_vm;create_ticket;send_notification;process_refund,0.47260395;0.45338327;0.44715670;0.44340152;0.41849300,494,paraphrase_original,
Paraphrase,626,Would anyone be able to compile a summary for engineering for me?,generate_report,generate_report,generate_report,True,1,0.4701014757156372,0.4701014757156372,generate_report;create_ticket;send_notification;provision_vm;process_refund,0.47010148;0.44806182;0.44077566;0.43491748;0.39326027,494,paraphrase_variant,
Paraphrase,627,What we need is for compile a summary for engineering for me.,generate_report,generate_report,generate_report,True,1,0.4553906321525574,0.4553906321525574,generate_report;create_ticket;send_notification;provision_vm;process_refund,0.45539063;0.43602809;0.43453819;0.43417296;0.40640837,494,paraphrase_variant,
Paraphrase,628,I'd appreciate it if you could compile a summary for engineering for me.,generate_report,generate_report,generate_report,True,1,0.5333999395370483,0.5333999395370483,generate_report;send_notification;provision_vm;process_refund;quarantine_system,0.53339994;0.50473595;0.49834585;0.49685344;0.48932609,494,paraphrase_variant,
Paraphrase,629,Gonna need you to compile a summary for engineering for me.,generate_report,generate_report,generate_report,True,1,0.5287114977836609,0.5287114977836609,generate_report;provision_vm;send_notification;create_ticket;quarantine_system,0.52871150;0.50786048;0.49939933;0.48968062;0.47646543,494,paraphrase_variant,
Paraphrase,630,Could you create the analytics report for Marketing for me?,generate_report,generate_report,db_read,False,4,0.3623946011066437,0.3438494801521301,db_read;db_write;send_notification;generate_report;provision_vm,0.36239460;0.36106935;0.34969321;0.34384948;0.32707724,495,paraphrase_original,
Paraphrase,631,Would you mind create the analytics report for marketing for me.,generate_report,generate_report,db_write,False,2,0.35714012384414673,0.3568477928638458,db_write;generate_report;send_notification;process_refund;db_read,0.35714012;0.35684779;0.33987796;0.33674270;0.33183914,495,paraphrase_variant,
Paraphrase,632,The situation requires create the analytics report for marketing for me.,generate_report,generate_report,generate_report,True,1,0.4167081415653229,0.4167081415653229,generate_report;send_notification;process_refund;provision_vm;db_write,0.41670814;0.40750453;0.40659732;0.40359521;0.40272388,495,paraphrase_variant,
Paraphrase,633,Quick one -- create the analytics report for marketing for me.,generate_report,generate_report,generate_report,True,1,0.4052203893661499,0.4052203893661499,generate_report;process_refund;send_notification;db_write;provision_vm,0.40522039;0.40097126;0.39142406;0.38643217;0.36733395,495,paraphrase_variant,
Paraphrase,634,Is it possible to create the analytics report for marketing for me?,generate_report,generate_report,db_read,False,4,0.3159586191177368,0.26327112317085266,db_read;db_write;send_notification;generate_report;provision_vm,0.31595862;0.31146371;0.27836466;0.26327112;0.25864866,495,paraphrase_variant,
Paraphrase,635,I need you to produce a compliance report for Finance.,generate_report,generate_report,create_ticket,False,3,0.3803250789642334,0.3227718770503998,create_ticket;db_write;generate_report;provision_vm;process_refund,0.38032508;0.34410655;0.32277188;0.29892629;0.29836106,504,paraphrase_original,
Paraphrase,636,produce a compliance report for finance -- that's what needs to happen.,generate_report,generate_report,create_ticket,False,2,0.38866785168647766,0.30906954407691956,create_ticket;generate_report;db_write;provision_vm;log_audit_event,0.38866785;0.30906954;0.30362874;0.28715810;0.28620553,504,paraphrase_variant,
Paraphrase,637,"Yo, produce a compliance report for finance.",generate_report,generate_report,create_ticket,False,2,0.3622569143772125,0.3160264492034912,create_ticket;generate_report;provision_vm;db_write;process_refund,0.36225691;0.31602645;0.30888769;0.30885184;0.30765259,504,paraphrase_variant,
Paraphrase,638,Please produce a compliance report for finance.,generate_report,generate_report,create_ticket,False,3,0.3612506687641144,0.30209118127822876,create_ticket;db_write;generate_report;log_audit_event;process_refund,0.36125067;0.31978288;0.30209118;0.29395637;0.28825426,504,paraphrase_variant,
Paraphrase,639,Would anyone be able to produce a compliance report for finance?,generate_report,generate_report,create_ticket,False,3,0.36154186725616455,0.3194192945957184,create_ticket;db_write;generate_report;log_audit_event;db_read,0.36154187;0.35090724;0.31941929;0.31207982;0.29032919,504,paraphrase_variant,
Paraphrase,640,I need you to prepare the reporting bundle for Engineering.,generate_report,generate_report,generate_report,True,1,0.4067140817642212,0.4067140817642212,generate_report;send_notification;provision_vm;db_write;create_ticket,0.40671408;0.38439715;0.37990478;0.37979996;0.37295055,507,paraphrase_original,
Paraphrase,641,Please prepare the reporting bundle for engineering.,generate_report,generate_report,generate_report,True,1,0.342759907245636,0.342759907245636,generate_report;quarantine_system;provision_vm;process_refund;send_notification,0.34275991;0.33030054;0.32696712;0.32619610;0.32505620,507,paraphrase_variant,
Paraphrase,642,"Hey, can you prepare the reporting bundle for engineering.",generate_report,generate_report,generate_report,True,1,0.4149888753890991,0.4149888753890991,generate_report;provision_vm;send_notification;quarantine_system;process_refund,0.41498888;0.39499876;0.38404185;0.37455174;0.37003651,507,paraphrase_variant,
Paraphrase,643,Who can prepare the reporting bundle for engineering?,generate_report,generate_report,create_ticket,False,3,0.25339773297309875,0.22973598539829254,create_ticket;send_notification;generate_report;provision_vm;process_refund,0.25339773;0.23677477;0.22973599;0.22923189;0.21194220,507,paraphrase_variant,
Paraphrase,644,The situation requires prepare the reporting bundle for engineering.,generate_report,generate_report,create_ticket,False,2,0.356865257024765,0.34390416741371155,create_ticket;generate_report;provision_vm;process_refund;send_notification,0.35686526;0.34390417;0.33030409;0.32667285;0.32331136,507,paraphrase_variant,
Paraphrase,645,Let's prepare the reporting bundle for HR.,generate_report,generate_report,generate_report,True,1,0.2927568554878235,0.2927568554878235,generate_report;check_status;process_refund;send_notification;update_subscription,0.29275686;0.27517331;0.27090001;0.26212591;0.25284293,523,paraphrase_original,
Paraphrase,646,Would you mind let's prepare the reporting bundle for hr.,generate_report,generate_report,generate_report,True,1,0.35124483704566956,0.35124483704566956,generate_report;create_ticket;send_notification;provision_vm;process_refund,0.35124484;0.31266010;0.30660740;0.29759517;0.29625589,523,paraphrase_variant,
Paraphrase,647,It would help if let's prepare the reporting bundle for hr.,generate_report,generate_report,generate_report,True,1,0.4006451964378357,0.4006451964378357,generate_report;create_ticket;send_notification;process_refund;check_status,0.40064520;0.37614459;0.36823142;0.35660267;0.35128203,523,paraphrase_variant,
Paraphrase,648,Gonna need you to let's prepare the reporting bundle for hr.,generate_report,generate_report,generate_report,True,1,0.34050101041793823,0.34050101041793823,generate_report;check_status;process_refund;send_notification;create_ticket,0.34050101;0.30479312;0.30392951;0.30358315;0.30295464,523,paraphrase_variant,
Paraphrase,649,Could someone let's prepare the reporting bundle for hr?,generate_report,generate_report,generate_report,True,1,0.30026674270629883,0.30026674270629883,generate_report;check_status;send_notification;create_ticket;process_refund,0.30026674;0.27518430;0.27229348;0.27028158;0.24912329,523,paraphrase_variant,
Paraphrase,650,Kindly prepare the reporting bundle for HR.,generate_report,generate_report,check_status,False,3,0.29572203755378723,0.28514569997787476,check_status;process_refund;generate_report;send_notification;quarantine_system,0.29572204;0.29145071;0.28514570;0.26903257;0.24430875,531,paraphrase_original,
Paraphrase,651,Please prepare the reporting bundle for hr.,generate_report,generate_report,generate_report,True,1,0.3342054486274719,0.3342054486274719,generate_report;process_refund;check_status;send_notification;quarantine_system,0.33420545;0.31769180;0.31085601;0.30320024;0.28750020,531,paraphrase_variant,
Paraphrase,652,Would anyone be able to prepare the reporting bundle for hr?,generate_report,generate_report,generate_report,True,1,0.35056623816490173,0.35056623816490173,generate_report;send_notification;check_status;create_ticket;db_write,0.35056624;0.31650710;0.30918288;0.30409434;0.28601816,531,paraphrase_variant,
Paraphrase,653,prepare the reporting bundle for hr -- that's what needs to happen.,generate_report,generate_report,generate_report,True,1,0.32927072048187256,0.32927072048187256,generate_report;send_notification;check_status;process_refund;create_ticket,0.32927072;0.30973214;0.30438158;0.30110165;0.29951969,531,paraphrase_variant,
Paraphrase,654,Gonna need you to prepare the reporting bundle for hr.,generate_report,generate_report,generate_report,True,1,0.326529324054718,0.326529324054718,generate_report;check_status;process_refund;send_notification;create_ticket,0.32652932;0.30353963;0.29210892;0.28453562;0.28412983,531,paraphrase_variant,
Paraphrase,655,process the refund for Charlie.,process_refund,process_refund,create_ticket,False,5,0.28998568654060364,0.2530980706214905,create_ticket;escalate_to_human;provision_vm;quarantine_system;process_refund,0.28998569;0.27510899;0.26914984;0.26307189;0.25309807,537,paraphrase_original,
Paraphrase,656,Please process the refund for charlie.,process_refund,process_refund,create_ticket,False,4,0.31144577264785767,0.29044732451438904,create_ticket;quarantine_system;provision_vm;process_refund;escalate_to_human,0.31144577;0.30255291;0.30071476;0.29044732;0.28910804,537,paraphrase_variant,
Paraphrase,657,Could someone process the refund for charlie?,process_refund,process_refund,create_ticket,False,6,0.3261623978614807,0.26751095056533813,create_ticket;escalate_to_human;provision_vm;generate_report;quarantine_system,0.32616240;0.31101826;0.29662865;0.29125023;0.27782637,537,paraphrase_variant,
Paraphrase,658,The situation requires process the refund for charlie.,process_refund,process_refund,create_ticket,False,4,0.3551832437515259,0.3056556284427643,create_ticket;escalate_to_human;provision_vm;process_refund;quarantine_system,0.35518324;0.33777970;0.30706802;0.30565563;0.29999346,537,paraphrase_variant,
Paraphrase,659,Do me a favor and process the refund for charlie.,process_refund,process_refund,create_ticket,False,5,0.3081683814525604,0.23775358498096466,create_ticket;provision_vm;escalate_to_human;quarantine_system;process_refund,0.30816838;0.25973934;0.25386268;0.23810436;0.23775358,537,paraphrase_variant,
Paraphrase,660,reverse the payment for Charlie.,process_refund,process_refund,escalate_to_human,False,7,0.31575191020965576,0.2080402970314026,escalate_to_human;provision_vm;create_ticket;quarantine_system;generate_report,0.31575191;0.27875990;0.27449369;0.26208872;0.21771094,540,paraphrase_original,
Paraphrase,661,Could someone reverse the payment for charlie?,process_refund,process_refund,escalate_to_human,False,9,0.3487301766872406,0.21259373426437378,escalate_to_human;create_ticket;provision_vm;quarantine_system;generate_report,0.34873018;0.29537421;0.29414865;0.26591685;0.25055856,540,paraphrase_variant,
Paraphrase,662,reverse the payment for charlie -- that's what needs to happen.,process_refund,process_refund,escalate_to_human,False,7,0.36223137378692627,0.26259124279022217,escalate_to_human;create_ticket;provision_vm;quarantine_system;generate_report,0.36223137;0.33889654;0.33204260;0.31852308;0.28665951,540,paraphrase_variant,
Paraphrase,663,I'd appreciate it if you could reverse the payment for charlie.,process_refund,process_refund,provision_vm,False,8,0.38247326016426086,0.3068064749240875,provision_vm;generate_report;escalate_to_human;quarantine_system;create_ticket,0.38247326;0.35891649;0.35537675;0.35279024;0.35067776,540,paraphrase_variant,
Paraphrase,664,Quick one -- reverse the payment for charlie.,process_refund,process_refund,escalate_to_human,False,8,0.3449983596801758,0.25298061966896057,escalate_to_human;create_ticket;provision_vm;quarantine_system;generate_report,0.34499836;0.32890096;0.31539783;0.29022944;0.28389129,540,paraphrase_variant,
Paraphrase,665,send Eve a payout reversal.,process_refund,process_refund,escalate_to_human,False,9,0.3089078664779663,0.1533145159482956,escalate_to_human;send_notification;provision_vm;generate_report;quarantine_system,0.30890787;0.22455086;0.21711533;0.21307801;0.19016559,541,paraphrase_original,
Paraphrase,666,Would you mind send eve a payout reversal.,process_refund,process_refund,escalate_to_human,False,9,0.30594882369041443,0.17344820499420166,escalate_to_human;generate_report;provision_vm;send_notification;quarantine_system,0.30594882;0.25601041;0.24113128;0.23240814;0.20860989,541,paraphrase_variant,
Paraphrase,667,send eve a payout reversal -- that's what needs to happen.,process_refund,process_refund,escalate_to_human,False,8,0.35321882367134094,0.20969411730766296,escalate_to_human;generate_report;send_notification;provision_vm;quarantine_system,0.35321882;0.27715868;0.27577442;0.26110178;0.25573391,541,paraphrase_variant,
Paraphrase,668,Is it possible to send eve a payout reversal?,process_refund,process_refund,escalate_to_human,False,10,0.35219353437423706,0.19722026586532593,escalate_to_human;generate_report;provision_vm;send_notification;create_ticket,0.35219353;0.27061221;0.26130816;0.25762832;0.24890445,541,paraphrase_variant,
Paraphrase,669,"Hey, can you send eve a payout reversal.",process_refund,process_refund,escalate_to_human,False,9,0.3845335841178894,0.23388174176216125,escalate_to_human;generate_report;send_notification;provision_vm;quarantine_system,0.38453358;0.31644320;0.30686346;0.30463159;0.26978338,541,paraphrase_variant,
Paraphrase,670,put the refund through for Bob.,process_refund,process_refund,escalate_to_human,False,5,0.29970303177833557,0.19766461849212646,escalate_to_human;create_ticket;provision_vm;generate_report;process_refund,0.29970303;0.29747277;0.25959423;0.20799090;0.19766462,543,paraphrase_original,
Paraphrase,671,Need you to put the refund through for bob.,process_refund,process_refund,create_ticket,False,5,0.36333519220352173,0.2804142236709595,create_ticket;escalate_to_human;provision_vm;generate_report;process_refund,0.36333519;0.34170604;0.31992230;0.31193590;0.28041422,543,paraphrase_variant,
Paraphrase,672,Would anyone be able to put the refund through for bob?,process_refund,process_refund,create_ticket,False,7,0.3473012447357178,0.2472199648618698,create_ticket;escalate_to_human;provision_vm;generate_report;send_notification,0.34730124;0.34542358;0.31999856;0.31031343;0.26375040,543,paraphrase_variant,
Paraphrase,673,Could you please put the refund through for bob.,process_refund,process_refund,create_ticket,False,5,0.36384502053260803,0.272616982460022,create_ticket;escalate_to_human;provision_vm;generate_report;process_refund,0.36384502;0.35160547;0.32987267;0.31552655;0.27261698,543,paraphrase_variant,
Paraphrase,674,It would help if put the refund through for bob.,process_refund,process_refund,create_ticket,False,5,0.3364453613758087,0.24153892695903778,create_ticket;escalate_to_human;provision_vm;generate_report;process_refund,0.33644536;0.29640099;0.27417901;0.25756347;0.24153893,543,paraphrase_variant,
Paraphrase,675,Please return the money to Frank.,process_refund,process_refund,create_ticket,False,9,0.29354214668273926,0.20500189065933228,create_ticket;escalate_to_human;provision_vm;update_subscription;quarantine_system,0.29354215;0.28133774;0.27573887;0.24375501;0.22790003,546,paraphrase_original,
Paraphrase,676,Gonna need you to return the money to frank.,process_refund,process_refund,create_ticket,False,8,0.29255038499832153,0.1981450468301773,create_ticket;escalate_to_human;provision_vm;quarantine_system;generate_report,0.29255038;0.27617362;0.25959176;0.22991420;0.22467625,546,paraphrase_variant,
Paraphrase,677,It would help if return the money to frank.,process_refund,process_refund,create_ticket,False,6,0.37291404604911804,0.2533162832260132,create_ticket;escalate_to_human;provision_vm;generate_report;quarantine_system,0.37291405;0.33446601;0.31504184;0.27772102;0.26548216,546,paraphrase_variant,
Paraphrase,678,Please return the money to frank.,process_refund,process_refund,create_ticket,False,9,0.29354214668273926,0.20500189065933228,create_ticket;escalate_to_human;provision_vm;update_subscription;quarantine_system,0.29354215;0.28133774;0.27573887;0.24375501;0.22790003,546,paraphrase_variant,
Paraphrase,679,Could someone return the money to frank?,process_refund,process_refund,escalate_to_human,False,8,0.32318323850631714,0.18139652907848358,escalate_to_human;create_ticket;provision_vm;update_subscription;generate_report,0.32318324;0.30534124;0.26448208;0.22547029;0.22527581,546,paraphrase_variant,
Paraphrase,680,Please issue the refund linked to #60122.,process_refund,process_refund,create_ticket,False,4,0.4732438325881958,0.39592012763023376,create_ticket;provision_vm;generate_report;process_refund;escalate_to_human,0.47324383;0.44559723;0.40001822;0.39592013;0.36099547,547,paraphrase_original,
Paraphrase,681,We request that you issue the refund linked to #60122.,process_refund,process_refund,create_ticket,False,4,0.4933120310306549,0.40436920523643494,create_ticket;provision_vm;generate_report;process_refund;send_notification,0.49331203;0.44058725;0.40614974;0.40436921;0.37341341,547,paraphrase_variant,
Paraphrase,682,The situation requires issue the refund linked to #60122.,process_refund,process_refund,create_ticket,False,3,0.5042110085487366,0.4098476469516754,create_ticket;provision_vm;process_refund;generate_report;escalate_to_human,0.50421101;0.44145352;0.40984765;0.40349981;0.39019290,547,paraphrase_variant,
Paraphrase,683,"Yo, issue the refund linked to #60122.",process_refund,process_refund,create_ticket,False,4,0.4625501036643982,0.39405885338783264,create_ticket;provision_vm;generate_report;process_refund;send_notification,0.46255010;0.44615546;0.40262362;0.39405885;0.36194226,547,paraphrase_variant,
Paraphrase,684,Is it possible to issue the refund linked to #60122?,process_refund,process_refund,create_ticket,False,4,0.4473220109939575,0.3370329439640045,create_ticket;provision_vm;generate_report;process_refund;db_write,0.44732201;0.40181094;0.35436818;0.33703294;0.33322811,547,paraphrase_variant,
Paraphrase,685,Could you reverse the payment for Diana for me?,process_refund,process_refund,escalate_to_human,False,9,0.36899298429489136,0.2685222327709198,escalate_to_human;provision_vm;generate_report;create_ticket;db_write,0.36899298;0.35096553;0.33724287;0.33260673;0.33001831,564,paraphrase_original,
Paraphrase,686,We request that you reverse the payment for diana for me.,process_refund,process_refund,escalate_to_human,False,8,0.3578055202960968,0.25901827216148376,escalate_to_human;provision_vm;create_ticket;generate_report;db_write,0.35780552;0.32578546;0.31975424;0.31906649;0.31044757,564,paraphrase_variant,
Paraphrase,687,"Yo, reverse the payment for diana for me.",process_refund,process_refund,escalate_to_human,False,9,0.3153707683086395,0.2203398495912552,escalate_to_human;provision_vm;generate_report;db_write;create_ticket,0.31537077;0.29072723;0.27671471;0.27248687;0.26582786,564,paraphrase_variant,
Paraphrase,688,The situation requires reverse the payment for diana for me.,process_refund,process_refund,escalate_to_human,False,8,0.4092414677143097,0.2799246311187744,escalate_to_human;create_ticket;provision_vm;generate_report;db_write,0.40924147;0.37287620;0.35160780;0.32059455;0.30339646,564,paraphrase_variant,
Paraphrase,689,Who can reverse the payment for diana for me?,process_refund,process_refund,escalate_to_human,False,9,0.32791605591773987,0.18591120839118958,escalate_to_human;create_ticket;provision_vm;generate_report;db_write,0.32791606;0.28246439;0.25433862;0.23598270;0.22235000,564,paraphrase_variant,
Paraphrase,690,I need you to put the refund through for Eve.,process_refund,process_refund,db_write,False,7,0.39311712980270386,0.2999884784221649,db_write;generate_report;escalate_to_human;provision_vm;create_ticket,0.39311713;0.37058100;0.36300144;0.36151868;0.32838875,575,paraphrase_original,
Paraphrase,691,The situation requires put the refund through for eve.,process_refund,process_refund,escalate_to_human,False,6,0.37461426854133606,0.28553909063339233,escalate_to_human;create_ticket;provision_vm;db_write;generate_report,0.37461427;0.33051601;0.32884699;0.31957710;0.31403577,575,paraphrase_variant,
Paraphrase,692,"Yo, put the refund through for eve.",process_refund,process_refund,provision_vm,False,8,0.3151158392429352,0.24180655181407928,provision_vm;db_write;escalate_to_human;generate_report;create_ticket,0.31511584;0.31339169;0.31263930;0.29760173;0.25956035,575,paraphrase_variant,
Paraphrase,693,Would anyone be able to put the refund through for eve?,process_refund,process_refund,db_write,False,9,0.38116663694381714,0.28274160623550415,db_write;generate_report;escalate_to_human;provision_vm;create_ticket,0.38116664;0.38013047;0.36524341;0.36257374;0.32244071,575,paraphrase_variant,
Paraphrase,694,I'd appreciate it if you could put the refund through for eve.,process_refund,process_refund,db_write,False,7,0.38960328698158264,0.3034566640853882,db_write;generate_report;provision_vm;escalate_to_human;create_ticket,0.38960329;0.37234396;0.36022672;0.33426523;0.31754512,575,paraphrase_variant,
Paraphrase,695,We should refund transaction #60122.,process_refund,process_refund,provision_vm,False,4,0.3266047239303589,0.2968663275241852,provision_vm;create_ticket;generate_report;process_refund;update_subscription,0.32660472;0.31138140;0.30406010;0.29686633;0.28846535,576,paraphrase_original,
Paraphrase,696,What we need is for we should refund transaction #60122.,process_refund,process_refund,create_ticket,False,5,0.3540399372577667,0.32117223739624023,create_ticket;db_write;generate_report;provision_vm;process_refund,0.35403994;0.35250205;0.33927801;0.33853552;0.32117224,576,paraphrase_variant,
Paraphrase,697,Could you please we should refund transaction #60122.,process_refund,process_refund,provision_vm,False,4,0.3903626799583435,0.3517923653125763,provision_vm;generate_report;create_ticket;process_refund;send_notification,0.39036268;0.38249484;0.37156677;0.35179237;0.33383754,576,paraphrase_variant,
Paraphrase,698,Need you to we should refund transaction #60122.,process_refund,process_refund,generate_report,False,4,0.3905488848686218,0.36501380801200867,generate_report;provision_vm;create_ticket;process_refund;db_write,0.39054888;0.38439795;0.37580326;0.36501381;0.36305997,576,paraphrase_variant,
Paraphrase,699,Would anyone be able to we should refund transaction #60122?,process_refund,process_refund,create_ticket,False,5,0.3679616153240204,0.3065491318702698,create_ticket;provision_vm;generate_report;db_write;process_refund,0.36796162;0.36439052;0.35874540;0.31002533;0.30654913,576,paraphrase_variant,
Paraphrase,700,We should reverse the charge tied to #60122.,process_refund,process_refund,provision_vm,False,6,0.41742780804634094,0.3510352075099945,provision_vm;escalate_to_human;generate_report;quarantine_system;send_notification,0.41742781;0.37421978;0.36401820;0.36214709;0.35244352,577,paraphrase_original,
Paraphrase,701,Is it possible to we should reverse the charge tied to #60122?,process_refund,process_refund,provision_vm,False,7,0.3954586982727051,0.30488860607147217,provision_vm;escalate_to_human;create_ticket;quarantine_system;generate_report,0.39545870;0.38141105;0.33188951;0.32627374;0.32294625,577,paraphrase_variant,
Paraphrase,702,We request that you we should reverse the charge tied to #60122.,process_refund,process_refund,provision_vm,False,7,0.4385681748390198,0.3841257393360138,provision_vm;escalate_to_human;send_notification;generate_report;quarantine_system,0.43856817;0.40221679;0.39812106;0.39709049;0.39606145,577,paraphrase_variant,
Paraphrase,703,What we need is for we should reverse the charge tied to #60122.,process_refund,process_refund,provision_vm,False,7,0.41711199283599854,0.3488505482673645,provision_vm;escalate_to_human;generate_report;create_ticket;send_notification,0.41711199;0.37390184;0.36615944;0.36246213;0.35715362,577,paraphrase_variant,
Paraphrase,704,Need you to we should reverse the charge tied to #60122.,process_refund,process_refund,provision_vm,False,7,0.4583130478858948,0.3933367431163788,provision_vm;generate_report;escalate_to_human;send_notification;quarantine_system,0.45831305;0.42430532;0.41617927;0.41155809;0.40682492,577,paraphrase_variant,
Paraphrase,705,We should return the money to Eve.,process_refund,process_refund,db_write,False,9,0.10983726382255554,0.05023544654250145,db_write;restart_service;escalate_to_human;generate_report;provision_vm,0.10983726;0.10598888;0.08685874;0.07578180;0.07555623,578,paraphrase_original,
Paraphrase,706,Gonna need you to we should return the money to eve.,process_refund,process_refund,generate_report,False,11,0.1430818885564804,0.08620753884315491,generate_report;db_write;escalate_to_human;check_status;quarantine_system,0.14308189;0.14106736;0.12768662;0.11425298;0.11400004,578,paraphrase_variant,
Paraphrase,707,Is it possible to we should return the money to eve?,process_refund,process_refund,escalate_to_human,False,9,0.16792653501033783,0.08422599732875824,escalate_to_human;db_write;provision_vm;generate_report;quarantine_system,0.16792654;0.15759765;0.13692383;0.13491279;0.11405434,578,paraphrase_variant,
Paraphrase,708,we should return the money to eve -- that's what needs to happen.,process_refund,process_refund,db_write,False,8,0.1944134682416916,0.13513880968093872,db_write;escalate_to_human;generate_report;provision_vm;quarantine_system,0.19441347;0.18794636;0.17453302;0.16328856;0.16264518,578,paraphrase_variant,
Paraphrase,709,We request that you we should return the money to eve.,process_refund,process_refund,db_write,False,12,0.1509469449520111,0.10084810107946396,db_write;escalate_to_human;log_audit_event;generate_report;quarantine_system,0.15094694;0.14972346;0.13866992;0.13523763;0.13314591,578,paraphrase_variant,
Paraphrase,710,Let's process the refund for Bob.,process_refund,process_refund,restart_service,False,3,0.2752620279788971,0.23599761724472046,restart_service;create_ticket;process_refund;escalate_to_human;provision_vm,0.27526203;0.26852679;0.23599762;0.23575480;0.22544864,585,paraphrase_original,
Paraphrase,711,Could you please let's process the refund for bob.,process_refund,process_refund,create_ticket,False,4,0.35203227400779724,0.2967703640460968,create_ticket;escalate_to_human;provision_vm;process_refund;generate_report,0.35203227;0.31884775;0.30405122;0.29677036;0.29381290,585,paraphrase_variant,
Paraphrase,712,What we need is for let's process the refund for bob.,process_refund,process_refund,create_ticket,False,3,0.3492015600204468,0.27550286054611206,create_ticket;escalate_to_human;process_refund;provision_vm;restart_service,0.34920156;0.28855339;0.27550286;0.27213261;0.27196664,585,paraphrase_variant,
Paraphrase,713,Who can let's process the refund for bob?,process_refund,process_refund,create_ticket,False,4,0.3045072853565216,0.20836961269378662,create_ticket;escalate_to_human;provision_vm;process_refund;generate_report,0.30450729;0.28862748;0.22087102;0.20836961;0.19178361,585,paraphrase_variant,
Paraphrase,714,"Yo, let's process the refund for bob.",process_refund,process_refund,create_ticket,False,3,0.272245854139328,0.2356593906879425,create_ticket;restart_service;process_refund;escalate_to_human;provision_vm,0.27224585;0.26298675;0.23565939;0.23381476;0.23185788,585,paraphrase_variant,
Paraphrase,715,Let's process a refund for #20891.,process_refund,process_refund,create_ticket,False,3,0.44052574038505554,0.38762885332107544,create_ticket;provision_vm;process_refund;generate_report;escalate_to_human,0.44052574;0.39964727;0.38762885;0.38729411;0.34572873,586,paraphrase_original,
Paraphrase,716,"Hey, can you let's process a refund for #20891.",process_refund,process_refund,create_ticket,False,4,0.48898813128471375,0.41647079586982727,create_ticket;provision_vm;generate_report;process_refund;escalate_to_human,0.48898813;0.45354545;0.44016898;0.41647080;0.39528614,586,paraphrase_variant,
Paraphrase,717,Would you mind let's process a refund for #20891.,process_refund,process_refund,create_ticket,False,4,0.46713435649871826,0.39784732460975647,create_ticket;provision_vm;generate_report;process_refund;escalate_to_human,0.46713436;0.42423400;0.41866761;0.39784732;0.36672366,586,paraphrase_variant,
Paraphrase,718,Who can let's process a refund for #20891?,process_refund,process_refund,create_ticket,False,5,0.43703582882881165,0.3214317560195923,create_ticket;escalate_to_human;provision_vm;generate_report;process_refund,0.43703583;0.37286246;0.34929663;0.33217543;0.32143176,586,paraphrase_variant,
Paraphrase,719,What we need is for let's process a refund for #20891.,process_refund,process_refund,create_ticket,False,4,0.47515928745269775,0.3889588713645935,create_ticket;generate_report;provision_vm;process_refund;db_write,0.47515929;0.40490118;0.39913043;0.38895887;0.37786955,586,paraphrase_variant,
Paraphrase,720,Let's send Alice a payout reversal.,process_refund,process_refund,escalate_to_human,False,8,0.41055136919021606,0.19542033970355988,escalate_to_human;create_ticket;provision_vm;send_notification;generate_report,0.41055137;0.28067994;0.26199678;0.24922499;0.24798146,589,paraphrase_original,
Paraphrase,721,Could someone let's send alice a payout reversal?,process_refund,process_refund,escalate_to_human,False,8,0.43269985914230347,0.203303262591362,escalate_to_human;create_ticket;provision_vm;generate_report;send_notification,0.43269986;0.32370543;0.28033644;0.26546887;0.26294315,589,paraphrase_variant,
Paraphrase,722,let's send alice a payout reversal -- that's what needs to happen.,process_refund,process_refund,escalate_to_human,False,7,0.4502769112586975,0.24613715708255768,escalate_to_human;create_ticket;provision_vm;generate_report;send_notification,0.45027691;0.32641751;0.30256060;0.29956785;0.29331762,589,paraphrase_variant,
Paraphrase,723,We request that you let's send alice a payout reversal.,process_refund,process_refund,escalate_to_human,False,8,0.42410808801651,0.23385746777057648,escalate_to_human;create_ticket;send_notification;provision_vm;generate_report,0.42410809;0.32791778;0.29195169;0.28783414;0.27300709,589,paraphrase_variant,
Paraphrase,724,"Hey, can you let's send alice a payout reversal.",process_refund,process_refund,escalate_to_human,False,8,0.4562796950340271,0.2487356960773468,escalate_to_human;create_ticket;provision_vm;generate_report;send_notification,0.45627970;0.33547667;0.32482123;0.30843794;0.30401605,589,paraphrase_variant,
Paraphrase,725,Let's undo the charge associated with #20891.,process_refund,process_refund,provision_vm,False,4,0.4780998229980469,0.4397106468677521,provision_vm;create_ticket;generate_report;process_refund;update_subscription,0.47809982;0.46677980;0.44680339;0.43971065;0.41266567,590,paraphrase_original,
Paraphrase,726,It would help if let's undo the charge associated with #20891.,process_refund,process_refund,create_ticket,False,4,0.5238563418388367,0.47477415204048157,create_ticket;provision_vm;generate_report;process_refund;send_notification,0.52385634;0.51598471;0.49177718;0.47477415;0.43293890,590,paraphrase_variant,
Paraphrase,727,I'd appreciate it if you could let's undo the charge associated with #20891.,process_refund,process_refund,provision_vm,False,4,0.5414616465568542,0.48381608724594116,provision_vm;create_ticket;generate_report;process_refund;send_notification,0.54146165;0.51865566;0.51014334;0.48381609;0.46407375,590,paraphrase_variant,
Paraphrase,728,Would anyone be able to let's undo the charge associated with #20891?,process_refund,process_refund,provision_vm,False,4,0.5211390852928162,0.4538615942001343,provision_vm;create_ticket;generate_report;process_refund;update_subscription,0.52113909;0.51190251;0.49100241;0.45386159;0.44682258,590,paraphrase_variant,
Paraphrase,729,Quick one -- let's undo the charge associated with #20891.,process_refund,process_refund,provision_vm,False,4,0.5301012396812439,0.4869742691516876,provision_vm;create_ticket;generate_report;process_refund;send_notification,0.53010124;0.52343583;0.50740600;0.48697427;0.44330013,590,paraphrase_variant,
Paraphrase,730,Kindly process the refund for Grace.,process_refund,process_refund,create_ticket,False,5,0.26552513241767883,0.21859586238861084,create_ticket;escalate_to_human;restart_service;provision_vm;process_refund,0.26552513;0.24019673;0.22402033;0.22041778;0.21859586,593,paraphrase_original,
Paraphrase,731,The situation requires process the refund for grace.,process_refund,process_refund,create_ticket,False,4,0.3115852177143097,0.2319200187921524,create_ticket;escalate_to_human;provision_vm;process_refund;restart_service,0.31158522;0.28641444;0.23932889;0.23192002;0.19958782,593,paraphrase_variant,
Paraphrase,732,Is it possible to process the refund for grace?,process_refund,process_refund,create_ticket,False,5,0.24225682020187378,0.16576607525348663,create_ticket;provision_vm;log_audit_event;escalate_to_human;process_refund,0.24225682;0.19689204;0.18463583;0.18382217;0.16576608,593,paraphrase_variant,
Paraphrase,733,Do me a favor and process the refund for grace.,process_refund,process_refund,create_ticket,False,4,0.2540016770362854,0.15006287395954132,create_ticket;provision_vm;escalate_to_human;process_refund;restart_service,0.25400168;0.17877759;0.17070016;0.15006287;0.14238772,593,paraphrase_variant,
Paraphrase,734,We request that you process the refund for grace.,process_refund,process_refund,create_ticket,False,4,0.26243340969085693,0.21749261021614075,create_ticket;provision_vm;log_audit_event;process_refund;escalate_to_human,0.26243341;0.23415008;0.23273331;0.21749261;0.21323593,593,paraphrase_variant,
Paraphrase,735,Kindly put the refund through for Bob.,process_refund,process_refund,create_ticket,False,5,0.34065788984298706,0.2551143169403076,create_ticket;escalate_to_human;provision_vm;generate_report;process_refund,0.34065789;0.33045906;0.29145628;0.26554450;0.25511432,599,paraphrase_original,
Paraphrase,736,What we need is for put the refund through for bob.,process_refund,process_refund,create_ticket,False,5,0.342233270406723,0.2529923617839813,create_ticket;escalate_to_human;provision_vm;generate_report;process_refund,0.34223327;0.31198853;0.29167408;0.27424484;0.25299236,599,paraphrase_variant,
Paraphrase,737,"Yo, put the refund through for bob.",process_refund,process_refund,create_ticket,False,6,0.3012138307094574,0.21898098289966583,create_ticket;escalate_to_human;provision_vm;generate_report;quarantine_system,0.30121383;0.29890695;0.27927190;0.24710578;0.22276402,599,paraphrase_variant,
Paraphrase,738,Who can put the refund through for bob?,process_refund,process_refund,escalate_to_human,False,5,0.311742901802063,0.1729499250650406,escalate_to_human;create_ticket;provision_vm;generate_report;process_refund,0.31174290;0.29570025;0.23152401;0.19919127;0.17294993,599,paraphrase_variant,
Paraphrase,739,Could you please put the refund through for bob.,process_refund,process_refund,create_ticket,False,5,0.36384502053260803,0.272616982460022,create_ticket;escalate_to_human;provision_vm;generate_report;process_refund,0.36384502;0.35160547;0.32987267;0.31552655;0.27261698,599,paraphrase_variant,
Paraphrase,740,update Diana's subscription plan.,update_subscription,update_subscription,update_subscription,True,1,0.4416656792163849,0.4416656792163849,update_subscription;provision_vm;generate_report;process_refund;create_ticket,0.44166568;0.21628633;0.19456124;0.17376144;0.15726545,603,paraphrase_original,
Paraphrase,741,"Yo, update diana's subscription plan.",update_subscription,update_subscription,update_subscription,True,1,0.4576946496963501,0.4576946496963501,update_subscription;provision_vm;generate_report;process_refund;send_notification,0.45769465;0.26128623;0.24511033;0.21114078;0.20783502,603,paraphrase_variant,
Paraphrase,742,Could someone update diana's subscription plan?,update_subscription,update_subscription,update_subscription,True,1,0.4865333139896393,0.4865333139896393,update_subscription;generate_report;provision_vm;send_notification;process_refund,0.48653331;0.27492815;0.27048621;0.22726651;0.21982925,603,paraphrase_variant,
Paraphrase,743,Could you please update diana's subscription plan.,update_subscription,update_subscription,update_subscription,True,1,0.5032013654708862,0.5032013654708862,update_subscription;generate_report;provision_vm;send_notification;process_refund,0.50320137;0.31008130;0.30720812;0.27141210;0.25945124,603,paraphrase_variant,
Paraphrase,744,It would help if update diana's subscription plan.,update_subscription,update_subscription,update_subscription,True,1,0.47344252467155457,0.47344252467155457,update_subscription;generate_report;provision_vm;process_refund;db_write,0.47344252;0.32367003;0.32027742;0.28223038;0.27516842,603,paraphrase_variant,
Paraphrase,745,switch Bob to a different plan.,update_subscription,update_subscription,update_subscription,True,1,0.28395944833755493,0.28395944833755493,update_subscription;provision_vm;create_ticket;quarantine_system;process_refund,0.28395945;0.18645166;0.16800421;0.15139382;0.14226285,605,paraphrase_original,
Paraphrase,746,I'd appreciate it if you could switch bob to a different plan.,update_subscription,update_subscription,update_subscription,True,1,0.4069081246852875,0.4069081246852875,update_subscription;provision_vm;generate_report;send_notification;quarantine_system,0.40690812;0.32087618;0.30013046;0.29933655;0.27689427,605,paraphrase_variant,
Paraphrase,747,Could someone switch bob to a different plan?,update_subscription,update_subscription,update_subscription,True,1,0.34964269399642944,0.34964269399642944,update_subscription;provision_vm;create_ticket;generate_report;quarantine_system,0.34964269;0.25671685;0.24106306;0.22243908;0.20578779,605,paraphrase_variant,
Paraphrase,748,What we need is for switch bob to a different plan.,update_subscription,update_subscription,update_subscription,True,1,0.3316914141178131,0.3316914141178131,update_subscription;provision_vm;create_ticket;generate_report;send_notification,0.33169141;0.26710296;0.25266925;0.24761030;0.24354452,605,paraphrase_variant,
Paraphrase,749,Gonna need you to switch bob to a different plan.,update_subscription,update_subscription,update_subscription,True,1,0.2917749583721161,0.2917749583721161,update_subscription;provision_vm;create_ticket;generate_report;quarantine_system,0.29177496;0.20531464;0.18198074;0.18050280;0.18003334,605,paraphrase_variant,
Paraphrase,750,modify Bob's subscription.,update_subscription,update_subscription,update_subscription,True,1,0.3783375024795532,0.3783375024795532,update_subscription;provision_vm;reset_password;quarantine_system;escalate_to_human,0.37833750;0.19826858;0.14878365;0.14430809;0.14272766,606,paraphrase_original,
Paraphrase,751,Is it possible to modify bob's subscription?,update_subscription,update_subscription,update_subscription,True,1,0.44536933302879333,0.44536933302879333,update_subscription;provision_vm;reset_password;quarantine_system;create_ticket,0.44536933;0.24477617;0.22061768;0.18289605;0.17964104,606,paraphrase_variant,
Paraphrase,752,Quick one -- modify bob's subscription.,update_subscription,update_subscription,update_subscription,True,1,0.4117703437805176,0.4117703437805176,update_subscription;provision_vm;send_notification;generate_report;create_ticket,0.41177034;0.25087714;0.21527579;0.21343692;0.21240483,606,paraphrase_variant,
Paraphrase,753,modify bob's subscription -- that's what needs to happen.,update_subscription,update_subscription,update_subscription,True,1,0.4240531623363495,0.4240531623363495,update_subscription;provision_vm;quarantine_system;send_notification;generate_report,0.42405316;0.28954497;0.25424674;0.23588321;0.23154886,606,paraphrase_variant,
Paraphrase,754,We request that you modify bob's subscription.,update_subscription,update_subscription,update_subscription,True,1,0.43506959080696106,0.43506959080696106,update_subscription;provision_vm;quarantine_system;send_notification;generate_report,0.43506959;0.30407336;0.28229278;0.27164415;0.25674295,606,paraphrase_variant,
Paraphrase,755,change the plan on Grace's account.,update_subscription,update_subscription,update_subscription,True,1,0.4607321619987488,0.4607321619987488,update_subscription;reset_password;provision_vm;quarantine_system;create_ticket,0.46073216;0.25957230;0.24943943;0.16759895;0.16606064,610,paraphrase_original,
Paraphrase,756,Do me a favor and change the plan on grace's account.,update_subscription,update_subscription,update_subscription,True,1,0.41194719076156616,0.41194719076156616,update_subscription;reset_password;provision_vm;create_ticket;generate_report,0.41194719;0.27209529;0.24114411;0.19021200;0.17278107,610,paraphrase_variant,
Paraphrase,757,Please change the plan on grace's account.,update_subscription,update_subscription,update_subscription,True,1,0.4774075448513031,0.4774075448513031,update_subscription;reset_password;provision_vm;scan_malware;generate_report,0.47740754;0.31139821;0.26351488;0.20326787;0.19878796,610,paraphrase_variant,
Paraphrase,758,It would help if change the plan on grace's account.,update_subscription,update_subscription,update_subscription,True,1,0.5071070194244385,0.5071070194244385,update_subscription;reset_password;provision_vm;generate_report;create_ticket,0.50710702;0.34934339;0.33570388;0.29034874;0.27523738,610,paraphrase_variant,
Paraphrase,759,Would anyone be able to change the plan on grace's account?,update_subscription,update_subscription,update_subscription,True,1,0.5447712540626526,0.5447712540626526,update_subscription;reset_password;provision_vm;generate_report;send_notification,0.54477125;0.39727467;0.34774190;0.30578721;0.27961433,610,paraphrase_variant,
Paraphrase,760,Please switch Alice to a different plan.,update_subscription,update_subscription,update_subscription,True,1,0.3708556890487671,0.3708556890487671,update_subscription;escalate_to_human;provision_vm;generate_report;create_ticket,0.37085569;0.25331599;0.23569632;0.19530953;0.19351380,613,paraphrase_original,
Paraphrase,761,Could someone switch alice to a different plan?,update_subscription,update_subscription,update_subscription,True,1,0.38961437344551086,0.38961437344551086,update_subscription;escalate_to_human;provision_vm;create_ticket;generate_report,0.38961437;0.29083815;0.27565628;0.25239950;0.23647086,613,paraphrase_variant,
Paraphrase,762,We request that you switch alice to a different plan.,update_subscription,update_subscription,update_subscription,True,1,0.4048016369342804,0.4048016369342804,update_subscription;provision_vm;escalate_to_human;create_ticket;generate_report,0.40480164;0.29861903;0.29353926;0.27483466;0.26375911,613,paraphrase_variant,
Paraphrase,763,switch alice to a different plan -- that's what needs to happen.,update_subscription,update_subscription,update_subscription,True,1,0.37005066871643066,0.37005066871643066,update_subscription;escalate_to_human;provision_vm;create_ticket;generate_report,0.37005067;0.28705236;0.27157271;0.23492405;0.22841133,613,paraphrase_variant,
Paraphrase,764,Do me a favor and switch alice to a different plan.,update_subscription,update_subscription,update_subscription,True,1,0.2906463146209717,0.2906463146209717,update_subscription;escalate_to_human;create_ticket;provision_vm;generate_report,0.29064631;0.21434583;0.19186370;0.19023028;0.14457449,613,paraphrase_variant,
Paraphrase,765,Can you revise Alice's subscription tier?,update_subscription,update_subscription,update_subscription,True,1,0.39460813999176025,0.39460813999176025,update_subscription;provision_vm;escalate_to_human;process_refund;generate_report,0.39460814;0.17829172;0.16852021;0.14505804;0.14445111,625,paraphrase_original,
Paraphrase,766,Who can revise alice's subscription tier?,update_subscription,update_subscription,update_subscription,True,1,0.3233655095100403,0.3233655095100403,update_subscription;escalate_to_human;provision_vm;send_notification;generate_report,0.32336551;0.16137429;0.11218817;0.09145433;0.09046546,625,paraphrase_variant,
Paraphrase,767,Could you please revise alice's subscription tier.,update_subscription,update_subscription,update_subscription,True,1,0.3730771839618683,0.3730771839618683,update_subscription;escalate_to_human;provision_vm;generate_report;send_notification,0.37307718;0.18120040;0.15399806;0.14812130;0.14081092,625,paraphrase_variant,
Paraphrase,768,The situation requires revise alice's subscription tier.,update_subscription,update_subscription,update_subscription,True,1,0.3786570131778717,0.3786570131778717,update_subscription;escalate_to_human;provision_vm;generate_report;process_refund,0.37865701;0.26734117;0.20844655;0.17770366;0.17484856,625,paraphrase_variant,
Paraphrase,769,Gonna need you to revise alice's subscription tier.,update_subscription,update_subscription,update_subscription,True,1,0.35482317209243774,0.35482317209243774,update_subscription;escalate_to_human;provision_vm;generate_report;process_refund,0.35482317;0.21415615;0.17481560;0.15999112;0.15945418,625,paraphrase_variant,
Paraphrase,770,Could you switch Eve to a different plan for me?,update_subscription,update_subscription,update_subscription,True,1,0.33007189631462097,0.33007189631462097,update_subscription;provision_vm;generate_report;send_notification;db_write,0.33007190;0.25199863;0.24760336;0.22332171;0.22094534,629,paraphrase_original,
Paraphrase,771,I'd appreciate it if you could switch eve to a different plan for me.,update_subscription,update_subscription,update_subscription,True,1,0.36031603813171387,0.36031603813171387,update_subscription;provision_vm;generate_report;send_notification;db_write,0.36031604;0.29370546;0.29188398;0.27804351;0.27404535,629,paraphrase_variant,
Paraphrase,772,"Yo, switch eve to a different plan for me.",update_subscription,update_subscription,update_subscription,True,1,0.27017706632614136,0.27017706632614136,update_subscription;provision_vm;generate_report;send_notification;quarantine_system,0.27017707;0.18181626;0.16121131;0.15435182;0.15259771,629,paraphrase_variant,
Paraphrase,773,Would anyone be able to switch eve to a different plan for me?,update_subscription,update_subscription,update_subscription,True,1,0.331412672996521,0.331412672996521,update_subscription;generate_report;provision_vm;send_notification;db_write,0.33141267;0.26320395;0.25068402;0.24108565;0.22435331,629,paraphrase_variant,
Paraphrase,774,switch eve to a different plan for me -- that's what needs to happen.,update_subscription,update_subscription,update_subscription,True,1,0.2581585645675659,0.2581585645675659,update_subscription;provision_vm;generate_report;quarantine_system;send_notification,0.25815856;0.21508995;0.20905422;0.20664726;0.18752100,629,paraphrase_variant,
Paraphrase,775,Could you change the plan on Diana's account for me?,update_subscription,update_subscription,update_subscription,True,1,0.5313565731048584,0.5313565731048584,update_subscription;provision_vm;generate_report;send_notification;reset_password,0.53135657;0.43007919;0.39754876;0.37021616;0.34217754,634,paraphrase_original,
Paraphrase,776,Gonna need you to change the plan on diana's account for me.,update_subscription,update_subscription,update_subscription,True,1,0.447997123003006,0.447997123003006,update_subscription;provision_vm;generate_report;send_notification;process_refund,0.44799712;0.34301132;0.32548133;0.29144144;0.28385168,634,paraphrase_variant,
Paraphrase,777,Could you please change the plan on diana's account for me.,update_subscription,update_subscription,update_subscription,True,1,0.5208173990249634,0.5208173990249634,update_subscription;provision_vm;generate_report;send_notification;process_refund,0.52081740;0.42331883;0.39642295;0.37576875;0.34578717,634,paraphrase_variant,
Paraphrase,778,Could someone change the plan on diana's account for me?,update_subscription,update_subscription,update_subscription,True,1,0.5054062604904175,0.5054062604904175,update_subscription;provision_vm;generate_report;send_notification;reset_password,0.50540626;0.39679438;0.37605822;0.34209928;0.34073377,634,paraphrase_variant,
Paraphrase,779,It would help if change the plan on diana's account for me.,update_subscription,update_subscription,update_subscription,True,1,0.48809975385665894,0.48809975385665894,update_subscription;provision_vm;generate_report;send_notification;create_ticket,0.48809975;0.42053244;0.40504855;0.37357354;0.35849005,634,paraphrase_variant,
Paraphrase,780,We should switch Grace to a different plan.,update_subscription,update_subscription,update_subscription,True,1,0.34895554184913635,0.34895554184913635,update_subscription;provision_vm;reset_password;generate_report;process_refund,0.34895554;0.16315901;0.15884766;0.12762709;0.11213240,645,paraphrase_original,
Paraphrase,781,I'd appreciate it if you could we should switch grace to a different plan.,update_subscription,update_subscription,update_subscription,True,1,0.4306783378124237,0.4306783378124237,update_subscription;provision_vm;generate_report;send_notification;reset_password,0.43067834;0.27863914;0.26180580;0.24270871;0.23949902,645,paraphrase_variant,
Paraphrase,782,we should switch grace to a different plan -- that's what needs to happen.,update_subscription,update_subscription,update_subscription,True,1,0.3428632318973541,0.3428632318973541,update_subscription;provision_vm;generate_report;reset_password;quarantine_system,0.34286323;0.20254651;0.18204972;0.17007481;0.16611150,645,paraphrase_variant,
Paraphrase,783,Would anyone be able to we should switch grace to a different plan?,update_subscription,update_subscription,update_subscription,True,1,0.37251347303390503,0.37251347303390503,update_subscription;reset_password;provision_vm;generate_report;create_ticket,0.37251347;0.19891240;0.19254079;0.18322541;0.15806700,645,paraphrase_variant,
Paraphrase,784,Gonna need you to we should switch grace to a different plan.,update_subscription,update_subscription,update_subscription,True,1,0.33334487676620483,0.33334487676620483,update_subscription;provision_vm;generate_report;reset_password;send_notification,0.33334488;0.17330970;0.17170849;0.14792365;0.14651218,645,paraphrase_variant,
Paraphrase,785,We should adjust Diana's account plan.,update_subscription,update_subscription,update_subscription,True,1,0.45025449991226196,0.45025449991226196,update_subscription;provision_vm;reset_password;generate_report;send_notification,0.45025450;0.28318506;0.26865503;0.26802948;0.23705526,647,paraphrase_original,
Paraphrase,786,Quick one -- we should adjust diana's account plan.,update_subscription,update_subscription,update_subscription,True,1,0.4833710193634033,0.4833710193634033,update_subscription;generate_report;provision_vm;send_notification;process_refund,0.48337102;0.38166091;0.37626764;0.34620175;0.33569404,647,paraphrase_variant,
Paraphrase,787,Could someone we should adjust diana's account plan?,update_subscription,update_subscription,update_subscription,True,1,0.4457303285598755,0.4457303285598755,update_subscription;reset_password;generate_report;provision_vm;send_notification,0.44573033;0.30526477;0.28643990;0.28547210;0.23912956,647,paraphrase_variant,
Paraphrase,788,It would help if we should adjust diana's account plan.,update_subscription,update_subscription,update_subscription,True,1,0.4681988060474396,0.4681988060474396,update_subscription;generate_report;provision_vm;reset_password;send_notification,0.46819881;0.34728959;0.33831453;0.31240916;0.30448246,647,paraphrase_variant,
Paraphrase,789,Could you please we should adjust diana's account plan.,update_subscription,update_subscription,update_subscription,True,1,0.4838842749595642,0.4838842749595642,update_subscription;provision_vm;generate_report;reset_password;send_notification,0.48388427;0.33120871;0.32820070;0.32618907;0.29575378,647,paraphrase_variant,
Paraphrase,790,We should revise Grace's subscription tier.,update_subscription,update_subscription,update_subscription,True,1,0.3412526249885559,0.3412526249885559,update_subscription;reset_password;provision_vm;process_refund;generate_report,0.34125262;0.11077727;0.09137493;0.07795282;0.06903162,649,paraphrase_original,
Paraphrase,791,Is it possible to we should revise grace's subscription tier?,update_subscription,update_subscription,update_subscription,True,1,0.33569082617759705,0.33569082617759705,update_subscription;reset_password;provision_vm;generate_report;process_refund,0.33569083;0.10110357;0.07168525;0.05184258;0.04363618,649,paraphrase_variant,
Paraphrase,792,"Yo, we should revise grace's subscription tier.",update_subscription,update_subscription,update_subscription,True,1,0.35889267921447754,0.35889267921447754,update_subscription;reset_password;provision_vm;generate_report;process_refund,0.35889268;0.14229634;0.11864867;0.10208502;0.09535170,649,paraphrase_variant,
Paraphrase,793,we should revise grace's subscription tier -- that's what needs to happen.,update_subscription,update_subscription,update_subscription,True,1,0.3401516377925873,0.3401516377925873,update_subscription;provision_vm;quarantine_system;process_refund;reset_password,0.34015164;0.14269224;0.13609578;0.13395379;0.13259061,649,paraphrase_variant,
Paraphrase,794,Could you please we should revise grace's subscription tier.,update_subscription,update_subscription,update_subscription,True,1,0.3711523413658142,0.3711523413658142,update_subscription;reset_password;generate_report;provision_vm;process_refund,0.37115234;0.15647319;0.13405329;0.13368531;0.11691029,649,paraphrase_variant,
Paraphrase,795,Kindly move Charlie to the new billing plan.,update_subscription,update_subscription,update_subscription,True,1,0.439340204000473,0.439340204000473,update_subscription;provision_vm;create_ticket;generate_report;process_refund,0.43934020;0.29081884;0.27250192;0.25554505;0.24756932,664,paraphrase_original,
Paraphrase,796,Is it possible to move charlie to the new billing plan?,update_subscription,update_subscription,update_subscription,True,1,0.4907194674015045,0.4907194674015045,update_subscription;provision_vm;create_ticket;generate_report;quarantine_system,0.49071947;0.33572173;0.29987866;0.29845715;0.27768353,664,paraphrase_variant,
Paraphrase,797,Need you to move charlie to the new billing plan.,update_subscription,update_subscription,update_subscription,True,1,0.48241251707077026,0.48241251707077026,update_subscription;provision_vm;create_ticket;generate_report;quarantine_system,0.48241252;0.33712247;0.30745783;0.30543736;0.29497042,664,paraphrase_variant,
Paraphrase,798,I'd appreciate it if you could move charlie to the new billing plan.,update_subscription,update_subscription,update_subscription,True,1,0.5300931930541992,0.5300931930541992,update_subscription;provision_vm;generate_report;send_notification;quarantine_system,0.53009319;0.39691034;0.38574764;0.36586943;0.34692118,664,paraphrase_variant,
Paraphrase,799,It would help if move charlie to the new billing plan.,update_subscription,update_subscription,update_subscription,True,1,0.44671300053596497,0.44671300053596497,update_subscription;provision_vm;generate_report;create_ticket;quarantine_system,0.44671300;0.32137665;0.31051296;0.30835372;0.28371596,664,paraphrase_variant,
Paraphrase,800,create a server for Finance.,provision_vm,provision_vm,db_write,False,4,0.3026479184627533,0.22502736747264862,db_write;db_read;create_ticket;provision_vm;generate_report,0.30264792;0.24895225;0.22869411;0.22502737;0.22473241,673,paraphrase_original,
Paraphrase,801,Please create a server for finance.,provision_vm,provision_vm,db_write,False,3,0.4005012512207031,0.33644503355026245,db_write;generate_report;provision_vm;create_ticket;send_notification,0.40050125;0.36307761;0.33644503;0.32696423;0.32020792,673,paraphrase_variant,
Paraphrase,802,create a server for finance -- that's what needs to happen.,provision_vm,provision_vm,db_write,False,3,0.36509886384010315,0.31096547842025757,db_write;generate_report;provision_vm;scan_malware;create_ticket,0.36509886;0.32257241;0.31096548;0.30477700;0.29669166,673,paraphrase_variant,
Paraphrase,803,Gonna need you to create a server for finance.,provision_vm,provision_vm,db_write,False,4,0.4046124815940857,0.3406079411506653,db_write;generate_report;db_read;provision_vm;send_notification,0.40461248;0.36931387;0.34842944;0.34060794;0.33597296,673,paraphrase_variant,
Paraphrase,804,Would anyone be able to create a server for finance?,provision_vm,provision_vm,db_write,False,8,0.3546331822872162,0.2687384784221649,db_write;generate_report;scan_malware;send_notification;reset_password,0.35463318;0.30394378;0.28339922;0.28024179;0.27736971,673,paraphrase_variant,
Paraphrase,805,deploy a fresh virtual machine for Legal.,provision_vm,provision_vm,quarantine_system,False,2,0.2652323246002197,0.2563483715057373,quarantine_system;provision_vm;restart_service;escalate_to_human;create_ticket,0.26523232;0.25634837;0.25089252;0.24237634;0.23887184,675,paraphrase_original,
Paraphrase,806,I'd appreciate it if you could deploy a fresh virtual machine for legal.,provision_vm,provision_vm,provision_vm,True,1,0.4078870415687561,0.4078870415687561,provision_vm;quarantine_system;send_notification;generate_report;process_refund,0.40788704;0.40135756;0.39739799;0.39198303;0.38173997,675,paraphrase_variant,
Paraphrase,807,Need you to deploy a fresh virtual machine for legal.,provision_vm,provision_vm,quarantine_system,False,2,0.3910258114337921,0.38585853576660156,quarantine_system;provision_vm;create_ticket;process_refund;send_notification,0.39102581;0.38585854;0.37490323;0.37487561;0.34543937,675,paraphrase_variant,
Paraphrase,808,Would anyone be able to deploy a fresh virtual machine for legal?,provision_vm,provision_vm,create_ticket,False,2,0.27801868319511414,0.2748909294605255,create_ticket;provision_vm;scan_malware;quarantine_system;escalate_to_human,0.27801868;0.27489093;0.27205887;0.27193668;0.26527041,675,paraphrase_variant,
Paraphrase,809,It would help if deploy a fresh virtual machine for legal.,provision_vm,provision_vm,create_ticket,False,3,0.379736989736557,0.3732656240463257,create_ticket;quarantine_system;provision_vm;process_refund;generate_report,0.37973699;0.37800127;0.37326562;0.36539137;0.34921941,675,paraphrase_variant,
Paraphrase,810,Please deploy a fresh virtual machine for HR.,provision_vm,provision_vm,restart_service,False,4,0.3609023988246918,0.2827998697757721,restart_service;quarantine_system;process_refund;provision_vm;generate_report,0.36090240;0.33172023;0.32382834;0.28279987;0.27445504,683,paraphrase_original,
Paraphrase,811,Gonna need you to deploy a fresh virtual machine for hr.,provision_vm,provision_vm,restart_service,False,5,0.3873034119606018,0.3448667824268341,restart_service;quarantine_system;process_refund;generate_report;provision_vm,0.38730341;0.38717046;0.38245538;0.34730878;0.34486678,683,paraphrase_variant,
Paraphrase,812,It would help if deploy a fresh virtual machine for hr.,provision_vm,provision_vm,process_refund,False,5,0.4075891375541687,0.3659351170063019,process_refund;quarantine_system;restart_service;generate_report;provision_vm,0.40758914;0.40449044;0.39637420;0.37600854;0.36593512,683,paraphrase_variant,
Paraphrase,813,Could someone deploy a fresh virtual machine for hr?,provision_vm,provision_vm,quarantine_system,False,6,0.27240630984306335,0.24398623406887054,quarantine_system;reset_password;scan_malware;process_refund;generate_report,0.27240631;0.26794952;0.25715441;0.25390676;0.24701968,683,paraphrase_variant,
Paraphrase,814,We request that you deploy a fresh virtual machine for hr.,provision_vm,provision_vm,quarantine_system,False,4,0.4052846431732178,0.3561899662017822,quarantine_system;restart_service;process_refund;provision_vm;generate_report,0.40528464;0.39066106;0.38692635;0.35618997;0.34171632,683,paraphrase_variant,
Paraphrase,815,Please bring up a compute instance for Engineering.,provision_vm,provision_vm,generate_report,False,3,0.41737523674964905,0.41279032826423645,generate_report;db_write;provision_vm;process_refund;quarantine_system,0.41737524;0.41544110;0.41279033;0.41201353;0.40772307,684,paraphrase_original,
Paraphrase,816,We request that you bring up a compute instance for engineering.,provision_vm,provision_vm,quarantine_system,False,5,0.4432363510131836,0.42423388361930847,quarantine_system;send_notification;generate_report;process_refund;provision_vm,0.44323635;0.43101913;0.42910188;0.42758918;0.42423388,684,paraphrase_variant,
Paraphrase,817,It would help if bring up a compute instance for engineering.,provision_vm,provision_vm,generate_report,False,5,0.42634880542755127,0.40753287076950073,generate_report;db_write;process_refund;quarantine_system;provision_vm,0.42634881;0.41703123;0.41603249;0.41457185;0.40753287,684,paraphrase_variant,
Paraphrase,818,Could someone bring up a compute instance for engineering?,provision_vm,provision_vm,generate_report,False,5,0.36710819602012634,0.35599401593208313,generate_report;escalate_to_human;send_notification;db_write;provision_vm,0.36710820;0.36701211;0.36274427;0.36079124;0.35599402,684,paraphrase_variant,
Paraphrase,819,Need you to bring up a compute instance for engineering.,provision_vm,provision_vm,db_write,False,5,0.4443250000476837,0.42701366543769836,db_write;generate_report;quarantine_system;process_refund;provision_vm,0.44432500;0.43307391;0.43096849;0.42829576;0.42701367,684,paraphrase_variant,
Paraphrase,820,Can you provision a new VM for Legal?,provision_vm,provision_vm,update_subscription,False,4,0.4033971428871155,0.35750579833984375,update_subscription;create_ticket;send_notification;provision_vm;quarantine_system,0.40339714;0.37260711;0.36313537;0.35750580;0.33315599,686,paraphrase_original,
Paraphrase,821,Would you mind provision a new vm for legal.,provision_vm,provision_vm,update_subscription,False,3,0.3672412931919098,0.32783398032188416,update_subscription;create_ticket;provision_vm;send_notification;generate_report,0.36724129;0.34807807;0.32783398;0.32508960;0.31638551,686,paraphrase_variant,
Paraphrase,822,provision a new vm for legal -- that's what needs to happen.,provision_vm,provision_vm,create_ticket,False,2,0.3775675892829895,0.36257368326187134,create_ticket;provision_vm;send_notification;quarantine_system;generate_report,0.37756759;0.36257368;0.36197934;0.36025307;0.34791288,686,paraphrase_variant,
Paraphrase,823,Would anyone be able to provision a new vm for legal?,provision_vm,provision_vm,create_ticket,False,5,0.3925010561943054,0.35559022426605225,create_ticket;send_notification;update_subscription;generate_report;provision_vm,0.39250106;0.38956639;0.37710065;0.36692795;0.35559022,686,paraphrase_variant,
Paraphrase,824,"Hey, can you provision a new vm for legal.",provision_vm,provision_vm,update_subscription,False,3,0.4644850790500641,0.4281974136829376,update_subscription;send_notification;provision_vm;create_ticket;generate_report,0.46448508;0.44338554;0.42819741;0.41885468;0.41104954,686,paraphrase_variant,
Paraphrase,825,Can you deploy a fresh virtual machine for Legal?,provision_vm,provision_vm,quarantine_system,False,2,0.2817141115665436,0.28151795268058777,quarantine_system;provision_vm;scan_malware;create_ticket;escalate_to_human,0.28171411;0.28151795;0.26641494;0.26606074;0.24292718,691,paraphrase_original,
Paraphrase,826,Kindly deploy a fresh virtual machine for legal.,provision_vm,provision_vm,quarantine_system,False,3,0.29410138726234436,0.2798977792263031,quarantine_system;restart_service;provision_vm;process_refund;create_ticket,0.29410139;0.29124382;0.27989778;0.27604875;0.27143013,691,paraphrase_variant,
Paraphrase,827,Do me a favor and deploy a fresh virtual machine for legal.,provision_vm,provision_vm,create_ticket,False,2,0.2476777881383896,0.24171386659145355,create_ticket;provision_vm;quarantine_system;escalate_to_human;process_refund,0.24767779;0.24171387;0.23409270;0.22801594;0.22415596,691,paraphrase_variant,
Paraphrase,828,What we need is for deploy a fresh virtual machine for legal.,provision_vm,provision_vm,quarantine_system,False,2,0.3119218349456787,0.3005930483341217,quarantine_system;provision_vm;create_ticket;process_refund;send_notification,0.31192183;0.30059305;0.29404628;0.28980237;0.27340984,691,paraphrase_variant,
Paraphrase,829,Could someone deploy a fresh virtual machine for legal?,provision_vm,provision_vm,escalate_to_human,False,4,0.2590954601764679,0.23871539533138275,escalate_to_human;create_ticket;scan_malware;provision_vm;quarantine_system,0.25909546;0.25296623;0.24182294;0.23871540;0.23071542,691,paraphrase_variant,
Paraphrase,830,Can you allocate a new VM to HR?,provision_vm,provision_vm,update_subscription,False,2,0.40830937027931213,0.36729758977890015,update_subscription;provision_vm;process_refund;generate_report;quarantine_system,0.40830937;0.36729759;0.36656994;0.36519477;0.36209676,693,paraphrase_original,
Paraphrase,831,"Hey, can you allocate a new vm to hr.",provision_vm,provision_vm,update_subscription,False,3,0.4444611370563507,0.43097761273384094,update_subscription;generate_report;provision_vm;process_refund;quarantine_system,0.44446114;0.43110189;0.43097761;0.41981906;0.41840705,693,paraphrase_variant,
Paraphrase,832,Is it possible to allocate a new vm to hr?,provision_vm,provision_vm,update_subscription,False,5,0.37431105971336365,0.33856701850891113,update_subscription;process_refund;generate_report;quarantine_system;provision_vm,0.37431106;0.34655556;0.34495893;0.33879280;0.33856702,693,paraphrase_variant,
Paraphrase,833,The situation requires allocate a new vm to hr.,provision_vm,provision_vm,process_refund,False,3,0.39898210763931274,0.3809508681297302,process_refund;update_subscription;provision_vm;generate_report;create_ticket,0.39898211;0.38244694;0.38095087;0.37980905;0.37846661,693,paraphrase_variant,
Paraphrase,834,Kindly allocate a new vm to hr.,provision_vm,provision_vm,process_refund,False,5,0.3440316915512085,0.31990376114845276,process_refund;update_subscription;quarantine_system;generate_report;provision_vm,0.34403169;0.33962128;0.32146466;0.32050550;0.31990376,693,paraphrase_variant,
Paraphrase,835,Could you create a server for Legal for me?,provision_vm,provision_vm,send_notification,False,4,0.36030542850494385,0.3253343403339386,send_notification;generate_report;create_ticket;provision_vm;scan_malware,0.36030543;0.35139990;0.34842178;0.32533434;0.31578732,697,paraphrase_original,
Paraphrase,836,Kindly create a server for legal for me.,provision_vm,provision_vm,create_ticket,False,5,0.32633259892463684,0.26992297172546387,create_ticket;send_notification;escalate_to_human;generate_report;provision_vm,0.32633260;0.29623345;0.29147062;0.28833675;0.26992297,697,paraphrase_variant,
Paraphrase,837,Need you to create a server for legal for me.,provision_vm,provision_vm,generate_report,False,4,0.39078521728515625,0.3618726134300232,generate_report;create_ticket;send_notification;provision_vm;quarantine_system,0.39078522;0.38631585;0.38611826;0.36187261;0.35601315,697,paraphrase_variant,
Paraphrase,838,Could someone create a server for legal for me?,provision_vm,provision_vm,create_ticket,False,6,0.3207773268222809,0.27245157957077026,create_ticket;send_notification;generate_report;escalate_to_human;scan_malware,0.32077733;0.31181353;0.30084532;0.29451105;0.28136384,697,paraphrase_variant,
Paraphrase,839,What we need is for create a server for legal for me.,provision_vm,provision_vm,create_ticket,False,4,0.34902095794677734,0.3036334812641144,create_ticket;send_notification;generate_report;provision_vm;quarantine_system,0.34902096;0.33296481;0.32612699;0.30363348;0.29929855,697,paraphrase_variant,
Paraphrase,840,Could you deploy a fresh virtual machine for Marketing for me?,provision_vm,provision_vm,restart_service,False,5,0.29949846863746643,0.26107466220855713,restart_service;quarantine_system;scan_malware;send_notification;provision_vm,0.29949847;0.28775778;0.27459261;0.26239714;0.26107466,699,paraphrase_original,
Paraphrase,841,Quick one -- deploy a fresh virtual machine for marketing for me.,provision_vm,provision_vm,quarantine_system,False,2,0.30198270082473755,0.299392431974411,quarantine_system;provision_vm;restart_service;send_notification;process_refund,0.30198270;0.29939243;0.29311407;0.28583497;0.28172356,699,paraphrase_variant,
Paraphrase,842,Could you please deploy a fresh virtual machine for marketing for me.,provision_vm,provision_vm,restart_service,False,5,0.3633323907852173,0.29406070709228516,restart_service;quarantine_system;send_notification;process_refund;provision_vm,0.36333239;0.33737928;0.31410193;0.30045003;0.29406071,699,paraphrase_variant,
Paraphrase,843,What we need is for deploy a fresh virtual machine for marketing for me.,provision_vm,provision_vm,restart_service,False,5,0.310222327709198,0.2608117461204529,restart_service;quarantine_system;process_refund;send_notification;provision_vm,0.31022233;0.30616057;0.26740476;0.26654321;0.26081175,699,paraphrase_variant,
Paraphrase,844,Who can deploy a fresh virtual machine for marketing for me?,provision_vm,provision_vm,restart_service,False,5,0.15201647579669952,0.12283630669116974,restart_service;scan_malware;send_notification;quarantine_system;provision_vm,0.15201648;0.14716223;0.14033893;0.13706736;0.12283631,699,paraphrase_variant,
Paraphrase,845,We should spin up a virtual machine for HR.,provision_vm,provision_vm,quarantine_system,False,7,0.21590669453144073,0.15082085132598877,quarantine_system;scan_malware;generate_report;process_refund;reset_password,0.21590669;0.17973755;0.16585794;0.16216388;0.15683484,711,paraphrase_original,
Paraphrase,846,Quick one -- we should spin up a virtual machine for hr.,provision_vm,provision_vm,quarantine_system,False,4,0.3567746877670288,0.3167356848716736,quarantine_system;generate_report;process_refund;provision_vm;send_notification,0.35677469;0.33265704;0.32880256;0.31673568;0.30642697,711,paraphrase_variant,
Paraphrase,847,The situation requires we should spin up a virtual machine for hr.,provision_vm,provision_vm,quarantine_system,False,5,0.2826990783214569,0.22573788464069366,quarantine_system;escalate_to_human;process_refund;generate_report;provision_vm,0.28269908;0.26781371;0.24121810;0.23805119;0.22573788,711,paraphrase_variant,
Paraphrase,848,Kindly we should spin up a virtual machine for hr.,provision_vm,provision_vm,quarantine_system,False,8,0.2509230077266693,0.1798829436302185,quarantine_system;scan_malware;escalate_to_human;generate_report;process_refund,0.25092301;0.21524781;0.20314832;0.20231789;0.20197743,711,paraphrase_variant,
Paraphrase,849,Who can we should spin up a virtual machine for hr?,provision_vm,provision_vm,escalate_to_human,False,7,0.11573373526334763,0.04594658315181732,escalate_to_human;reset_password;quarantine_system;scan_malware;send_notification,0.11573374;0.10689649;0.06904259;0.06585488;0.05979094,711,paraphrase_variant,
Paraphrase,850,We should launch a new instance for HR.,provision_vm,provision_vm,process_refund,False,4,0.38721469044685364,0.36475232243537903,process_refund;generate_report;quarantine_system;provision_vm;send_notification,0.38721469;0.38187078;0.37855765;0.36475232;0.34636956,712,paraphrase_original,
Paraphrase,851,Need you to we should launch a new instance for hr.,provision_vm,provision_vm,process_refund,False,4,0.43572738766670227,0.4085580110549927,process_refund;generate_report;quarantine_system;provision_vm;send_notification,0.43572739;0.43565255;0.42284918;0.40855801;0.40090495,712,paraphrase_variant,
Paraphrase,852,Is it possible to we should launch a new instance for hr?,provision_vm,provision_vm,generate_report,False,4,0.33904561400413513,0.3269155025482178,generate_report;process_refund;quarantine_system;provision_vm;send_notification,0.33904561;0.33788455;0.33492491;0.32691550;0.29295227,712,paraphrase_variant,
Paraphrase,853,we should launch a new instance for hr -- that's what needs to happen.,provision_vm,provision_vm,generate_report,False,4,0.4085966646671295,0.37902185320854187,generate_report;process_refund;quarantine_system;provision_vm;send_notification,0.40859666;0.39910957;0.39826933;0.37902185;0.36793500,712,paraphrase_variant,
Paraphrase,854,We request that you we should launch a new instance for hr.,provision_vm,provision_vm,process_refund,False,4,0.41954174637794495,0.39145535230636597,process_refund;quarantine_system;generate_report;provision_vm;send_notification,0.41954175;0.41529554;0.41028318;0.39145535;0.38934577,712,paraphrase_variant,
Paraphrase,855,We should allocate a new VM to Finance.,provision_vm,provision_vm,update_subscription,False,2,0.37207332253456116,0.3204149305820465,update_subscription;provision_vm;generate_report;process_refund;quarantine_system,0.37207332;0.32041493;0.31675985;0.29997680;0.29375479,717,paraphrase_original,
Paraphrase,856,Gonna need you to we should allocate a new vm to finance.,provision_vm,provision_vm,generate_report,False,3,0.40824469923973083,0.3900519907474518,generate_report;update_subscription;provision_vm;send_notification;process_refund,0.40824470;0.39176455;0.39005199;0.36880106;0.36760098,717,paraphrase_variant,
Paraphrase,857,It would help if we should allocate a new vm to finance.,provision_vm,provision_vm,generate_report,False,3,0.3650320768356323,0.3522254228591919,generate_report;update_subscription;provision_vm;process_refund;create_ticket,0.36503208;0.35971105;0.35222542;0.34634978;0.34449461,717,paraphrase_variant,
Paraphrase,858,Would anyone be able to we should allocate a new vm to finance?,provision_vm,provision_vm,update_subscription,False,3,0.34867873787879944,0.32500067353248596,update_subscription;generate_report;provision_vm;create_ticket;reset_password,0.34867874;0.34266490;0.32500067;0.31862640;0.30382898,717,paraphrase_variant,
Paraphrase,859,Would you mind we should allocate a new vm to finance.,provision_vm,provision_vm,update_subscription,False,3,0.3442986011505127,0.30624207854270935,update_subscription;generate_report;provision_vm;reset_password;process_refund,0.34429860;0.30651423;0.30624208;0.28267068;0.28031662,717,paraphrase_variant,
Paraphrase,860,Let's spin up a virtual machine for Legal.,provision_vm,provision_vm,escalate_to_human,False,4,0.26370230317115784,0.19629086554050446,escalate_to_human;quarantine_system;scan_malware;provision_vm;create_ticket,0.26370230;0.21194169;0.19656163;0.19629087;0.18163633,719,paraphrase_original,
Paraphrase,861,We request that you let's spin up a virtual machine for legal.,provision_vm,provision_vm,quarantine_system,False,4,0.2978690564632416,0.2618117928504944,quarantine_system;escalate_to_human;send_notification;provision_vm;create_ticket,0.29786906;0.28944808;0.26273221;0.26181179;0.25015029,719,paraphrase_variant,
Paraphrase,862,What we need is for let's spin up a virtual machine for legal.,provision_vm,provision_vm,escalate_to_human,False,4,0.27360573410987854,0.22903364896774292,escalate_to_human;quarantine_system;create_ticket;provision_vm;send_notification,0.27360573;0.24849297;0.23445269;0.22903365;0.22231750,719,paraphrase_variant,
Paraphrase,863,Would anyone be able to let's spin up a virtual machine for legal?,provision_vm,provision_vm,escalate_to_human,False,4,0.2872422933578491,0.2583932876586914,escalate_to_human;scan_malware;quarantine_system;provision_vm;send_notification,0.28724229;0.27505839;0.26789996;0.25839329;0.25679201,719,paraphrase_variant,
Paraphrase,864,Need you to let's spin up a virtual machine for legal.,provision_vm,provision_vm,escalate_to_human,False,3,0.32465803623199463,0.28742724657058716,escalate_to_human;quarantine_system;provision_vm;create_ticket;send_notification,0.32465804;0.30583802;0.28742725;0.27775857;0.27219948,719,paraphrase_variant,
Paraphrase,865,Let's launch a new instance for Marketing.,provision_vm,provision_vm,provision_vm,True,1,0.32999011874198914,0.32999011874198914,provision_vm;send_notification;quarantine_system;restart_service;process_refund,0.32999012;0.32969609;0.32585925;0.31874433;0.31669104,720,paraphrase_original,
Paraphrase,866,Is it possible to let's launch a new instance for marketing?,provision_vm,provision_vm,provision_vm,True,1,0.30887359380722046,0.30887359380722046,provision_vm;quarantine_system;send_notification;update_subscription;process_refund,0.30887359;0.29210028;0.28848067;0.26375946;0.26082399,720,paraphrase_variant,
Paraphrase,867,"Hey, can you let's launch a new instance for marketing.",provision_vm,provision_vm,provision_vm,True,1,0.4204980731010437,0.4204980731010437,provision_vm;send_notification;quarantine_system;generate_report;process_refund,0.42049807;0.40907124;0.40400243;0.38422897;0.38077500,720,paraphrase_variant,
Paraphrase,868,It would help if let's launch a new instance for marketing.,provision_vm,provision_vm,send_notification,False,2,0.4173675775527954,0.4073962867259979,send_notification;provision_vm;generate_report;process_refund;quarantine_system,0.41736758;0.40739629;0.40093580;0.40075326;0.39934668,720,paraphrase_variant,
Paraphrase,869,Kindly let's launch a new instance for marketing.,provision_vm,provision_vm,send_notification,False,2,0.36843425035476685,0.35984233021736145,send_notification;provision_vm;process_refund;quarantine_system;restart_service,0.36843425;0.35984233;0.35786894;0.35325471;0.34967947,720,paraphrase_variant,
Paraphrase,870,Let's create a server for Finance.,provision_vm,provision_vm,db_write,False,3,0.36109018325805664,0.32428333163261414,db_write;generate_report;provision_vm;send_notification;quarantine_system,0.36109018;0.32687879;0.32428333;0.30216649;0.29607341,721,paraphrase_original,
Paraphrase,871,We request that you let's create a server for finance.,provision_vm,provision_vm,db_write,False,3,0.40238869190216064,0.385414183139801,db_write;generate_report;provision_vm;send_notification;quarantine_system,0.40238869;0.39541215;0.38541418;0.37737867;0.37701192,721,paraphrase_variant,
Paraphrase,872,The situation requires let's create a server for finance.,provision_vm,provision_vm,create_ticket,False,3,0.39093485474586487,0.376839816570282,create_ticket;db_write;provision_vm;generate_report;process_refund,0.39093485;0.38132596;0.37683982;0.37596914;0.35047415,721,paraphrase_variant,
Paraphrase,873,Quick one -- let's create a server for finance.,provision_vm,provision_vm,db_write,False,3,0.43502146005630493,0.3755248188972473,db_write;generate_report;provision_vm;create_ticket;send_notification,0.43502146;0.39794922;0.37552482;0.37185201;0.35732678,721,paraphrase_variant,
Paraphrase,874,Would anyone be able to let's create a server for finance?,provision_vm,provision_vm,db_write,False,5,0.3563790023326874,0.31837525963783264,db_write;generate_report;send_notification;scan_malware;provision_vm,0.35637900;0.34256965;0.32142842;0.31964344;0.31837526,721,paraphrase_variant,
Paraphrase,875,Let's stand up a VM for Legal.,provision_vm,provision_vm,update_subscription,False,7,0.28117334842681885,0.19498276710510254,update_subscription;escalate_to_human;create_ticket;send_notification;generate_report,0.28117335;0.25193667;0.24209177;0.21883079;0.20133094,722,paraphrase_original,
Paraphrase,876,Quick one -- let's stand up a vm for legal.,provision_vm,provision_vm,create_ticket,False,6,0.3762051463127136,0.3357529640197754,create_ticket;send_notification;escalate_to_human;generate_report;update_subscription,0.37620515;0.35332391;0.34579441;0.34486344;0.34047991,722,paraphrase_variant,
Paraphrase,877,Could someone let's stand up a vm for legal?,provision_vm,provision_vm,escalate_to_human,False,6,0.29905760288238525,0.22357907891273499,escalate_to_human;create_ticket;update_subscription;send_notification;generate_report,0.29905760;0.28448293;0.27864608;0.26940143;0.23703428,722,paraphrase_variant,
Paraphrase,878,We request that you let's stand up a vm for legal.,provision_vm,provision_vm,update_subscription,False,7,0.3262055516242981,0.25428101420402527,update_subscription;create_ticket;send_notification;escalate_to_human;quarantine_system,0.32620555;0.30557671;0.29723564;0.27625194;0.27083594,722,paraphrase_variant,
Paraphrase,879,let's stand up a vm for legal -- that's what needs to happen.,provision_vm,provision_vm,escalate_to_human,False,6,0.34210413694381714,0.28720882534980774,escalate_to_human;create_ticket;generate_report;send_notification;quarantine_system,0.34210414;0.33741811;0.30790594;0.30514398;0.30404449,722,paraphrase_variant,
Paraphrase,880,Let's bring up a compute instance for Legal.,provision_vm,provision_vm,escalate_to_human,False,4,0.4726196825504303,0.3840295970439911,escalate_to_human;create_ticket;generate_report;provision_vm;send_notification,0.47261968;0.40114075;0.38760588;0.38402960;0.37910613,724,paraphrase_original,
Paraphrase,881,What we need is for let's bring up a compute instance for legal.,provision_vm,provision_vm,escalate_to_human,False,6,0.4607579708099365,0.369928777217865,escalate_to_human;create_ticket;generate_report;send_notification;process_refund,0.46075797;0.41414922;0.38391697;0.38302130;0.37313893,724,paraphrase_variant,
Paraphrase,882,Please let's bring up a compute instance for legal.,provision_vm,provision_vm,escalate_to_human,False,4,0.4901771545410156,0.40744420886039734,escalate_to_human;create_ticket;generate_report;provision_vm;send_notification,0.49017715;0.42735621;0.41756248;0.40744421;0.40055037,724,paraphrase_variant,
Paraphrase,883,Could someone let's bring up a compute instance for legal?,provision_vm,provision_vm,escalate_to_human,False,5,0.47097134590148926,0.37434378266334534,escalate_to_human;create_ticket;send_notification;generate_report;provision_vm,0.47097135;0.40201780;0.38293028;0.37816325;0.37434378,724,paraphrase_variant,
Paraphrase,884,Do me a favor and let's bring up a compute instance for legal.,provision_vm,provision_vm,escalate_to_human,False,4,0.43980762362480164,0.36748164892196655,escalate_to_human;create_ticket;generate_report;provision_vm;process_refund,0.43980762;0.41699231;0.38403064;0.36748165;0.36110941,724,paraphrase_variant,
Paraphrase,885,Kindly create a server for Legal.,provision_vm,provision_vm,create_ticket,False,5,0.32003253698349,0.26420077681541443,create_ticket;escalate_to_human;generate_report;send_notification;provision_vm,0.32003254;0.29692528;0.28891104;0.28746793;0.26420078,729,paraphrase_original,
Paraphrase,886,What we need is for create a server for legal.,provision_vm,provision_vm,create_ticket,False,6,0.3097204267978668,0.272447794675827,create_ticket;send_notification;generate_report;quarantine_system;escalate_to_human,0.30972043;0.30270210;0.30245504;0.28161606;0.27912199,729,paraphrase_variant,
Paraphrase,887,Could you please create a server for legal.,provision_vm,provision_vm,send_notification,False,5,0.3785913288593292,0.34608393907546997,send_notification;generate_report;create_ticket;escalate_to_human;provision_vm,0.37859133;0.37684876;0.36653543;0.35652483;0.34608394,729,paraphrase_variant,
Paraphrase,888,Would anyone be able to create a server for legal?,provision_vm,provision_vm,send_notification,False,5,0.3275669813156128,0.290658563375473,send_notification;generate_report;create_ticket;escalate_to_human;provision_vm,0.32756698;0.32385468;0.31064096;0.29838648;0.29065856,729,paraphrase_variant,
Paraphrase,889,Do me a favor and create a server for legal.,provision_vm,provision_vm,create_ticket,False,3,0.2958826422691345,0.24832743406295776,create_ticket;generate_report;provision_vm;send_notification;escalate_to_human,0.29588264;0.27546591;0.24832743;0.24621145;0.24311507,729,paraphrase_variant,
Paraphrase,890,Kindly stand up a VM for Engineering.,provision_vm,provision_vm,quarantine_system,False,5,0.2699265778064728,0.22653716802597046,quarantine_system;scan_malware;send_notification;process_refund;provision_vm,0.26992658;0.25200957;0.24744971;0.22992572;0.22653717,730,paraphrase_original,
Paraphrase,891,What we need is for stand up a vm for engineering.,provision_vm,provision_vm,quarantine_system,False,7,0.224442258477211,0.1805916279554367,quarantine_system;send_notification;generate_report;update_subscription;check_status,0.22444226;0.22398438;0.19824335;0.19010742;0.18604460,730,paraphrase_variant,
Paraphrase,892,Kindly stand up a vm for engineering.,provision_vm,provision_vm,quarantine_system,False,5,0.2699265778064728,0.22653716802597046,quarantine_system;scan_malware;send_notification;process_refund;provision_vm,0.26992658;0.25200957;0.24744971;0.22992572;0.22653717,730,paraphrase_variant,
Paraphrase,893,Would anyone be able to stand up a vm for engineering?,provision_vm,provision_vm,send_notification,False,5,0.252296507358551,0.2007673978805542,send_notification;scan_malware;quarantine_system;generate_report;provision_vm,0.25229651;0.23162317;0.22147268;0.21835688;0.20076740,730,paraphrase_variant,
Paraphrase,894,Quick one -- stand up a vm for engineering.,provision_vm,provision_vm,generate_report,False,4,0.28534072637557983,0.2731647491455078,generate_report;send_notification;quarantine_system;provision_vm;create_ticket,0.28534073;0.28414002;0.27780879;0.27316475;0.26979691,730,paraphrase_variant,
Paraphrase,895,Kindly bring up a compute instance for Engineering.,provision_vm,provision_vm,process_refund,False,4,0.4018653631210327,0.386801540851593,process_refund;generate_report;db_write;provision_vm;quarantine_system,0.40186536;0.39173856;0.39074677;0.38680154;0.38535058,732,paraphrase_original,
Paraphrase,896,The situation requires bring up a compute instance for engineering.,provision_vm,provision_vm,escalate_to_human,False,2,0.4251364469528198,0.4177963137626648,escalate_to_human;provision_vm;process_refund;generate_report;quarantine_system,0.42513645;0.41779631;0.41241822;0.41172352;0.41131103,732,paraphrase_variant,
Paraphrase,897,We request that you bring up a compute instance for engineering.,provision_vm,provision_vm,quarantine_system,False,5,0.44323623180389404,0.4242338538169861,quarantine_system;send_notification;generate_report;process_refund;provision_vm,0.44323623;0.43101919;0.42910188;0.42758900;0.42423385,732,paraphrase_variant,
Paraphrase,898,"Yo, bring up a compute instance for engineering.",provision_vm,provision_vm,provision_vm,True,1,0.4192376136779785,0.4192376136779785,provision_vm;generate_report;quarantine_system;db_write;process_refund,0.41923761;0.41333985;0.41077587;0.40104467;0.39883193,732,paraphrase_variant,
Paraphrase,899,Is it possible to bring up a compute instance for engineering?,provision_vm,provision_vm,quarantine_system,False,2,0.35056713223457336,0.3416418731212616,quarantine_system;provision_vm;db_write;send_notification;generate_report,0.35056713;0.34164187;0.34109280;0.33188275;0.33001348,732,paraphrase_variant,
Paraphrase,900,Kindly allocate a new VM to Finance.,provision_vm,provision_vm,update_subscription,False,3,0.3378047049045563,0.2731999158859253,update_subscription;create_ticket;provision_vm;generate_report;process_refund,0.33780470;0.28399882;0.27319992;0.26317096;0.26085758,733,paraphrase_original,
Paraphrase,901,Would anyone be able to allocate a new vm to finance?,provision_vm,provision_vm,update_subscription,False,3,0.3733895719051361,0.34397077560424805,update_subscription;generate_report;provision_vm;db_write;create_ticket,0.37338957;0.34903792;0.34397078;0.33598006;0.33565637,733,paraphrase_variant,
Paraphrase,902,Could you please allocate a new vm to finance.,provision_vm,provision_vm,update_subscription,False,3,0.3928122818470001,0.34595686197280884,update_subscription;generate_report;provision_vm;create_ticket;db_write,0.39281228;0.35094461;0.34595686;0.33138362;0.32656488,733,paraphrase_variant,
Paraphrase,903,It would help if allocate a new vm to finance.,provision_vm,provision_vm,provision_vm,True,1,0.37284091114997864,0.37284091114997864,provision_vm;generate_report;update_subscription;create_ticket;db_write,0.37284091;0.37224144;0.37066278;0.36180258;0.36039007,733,paraphrase_variant,
Paraphrase,904,"Yo, allocate a new vm to finance.",provision_vm,provision_vm,update_subscription,False,2,0.3868575990200043,0.3694445788860321,update_subscription;provision_vm;db_write;generate_report;quarantine_system,0.38685760;0.36944458;0.34701878;0.34555769;0.33277133,733,paraphrase_variant,
Paraphrase,905,reboot staging-db-02.,restart_service,restart_service,restart_service,True,1,0.41502249240875244,0.41502249240875244,restart_service;db_write;process_refund;db_read;provision_vm,0.41502249;0.31276363;0.22466430;0.22130822;0.21267942,738,paraphrase_original,
Paraphrase,906,Need you to reboot staging-db-02.,restart_service,restart_service,restart_service,True,1,0.43408024311065674,0.43408024311065674,restart_service;db_write;process_refund;db_read;provision_vm,0.43408024;0.34600443;0.26568004;0.25692198;0.25085914,738,paraphrase_variant,
Paraphrase,907,Is it possible to reboot staging-db-02?,restart_service,restart_service,restart_service,True,1,0.43001535534858704,0.43001535534858704,restart_service;db_write;process_refund;provision_vm;db_read,0.43001536;0.28322220;0.21049571;0.20375131;0.18218498,738,paraphrase_variant,
Paraphrase,908,What we need is for reboot staging-db-02.,restart_service,restart_service,restart_service,True,1,0.4544699490070343,0.4544699490070343,restart_service;db_write;db_read;process_refund;provision_vm,0.45446995;0.37624010;0.27893910;0.26469463;0.25464410,738,paraphrase_variant,
Paraphrase,909,Please reboot staging-db-02.,restart_service,restart_service,restart_service,True,1,0.40480148792266846,0.40480148792266846,restart_service;db_write;process_refund;provision_vm;db_read,0.40480149;0.32207638;0.23705906;0.22763941;0.22636844,738,paraphrase_variant,
Paraphrase,910,cycle ml-infer-05.,restart_service,restart_service,send_notification,False,11,0.20528973639011383,0.14817537367343903,send_notification;quarantine_system;scan_malware;db_write;process_refund,0.20528974;0.20270246;0.19827896;0.18618330;0.18248762,740,paraphrase_original,
Paraphrase,911,What we need is for cycle ml-infer-05.,restart_service,restart_service,db_write,False,11,0.29231664538383484,0.1720215082168579,db_write;send_notification;quarantine_system;generate_report;db_read,0.29231665;0.26826513;0.24788681;0.24631771;0.24264003,740,paraphrase_variant,
Paraphrase,912,Could someone cycle ml-infer-05?,restart_service,restart_service,scan_malware,False,12,0.3051859140396118,0.17385126650333405,scan_malware;send_notification;quarantine_system;generate_report;db_write,0.30518591;0.28181818;0.28076866;0.27050802;0.26735497,740,paraphrase_variant,
Paraphrase,913,"Yo, cycle ml-infer-05.",restart_service,restart_service,quarantine_system,False,8,0.3085118234157562,0.247197687625885,quarantine_system;send_notification;generate_report;process_refund;db_write,0.30851182;0.30426139;0.29002512;0.28840354;0.27478901,740,paraphrase_variant,
Paraphrase,914,Kindly cycle ml-infer-05.,restart_service,restart_service,scan_malware,False,10,0.24138213694095612,0.17473165690898895,scan_malware;quarantine_system;send_notification;process_refund;generate_report,0.24138214;0.24098763;0.23921816;0.21906006;0.21150714,740,paraphrase_variant,
Paraphrase,915,reload the service hosted on staging-db-02.,restart_service,restart_service,restart_service,True,1,0.4918971657752991,0.4918971657752991,restart_service;db_write;process_refund;db_read;quarantine_system,0.49189717;0.29746500;0.23992528;0.21129484;0.19520189,743,paraphrase_original,
Paraphrase,916,The situation requires reload the service hosted on staging-db-02.,restart_service,restart_service,restart_service,True,1,0.5027832388877869,0.5027832388877869,restart_service;db_write;process_refund;db_read;provision_vm,0.50278324;0.33363044;0.28547964;0.24594134;0.23376189,743,paraphrase_variant,
Paraphrase,917,We request that you reload the service hosted on staging-db-02.,restart_service,restart_service,restart_service,True,1,0.4677930772304535,0.4677930772304535,restart_service;db_write;process_refund;db_read;quarantine_system,0.46779308;0.34383124;0.27536890;0.26219270;0.24604796,743,paraphrase_variant,
Paraphrase,918,Could someone reload the service hosted on staging-db-02?,restart_service,restart_service,restart_service,True,1,0.43935534358024597,0.43935534358024597,restart_service;db_write;process_refund;db_read;quarantine_system,0.43935534;0.26777107;0.21425290;0.20497231;0.18312983,743,paraphrase_variant,
Paraphrase,919,Gonna need you to reload the service hosted on staging-db-02.,restart_service,restart_service,restart_service,True,1,0.4962729513645172,0.4962729513645172,restart_service;db_write;process_refund;db_read;quarantine_system,0.49627295;0.38219371;0.31187049;0.29832253;0.27420026,743,paraphrase_variant,
Paraphrase,920,perform a service restart on auth-svc-04.,restart_service,restart_service,restart_service,True,1,0.5434717535972595,0.5434717535972595,restart_service;process_refund;quarantine_system;reset_password;provision_vm,0.54347175;0.24655107;0.21951498;0.18576588;0.18145554,744,paraphrase_original,
Paraphrase,921,Kindly perform a service restart on auth-svc-04.,restart_service,restart_service,restart_service,True,1,0.5356638431549072,0.5356638431549072,restart_service;process_refund;quarantine_system;reset_password;provision_vm,0.53566384;0.24730767;0.21615374;0.17784393;0.17160478,744,paraphrase_variant,
Paraphrase,922,"Hey, can you perform a service restart on auth-svc-04.",restart_service,restart_service,restart_service,True,1,0.5652377605438232,0.5652377605438232,restart_service;process_refund;quarantine_system;provision_vm;reset_password,0.56523776;0.31970540;0.29987860;0.27010491;0.25055480,744,paraphrase_variant,
Paraphrase,923,It would help if perform a service restart on auth-svc-04.,restart_service,restart_service,restart_service,True,1,0.5381402373313904,0.5381402373313904,restart_service;process_refund;quarantine_system;provision_vm;reset_password,0.53814024;0.29591998;0.27464941;0.23043242;0.22358955,744,paraphrase_variant,
Paraphrase,924,Is it possible to perform a service restart on auth-svc-04?,restart_service,restart_service,restart_service,True,1,0.512005627155304,0.512005627155304,restart_service;process_refund;quarantine_system;reset_password;provision_vm,0.51200563;0.20602453;0.18545720;0.16970120;0.14605591,744,paraphrase_variant,
Paraphrase,925,Please restart the service on cdn-edge-06.,restart_service,restart_service,restart_service,True,1,0.5053955316543579,0.5053955316543579,restart_service;process_refund;quarantine_system;provision_vm;check_status,0.50539553;0.35654876;0.32867727;0.31079927;0.30595559,745,paraphrase_original,
Paraphrase,926,"Hey, can you restart the service on cdn-edge-06.",restart_service,restart_service,restart_service,True,1,0.5633008480072021,0.5633008480072021,restart_service;process_refund;quarantine_system;provision_vm;send_notification,0.56330085;0.37716442;0.35707682;0.34509021;0.29931316,745,paraphrase_variant,
Paraphrase,927,Could you please restart the service on cdn-edge-06.,restart_service,restart_service,restart_service,True,1,0.5546457767486572,0.5546457767486572,restart_service;process_refund;quarantine_system;provision_vm;send_notification,0.55464578;0.37092853;0.34539154;0.32531592;0.29663160,745,paraphrase_variant,
Paraphrase,928,Could someone restart the service on cdn-edge-06?,restart_service,restart_service,restart_service,True,1,0.5353251695632935,0.5353251695632935,restart_service;process_refund;quarantine_system;provision_vm;check_status,0.53532517;0.31839448;0.29830503;0.27007651;0.26102000,745,paraphrase_variant,
Paraphrase,929,The situation requires restart the service on cdn-edge-06.,restart_service,restart_service,restart_service,True,1,0.5498757362365723,0.5498757362365723,restart_service;process_refund;quarantine_system;provision_vm;create_ticket,0.54987574;0.37392810;0.34033084;0.32247087;0.28642568,745,paraphrase_variant,
Paraphrase,930,Can you restart the service on ml-infer-05?,restart_service,restart_service,restart_service,True,1,0.5739952921867371,0.5739952921867371,restart_service;process_refund;quarantine_system;db_write;provision_vm,0.57399529;0.37291825;0.34722000;0.31493026;0.31338567,753,paraphrase_original,
Paraphrase,931,Would anyone be able to restart the service on ml-infer-05?,restart_service,restart_service,restart_service,True,1,0.5506705641746521,0.5506705641746521,restart_service;process_refund;quarantine_system;db_write;provision_vm,0.55067056;0.38087589;0.36402273;0.33295593;0.33058241,753,paraphrase_variant,
Paraphrase,932,I'd appreciate it if you could restart the service on ml-infer-05.,restart_service,restart_service,restart_service,True,1,0.5683385133743286,0.5683385133743286,restart_service;process_refund;quarantine_system;provision_vm;db_write,0.56833851;0.45059952;0.42864898;0.40349096;0.39544168,753,paraphrase_variant,
Paraphrase,933,It would help if restart the service on ml-infer-05.,restart_service,restart_service,restart_service,True,1,0.5230755805969238,0.5230755805969238,restart_service;process_refund;quarantine_system;db_write;provision_vm,0.52307558;0.39659297;0.37234864;0.33652806;0.33039355,753,paraphrase_variant,
Paraphrase,934,Gonna need you to restart the service on ml-infer-05.,restart_service,restart_service,restart_service,True,1,0.5453788042068481,0.5453788042068481,restart_service;process_refund;quarantine_system;provision_vm;db_write,0.54537880;0.42993096;0.41134527;0.37606475;0.37115428,753,paraphrase_variant,
Paraphrase,935,Could you restart cdn-edge-06's service process for me?,restart_service,restart_service,restart_service,True,1,0.5579972863197327,0.5579972863197327,restart_service;process_refund;quarantine_system;provision_vm;check_status,0.55799729;0.37140018;0.34813750;0.31637022;0.31370634,765,paraphrase_original,
Paraphrase,936,The situation requires restart cdn-edge-06's service process for me.,restart_service,restart_service,restart_service,True,1,0.5320172905921936,0.5320172905921936,restart_service;process_refund;quarantine_system;provision_vm;create_ticket,0.53201729;0.37854567;0.35234925;0.32983699;0.30558360,765,paraphrase_variant,
Paraphrase,937,Who can restart cdn-edge-06's service process for me?,restart_service,restart_service,restart_service,True,1,0.5256264805793762,0.5256264805793762,restart_service;process_refund;quarantine_system;provision_vm;check_status,0.52562648;0.31916678;0.29772323;0.26396623;0.24624199,765,paraphrase_variant,
Paraphrase,938,I'd appreciate it if you could restart cdn-edge-06's service process for me.,restart_service,restart_service,restart_service,True,1,0.5583908557891846,0.5583908557891846,restart_service;process_refund;quarantine_system;provision_vm;check_status,0.55839086;0.39790779;0.36981097;0.35125414;0.32460964,765,paraphrase_variant,
Paraphrase,939,"Hey, can you restart cdn-edge-06's service process for me.",restart_service,restart_service,restart_service,True,1,0.5515527725219727,0.5515527725219727,restart_service;process_refund;quarantine_system;provision_vm;send_notification,0.55155277;0.38940170;0.36709586;0.34881678;0.30862212,765,paraphrase_variant,
Paraphrase,940,Could you bring the service on auth-svc-04 back up for me?,restart_service,restart_service,restart_service,True,1,0.4375872313976288,0.4375872313976288,restart_service;process_refund;quarantine_system;provision_vm;generate_report,0.43758723;0.36728978;0.36554635;0.34559354;0.32108086,766,paraphrase_original,
Paraphrase,941,Would you mind bring the service on auth-svc-04 back up for me.,restart_service,restart_service,restart_service,True,1,0.37151825428009033,0.37151825428009033,restart_service;quarantine_system;process_refund;provision_vm;generate_report,0.37151825;0.36145946;0.34760842;0.34655702;0.33397406,766,paraphrase_variant,
Paraphrase,942,It would help if bring the service on auth-svc-04 back up for me.,restart_service,restart_service,restart_service,True,1,0.45605698227882385,0.45605698227882385,restart_service;process_refund;quarantine_system;provision_vm;check_status,0.45605698;0.35406953;0.34123954;0.30845302;0.30233020,766,paraphrase_variant,
Paraphrase,943,Quick one -- bring the service on auth-svc-04 back up for me.,restart_service,restart_service,restart_service,True,1,0.4174116253852844,0.4174116253852844,restart_service;process_refund;quarantine_system;provision_vm;generate_report,0.41741163;0.38103291;0.35959026;0.34752357;0.32927981,766,paraphrase_variant,
Paraphrase,944,Could someone bring the service on auth-svc-04 back up for me?,restart_service,restart_service,restart_service,True,1,0.382134348154068,0.382134348154068,restart_service;process_refund;quarantine_system;provision_vm;generate_report,0.38213435;0.33013549;0.32947916;0.30072042;0.29476279,766,paraphrase_variant,
Paraphrase,945,I need you to restart the service on staging-db-02.,restart_service,restart_service,restart_service,True,1,0.5430196523666382,0.5430196523666382,restart_service;db_write;process_refund;quarantine_system;db_read,0.54301965;0.33888280;0.29644972;0.25652331;0.25095293,769,paraphrase_original,
Paraphrase,946,Could you please restart the service on staging-db-02.,restart_service,restart_service,restart_service,True,1,0.5403311848640442,0.5403311848640442,restart_service;db_write;process_refund;quarantine_system;db_read,0.54033118;0.34267825;0.31512699;0.27222833;0.25904414,769,paraphrase_variant,
Paraphrase,947,"Hey, can you restart the service on staging-db-02.",restart_service,restart_service,restart_service,True,1,0.5529997944831848,0.5529997944831848,restart_service;db_write;process_refund;quarantine_system;provision_vm,0.55299979;0.35231295;0.32591909;0.29274291;0.27819839,769,paraphrase_variant,
Paraphrase,948,Could someone restart the service on staging-db-02?,restart_service,restart_service,restart_service,True,1,0.49293404817581177,0.49293404817581177,restart_service;db_write;process_refund;quarantine_system;db_read,0.49293405;0.24979307;0.22225967;0.19413379;0.18544848,769,paraphrase_variant,
Paraphrase,949,It would help if restart the service on staging-db-02.,restart_service,restart_service,restart_service,True,1,0.5458002090454102,0.5458002090454102,restart_service;db_write;process_refund;check_status;db_read,0.54580021;0.35748476;0.32056463;0.28563175;0.28358993,769,paraphrase_variant,
Paraphrase,950,I need you to cycle cdn-edge-06.,restart_service,restart_service,provision_vm,False,13,0.35778239369392395,0.21386981010437012,provision_vm;send_notification;quarantine_system;generate_report;db_write,0.35778239;0.34388766;0.33818313;0.31057692;0.30072659,772,paraphrase_original,
Paraphrase,951,Is it possible to cycle cdn-edge-06?,restart_service,restart_service,provision_vm,False,11,0.29201680421829224,0.2027089148759842,provision_vm;quarantine_system;send_notification;scan_malware;create_ticket,0.29201680;0.27685863;0.25568947;0.24583729;0.24149182,772,paraphrase_variant,
Paraphrase,952,Need you to cycle cdn-edge-06.,restart_service,restart_service,provision_vm,False,13,0.3448546528816223,0.217336505651474,provision_vm;send_notification;quarantine_system;generate_report;create_ticket,0.34485465;0.33157653;0.32955942;0.29892001;0.29612327,772,paraphrase_variant,
Paraphrase,953,We request that you cycle cdn-edge-06.,restart_service,restart_service,send_notification,False,13,0.3515475392341614,0.2155141681432724,send_notification;provision_vm;quarantine_system;generate_report;create_ticket,0.35154754;0.33746809;0.33254743;0.31539392;0.31212169,772,paraphrase_variant,
Paraphrase,954,It would help if cycle cdn-edge-06.,restart_service,restart_service,send_notification,False,11,0.2908482253551483,0.20982709527015686,send_notification;provision_vm;quarantine_system;generate_report;create_ticket,0.29084823;0.28894696;0.28554574;0.26738843;0.26366255,772,paraphrase_variant,
Paraphrase,955,Let's perform a service restart on auth-svc-04.,restart_service,restart_service,restart_service,True,1,0.5515324473381042,0.5515324473381042,restart_service;process_refund;quarantine_system;provision_vm;reset_password,0.55153245;0.29299849;0.27440262;0.22785778;0.21768421,792,paraphrase_original,
Paraphrase,956,Is it possible to let's perform a service restart on auth-svc-04?,restart_service,restart_service,restart_service,True,1,0.5169650316238403,0.5169650316238403,restart_service;process_refund;quarantine_system;reset_password;provision_vm,0.51696503;0.22575015;0.20580193;0.17509980;0.16911395,792,paraphrase_variant,
Paraphrase,957,Would you mind let's perform a service restart on auth-svc-04.,restart_service,restart_service,restart_service,True,1,0.5379484295845032,0.5379484295845032,restart_service;process_refund;quarantine_system;provision_vm;reset_password,0.53794843;0.31330848;0.30245903;0.27348587;0.26193357,792,paraphrase_variant,
Paraphrase,958,It would help if let's perform a service restart on auth-svc-04.,restart_service,restart_service,restart_service,True,1,0.5438016057014465,0.5438016057014465,restart_service;process_refund;quarantine_system;provision_vm;reset_password,0.54380161;0.31851146;0.29565117;0.26303607;0.24095702,792,paraphrase_variant,
Paraphrase,959,Need you to let's perform a service restart on auth-svc-04.,restart_service,restart_service,restart_service,True,1,0.5700607895851135,0.5700607895851135,restart_service;process_refund;quarantine_system;provision_vm;reset_password,0.57006079;0.31326979;0.29017738;0.25151563;0.23080409,792,paraphrase_variant,
Paraphrase,960,Kindly reboot auth-svc-04.,restart_service,restart_service,restart_service,True,1,0.4089082181453705,0.4089082181453705,restart_service;reset_password;process_refund;provision_vm;quarantine_system,0.40890822;0.30426621;0.22985838;0.18717237;0.18464510,794,paraphrase_original,
Paraphrase,961,Would you mind reboot auth-svc-04.,restart_service,restart_service,restart_service,True,1,0.43369388580322266,0.43369388580322266,restart_service;reset_password;process_refund;provision_vm;quarantine_system,0.43369389;0.37247854;0.29945451;0.29819399;0.28196830,794,paraphrase_variant,
Paraphrase,962,Is it possible to reboot auth-svc-04?,restart_service,restart_service,restart_service,True,1,0.43956175446510315,0.43956175446510315,restart_service;reset_password;process_refund;provision_vm;quarantine_system,0.43956175;0.32881430;0.22252423;0.19923209;0.18401605,794,paraphrase_variant,
Paraphrase,963,reboot auth-svc-04 -- that's what needs to happen.,restart_service,restart_service,restart_service,True,1,0.44432002305984497,0.44432002305984497,restart_service;reset_password;process_refund;quarantine_system;provision_vm,0.44432002;0.34497270;0.27913913;0.24381395;0.24346119,794,paraphrase_variant,
Paraphrase,964,"Yo, reboot auth-svc-04.",restart_service,restart_service,restart_service,True,1,0.43052956461906433,0.43052956461906433,restart_service;reset_password;process_refund;provision_vm;quarantine_system,0.43052956;0.34518787;0.28435329;0.26505840;0.25501272,794,paraphrase_variant,
Paraphrase,965,Kindly cycle cdn-edge-06.,restart_service,restart_service,provision_vm,False,10,0.26848849654197693,0.19323575496673584,provision_vm;quarantine_system;send_notification;create_ticket;scan_malware,0.26848850;0.25901240;0.25254142;0.23445067;0.22223546,796,paraphrase_original,
Paraphrase,966,We request that you cycle cdn-edge-06.,restart_service,restart_service,send_notification,False,13,0.3515475392341614,0.2155141681432724,send_notification;provision_vm;quarantine_system;generate_report;create_ticket,0.35154754;0.33746809;0.33254743;0.31539392;0.31212169,796,paraphrase_variant,
Paraphrase,967,Who can cycle cdn-edge-06?,restart_service,restart_service,provision_vm,False,11,0.284196674823761,0.149021714925766,provision_vm;send_notification;escalate_to_human;create_ticket;quarantine_system,0.28419667;0.27281904;0.27265260;0.24906251;0.24807666,796,paraphrase_variant,
Paraphrase,968,It would help if cycle cdn-edge-06.,restart_service,restart_service,send_notification,False,11,0.2908482253551483,0.20982709527015686,send_notification;provision_vm;quarantine_system;generate_report;create_ticket,0.29084823;0.28894696;0.28554574;0.26738843;0.26366255,796,paraphrase_variant,
Paraphrase,969,Need you to cycle cdn-edge-06.,restart_service,restart_service,provision_vm,False,13,0.3448546528816223,0.217336505651474,provision_vm;send_notification;quarantine_system;generate_report;create_ticket,0.34485465;0.33157653;0.32955942;0.29892001;0.29612327,796,paraphrase_variant,
Paraphrase,970,"When you have a moment, restart the service on staging-db-02.",restart_service,restart_service,restart_service,True,1,0.5153762102127075,0.5153762102127075,restart_service;db_write;process_refund;quarantine_system;db_read,0.51537621;0.32141119;0.31407371;0.27574223;0.24309158,801,paraphrase_original,
Paraphrase,971,"Quick one -- when you have a moment, restart the service on staging-db-02.",restart_service,restart_service,restart_service,True,1,0.5248581171035767,0.5248581171035767,restart_service;db_write;process_refund;quarantine_system;provision_vm,0.52485812;0.39530128;0.38750365;0.35201702;0.32736322,801,paraphrase_variant,
Paraphrase,972,"Would anyone be able to when you have a moment, restart the service on staging-db-02?",restart_service,restart_service,restart_service,True,1,0.5400578379631042,0.5400578379631042,restart_service;db_write;process_refund;quarantine_system;provision_vm,0.54005784;0.35992530;0.35735255;0.32687095;0.31105140,801,paraphrase_variant,
Paraphrase,973,"We request that you when you have a moment, restart the service on staging-db-02.",restart_service,restart_service,restart_service,True,1,0.5160086750984192,0.5160086750984192,restart_service;db_write;process_refund;quarantine_system;provision_vm,0.51600868;0.34897748;0.34784591;0.31879604;0.28337899,801,paraphrase_variant,
Paraphrase,974,"when you have a moment, restart the service on staging-db-02 -- that's what needs to happen.",restart_service,restart_service,restart_service,True,1,0.5169367790222168,0.5169367790222168,restart_service;db_write;process_refund;quarantine_system;provision_vm,0.51693678;0.35674444;0.33747807;0.31337529;0.28011528,801,paraphrase_variant,
Paraphrase,975,"When you have a moment, bounce the service running on ml-infer-05.",restart_service,restart_service,quarantine_system,False,2,0.38900670409202576,0.36316224932670593,quarantine_system;restart_service;process_refund;check_status;send_notification,0.38900670;0.36316225;0.35213271;0.34457034;0.32617694,803,paraphrase_original,
Paraphrase,976,"What we need is for when you have a moment, bounce the service running on ml-infer-05.",restart_service,restart_service,quarantine_system,False,4,0.36607596278190613,0.3274308443069458,quarantine_system;process_refund;check_status;restart_service;send_notification,0.36607596;0.33232906;0.32944319;0.32743084;0.32739609,803,paraphrase_variant,
Paraphrase,977,"Would you mind when you have a moment, bounce the service running on ml-infer-05.",restart_service,restart_service,quarantine_system,False,4,0.3942064344882965,0.34180301427841187,quarantine_system;process_refund;scan_malware;restart_service;send_notification,0.39420643;0.35545316;0.34273642;0.34180301;0.33968464,803,paraphrase_variant,
Paraphrase,978,"Hey, can you when you have a moment, bounce the service running on ml-infer-05.",restart_service,restart_service,quarantine_system,False,7,0.4535723626613617,0.37998804450035095,quarantine_system;send_notification;process_refund;generate_report;provision_vm,0.45357236;0.41602674;0.41305825;0.40053356;0.39776459,803,paraphrase_variant,
Paraphrase,979,"Is it possible to when you have a moment, bounce the service running on ml-infer-05?",restart_service,restart_service,quarantine_system,False,2,0.3405913710594177,0.3254098892211914,quarantine_system;restart_service;process_refund;check_status;scan_malware,0.34059137;0.32540989;0.29447284;0.28163275;0.28054801,803,paraphrase_variant,
Paraphrase,980,see if ml-infer-05 is up.,check_status,check_status,quarantine_system,False,2,0.28107205033302307,0.2797698378562927,quarantine_system;check_status;db_read;log_audit_event;scan_malware,0.28107205;0.27976984;0.26821181;0.26712313;0.26509324,806,paraphrase_original,
Paraphrase,981,The situation requires see if ml-infer-05 is up.,check_status,check_status,generate_report,False,4,0.3239520788192749,0.3018939793109894,generate_report;send_notification;quarantine_system;check_status;log_audit_event,0.32395208;0.32317650;0.32254660;0.30189398;0.29378048,806,paraphrase_variant,
Paraphrase,982,Gonna need you to see if ml-infer-05 is up.,check_status,check_status,generate_report,False,10,0.36273396015167236,0.2897111475467682,generate_report;send_notification;quarantine_system;db_write;log_audit_event,0.36273396;0.35071963;0.34862995;0.34749010;0.32647583,806,paraphrase_variant,
Paraphrase,983,Who can see if ml-infer-05 is up?,check_status,check_status,log_audit_event,False,5,0.3015410602092743,0.25841641426086426,log_audit_event;send_notification;quarantine_system;generate_report;check_status,0.30154106;0.28405771;0.27691546;0.27423057;0.25841641,806,paraphrase_variant,
Paraphrase,984,Please see if ml-infer-05 is up.,check_status,check_status,quarantine_system,False,10,0.3509964942932129,0.29759037494659424,quarantine_system;generate_report;log_audit_event;send_notification;scan_malware,0.35099649;0.34629256;0.33948648;0.33725047;0.33647090,806,paraphrase_variant,
Paraphrase,985,inspect the current state of ml-infer-05.,check_status,check_status,log_audit_event,False,4,0.3073859214782715,0.26970815658569336,log_audit_event;scan_malware;quarantine_system;check_status;db_read,0.30738592;0.28276926;0.27350125;0.26970816;0.26265746,807,paraphrase_original,
Paraphrase,986,Who can inspect the current state of ml-infer-05?,check_status,check_status,log_audit_event,False,7,0.3454192280769348,0.285254567861557,log_audit_event;quarantine_system;generate_report;process_refund;scan_malware,0.34541923;0.30689618;0.30412450;0.29840776;0.29090264,807,paraphrase_variant,
Paraphrase,987,The situation requires inspect the current state of ml-infer-05.,check_status,check_status,quarantine_system,False,8,0.3654313087463379,0.3074794411659241,quarantine_system;generate_report;process_refund;log_audit_event;send_notification,0.36543131;0.35527447;0.34803331;0.34404638;0.34135240,807,paraphrase_variant,
Paraphrase,988,"Yo, inspect the current state of ml-infer-05.",check_status,check_status,log_audit_event,False,9,0.37279102206230164,0.32859861850738525,log_audit_event;quarantine_system;generate_report;scan_malware;process_refund,0.37279102;0.36927965;0.36563140;0.35847530;0.35756502,807,paraphrase_variant,
Paraphrase,989,Kindly inspect the current state of ml-infer-05.,check_status,check_status,log_audit_event,False,5,0.32497960329055786,0.29697147011756897,log_audit_event;scan_malware;quarantine_system;process_refund;check_status,0.32497960;0.31285498;0.30698404;0.29982638;0.29697147,807,paraphrase_variant,
Paraphrase,990,look into auth-svc-04's health.,check_status,check_status,quarantine_system,False,11,0.29257604479789734,0.18495133519172668,quarantine_system;reset_password;log_audit_event;scan_malware;process_refund,0.29257604;0.27743810;0.27683261;0.26124492;0.25360152,808,paraphrase_original,
Paraphrase,991,"Hey, can you look into auth-svc-04's health.",check_status,check_status,quarantine_system,False,11,0.366091251373291,0.2575346529483795,quarantine_system;reset_password;log_audit_event;generate_report;scan_malware,0.36609125;0.35443348;0.35175315;0.33728409;0.33340573,808,paraphrase_variant,
Paraphrase,992,We request that you look into auth-svc-04's health.,check_status,check_status,quarantine_system,False,11,0.3755091428756714,0.27490437030792236,quarantine_system;log_audit_event;process_refund;send_notification;generate_report,0.37550914;0.36034575;0.33735710;0.33510706;0.33019209,808,paraphrase_variant,
Paraphrase,993,Is it possible to look into auth-svc-04's health?,check_status,check_status,log_audit_event,False,6,0.27325016260147095,0.2106124460697174,log_audit_event;quarantine_system;reset_password;process_refund;escalate_to_human,0.27325016;0.24849944;0.21838856;0.21247916;0.21201317,808,paraphrase_variant,
Paraphrase,994,It would help if look into auth-svc-04's health.,check_status,check_status,quarantine_system,False,11,0.34741145372390747,0.26066815853118896,quarantine_system;log_audit_event;process_refund;generate_report;send_notification,0.34741145;0.33508834;0.32044044;0.31096116;0.30601513,808,paraphrase_variant,
Paraphrase,995,review the status of ml-infer-05.,check_status,check_status,generate_report,False,8,0.2440837025642395,0.2089076191186905,generate_report;log_audit_event;db_write;scan_malware;process_refund,0.24408370;0.24063085;0.23726316;0.22841060;0.22765346,811,paraphrase_original,
Paraphrase,996,The situation requires review the status of ml-infer-05.,check_status,check_status,generate_report,False,5,0.336428701877594,0.2992278039455414,generate_report;send_notification;quarantine_system;process_refund;check_status,0.33642870;0.33618468;0.31648877;0.31444779;0.29922780,811,paraphrase_variant,
Paraphrase,997,Gonna need you to review the status of ml-infer-05.,check_status,check_status,generate_report,False,7,0.386483758687973,0.3478941023349762,generate_report;send_notification;quarantine_system;db_write;log_audit_event,0.38648376;0.37573937;0.36116588;0.35479113;0.34889477,811,paraphrase_variant,
Paraphrase,998,Is it possible to review the status of ml-infer-05?,check_status,check_status,log_audit_event,False,2,0.29194167256355286,0.28278931975364685,log_audit_event;check_status;generate_report;send_notification;db_write,0.29194167;0.28278932;0.24958909;0.24145454;0.23695830,811,paraphrase_variant,
Paraphrase,999,Please review the status of ml-infer-05.,check_status,check_status,generate_report,False,10,0.3064652681350708,0.24745184183120728,generate_report;db_write;log_audit_event;scan_malware;process_refund,0.30646527;0.29467729;0.29339150;0.28556746;0.28201574,811,paraphrase_variant,
Paraphrase,1000,Please see if prod-web-01 is up.,check_status,check_status,quarantine_system,False,9,0.4484637379646301,0.353102445602417,quarantine_system;generate_report;provision_vm;process_refund;send_notification,0.44846374;0.44067091;0.42835361;0.42043987;0.41625664,814,paraphrase_original,
Paraphrase,1001,Need you to see if prod-web-01 is up.,check_status,check_status,quarantine_system,False,9,0.4584430456161499,0.37545937299728394,quarantine_system;generate_report;provision_vm;process_refund;send_notification,0.45844305;0.43673941;0.42844748;0.42700672;0.41559824,814,paraphrase_variant,
Paraphrase,1002,Is it possible to see if prod-web-01 is up?,check_status,check_status,quarantine_system,False,5,0.4200424551963806,0.36921268701553345,quarantine_system;scan_malware;log_audit_event;process_refund;check_status,0.42004246;0.38843477;0.38746089;0.36974025;0.36921269,814,paraphrase_variant,
Paraphrase,1003,Would you mind see if prod-web-01 is up.,check_status,check_status,generate_report,False,10,0.43518146872520447,0.3252233862876892,generate_report;quarantine_system;provision_vm;scan_malware;send_notification,0.43518147;0.42482865;0.41051409;0.40471736;0.40043977,814,paraphrase_variant,
Paraphrase,1004,It would help if see if prod-web-01 is up.,check_status,check_status,quarantine_system,False,6,0.4355442523956299,0.39000171422958374,quarantine_system;generate_report;process_refund;provision_vm;send_notification,0.43554425;0.41542903;0.40678108;0.39908168;0.39609966,814,paraphrase_variant,
Paraphrase,1005,Please inspect the current state of payment-api-03.,check_status,check_status,check_status,True,1,0.4041280448436737,0.4041280448436737,check_status;log_audit_event;quarantine_system;process_refund;generate_report,0.40412804;0.39480457;0.38716555;0.38404775;0.36751363,815,paraphrase_original,
Paraphrase,1006,It would help if inspect the current state of payment-api-03.,check_status,check_status,check_status,True,1,0.43455278873443604,0.43455278873443604,check_status;log_audit_event;quarantine_system;process_refund;create_ticket,0.43455279;0.41723183;0.39469811;0.39063635;0.37646946,815,paraphrase_variant,
Paraphrase,1007,Gonna need you to inspect the current state of payment-api-03.,check_status,check_status,check_status,True,1,0.4304875433444977,0.4304875433444977,check_status;quarantine_system;log_audit_event;generate_report;process_refund,0.43048754;0.42974257;0.41849914;0.41825289;0.41584608,815,paraphrase_variant,
Paraphrase,1008,Would anyone be able to inspect the current state of payment-api-03?,check_status,check_status,log_audit_event,False,2,0.40975770354270935,0.409012109041214,log_audit_event;check_status;quarantine_system;generate_report;create_ticket,0.40975770;0.40901211;0.36117831;0.34691998;0.34432250,815,paraphrase_variant,
Paraphrase,1009,Please inspect the current state of payment-api-03.,check_status,check_status,check_status,True,1,0.4041280448436737,0.4041280448436737,check_status;log_audit_event;quarantine_system;process_refund;generate_report,0.40412804;0.39480457;0.38716555;0.38404775;0.36751363,815,paraphrase_variant,
Paraphrase,1010,Can you inspect the current state of payment-api-03?,check_status,check_status,check_status,True,1,0.38729724287986755,0.38729724287986755,check_status;log_audit_event;quarantine_system;process_refund;create_ticket,0.38729724;0.38601661;0.34944746;0.33030662;0.31752035,823,paraphrase_original,
Paraphrase,1011,"Hey, can you inspect the current state of payment-api-03.",check_status,check_status,log_audit_event,False,2,0.4344066381454468,0.42282310128211975,log_audit_event;check_status;quarantine_system;process_refund;generate_report,0.43440664;0.42282310;0.41855553;0.40258849;0.39830986,823,paraphrase_variant,
Paraphrase,1012,What we need is for inspect the current state of payment-api-03.,check_status,check_status,check_status,True,1,0.40949079394340515,0.40949079394340515,check_status;log_audit_event;quarantine_system;create_ticket;process_refund,0.40949079;0.38317275;0.34902677;0.34591842;0.33943000,823,paraphrase_variant,
Paraphrase,1013,I'd appreciate it if you could inspect the current state of payment-api-03.,check_status,check_status,check_status,True,1,0.45327791571617126,0.45327791571617126,check_status;log_audit_event;quarantine_system;generate_report;process_refund,0.45327792;0.44046009;0.41460562;0.41198182;0.40515161,823,paraphrase_variant,
Paraphrase,1014,Who can inspect the current state of payment-api-03?,check_status,check_status,log_audit_event,False,2,0.3476851284503937,0.32197096943855286,log_audit_event;check_status;quarantine_system;create_ticket;process_refund,0.34768513;0.32197097;0.30434406;0.29719874;0.28582573,823,paraphrase_variant,
Paraphrase,1015,Can you look into prod-web-01's health?,check_status,check_status,quarantine_system,False,12,0.44407984614372253,0.3003057539463043,quarantine_system;generate_report;scan_malware;process_refund;provision_vm,0.44407985;0.43195254;0.41872403;0.41470471;0.40421584,824,paraphrase_original,
Paraphrase,1016,Could someone look into prod-web-01's health?,check_status,check_status,generate_report,False,12,0.4157932698726654,0.28060537576675415,generate_report;quarantine_system;process_refund;scan_malware;provision_vm,0.41579327;0.41559964;0.38762200;0.38733295;0.37798721,824,paraphrase_variant,
Paraphrase,1017,"Yo, look into prod-web-01's health.",check_status,check_status,quarantine_system,False,12,0.47047948837280273,0.3204023241996765,quarantine_system;generate_report;scan_malware;process_refund;provision_vm,0.47047949;0.45317829;0.43096098;0.43070000;0.42482793,824,paraphrase_variant,
Paraphrase,1018,I'd appreciate it if you could look into prod-web-01's health.,check_status,check_status,quarantine_system,False,12,0.4845767021179199,0.3470352590084076,quarantine_system;generate_report;process_refund;provision_vm;send_notification,0.48457670;0.47847551;0.45849094;0.44799829;0.43511650,824,paraphrase_variant,
Paraphrase,1019,The situation requires look into prod-web-01's health.,check_status,check_status,quarantine_system,False,11,0.5209498405456543,0.3392380177974701,quarantine_system;generate_report;process_refund;provision_vm;escalate_to_human,0.52094984;0.49844217;0.48235744;0.48174131;0.45422950,824,paraphrase_variant,
Paraphrase,1020,Can you confirm that auth-svc-04 is running normally?,check_status,check_status,log_audit_event,False,3,0.28035905957221985,0.24685922265052795,log_audit_event;reset_password;check_status;restart_service;quarantine_system,0.28035906;0.24895406;0.24685922;0.23084466;0.22992073,825,paraphrase_original,
Paraphrase,1021,What we need is for confirm that auth-svc-04 is running normally.,check_status,check_status,log_audit_event,False,2,0.2764756381511688,0.25640973448753357,log_audit_event;check_status;quarantine_system;reset_password;scan_malware,0.27647564;0.25640973;0.24509253;0.23157665;0.22092724,825,paraphrase_variant,
Paraphrase,1022,We request that you confirm that auth-svc-04 is running normally.,check_status,check_status,log_audit_event,False,3,0.35100674629211426,0.32220301032066345,log_audit_event;quarantine_system;check_status;send_notification;process_refund,0.35100675;0.33661276;0.32220301;0.29721612;0.29124737,825,paraphrase_variant,
Paraphrase,1023,Is it possible to confirm that auth-svc-04 is running normally?,check_status,check_status,log_audit_event,False,2,0.25230738520622253,0.24468158185482025,log_audit_event;check_status;restart_service;quarantine_system;scan_malware,0.25230739;0.24468158;0.19397275;0.19048838;0.16578305,825,paraphrase_variant,
Paraphrase,1024,Gonna need you to confirm that auth-svc-04 is running normally.,check_status,check_status,quarantine_system,False,5,0.3279624283313751,0.2884635627269745,quarantine_system;log_audit_event;reset_password;scan_malware;check_status,0.32796243;0.32524982;0.30078670;0.29464811;0.28846356,825,paraphrase_variant,
Paraphrase,1025,Can you check whether payment-api-03 is operational?,check_status,check_status,check_status,True,1,0.40835994482040405,0.40835994482040405,check_status;log_audit_event;quarantine_system;process_refund;send_notification,0.40835994;0.35101703;0.34719655;0.31429270;0.28745607,826,paraphrase_original,
Paraphrase,1026,It would help if check whether payment-api-03 is operational.,check_status,check_status,check_status,True,1,0.4529610574245453,0.4529610574245453,check_status;quarantine_system;log_audit_event;process_refund;send_notification,0.45296106;0.38625982;0.38030115;0.36001027;0.34271806,826,paraphrase_variant,
Paraphrase,1027,Do me a favor and check whether payment-api-03 is operational.,check_status,check_status,check_status,True,1,0.4105103611946106,0.4105103611946106,check_status;quarantine_system;process_refund;log_audit_event;generate_report,0.41051036;0.39657292;0.38494509;0.37854946;0.37525001,826,paraphrase_variant,
Paraphrase,1028,Could you please check whether payment-api-03 is operational.,check_status,check_status,check_status,True,1,0.4336297810077667,0.4336297810077667,check_status;log_audit_event;quarantine_system;process_refund;generate_report,0.43362978;0.40714231;0.40120590;0.39030004;0.37360394,826,paraphrase_variant,
Paraphrase,1029,Would anyone be able to check whether payment-api-03 is operational?,check_status,check_status,check_status,True,1,0.42487382888793945,0.42487382888793945,check_status;log_audit_event;quarantine_system;process_refund;send_notification,0.42487383;0.38643175;0.36027139;0.32601374;0.32299331,826,paraphrase_variant,
Paraphrase,1030,Could you verify whether payment-api-03 is healthy for me?,check_status,check_status,check_status,True,1,0.3215124011039734,0.3215124011039734,check_status;quarantine_system;send_notification;generate_report;log_audit_event,0.32151240;0.24924862;0.24877234;0.23415689;0.23122987,829,paraphrase_original,
Paraphrase,1031,What we need is for verify whether payment-api-03 is healthy for me.,check_status,check_status,check_status,True,1,0.3426973819732666,0.3426973819732666,check_status;quarantine_system;send_notification;log_audit_event;generate_report,0.34269738;0.29012290;0.28111669;0.25642318;0.25007132,829,paraphrase_variant,
Paraphrase,1032,We request that you verify whether payment-api-03 is healthy for me.,check_status,check_status,quarantine_system,False,2,0.3519350588321686,0.3489082455635071,quarantine_system;check_status;send_notification;generate_report;log_audit_event,0.35193506;0.34890825;0.34885171;0.30736834;0.30631438,829,paraphrase_variant,
Paraphrase,1033,Is it possible to verify whether payment-api-03 is healthy for me?,check_status,check_status,check_status,True,1,0.27672839164733887,0.27672839164733887,check_status;quarantine_system;log_audit_event;send_notification;create_ticket,0.27672839;0.19648407;0.18701813;0.17940225;0.15367171,829,paraphrase_variant,
Paraphrase,1034,"Hey, can you verify whether payment-api-03 is healthy for me.",check_status,check_status,check_status,True,1,0.3334920406341553,0.3334920406341553,check_status;quarantine_system;send_notification;generate_report;provision_vm,0.33349204;0.32431361;0.32381728;0.31232107;0.28829184,829,paraphrase_variant,
Paraphrase,1035,Could you inspect the current state of payment-api-03 for me?,check_status,check_status,check_status,True,1,0.4171571433544159,0.4171571433544159,check_status;log_audit_event;quarantine_system;generate_report;process_refund,0.41715714;0.41175362;0.37854230;0.36615610;0.36572251,831,paraphrase_original,
Paraphrase,1036,Do me a favor and inspect the current state of payment-api-03 for me.,check_status,check_status,create_ticket,False,7,0.4084327816963196,0.37473857402801514,create_ticket;log_audit_event;generate_report;process_refund;provision_vm,0.40843278;0.39554653;0.39331791;0.38000423;0.37975514,831,paraphrase_variant,
Paraphrase,1037,It would help if inspect the current state of payment-api-03 for me.,check_status,check_status,check_status,True,1,0.4402086138725281,0.4402086138725281,check_status;log_audit_event;quarantine_system;process_refund;create_ticket,0.44020861;0.42625740;0.41290212;0.40845463;0.40809861,831,paraphrase_variant,
Paraphrase,1038,Could someone inspect the current state of payment-api-03 for me?,check_status,check_status,check_status,True,1,0.39422860741615295,0.39422860741615295,check_status;log_audit_event;quarantine_system;generate_report;create_ticket,0.39422861;0.39401299;0.34899354;0.34341651;0.33612674,831,paraphrase_variant,
Paraphrase,1039,We request that you inspect the current state of payment-api-03 for me.,check_status,check_status,log_audit_event,False,2,0.43534547090530396,0.42345142364501953,log_audit_event;check_status;quarantine_system;process_refund;generate_report,0.43534547;0.42345142;0.41514510;0.39242494;0.39049903,831,paraphrase_variant,
Paraphrase,1040,Could you confirm that cdn-edge-06 is running normally for me?,check_status,check_status,check_status,True,1,0.32500648498535156,0.32500648498535156,check_status;send_notification;quarantine_system;log_audit_event;generate_report,0.32500648;0.25019285;0.24129003;0.23872374;0.22163863,833,paraphrase_original,
Paraphrase,1041,Is it possible to confirm that cdn-edge-06 is running normally for me?,check_status,check_status,check_status,True,1,0.3557991683483124,0.3557991683483124,check_status;log_audit_event;send_notification;quarantine_system;generate_report,0.35579917;0.25185022;0.24892798;0.23974554;0.20439100,833,paraphrase_variant,
Paraphrase,1042,It would help if confirm that cdn-edge-06 is running normally for me.,check_status,check_status,check_status,True,1,0.3283695876598358,0.3283695876598358,check_status;send_notification;quarantine_system;create_ticket;generate_report,0.32836959;0.28562719;0.26040038;0.25447315;0.25112325,833,paraphrase_variant,
Paraphrase,1043,Do me a favor and confirm that cdn-edge-06 is running normally for me.,check_status,check_status,check_status,True,1,0.2909031808376312,0.2909031808376312,check_status;send_notification;quarantine_system;generate_report;provision_vm,0.29090318;0.26669189;0.24358638;0.23907450;0.23653086,833,paraphrase_variant,
Paraphrase,1044,I'd appreciate it if you could confirm that cdn-edge-06 is running normally for me.,check_status,check_status,check_status,True,1,0.3553272783756256,0.3553272783756256,check_status;send_notification;quarantine_system;log_audit_event;generate_report,0.35532728;0.30462873;0.28195480;0.27813163;0.27266034,833,paraphrase_variant,
Paraphrase,1045,I need you to verify whether staging-db-02 is healthy.,check_status,check_status,db_write,False,3,0.3454270362854004,0.2691214978694916,db_write;db_read;check_status;restart_service;send_notification,0.34542704;0.32495633;0.26912150;0.23046881;0.22400527,837,paraphrase_original,
Paraphrase,1046,Who can verify whether staging-db-02 is healthy?,check_status,check_status,db_write,False,3,0.20034195482730865,0.16876833140850067,db_write;db_read;check_status;restart_service;send_notification,0.20034195;0.19572225;0.16876833;0.13594061;0.11924827,837,paraphrase_variant,
Paraphrase,1047,"Yo, verify whether staging-db-02 is healthy.",check_status,check_status,db_write,False,3,0.3018462657928467,0.2482219934463501,db_write;db_read;check_status;restart_service;send_notification,0.30184627;0.26202115;0.24822199;0.24691463;0.23412859,837,paraphrase_variant,
Paraphrase,1048,I'd appreciate it if you could verify whether staging-db-02 is healthy.,check_status,check_status,db_write,False,3,0.3370418846607208,0.27115461230278015,db_write;db_read;check_status;restart_service;send_notification,0.33704188;0.30419084;0.27115461;0.23311277;0.21502104,837,paraphrase_variant,
Paraphrase,1049,verify whether staging-db-02 is healthy -- that's what needs to happen.,check_status,check_status,db_write,False,3,0.29761335253715515,0.2640371322631836,db_write;db_read;check_status;restart_service;send_notification,0.29761335;0.27709621;0.26403713;0.21023729;0.20949331,837,paraphrase_variant,
Paraphrase,1050,I need you to inspect the current state of cdn-edge-06.,check_status,check_status,check_status,True,1,0.3820634186267853,0.3820634186267853,check_status;quarantine_system;create_ticket;send_notification;provision_vm,0.38206342;0.35129845;0.34451962;0.33806363;0.33543238,839,paraphrase_original,
Paraphrase,1051,Quick one -- inspect the current state of cdn-edge-06.,check_status,check_status,check_status,True,1,0.36409008502960205,0.36409008502960205,check_status;create_ticket;quarantine_system;provision_vm;send_notification,0.36409009;0.33634368;0.32512099;0.31163105;0.30977380,839,paraphrase_variant,
Paraphrase,1052,What we need is for inspect the current state of cdn-edge-06.,check_status,check_status,check_status,True,1,0.3766327500343323,0.3766327500343323,check_status;create_ticket;log_audit_event;quarantine_system;send_notification,0.37663275;0.32576594;0.31918362;0.31503010;0.30701441,839,paraphrase_variant,
Paraphrase,1053,Is it possible to inspect the current state of cdn-edge-06?,check_status,check_status,check_status,True,1,0.37156006693840027,0.37156006693840027,check_status;log_audit_event;quarantine_system;create_ticket;process_refund,0.37156007;0.32583925;0.31114233;0.29845560;0.27854130,839,paraphrase_variant,
Paraphrase,1054,Please inspect the current state of cdn-edge-06.,check_status,check_status,check_status,True,1,0.3582093119621277,0.3582093119621277,check_status;create_ticket;quarantine_system;provision_vm;generate_report,0.35820931;0.33501333;0.33438778;0.32672596;0.31931368,839,paraphrase_variant,
Paraphrase,1055,I need you to confirm that ml-infer-05 is running normally.,check_status,check_status,quarantine_system,False,2,0.374220073223114,0.3613864481449127,quarantine_system;check_status;scan_malware;log_audit_event;generate_report,0.37422007;0.36138645;0.35426176;0.34946838;0.34777889,841,paraphrase_original,
Paraphrase,1056,Who can confirm that ml-infer-05 is running normally?,check_status,check_status,check_status,True,1,0.29725033044815063,0.29725033044815063,check_status;log_audit_event;quarantine_system;scan_malware;generate_report,0.29725033;0.29298311;0.27754024;0.26934406;0.26597241,841,paraphrase_variant,
Paraphrase,1057,Please confirm that ml-infer-05 is running normally.,check_status,check_status,scan_malware,False,2,0.32939308881759644,0.32110270857810974,scan_malware;check_status;quarantine_system;log_audit_event;db_read,0.32939309;0.32110271;0.31882077;0.31097171;0.29767337,841,paraphrase_variant,
Paraphrase,1058,It would help if confirm that ml-infer-05 is running normally.,check_status,check_status,check_status,True,1,0.34085002541542053,0.34085002541542053,check_status;quarantine_system;log_audit_event;send_notification;generate_report,0.34085003;0.31760964;0.31653187;0.30181673;0.29944909,841,paraphrase_variant,
Paraphrase,1059,"Hey, can you confirm that ml-infer-05 is running normally.",check_status,check_status,quarantine_system,False,3,0.3624960482120514,0.348552405834198,quarantine_system;scan_malware;check_status;generate_report;log_audit_event,0.36249605;0.35303330;0.34855241;0.34248757;0.34173796,841,paraphrase_variant,
Paraphrase,1060,Let's check the status of auth-svc-04.,check_status,check_status,log_audit_event,False,2,0.3229711651802063,0.295475035905838,log_audit_event;check_status;quarantine_system;process_refund;generate_report,0.32297117;0.29547504;0.27223280;0.26258993;0.25133333,852,paraphrase_original,
Paraphrase,1061,Is it possible to let's check the status of auth-svc-04?,check_status,check_status,log_audit_event,False,2,0.24965746700763702,0.23257622122764587,log_audit_event;check_status;quarantine_system;restart_service;create_ticket,0.24965747;0.23257622;0.16388816;0.13599899;0.13223442,852,paraphrase_variant,
Paraphrase,1062,let's check the status of auth-svc-04 -- that's what needs to happen.,check_status,check_status,log_audit_event,False,2,0.3324456214904785,0.3140166699886322,log_audit_event;check_status;quarantine_system;generate_report;process_refund,0.33244562;0.31401667;0.31013358;0.28610769;0.28576323,852,paraphrase_variant,
Paraphrase,1063,Gonna need you to let's check the status of auth-svc-04.,check_status,check_status,log_audit_event,False,3,0.36493009328842163,0.33190199732780457,log_audit_event;quarantine_system;check_status;send_notification;generate_report,0.36493009;0.34479657;0.33190200;0.32556230;0.32057714,852,paraphrase_variant,
Paraphrase,1064,Would you mind let's check the status of auth-svc-04.,check_status,check_status,log_audit_event,False,5,0.37539875507354736,0.30581536889076233,log_audit_event;quarantine_system;generate_report;send_notification;check_status,0.37539876;0.32573277;0.31355143;0.31031379;0.30581537,852,paraphrase_variant,
Paraphrase,1065,Let's inspect the current state of payment-api-03.,check_status,check_status,check_status,True,1,0.425375372171402,0.425375372171402,check_status;quarantine_system;log_audit_event;process_refund;generate_report,0.42537537;0.41405517;0.41163164;0.40595850;0.39047951,855,paraphrase_original,
Paraphrase,1066,Would anyone be able to let's inspect the current state of payment-api-03?,check_status,check_status,check_status,True,1,0.43013447523117065,0.43013447523117065,check_status;log_audit_event;quarantine_system;create_ticket;generate_report,0.43013448;0.42969081;0.40203774;0.38465858;0.37964422,855,paraphrase_variant,
Paraphrase,1067,let's inspect the current state of payment-api-03 -- that's what needs to happen.,check_status,check_status,quarantine_system,False,3,0.4371970593929291,0.4192070960998535,quarantine_system;process_refund;check_status;generate_report;create_ticket,0.43719706;0.42078248;0.41920710;0.41017404;0.40901890,855,paraphrase_variant,
Paraphrase,1068,Could you please let's inspect the current state of payment-api-03.,check_status,check_status,log_audit_event,False,2,0.43307948112487793,0.4317195415496826,log_audit_event;check_status;quarantine_system;process_refund;generate_report,0.43307948;0.43171954;0.42698655;0.41806814;0.41706496,855,paraphrase_variant,
Paraphrase,1069,"Yo, let's inspect the current state of payment-api-03.",check_status,check_status,quarantine_system,False,6,0.45759615302085876,0.4345768988132477,quarantine_system;generate_report;process_refund;provision_vm;log_audit_event,0.45759615;0.45500937;0.44782782;0.44132972;0.44131255,855,paraphrase_variant,
Paraphrase,1070,Let's look into cdn-edge-06's health.,check_status,check_status,quarantine_system,False,8,0.2900567352771759,0.2302604615688324,quarantine_system;send_notification;generate_report;provision_vm;process_refund,0.29005674;0.28249362;0.28045899;0.27133322;0.25870490,856,paraphrase_original,
Paraphrase,1071,It would help if let's look into cdn-edge-06's health.,check_status,check_status,send_notification,False,7,0.31092366576194763,0.27796971797943115,send_notification;quarantine_system;generate_report;create_ticket;provision_vm,0.31092367;0.30998796;0.30975270;0.30179593;0.29061639,856,paraphrase_variant,
Paraphrase,1072,Please let's look into cdn-edge-06's health.,check_status,check_status,quarantine_system,False,8,0.29905247688293457,0.23943880200386047,quarantine_system;send_notification;generate_report;provision_vm;create_ticket,0.29905248;0.29344052;0.29335082;0.28124034;0.26931706,856,paraphrase_variant,
Paraphrase,1073,Is it possible to let's look into cdn-edge-06's health?,check_status,check_status,quarantine_system,False,6,0.289999783039093,0.2639099955558777,quarantine_system;send_notification;generate_report;create_ticket;provision_vm,0.28999978;0.28599778;0.27353093;0.26984799;0.26702401,856,paraphrase_variant,
Paraphrase,1074,Need you to let's look into cdn-edge-06's health.,check_status,check_status,quarantine_system,False,7,0.35152655839920044,0.3156019151210785,quarantine_system;send_notification;generate_report;provision_vm;create_ticket,0.35152656;0.34459656;0.34415591;0.32514924;0.32085136,856,paraphrase_variant,
Paraphrase,1075,Let's confirm that ml-infer-05 is running normally.,check_status,check_status,quarantine_system,False,2,0.33640381693840027,0.3312704861164093,quarantine_system;check_status;generate_report;log_audit_event;scan_malware,0.33640382;0.33127049;0.32001740;0.31797016;0.31755611,857,paraphrase_original,
Paraphrase,1076,"Hey, can you let's confirm that ml-infer-05 is running normally.",check_status,check_status,quarantine_system,False,4,0.38915467262268066,0.36899426579475403,quarantine_system;scan_malware;log_audit_event;check_status;generate_report,0.38915467;0.37625024;0.37005660;0.36899427;0.36871585,857,paraphrase_variant,
Paraphrase,1077,I'd appreciate it if you could let's confirm that ml-infer-05 is running normally.,check_status,check_status,log_audit_event,False,2,0.3731943368911743,0.36939385533332825,log_audit_event;check_status;quarantine_system;generate_report;scan_malware,0.37319434;0.36939386;0.36257234;0.34276888;0.33649826,857,paraphrase_variant,
Paraphrase,1078,Would anyone be able to let's confirm that ml-infer-05 is running normally?,check_status,check_status,log_audit_event,False,2,0.3319118320941925,0.330433189868927,log_audit_event;check_status;quarantine_system;scan_malware;generate_report,0.33191183;0.33043319;0.29224792;0.28671041;0.28232914,857,paraphrase_variant,
Paraphrase,1079,let's confirm that ml-infer-05 is running normally -- that's what needs to happen.,check_status,check_status,quarantine_system,False,3,0.35522204637527466,0.32684072852134705,quarantine_system;generate_report;check_status;scan_malware;send_notification,0.35522205;0.34439576;0.32684073;0.32370254;0.32283473,857,paraphrase_variant,
Paraphrase,1080,Kindly verify whether payment-api-03 is healthy.,check_status,check_status,check_status,True,1,0.28994321823120117,0.28994321823120117,check_status;quarantine_system;send_notification;log_audit_event;generate_report,0.28994322;0.25838852;0.24208611;0.23258950;0.22327481,861,paraphrase_original,
Paraphrase,1081,Quick one -- verify whether payment-api-03 is healthy.,check_status,check_status,check_status,True,1,0.3034570813179016,0.3034570813179016,check_status;send_notification;quarantine_system;generate_report;create_ticket,0.30345708;0.26573330;0.26105246;0.24855037;0.23576662,861,paraphrase_variant,
Paraphrase,1082,We request that you verify whether payment-api-03 is healthy.,check_status,check_status,check_status,True,1,0.3617417812347412,0.3617417812347412,check_status;quarantine_system;send_notification;log_audit_event;process_refund,0.36174178;0.34985462;0.33070952;0.30824149;0.29389420,861,paraphrase_variant,
Paraphrase,1083,It would help if verify whether payment-api-03 is healthy.,check_status,check_status,check_status,True,1,0.36581364274024963,0.36581364274024963,check_status;quarantine_system;send_notification;log_audit_event;generate_report,0.36581364;0.33829513;0.32095432;0.30960229;0.29930303,861,paraphrase_variant,
Paraphrase,1084,Is it possible to verify whether payment-api-03 is healthy?,check_status,check_status,check_status,True,1,0.2670775353908539,0.2670775353908539,check_status;quarantine_system;log_audit_event;send_notification;process_refund,0.26707754;0.18753064;0.18106449;0.15849452;0.13989669,861,paraphrase_variant,
Paraphrase,1085,Kindly see if auth-svc-04 is up.,check_status,check_status,reset_password,False,11,0.2746978998184204,0.19289341568946838,reset_password;log_audit_event;quarantine_system;process_refund;scan_malware,0.27469790;0.25647020;0.24612808;0.23475833;0.21872450,862,paraphrase_original,
Paraphrase,1086,Who can see if auth-svc-04 is up?,check_status,check_status,log_audit_event,False,6,0.29107293486595154,0.19511345028877258,log_audit_event;quarantine_system;send_notification;reset_password;scan_malware,0.29107293;0.22773011;0.20705727;0.20473373;0.20028131,862,paraphrase_variant,
Paraphrase,1087,What we need is for see if auth-svc-04 is up.,check_status,check_status,log_audit_event,False,2,0.29406580328941345,0.2443208545446396,log_audit_event;check_status;quarantine_system;process_refund;scan_malware,0.29406580;0.24432085;0.24330208;0.21559995;0.20871513,862,paraphrase_variant,
Paraphrase,1088,Kindly see if auth-svc-04 is up.,check_status,check_status,reset_password,False,11,0.2746978998184204,0.19289341568946838,reset_password;log_audit_event;quarantine_system;process_refund;scan_malware,0.27469790;0.25647020;0.24612808;0.23475833;0.21872450,862,paraphrase_variant,
Paraphrase,1089,Need you to see if auth-svc-04 is up.,check_status,check_status,log_audit_event,False,5,0.3126607835292816,0.2696462571620941,log_audit_event;quarantine_system;process_refund;reset_password;check_status,0.31266078;0.30401820;0.28378904;0.27367115;0.26964626,862,paraphrase_variant,
Paraphrase,1090,"When you have a moment, see if payment-api-03 is up.",check_status,check_status,check_status,True,1,0.3515847623348236,0.3515847623348236,check_status;quarantine_system;log_audit_event;process_refund;send_notification,0.35158476;0.33973259;0.33045852;0.31784016;0.29844880,870,paraphrase_original,
Paraphrase,1091,"Need you to when you have a moment, see if payment-api-03 is up.",check_status,check_status,quarantine_system,False,7,0.4312596619129181,0.3966800570487976,quarantine_system;process_refund;log_audit_event;send_notification;generate_report,0.43125966;0.41497195;0.41465214;0.41198298;0.41105795,870,paraphrase_variant,
Paraphrase,1092,"I'd appreciate it if you could when you have a moment, see if payment-api-03 is up.",check_status,check_status,generate_report,False,9,0.46204105019569397,0.37048378586769104,generate_report;send_notification;provision_vm;quarantine_system;process_refund,0.46204105;0.46043983;0.45092985;0.44707730;0.43502900,870,paraphrase_variant,
Paraphrase,1093,"Who can when you have a moment, see if payment-api-03 is up?",check_status,check_status,log_audit_event,False,6,0.36710095405578613,0.3026720881462097,log_audit_event;quarantine_system;send_notification;process_refund;escalate_to_human,0.36710095;0.33451402;0.32896128;0.31272033;0.30425277,870,paraphrase_variant,
Paraphrase,1094,"What we need is for when you have a moment, see if payment-api-03 is up.",check_status,check_status,quarantine_system,False,3,0.3932708203792572,0.38841259479522705,quarantine_system;log_audit_event;check_status;process_refund;send_notification,0.39327082;0.39177144;0.38841259;0.37091187;0.36465421,870,paraphrase_variant,
Paraphrase,1095,Please route the cdn-edge-06 incident to a live responder.,escalate_to_human,escalate_to_human,escalate_to_human,True,1,0.43289706110954285,0.43289706110954285,escalate_to_human;create_ticket;provision_vm;generate_report;send_notification,0.43289706;0.41368824;0.37265241;0.35063285;0.33093676,881,paraphrase_original,
Paraphrase,1096,Could you please route the cdn-edge-06 incident to a live responder.,escalate_to_human,escalate_to_human,escalate_to_human,True,1,0.46406733989715576,0.46406733989715576,escalate_to_human;create_ticket;provision_vm;generate_report;send_notification,0.46406734;0.44676524;0.40119588;0.38472304;0.36668754,881,paraphrase_variant,
Paraphrase,1097,"Hey, can you route the cdn-edge-06 incident to a live responder.",escalate_to_human,escalate_to_human,escalate_to_human,True,1,0.4801616072654724,0.4801616072654724,escalate_to_human;create_ticket;provision_vm;generate_report;send_notification,0.48016161;0.45273423;0.43925050;0.41268182;0.39386648,881,paraphrase_variant,
Paraphrase,1098,It would help if route the cdn-edge-06 incident to a live responder.,escalate_to_human,escalate_to_human,escalate_to_human,True,1,0.4216232895851135,0.4216232895851135,escalate_to_human;create_ticket;provision_vm;generate_report;send_notification,0.42162329;0.41297662;0.36109403;0.34977520;0.32240590,881,paraphrase_variant,
Paraphrase,1099,Who can route the cdn-edge-06 incident to a live responder?,escalate_to_human,escalate_to_human,escalate_to_human,True,1,0.4386672079563141,0.4386672079563141,escalate_to_human;create_ticket;provision_vm;generate_report;send_notification,0.43866721;0.41070408;0.34061703;0.31261414;0.29525644,881,paraphrase_variant,
Paraphrase,1100,Can you send the prod-web-01 issue for human handling?,escalate_to_human,escalate_to_human,escalate_to_human,True,1,0.5819620490074158,0.5819620490074158,escalate_to_human;create_ticket;generate_report;provision_vm;send_notification,0.58196205;0.52208042;0.50810349;0.50337368;0.48069441,890,paraphrase_original,
Paraphrase,1101,"Hey, can you send the prod-web-01 issue for human handling.",escalate_to_human,escalate_to_human,escalate_to_human,True,1,0.570840060710907,0.570840060710907,escalate_to_human;generate_report;create_ticket;provision_vm;send_notification,0.57084006;0.53805619;0.53743833;0.52602035;0.50784814,890,paraphrase_variant,
Paraphrase,1102,We request that you send the prod-web-01 issue for human handling.,escalate_to_human,escalate_to_human,escalate_to_human,True,1,0.5618252754211426,0.5618252754211426,escalate_to_human;create_ticket;generate_report;provision_vm;send_notification,0.56182528;0.53614789;0.51606864;0.50237477;0.49232534,890,paraphrase_variant,
Paraphrase,1103,It would help if send the prod-web-01 issue for human handling.,escalate_to_human,escalate_to_human,escalate_to_human,True,1,0.5541400909423828,0.5541400909423828,escalate_to_human;create_ticket;generate_report;provision_vm;send_notification,0.55414009;0.51937413;0.51014835;0.49192321;0.47600105,890,paraphrase_variant,
Paraphrase,1104,Who can send the prod-web-01 issue for human handling?,escalate_to_human,escalate_to_human,escalate_to_human,True,1,0.5837563276290894,0.5837563276290894,escalate_to_human;create_ticket;generate_report;provision_vm;send_notification,0.58375633;0.50319201;0.47070217;0.46090767;0.44394022,890,paraphrase_variant,
Paraphrase,1105,Can you send Grace's case for human review?,escalate_to_human,escalate_to_human,escalate_to_human,True,1,0.5367277264595032,0.5367277264595032,escalate_to_human;send_notification;generate_report;create_ticket;provision_vm,0.53672773;0.36035538;0.34113574;0.33897120;0.33867338,891,paraphrase_original,
Paraphrase,1106,Please send grace's case for human review.,escalate_to_human,escalate_to_human,escalate_to_human,True,1,0.5082799792289734,0.5082799792289734,escalate_to_human;send_notification;generate_report;provision_vm;quarantine_system,0.50827998;0.32146633;0.30592683;0.30301291;0.29341146,891,paraphrase_variant,
Paraphrase,1107,Would anyone be able to send grace's case for human review?,escalate_to_human,escalate_to_human,escalate_to_human,True,1,0.5058866143226624,0.5058866143226624,escalate_to_human;send_notification;generate_report;create_ticket;provision_vm,0.50588661;0.34441656;0.33333871;0.33070123;0.29914597,891,paraphrase_variant,
Paraphrase,1108,Do me a favor and send grace's case for human review.,escalate_to_human,escalate_to_human,escalate_to_human,True,1,0.46670347452163696,0.46670347452163696,escalate_to_human;create_ticket;send_notification;generate_report;provision_vm,0.46670347;0.28490114;0.27874884;0.27381244;0.27122632,891,paraphrase_variant,
Paraphrase,1109,It would help if send grace's case for human review.,escalate_to_human,escalate_to_human,escalate_to_human,True,1,0.5371404886245728,0.5371404886245728,escalate_to_human;send_notification;generate_report;create_ticket;provision_vm,0.53714049;0.36393693;0.34892070;0.34689245;0.33163175,891,paraphrase_variant,
Paraphrase,1110,Could you route Alice's issue to the on-call engineer for me?,escalate_to_human,escalate_to_human,escalate_to_human,True,1,0.5258488655090332,0.5258488655090332,escalate_to_human;create_ticket;provision_vm;send_notification;generate_report,0.52584887;0.44405681;0.44325140;0.40008509;0.39362735,897,paraphrase_original,
Paraphrase,1111,route alice's issue to the on-call engineer for me -- that's what needs to happen.,escalate_to_human,escalate_to_human,escalate_to_human,True,1,0.5164307951927185,0.5164307951927185,escalate_to_human;provision_vm;create_ticket;send_notification;quarantine_system,0.51643080;0.41911012;0.41906169;0.38431367;0.37142655,897,paraphrase_variant,
Paraphrase,1112,"Hey, can you route alice's issue to the on-call engineer for me.",escalate_to_human,escalate_to_human,escalate_to_human,True,1,0.5468264222145081,0.5468264222145081,escalate_to_human;provision_vm;create_ticket;send_notification;generate_report,0.54682642;0.49125022;0.47481042;0.44820520;0.44429708,897,paraphrase_variant,
Paraphrase,1113,Could someone route alice's issue to the on-call engineer for me?,escalate_to_human,escalate_to_human,escalate_to_human,True,1,0.520829975605011,0.520829975605011,escalate_to_human;create_ticket;provision_vm;send_notification;generate_report,0.52082998;0.41749009;0.39309382;0.35856807;0.35143495,897,paraphrase_variant,
Paraphrase,1114,Please route alice's issue to the on-call engineer for me.,escalate_to_human,escalate_to_human,escalate_to_human,True,1,0.5199218988418579,0.5199218988418579,escalate_to_human;create_ticket;provision_vm;send_notification;generate_report,0.51992190;0.43174297;0.43144783;0.39019027;0.37821892,897,paraphrase_variant,
Paraphrase,1115,Could you send Bob's case for human review for me?,escalate_to_human,escalate_to_human,escalate_to_human,True,1,0.4954589307308197,0.4954589307308197,escalate_to_human;send_notification;generate_report;create_ticket;provision_vm,0.49545893;0.37196940;0.36286753;0.34626296;0.32372662,899,paraphrase_original,
Paraphrase,1116,Kindly send bob's case for human review for me.,escalate_to_human,escalate_to_human,escalate_to_human,True,1,0.5358017683029175,0.5358017683029175,escalate_to_human;send_notification;create_ticket;generate_report;quarantine_system,0.53580177;0.36386967;0.34603748;0.34275132;0.32670590,899,paraphrase_variant,
Paraphrase,1117,Would anyone be able to send bob's case for human review for me?,escalate_to_human,escalate_to_human,escalate_to_human,True,1,0.4586305022239685,0.4586305022239685,escalate_to_human;send_notification;generate_report;create_ticket;provision_vm,0.45863050;0.34087193;0.32990360;0.31998608;0.27950785,899,paraphrase_variant,
Paraphrase,1118,Need you to send bob's case for human review for me.,escalate_to_human,escalate_to_human,escalate_to_human,True,1,0.5180352926254272,0.5180352926254272,escalate_to_human;send_notification;generate_report;create_ticket;provision_vm,0.51803529;0.37265959;0.36318749;0.36140916;0.32695076,899,paraphrase_variant,
Paraphrase,1119,It would help if send bob's case for human review for me.,escalate_to_human,escalate_to_human,escalate_to_human,True,1,0.5223500728607178,0.5223500728607178,escalate_to_human;send_notification;create_ticket;generate_report;quarantine_system,0.52235007;0.37271056;0.36643574;0.35547715;0.32453999,899,paraphrase_variant,
Paraphrase,1120,Could you escalate the request to someone in Marketing for me?,escalate_to_human,escalate_to_human,escalate_to_human,True,1,0.41119349002838135,0.41119349002838135,escalate_to_human;send_notification;create_ticket;provision_vm;quarantine_system,0.41119349;0.32352775;0.31641766;0.30520418;0.27747396,900,paraphrase_original,
Paraphrase,1121,Kindly escalate the request to someone in marketing for me.,escalate_to_human,escalate_to_human,escalate_to_human,True,1,0.3932826817035675,0.3932826817035675,escalate_to_human;send_notification;create_ticket;provision_vm;generate_report,0.39328268;0.30492115;0.29980740;0.29448029;0.26969868,900,paraphrase_variant,
Paraphrase,1122,Need you to escalate the request to someone in marketing for me.,escalate_to_human,escalate_to_human,escalate_to_human,True,1,0.42407503724098206,0.42407503724098206,escalate_to_human;send_notification;provision_vm;create_ticket;generate_report,0.42407504;0.34182516;0.33233854;0.32422712;0.31751275,900,paraphrase_variant,
Paraphrase,1123,Who can escalate the request to someone in marketing for me?,escalate_to_human,escalate_to_human,escalate_to_human,True,1,0.3724096119403839,0.3724096119403839,escalate_to_human;create_ticket;send_notification;provision_vm;quarantine_system,0.37240961;0.26860812;0.24283172;0.21897079;0.18270332,900,paraphrase_variant,
Paraphrase,1124,escalate the request to someone in marketing for me -- that's what needs to happen.,escalate_to_human,escalate_to_human,escalate_to_human,True,1,0.40836986899375916,0.40836986899375916,escalate_to_human;create_ticket;provision_vm;send_notification;quarantine_system,0.40836987;0.29695609;0.28873512;0.28777760;0.27283549,900,paraphrase_variant,
Paraphrase,1125,I need you to get a human involved for Charlie.,escalate_to_human,escalate_to_human,escalate_to_human,True,1,0.47806504368782043,0.47806504368782043,escalate_to_human;quarantine_system;generate_report;create_ticket;send_notification,0.47806504;0.37683594;0.36777073;0.36557329;0.36078194,904,paraphrase_original,
Paraphrase,1126,It would help if get a human involved for charlie.,escalate_to_human,escalate_to_human,escalate_to_human,True,1,0.43396782875061035,0.43396782875061035,escalate_to_human;quarantine_system;create_ticket;generate_report;provision_vm,0.43396783;0.34135282;0.34116918;0.31965923;0.31190512,904,paraphrase_variant,
Paraphrase,1127,Quick one -- get a human involved for charlie.,escalate_to_human,escalate_to_human,escalate_to_human,True,1,0.4731885492801666,0.4731885492801666,escalate_to_human;quarantine_system;create_ticket;generate_report;provision_vm,0.47318855;0.36494118;0.35737196;0.34382194;0.34186852,904,paraphrase_variant,
Paraphrase,1128,Is it possible to get a human involved for charlie?,escalate_to_human,escalate_to_human,escalate_to_human,True,1,0.43991053104400635,0.43991053104400635,escalate_to_human;create_ticket;quarantine_system;provision_vm;generate_report,0.43991053;0.33026296;0.32426414;0.31027395;0.29645270,904,paraphrase_variant,
Paraphrase,1129,Kindly get a human involved for charlie.,escalate_to_human,escalate_to_human,escalate_to_human,True,1,0.4637121260166168,0.4637121260166168,escalate_to_human;quarantine_system;create_ticket;generate_report;provision_vm,0.46371213;0.33798572;0.32236964;0.30432957;0.30311728,904,paraphrase_variant,
Paraphrase,1130,I need you to route Frank's issue to the on-call engineer.,escalate_to_human,escalate_to_human,provision_vm,False,3,0.5327215790748596,0.5155028104782104,provision_vm;create_ticket;escalate_to_human;send_notification;quarantine_system,0.53272158;0.53063601;0.51550281;0.49054301;0.48461074,905,paraphrase_original,
Paraphrase,1131,Could someone route frank's issue to the on-call engineer?,escalate_to_human,escalate_to_human,escalate_to_human,True,1,0.5150259137153625,0.5150259137153625,escalate_to_human;create_ticket;provision_vm;send_notification;quarantine_system,0.51502591;0.48770151;0.46562174;0.41986346;0.41378528,905,paraphrase_variant,
Paraphrase,1132,Gonna need you to route frank's issue to the on-call engineer.,escalate_to_human,escalate_to_human,create_ticket,False,2,0.509143054485321,0.5081120729446411,create_ticket;escalate_to_human;provision_vm;send_notification;quarantine_system,0.50914305;0.50811207;0.49926585;0.46634725;0.46117786,905,paraphrase_variant,
Paraphrase,1133,The situation requires route frank's issue to the on-call engineer.,escalate_to_human,escalate_to_human,escalate_to_human,True,1,0.5057554841041565,0.5057554841041565,escalate_to_human;create_ticket;provision_vm;send_notification;quarantine_system,0.50575548;0.49275717;0.46402249;0.41288361;0.40960014,905,paraphrase_variant,
Paraphrase,1134,We request that you route frank's issue to the on-call engineer.,escalate_to_human,escalate_to_human,create_ticket,False,2,0.5244284272193909,0.5049126148223877,create_ticket;escalate_to_human;provision_vm;send_notification;quarantine_system,0.52442843;0.50491261;0.50001699;0.48104587;0.46956500,905,paraphrase_variant,
Paraphrase,1135,I need you to escalate this issue for Grace to the support team.,escalate_to_human,escalate_to_human,create_ticket,False,2,0.4196763038635254,0.4084490239620209,create_ticket;escalate_to_human;provision_vm;send_notification;generate_report,0.41967630;0.40844902;0.37407100;0.35477158;0.34220439,909,paraphrase_original,
Paraphrase,1136,What we need is for escalate this issue for grace to the support team.,escalate_to_human,escalate_to_human,create_ticket,False,2,0.4077610671520233,0.40288838744163513,create_ticket;escalate_to_human;provision_vm;send_notification;generate_report,0.40776107;0.40288839;0.33842376;0.32479110;0.31053180,909,paraphrase_variant,
Paraphrase,1137,Who can escalate this issue for grace to the support team?,escalate_to_human,escalate_to_human,escalate_to_human,True,1,0.38495582342147827,0.38495582342147827,escalate_to_human;create_ticket;provision_vm;send_notification;generate_report,0.38495582;0.36977056;0.27545807;0.26480412;0.24352808,909,paraphrase_variant,
Paraphrase,1138,Would you mind escalate this issue for grace to the support team.,escalate_to_human,escalate_to_human,create_ticket,False,2,0.4020412862300873,0.3988391160964966,create_ticket;escalate_to_human;provision_vm;send_notification;generate_report,0.40204129;0.39883912;0.35502291;0.32489628;0.32344884,909,paraphrase_variant,
Paraphrase,1139,Need you to escalate this issue for grace to the support team.,escalate_to_human,escalate_to_human,create_ticket,False,2,0.42076703906059265,0.41276732087135315,create_ticket;escalate_to_human;provision_vm;send_notification;generate_report,0.42076704;0.41276732;0.36930656;0.34852290;0.33424532,909,paraphrase_variant,
Paraphrase,1140,We should escalate Eve's case to a human agent.,escalate_to_human,escalate_to_human,escalate_to_human,True,1,0.4892135560512543,0.4892135560512543,escalate_to_human;send_notification;quarantine_system;provision_vm;generate_report,0.48921356;0.26039132;0.25456369;0.24959730;0.24471417,911,paraphrase_original,
Paraphrase,1141,Would anyone be able to we should escalate eve's case to a human agent?,escalate_to_human,escalate_to_human,escalate_to_human,True,1,0.5149734020233154,0.5149734020233154,escalate_to_human;send_notification;generate_report;provision_vm;quarantine_system,0.51497340;0.27528068;0.27193716;0.26824132;0.26110935,911,paraphrase_variant,
Paraphrase,1142,What we need is for we should escalate eve's case to a human agent.,escalate_to_human,escalate_to_human,escalate_to_human,True,1,0.5313178896903992,0.5313178896903992,escalate_to_human;send_notification;quarantine_system;provision_vm;generate_report,0.53131789;0.29567063;0.28421053;0.27437982;0.27357402,911,paraphrase_variant,
Paraphrase,1143,Need you to we should escalate eve's case to a human agent.,escalate_to_human,escalate_to_human,escalate_to_human,True,1,0.546557605266571,0.546557605266571,escalate_to_human;send_notification;generate_report;quarantine_system;provision_vm,0.54655761;0.32186559;0.31284812;0.31218317;0.30286375,911,paraphrase_variant,
Paraphrase,1144,Could you please we should escalate eve's case to a human agent.,escalate_to_human,escalate_to_human,escalate_to_human,True,1,0.5266368389129639,0.5266368389129639,escalate_to_human;send_notification;generate_report;quarantine_system;provision_vm,0.52663684;0.29409674;0.28937298;0.28756341;0.28368559,911,paraphrase_variant,
Paraphrase,1145,We should route the auth-svc-04 incident to a live responder.,escalate_to_human,escalate_to_human,escalate_to_human,True,1,0.4415510296821594,0.4415510296821594,escalate_to_human;create_ticket;provision_vm;generate_report;quarantine_system,0.44155103;0.38708428;0.36230490;0.34938818;0.33608243,913,paraphrase_original,
Paraphrase,1146,Would you mind we should route the auth-svc-04 incident to a live responder.,escalate_to_human,escalate_to_human,escalate_to_human,True,1,0.4356115758419037,0.4356115758419037,escalate_to_human;create_ticket;provision_vm;generate_report;quarantine_system,0.43561158;0.39383247;0.37080812;0.36342514;0.33659214,913,paraphrase_variant,
Paraphrase,1147,Quick one -- we should route the auth-svc-04 incident to a live responder.,escalate_to_human,escalate_to_human,escalate_to_human,True,1,0.4642423093318939,0.4642423093318939,escalate_to_human;create_ticket;provision_vm;generate_report;quarantine_system,0.46424231;0.43595684;0.41266382;0.40541995;0.38448274,913,paraphrase_variant,
Paraphrase,1148,we should route the auth-svc-04 incident to a live responder -- that's what needs to happen.,escalate_to_human,escalate_to_human,escalate_to_human,True,1,0.4421399235725403,0.4421399235725403,escalate_to_human;create_ticket;provision_vm;generate_report;quarantine_system,0.44213992;0.39700565;0.37473434;0.37156111;0.35429457,913,paraphrase_variant,
Paraphrase,1149,Would anyone be able to we should route the auth-svc-04 incident to a live responder?,escalate_to_human,escalate_to_human,escalate_to_human,True,1,0.45120999217033386,0.45120999217033386,escalate_to_human;create_ticket;provision_vm;generate_report;send_notification,0.45120999;0.41027513;0.36222717;0.35802343;0.32531253,913,paraphrase_variant,
Paraphrase,1150,Let's route Diana's issue to the on-call engineer.,escalate_to_human,escalate_to_human,escalate_to_human,True,1,0.46425923705101013,0.46425923705101013,escalate_to_human;provision_vm;create_ticket;generate_report;quarantine_system,0.46425924;0.40018043;0.38446069;0.37092444;0.36973184,921,paraphrase_original,
Paraphrase,1151,I'd appreciate it if you could let's route diana's issue to the on-call engineer.,escalate_to_human,escalate_to_human,escalate_to_human,True,1,0.5231228470802307,0.5231228470802307,escalate_to_human;provision_vm;create_ticket;generate_report;send_notification,0.52312285;0.50267553;0.49194160;0.48509380;0.47348300,921,paraphrase_variant,
Paraphrase,1152,let's route diana's issue to the on-call engineer -- that's what needs to happen.,escalate_to_human,escalate_to_human,escalate_to_human,True,1,0.49809855222702026,0.49809855222702026,escalate_to_human;provision_vm;quarantine_system;create_ticket;generate_report,0.49809855;0.44182801;0.42832437;0.42634371;0.42389640,921,paraphrase_variant,
Paraphrase,1153,"Hey, can you let's route diana's issue to the on-call engineer.",escalate_to_human,escalate_to_human,escalate_to_human,True,1,0.5201454758644104,0.5201454758644104,escalate_to_human;provision_vm;create_ticket;generate_report;quarantine_system,0.52014548;0.48918039;0.46158648;0.45480844;0.45327035,921,paraphrase_variant,
Paraphrase,1154,Could someone let's route diana's issue to the on-call engineer?,escalate_to_human,escalate_to_human,escalate_to_human,True,1,0.4780542850494385,0.4780542850494385,escalate_to_human;create_ticket;provision_vm;generate_report;quarantine_system,0.47805429;0.38597751;0.38481325;0.36084980;0.35637754,921,paraphrase_variant,
Paraphrase,1155,Kindly escalate Eve's case to a human agent.,escalate_to_human,escalate_to_human,escalate_to_human,True,1,0.5368130207061768,0.5368130207061768,escalate_to_human;send_notification;quarantine_system;provision_vm;generate_report,0.53681302;0.28160572;0.27552727;0.27190456;0.25935310,927,paraphrase_original,
Paraphrase,1156,Is it possible to escalate eve's case to a human agent?,escalate_to_human,escalate_to_human,escalate_to_human,True,1,0.5294324159622192,0.5294324159622192,escalate_to_human;send_notification;provision_vm;quarantine_system;generate_report,0.52943242;0.27257511;0.27040663;0.26432315;0.25438982,927,paraphrase_variant,
Paraphrase,1157,I'd appreciate it if you could escalate eve's case to a human agent.,escalate_to_human,escalate_to_human,escalate_to_human,True,1,0.573646068572998,0.573646068572998,escalate_to_human;send_notification;provision_vm;generate_report;quarantine_system,0.57364607;0.37176213;0.35706621;0.35459715;0.34433585,927,paraphrase_variant,
Paraphrase,1158,What we need is for escalate eve's case to a human agent.,escalate_to_human,escalate_to_human,escalate_to_human,True,1,0.5386466383934021,0.5386466383934021,escalate_to_human;send_notification;quarantine_system;generate_report;provision_vm,0.53864664;0.30245808;0.28798500;0.28059253;0.28014335,927,paraphrase_variant,
Paraphrase,1159,Gonna need you to escalate eve's case to a human agent.,escalate_to_human,escalate_to_human,escalate_to_human,True,1,0.5466073751449585,0.5466073751449585,escalate_to_human;send_notification;quarantine_system;provision_vm;generate_report,0.54660738;0.31770346;0.31605026;0.30820826;0.29813063,927,paraphrase_variant,
Paraphrase,1160,Kindly get a human involved for Frank.,escalate_to_human,escalate_to_human,escalate_to_human,True,1,0.5455864071846008,0.5455864071846008,escalate_to_human;create_ticket;provision_vm;generate_report;send_notification,0.54558641;0.42787907;0.38699445;0.38415611;0.38399187,928,paraphrase_original,
Paraphrase,1161,Gonna need you to get a human involved for frank.,escalate_to_human,escalate_to_human,escalate_to_human,True,1,0.5068490505218506,0.5068490505218506,escalate_to_human;create_ticket;send_notification;generate_report;provision_vm,0.50684905;0.40662810;0.37460896;0.37426764;0.36699876,928,paraphrase_variant,
Paraphrase,1162,Would you mind get a human involved for frank.,escalate_to_human,escalate_to_human,escalate_to_human,True,1,0.48160243034362793,0.48160243034362793,escalate_to_human;create_ticket;provision_vm;generate_report;send_notification,0.48160243;0.39752096;0.36761028;0.36281103;0.34953603,928,paraphrase_variant,
Paraphrase,1163,Could someone get a human involved for frank?,escalate_to_human,escalate_to_human,escalate_to_human,True,1,0.48522627353668213,0.48522627353668213,escalate_to_human;create_ticket;generate_report;provision_vm;send_notification,0.48522627;0.40604889;0.35330781;0.34856969;0.33769253,928,paraphrase_variant,
Paraphrase,1164,The situation requires get a human involved for frank.,escalate_to_human,escalate_to_human,escalate_to_human,True,1,0.5624104738235474,0.5624104738235474,escalate_to_human;create_ticket;provision_vm;generate_report;send_notification,0.56241047;0.44935116;0.38352194;0.37377980;0.36595282,928,paraphrase_variant,
Paraphrase,1165,"When you have a moment, get a human to review the problem on prod-web-01.",escalate_to_human,escalate_to_human,escalate_to_human,True,1,0.5592100620269775,0.5592100620269775,escalate_to_human;quarantine_system;generate_report;provision_vm;process_refund,0.55921006;0.50423235;0.49445322;0.48622513;0.47607821,936,paraphrase_original,
Paraphrase,1166,"We request that you when you have a moment, get a human to review the problem on prod-web-01.",escalate_to_human,escalate_to_human,escalate_to_human,True,1,0.5373260378837585,0.5373260378837585,escalate_to_human;quarantine_system;generate_report;provision_vm;create_ticket,0.53732604;0.50605106;0.50522172;0.49113157;0.48607740,936,paraphrase_variant,
Paraphrase,1167,"Could someone when you have a moment, get a human to review the problem on prod-web-01?",escalate_to_human,escalate_to_human,escalate_to_human,True,1,0.5717699527740479,0.5717699527740479,escalate_to_human;generate_report;quarantine_system;provision_vm;create_ticket,0.57176995;0.50774020;0.49243975;0.48996216;0.48211715,936,paraphrase_variant,
Paraphrase,1168,"Gonna need you to when you have a moment, get a human to review the problem on prod-web-01.",escalate_to_human,escalate_to_human,escalate_to_human,True,1,0.5596935153007507,0.5596935153007507,escalate_to_human;generate_report;quarantine_system;provision_vm;send_notification,0.55969352;0.54128873;0.52792680;0.52358723;0.50482994,936,paraphrase_variant,
Paraphrase,1169,"The situation requires when you have a moment, get a human to review the problem on prod-web-01.",escalate_to_human,escalate_to_human,escalate_to_human,True,1,0.5961717367172241,0.5961717367172241,escalate_to_human;quarantine_system;generate_report;create_ticket;provision_vm,0.59617174;0.50792170;0.50450122;0.49127999;0.49050739,936,paraphrase_variant,
Paraphrase,1170,"When you have a moment, route Eve's issue to the on-call engineer.",escalate_to_human,escalate_to_human,escalate_to_human,True,1,0.40423280000686646,0.40423280000686646,escalate_to_human;quarantine_system;provision_vm;process_refund;send_notification,0.40423280;0.37220725;0.37131330;0.34369093;0.33907694,937,paraphrase_original,
Paraphrase,1171,"Quick one -- when you have a moment, route eve's issue to the on-call engineer.",escalate_to_human,escalate_to_human,escalate_to_human,True,1,0.45314961671829224,0.45314961671829224,escalate_to_human;provision_vm;quarantine_system;process_refund;send_notification,0.45314962;0.44111830;0.43005121;0.41764393;0.41383800,937,paraphrase_variant,
Paraphrase,1172,"It would help if when you have a moment, route eve's issue to the on-call engineer.",escalate_to_human,escalate_to_human,escalate_to_human,True,1,0.4065326750278473,0.4065326750278473,escalate_to_human;quarantine_system;provision_vm;send_notification;process_refund,0.40653268;0.40178961;0.39768293;0.38344407;0.37972999,937,paraphrase_variant,
Paraphrase,1173,"Could someone when you have a moment, route eve's issue to the on-call engineer?",escalate_to_human,escalate_to_human,escalate_to_human,True,1,0.46933725476264954,0.46933725476264954,escalate_to_human;provision_vm;quarantine_system;send_notification;generate_report,0.46933725;0.40676740;0.39099237;0.38812193;0.37942031,937,paraphrase_variant,
Paraphrase,1174,"Please when you have a moment, route eve's issue to the on-call engineer.",escalate_to_human,escalate_to_human,escalate_to_human,True,1,0.43118909001350403,0.43118909001350403,escalate_to_human;provision_vm;quarantine_system;send_notification;generate_report,0.43118909;0.42919406;0.42188677;0.40250954;0.40208870,937,paraphrase_variant,
Paraphrase,1175,write an audit entry for the HR group.,log_audit_event,log_audit_event,log_audit_event,True,1,0.3198322057723999,0.3198322057723999,log_audit_event;send_notification;check_status;generate_report;quarantine_system,0.31983221;0.27351549;0.23649511;0.23350340;0.22934888,940,paraphrase_original,
Paraphrase,1176,"Hey, can you write an audit entry for the hr group.",log_audit_event,log_audit_event,log_audit_event,True,1,0.4032975137233734,0.4032975137233734,log_audit_event;send_notification;generate_report;quarantine_system;db_write,0.40329751;0.36889812;0.35279191;0.31672761;0.30545965,940,paraphrase_variant,
Paraphrase,1177,Could someone write an audit entry for the hr group?,log_audit_event,log_audit_event,log_audit_event,True,1,0.36207109689712524,0.36207109689712524,log_audit_event;send_notification;generate_report;quarantine_system;escalate_to_human,0.36207110;0.31921795;0.29510415;0.26009974;0.25331181,940,paraphrase_variant,
Paraphrase,1178,Kindly write an audit entry for the hr group.,log_audit_event,log_audit_event,log_audit_event,True,1,0.358757346868515,0.358757346868515,log_audit_event;send_notification;generate_report;quarantine_system;process_refund,0.35875735;0.28889346;0.28202128;0.25718439;0.25716850,940,paraphrase_variant,
Paraphrase,1179,It would help if write an audit entry for the hr group.,log_audit_event,log_audit_event,log_audit_event,True,1,0.391576886177063,0.391576886177063,log_audit_event;send_notification;generate_report;check_status;quarantine_system,0.39157689;0.34158635;0.32150397;0.30592546;0.29180539,940,paraphrase_variant,
Paraphrase,1180,create a trail entry for auth-svc-04.,log_audit_event,log_audit_event,reset_password,False,2,0.3281288743019104,0.28799840807914734,reset_password;log_audit_event;generate_report;create_ticket;provision_vm,0.32812887;0.28799841;0.26349962;0.25856173;0.25081608,945,paraphrase_original,
Paraphrase,1181,create a trail entry for auth-svc-04 -- that's what needs to happen.,log_audit_event,log_audit_event,reset_password,False,3,0.35420697927474976,0.31364476680755615,reset_password;generate_report;log_audit_event;scan_malware;provision_vm,0.35420698;0.31637254;0.31364477;0.30360541;0.29972255,945,paraphrase_variant,
Paraphrase,1182,Quick one -- create a trail entry for auth-svc-04.,log_audit_event,log_audit_event,reset_password,False,3,0.34400802850723267,0.31375017762184143,reset_password;generate_report;log_audit_event;create_ticket;provision_vm,0.34400803;0.32098630;0.31375018;0.30751604;0.29283133,945,paraphrase_variant,
Paraphrase,1183,Could someone create a trail entry for auth-svc-04?,log_audit_event,log_audit_event,reset_password,False,2,0.35049083828926086,0.338595986366272,reset_password;log_audit_event;generate_report;create_ticket;scan_malware,0.35049084;0.33859599;0.30810705;0.29322401;0.28184909,945,paraphrase_variant,
Paraphrase,1184,Would you mind create a trail entry for auth-svc-04.,log_audit_event,log_audit_event,reset_password,False,3,0.370673269033432,0.34906643629074097,reset_password;generate_report;log_audit_event;scan_malware;send_notification,0.37067327;0.35510010;0.34906644;0.34494346;0.32089034,945,paraphrase_variant,
Paraphrase,1185,Please store an audit record for ml-infer-05.,log_audit_event,log_audit_event,db_write,False,6,0.44455987215042114,0.27254122495651245,db_write;db_read;generate_report;send_notification;scan_malware,0.44455987;0.39853859;0.31850246;0.27869183;0.27629244,950,paraphrase_original,
Paraphrase,1186,Could you please store an audit record for ml-infer-05.,log_audit_event,log_audit_event,db_write,False,4,0.4640556573867798,0.29297128319740295,db_write;db_read;generate_report;log_audit_event;send_notification,0.46405566;0.42264235;0.33461481;0.29297128;0.28940776,950,paraphrase_variant,
Paraphrase,1187,It would help if store an audit record for ml-infer-05.,log_audit_event,log_audit_event,db_write,False,5,0.43918749690055847,0.2716979682445526,db_write;db_read;generate_report;send_notification;log_audit_event,0.43918750;0.41224495;0.31737578;0.27661842;0.27169797,950,paraphrase_variant,
Paraphrase,1188,Is it possible to store an audit record for ml-infer-05?,log_audit_event,log_audit_event,db_write,False,5,0.41218480467796326,0.2108655869960785,db_write;db_read;generate_report;scan_malware;log_audit_event,0.41218480;0.38560814;0.25601032;0.23395038;0.21086559,950,paraphrase_variant,
Paraphrase,1189,"Hey, can you store an audit record for ml-infer-05.",log_audit_event,log_audit_event,db_write,False,9,0.49305295944213867,0.30518612265586853,db_write;db_read;generate_report;send_notification;scan_malware,0.49305296;0.44516909;0.37402955;0.32896394;0.32803273,950,paraphrase_variant,
Paraphrase,1190,Can you capture the Engineering event in the audit trail?,log_audit_event,log_audit_event,log_audit_event,True,1,0.37960460782051086,0.37960460782051086,log_audit_event;generate_report;scan_malware;quarantine_system;send_notification,0.37960461;0.33263254;0.31836620;0.31763712;0.30701724,957,paraphrase_original,
Paraphrase,1191,Kindly capture the engineering event in the audit trail.,log_audit_event,log_audit_event,log_audit_event,True,1,0.3911617696285248,0.3911617696285248,log_audit_event;generate_report;quarantine_system;db_write;create_ticket,0.39116177;0.32507643;0.30743212;0.29932493;0.29523829,957,paraphrase_variant,
Paraphrase,1192,Gonna need you to capture the engineering event in the audit trail.,log_audit_event,log_audit_event,log_audit_event,True,1,0.40523746609687805,0.40523746609687805,log_audit_event;generate_report;quarantine_system;send_notification;db_write,0.40523747;0.39823297;0.36995435;0.36546463;0.35587755,957,paraphrase_variant,
Paraphrase,1193,capture the engineering event in the audit trail -- that's what needs to happen.,log_audit_event,log_audit_event,log_audit_event,True,1,0.356255441904068,0.356255441904068,log_audit_event;quarantine_system;generate_report;check_status;send_notification,0.35625544;0.32444298;0.32146734;0.30349654;0.30257574,957,paraphrase_variant,
Paraphrase,1194,Could someone capture the engineering event in the audit trail?,log_audit_event,log_audit_event,log_audit_event,True,1,0.3799958825111389,0.3799958825111389,log_audit_event;generate_report;quarantine_system;db_write;send_notification,0.37999588;0.32514092;0.28934711;0.28798050;0.28498867,957,paraphrase_variant,
Paraphrase,1195,Can you document the action taken on staging-db-02?,log_audit_event,log_audit_event,db_write,False,11,0.446453720331192,0.2677730321884155,db_write;db_read;generate_report;check_status;send_notification,0.44645372;0.42870981;0.34424964;0.34060019;0.33211792,960,paraphrase_original,
Paraphrase,1196,Is it possible to document the action taken on staging-db-02?,log_audit_event,log_audit_event,db_write,False,11,0.3896823823451996,0.22684615850448608,db_write;db_read;check_status;generate_report;send_notification,0.38968238;0.37342408;0.30085245;0.28871253;0.27892631,960,paraphrase_variant,
Paraphrase,1197,Do me a favor and document the action taken on staging-db-02.,log_audit_event,log_audit_event,db_write,False,12,0.40126490592956543,0.21779866516590118,db_write;generate_report;create_ticket;db_read;escalate_to_human,0.40126491;0.33360484;0.33201432;0.32884237;0.31107539,960,paraphrase_variant,
Paraphrase,1198,We request that you document the action taken on staging-db-02.,log_audit_event,log_audit_event,db_write,False,11,0.4645628333091736,0.30910903215408325,db_write;db_read;send_notification;generate_report;check_status,0.46456283;0.42898908;0.38085842;0.37736040;0.36808950,960,paraphrase_variant,
Paraphrase,1199,The situation requires document the action taken on staging-db-02.,log_audit_event,log_audit_event,db_write,False,11,0.4567044675350189,0.2720816135406494,db_write;db_read;generate_report;escalate_to_human;create_ticket,0.45670447;0.42086673;0.38332698;0.37521040;0.37106058,960,paraphrase_variant,
Paraphrase,1200,Could you capture staging-db-02's event in the audit log for me?,log_audit_event,log_audit_event,db_write,False,3,0.36753061413764954,0.3395179212093353,db_write;db_read;log_audit_event;check_status;generate_report,0.36753061;0.36300421;0.33951792;0.27490041;0.26302323,965,paraphrase_original,
Paraphrase,1201,Would you mind capture staging-db-02's event in the audit log for me.,log_audit_event,log_audit_event,db_write,False,3,0.3975614905357361,0.3735126554965973,db_write;db_read;log_audit_event;generate_report;check_status,0.39756149;0.39011866;0.37351266;0.30724069;0.29341844,965,paraphrase_variant,
Paraphrase,1202,Who can capture staging-db-02's event in the audit log for me?,log_audit_event,log_audit_event,db_read,False,3,0.31109777092933655,0.29683297872543335,db_read;db_write;log_audit_event;generate_report;check_status,0.31109777;0.30562931;0.29683298;0.21970087;0.20009242,965,paraphrase_variant,
Paraphrase,1203,What we need is for capture staging-db-02's event in the audit log for me.,log_audit_event,log_audit_event,db_read,False,3,0.36345773935317993,0.3033849000930786,db_read;db_write;log_audit_event;check_status;generate_report,0.36345774;0.34695068;0.30338490;0.27373603;0.21998376,965,paraphrase_variant,
Paraphrase,1204,Do me a favor and capture staging-db-02's event in the audit log for me.,log_audit_event,log_audit_event,db_write,False,3,0.3499383330345154,0.3162069022655487,db_write;db_read;log_audit_event;generate_report;check_status,0.34993833;0.33555076;0.31620690;0.26373112;0.24513899,965,paraphrase_variant,
Paraphrase,1205,Could you store an audit record for staging-db-02 for me?,log_audit_event,log_audit_event,db_read,False,7,0.4546230137348175,0.18405097723007202,db_read;db_write;generate_report;check_status;send_notification,0.45462301;0.45035422;0.24631920;0.23819843;0.20897330,966,paraphrase_original,
Paraphrase,1206,Would you mind store an audit record for staging-db-02 for me.,log_audit_event,log_audit_event,db_write,False,7,0.4433773458003998,0.1948058307170868,db_write;db_read;generate_report;check_status;send_notification,0.44337735;0.43419701;0.25265807;0.22553131;0.21062912,966,paraphrase_variant,
Paraphrase,1207,What we need is for store an audit record for staging-db-02 for me.,log_audit_event,log_audit_event,db_read,False,6,0.43350183963775635,0.15132632851600647,db_read;db_write;check_status;generate_report;send_notification,0.43350184;0.41325930;0.24465142;0.19448964;0.17257789,966,paraphrase_variant,
Paraphrase,1208,Would anyone be able to store an audit record for staging-db-02 for me?,log_audit_event,log_audit_event,db_read,False,6,0.4411396086215973,0.1913703978061676,db_read;db_write;generate_report;check_status;send_notification,0.44113961;0.42873204;0.24448384;0.22618043;0.20078121,966,paraphrase_variant,
Paraphrase,1209,Do me a favor and store an audit record for staging-db-02 for me.,log_audit_event,log_audit_event,db_write,False,8,0.4016667604446411,0.14838868379592896,db_write;db_read;generate_report;check_status;send_notification,0.40166676;0.38432512;0.22011898;0.20357066;0.17071056,966,paraphrase_variant,
Paraphrase,1210,Could you add Eve's action to the audit log for me?,log_audit_event,log_audit_event,log_audit_event,True,1,0.46939700841903687,0.46939700841903687,log_audit_event;generate_report;db_write;quarantine_system;provision_vm,0.46939701;0.38191682;0.36969140;0.34541646;0.32582897,967,paraphrase_original,
Paraphrase,1211,I'd appreciate it if you could add eve's action to the audit log for me.,log_audit_event,log_audit_event,log_audit_event,True,1,0.4928477108478546,0.4928477108478546,log_audit_event;generate_report;db_write;quarantine_system;process_refund,0.49284771;0.40184346;0.38249800;0.35922790;0.34323210,967,paraphrase_variant,
Paraphrase,1212,Quick one -- add eve's action to the audit log for me.,log_audit_event,log_audit_event,log_audit_event,True,1,0.4465440809726715,0.4465440809726715,log_audit_event;generate_report;db_write;quarantine_system;process_refund,0.44654408;0.38412184;0.36829358;0.34100482;0.32789296,967,paraphrase_variant,
Paraphrase,1213,What we need is for add eve's action to the audit log for me.,log_audit_event,log_audit_event,log_audit_event,True,1,0.462289422750473,0.462289422750473,log_audit_event;generate_report;db_write;quarantine_system;process_refund,0.46228942;0.37009612;0.35791764;0.33440748;0.31692991,967,paraphrase_variant,
Paraphrase,1214,Would anyone be able to add eve's action to the audit log for me?,log_audit_event,log_audit_event,log_audit_event,True,1,0.46221789717674255,0.46221789717674255,log_audit_event;generate_report;db_write;quarantine_system;send_notification,0.46221790;0.37511647;0.34960347;0.32903773;0.31717831,967,paraphrase_variant,
Paraphrase,1215,I need you to write a compliance entry for #42017.,log_audit_event,log_audit_event,generate_report,False,9,0.5204501152038574,0.4152786433696747,generate_report;send_notification;create_ticket;provision_vm;process_refund,0.52045012;0.50891757;0.50312150;0.50158352;0.49959418,972,paraphrase_original,
Paraphrase,1216,Gonna need you to write a compliance entry for #42017.,log_audit_event,log_audit_event,generate_report,False,10,0.4974151849746704,0.3917013704776764,generate_report;send_notification;process_refund;provision_vm;create_ticket,0.49741518;0.48748383;0.47631803;0.47100279;0.46504119,972,paraphrase_variant,
Paraphrase,1217,Would anyone be able to write a compliance entry for #42017?,log_audit_event,log_audit_event,generate_report,False,9,0.5130625367164612,0.4118926227092743,generate_report;send_notification;create_ticket;provision_vm;process_refund,0.51306254;0.49466014;0.48556703;0.47002980;0.46158773,972,paraphrase_variant,
Paraphrase,1218,The situation requires write a compliance entry for #42017.,log_audit_event,log_audit_event,create_ticket,False,10,0.5375350713729858,0.4103812277317047,create_ticket;generate_report;provision_vm;send_notification;process_refund,0.53753507;0.53613287;0.52117664;0.51479489;0.51020998,972,paraphrase_variant,
Paraphrase,1219,Would you mind write a compliance entry for #42017.,log_audit_event,log_audit_event,generate_report,False,9,0.5179691910743713,0.4060695767402649,generate_report;provision_vm;send_notification;create_ticket;process_refund,0.51796919;0.49407884;0.49260956;0.48670238;0.48423377,972,paraphrase_variant,
Paraphrase,1220,I need you to store an audit record for Eve.,log_audit_event,log_audit_event,db_write,False,4,0.45451971888542175,0.2841320335865021,db_write;db_read;generate_report;log_audit_event;send_notification,0.45451972;0.39531741;0.31130189;0.28413203;0.26800430,974,paraphrase_original,
Paraphrase,1221,Please store an audit record for eve.,log_audit_event,log_audit_event,db_write,False,4,0.38860848546028137,0.2537606656551361,db_write;db_read;generate_report;log_audit_event;send_notification,0.38860849;0.32657287;0.26550135;0.25376067;0.22346476,974,paraphrase_variant,
Paraphrase,1222,store an audit record for eve -- that's what needs to happen.,log_audit_event,log_audit_event,db_write,False,6,0.38653430342674255,0.21520759165287018,db_write;db_read;generate_report;quarantine_system;send_notification,0.38653430;0.32301193;0.25319412;0.21960752;0.21620563,974,paraphrase_variant,
Paraphrase,1223,Would anyone be able to store an audit record for eve?,log_audit_event,log_audit_event,db_write,False,4,0.4161955416202545,0.2565861940383911,db_write;db_read;generate_report;log_audit_event;send_notification,0.41619554;0.38075718;0.27573147;0.25658619;0.22389932,974,paraphrase_variant,
Paraphrase,1224,Do me a favor and store an audit record for eve.,log_audit_event,log_audit_event,db_write,False,4,0.3252127170562744,0.19291812181472778,db_write;db_read;generate_report;log_audit_event;scan_malware,0.32521272;0.25080204;0.20509396;0.19291812;0.15177380,974,paraphrase_variant,
Paraphrase,1225,We should create an audit trail entry for HR.,log_audit_event,log_audit_event,log_audit_event,True,1,0.31785792112350464,0.31785792112350464,log_audit_event;check_status;generate_report;quarantine_system;db_read,0.31785792;0.27347240;0.26586843;0.26151094;0.24826016,985,paraphrase_original,
Paraphrase,1226,Need you to we should create an audit trail entry for hr.,log_audit_event,log_audit_event,log_audit_event,True,1,0.3657243847846985,0.3657243847846985,log_audit_event;check_status;generate_report;db_read;quarantine_system,0.36572438;0.32744476;0.30776677;0.30469206;0.28439364,985,paraphrase_variant,
Paraphrase,1227,Would anyone be able to we should create an audit trail entry for hr?,log_audit_event,log_audit_event,log_audit_event,True,1,0.33935031294822693,0.33935031294822693,log_audit_event;generate_report;scan_malware;send_notification;check_status,0.33935031;0.30356401;0.26627144;0.26365471;0.26244289,985,paraphrase_variant,
Paraphrase,1228,Please we should create an audit trail entry for hr.,log_audit_event,log_audit_event,log_audit_event,True,1,0.35027188062667847,0.35027188062667847,log_audit_event;generate_report;quarantine_system;check_status;scan_malware,0.35027188;0.30311829;0.28699419;0.28336063;0.27878156,985,paraphrase_variant,
Paraphrase,1229,The situation requires we should create an audit trail entry for hr.,log_audit_event,log_audit_event,log_audit_event,True,1,0.3518776595592499,0.3518776595592499,log_audit_event;generate_report;quarantine_system;check_status;escalate_to_human,0.35187766;0.32263476;0.30316061;0.30263901;0.28323910,985,paraphrase_variant,
Paraphrase,1230,Let's capture ml-infer-05's event in the audit log.,log_audit_event,log_audit_event,log_audit_event,True,1,0.4147253930568695,0.4147253930568695,log_audit_event;generate_report;db_write;quarantine_system;scan_malware,0.41472539;0.32268426;0.30858472;0.28606132;0.28405079,989,paraphrase_original,
Paraphrase,1231,Would anyone be able to let's capture ml-infer-05's event in the audit log?,log_audit_event,log_audit_event,log_audit_event,True,1,0.398875892162323,0.398875892162323,log_audit_event;generate_report;db_write;scan_malware;db_read,0.39887589;0.29275933;0.28374463;0.27366331;0.25470296,989,paraphrase_variant,
Paraphrase,1232,Gonna need you to let's capture ml-infer-05's event in the audit log.,log_audit_event,log_audit_event,log_audit_event,True,1,0.452818363904953,0.452818363904953,log_audit_event;generate_report;db_write;quarantine_system;scan_malware,0.45281836;0.39005688;0.37414965;0.35899788;0.34661850,989,paraphrase_variant,
Paraphrase,1233,What we need is for let's capture ml-infer-05's event in the audit log.,log_audit_event,log_audit_event,log_audit_event,True,1,0.39166882634162903,0.39166882634162903,log_audit_event;generate_report;db_write;check_status;db_read,0.39166883;0.27544352;0.27154845;0.25649297;0.24631904,989,paraphrase_variant,
Paraphrase,1234,Kindly let's capture ml-infer-05's event in the audit log.,log_audit_event,log_audit_event,log_audit_event,True,1,0.3957698941230774,0.3957698941230774,log_audit_event;generate_report;db_write;scan_malware;db_read,0.39576989;0.28701416;0.28115225;0.26852643;0.26137400,989,paraphrase_variant,
Paraphrase,1235,Let's create an audit trail entry for #20891.,log_audit_event,log_audit_event,generate_report,False,3,0.4028826355934143,0.3653806447982788,generate_report;send_notification;log_audit_event;db_write;provision_vm,0.40288264;0.36770234;0.36538064;0.35917380;0.35593095,993,paraphrase_original,
Paraphrase,1236,What we need is for let's create an audit trail entry for #20891.,log_audit_event,log_audit_event,generate_report,False,2,0.39989104866981506,0.3841186761856079,generate_report;log_audit_event;send_notification;db_write;provision_vm,0.39989105;0.38411868;0.37468231;0.36714441;0.33718672,993,paraphrase_variant,
Paraphrase,1237,Is it possible to let's create an audit trail entry for #20891?,log_audit_event,log_audit_event,generate_report,False,2,0.3937835395336151,0.3717055916786194,generate_report;log_audit_event;send_notification;db_write;provision_vm,0.39378354;0.37170559;0.36007991;0.35504889;0.34494179,993,paraphrase_variant,
Paraphrase,1238,Would you mind let's create an audit trail entry for #20891.,log_audit_event,log_audit_event,generate_report,False,2,0.4312160313129425,0.40156662464141846,generate_report;log_audit_event;send_notification;db_write;provision_vm,0.43121603;0.40156662;0.37926912;0.37799826;0.37204832,993,paraphrase_variant,
Paraphrase,1239,Gonna need you to let's create an audit trail entry for #20891.,log_audit_event,log_audit_event,generate_report,False,3,0.42864829301834106,0.3863612413406372,generate_report;send_notification;log_audit_event;provision_vm;db_write,0.42864829;0.39620402;0.38636124;0.37768349;0.37372774,993,paraphrase_variant,
Paraphrase,1240,Kindly write an audit entry for Bob.,log_audit_event,log_audit_event,log_audit_event,True,1,0.28733301162719727,0.28733301162719727,log_audit_event;escalate_to_human;quarantine_system;generate_report;check_status,0.28733301;0.27670097;0.26753512;0.26630265;0.26298293,996,paraphrase_original,
Paraphrase,1241,Is it possible to write an audit entry for bob?,log_audit_event,log_audit_event,log_audit_event,True,1,0.2836735248565674,0.2836735248565674,log_audit_event;send_notification;escalate_to_human;quarantine_system;check_status,0.28367352;0.27949423;0.27278280;0.26828849;0.26800102,996,paraphrase_variant,
Paraphrase,1242,The situation requires write an audit entry for bob.,log_audit_event,log_audit_event,escalate_to_human,False,5,0.36595550179481506,0.31113338470458984,escalate_to_human;generate_report;send_notification;quarantine_system;log_audit_event,0.36595550;0.31711534;0.31691700;0.31352776;0.31113338,996,paraphrase_variant,
Paraphrase,1243,Kindly write an audit entry for bob.,log_audit_event,log_audit_event,log_audit_event,True,1,0.28733301162719727,0.28733301162719727,log_audit_event;escalate_to_human;quarantine_system;generate_report;check_status,0.28733301;0.27670097;0.26753512;0.26630265;0.26298293,996,paraphrase_variant,
Paraphrase,1244,"Yo, write an audit entry for bob.",log_audit_event,log_audit_event,send_notification,False,6,0.2919987738132477,0.2556142807006836,send_notification;escalate_to_human;quarantine_system;generate_report;check_status,0.29199877;0.28658441;0.27374768;0.27275160;0.27169448,996,paraphrase_variant,
Paraphrase,1245,Kindly add an audit log entry for ml-infer-05.,log_audit_event,log_audit_event,log_audit_event,True,1,0.4098004996776581,0.4098004996776581,log_audit_event;db_write;db_read;scan_malware;generate_report,0.40980050;0.33825153;0.31412762;0.30734098;0.30690485,999,paraphrase_original,
Paraphrase,1246,"Yo, add an audit log entry for ml-infer-05.",log_audit_event,log_audit_event,log_audit_event,True,1,0.4281633794307709,0.4281633794307709,log_audit_event;db_write;generate_report;db_read;scan_malware,0.42816338;0.38778034;0.35853490;0.35098842;0.32966483,999,paraphrase_variant,
Paraphrase,1247,Please add an audit log entry for ml-infer-05.,log_audit_event,log_audit_event,log_audit_event,True,1,0.4370078146457672,0.4370078146457672,log_audit_event;db_write;generate_report;db_read;scan_malware,0.43700781;0.36751485;0.34751877;0.33639240;0.33070603,999,paraphrase_variant,
Paraphrase,1248,add an audit log entry for ml-infer-05 -- that's what needs to happen.,log_audit_event,log_audit_event,log_audit_event,True,1,0.3804670572280884,0.3804670572280884,log_audit_event;db_write;db_read;generate_report;scan_malware,0.38046706;0.33197615;0.31472701;0.29827175;0.27830744,999,paraphrase_variant,
Paraphrase,1249,Is it possible to add an audit log entry for ml-infer-05?,log_audit_event,log_audit_event,log_audit_event,True,1,0.3577861785888672,0.3577861785888672,log_audit_event;db_write;generate_report;scan_malware;db_read,0.35778618;0.32643169;0.28249139;0.27854699;0.25848261,999,paraphrase_variant,
Paraphrase,1250,Kindly document the event for HR in the audit log.,log_audit_event,log_audit_event,log_audit_event,True,1,0.4212910234928131,0.4212910234928131,log_audit_event;check_status;process_refund;generate_report;quarantine_system,0.42129102;0.27772310;0.27661335;0.27073851;0.25593743,1000,paraphrase_original,
Paraphrase,1251,It would help if document the event for hr in the audit log.,log_audit_event,log_audit_event,log_audit_event,True,1,0.4163593649864197,0.4163593649864197,log_audit_event;check_status;generate_report;db_read;process_refund,0.41635936;0.33569381;0.29936123;0.28627151;0.27056879,1000,paraphrase_variant,
Paraphrase,1252,Is it possible to document the event for hr in the audit log?,log_audit_event,log_audit_event,log_audit_event,True,1,0.36763933300971985,0.36763933300971985,log_audit_event;check_status;generate_report;create_ticket;db_write,0.36763933;0.24132828;0.22592914;0.22176282;0.19390030,1000,paraphrase_variant,
Paraphrase,1253,Quick one -- document the event for hr in the audit log.,log_audit_event,log_audit_event,log_audit_event,True,1,0.4038982391357422,0.4038982391357422,log_audit_event;check_status;generate_report;process_refund;create_ticket,0.40389824;0.30580419;0.29726294;0.27065790;0.26914114,1000,paraphrase_variant,
Paraphrase,1254,Please document the event for hr in the audit log.,log_audit_event,log_audit_event,log_audit_event,True,1,0.43775781989097595,0.43775781989097595,log_audit_event;check_status;generate_report;process_refund;quarantine_system,0.43775782;0.31828454;0.30546436;0.29435840;0.28279379,1000,paraphrase_variant,
