condition,row_index,query,ground_truth_raw,ground_truth_tool,predicted_tool,correct,rank,top1_cosine,ground_truth_cosine,top5_tools,top5_cosines
Standard,0,look up the record for #60122.,query_database,db_read,db_read,True,1,0.37240055203437805,0.37240055203437805,db_read;process_refund;provision_vm;generate_report;db_write,0.37240055;0.32676366;0.32408139;0.31986746;0.31590047
Standard,1,pull Alice's account details.,query_database,db_read,escalate_to_human,False,3,0.27991655468940735,0.24787954986095428,escalate_to_human;update_subscription;db_read;send_notification;provision_vm,0.27991655;0.25358823;0.24787955;0.20932679;0.19396877
Standard,2,retrieve information on Frank.,query_database,db_read,db_read,True,1,0.39477086067199707,0.39477086067199707,db_read;escalate_to_human;quarantine_system;send_notification;provision_vm,0.39477086;0.31214175;0.31039500;0.30572879;0.30473226
Standard,3,check the database entry for Charlie.,query_database,db_read,db_read,True,1,0.4804544448852539,0.4804544448852539,db_read;db_write;quarantine_system;scan_malware;generate_report,0.48045444;0.38129395;0.31506371;0.31114221;0.29426539
Standard,4,fetch the record linked to #20891.,query_database,db_read,db_write,False,2,0.4834139049053192,0.4817858636379242,db_write;db_read;generate_report;provision_vm;process_refund,0.48341390;0.48178586;0.45584217;0.44139373;0.42975456
Standard,5,search for transaction #20891 in the database.,query_database,db_read,db_read,True,1,0.4598851799964905,0.4598851799964905,db_read;db_write;generate_report;create_ticket;provision_vm,0.45988518;0.42198259;0.34388021;0.33173928;0.33083767
Standard,6,bring up Bob's account information.,query_database,db_read,update_subscription,False,7,0.26032277941703796,0.2214535027742386,update_subscription;quarantine_system;send_notification;escalate_to_human;provision_vm,0.26032278;0.24946477;0.24743029;0.23768310;0.23618735
Standard,7,search the database for Frank.,query_database,db_read,db_read,True,1,0.44782376289367676,0.44782376289367676,db_read;db_write;generate_report;send_notification;provision_vm,0.44782376;0.39809108;0.34424183;0.33178660;0.33047143
Standard,8,Please look up the record for Alice.,query_database,db_read,escalate_to_human,False,2,0.3715346157550812,0.30014702677726746,escalate_to_human;db_read;db_write;generate_report;create_ticket,0.37153462;0.30014703;0.29184350;0.28282532;0.26869318
Standard,9,Please retrieve the entry for #60122.,query_database,db_read,provision_vm,False,6,0.4821387231349945,0.42298412322998047,provision_vm;generate_report;send_notification;process_refund;quarantine_system,0.48213872;0.45507246;0.42936727;0.42585605;0.42468104
Standard,10,Please retrieve information on Frank.,query_database,db_read,provision_vm,False,7,0.4185278117656708,0.3758176565170288,provision_vm;generate_report;send_notification;quarantine_system;create_ticket,0.41852781;0.39991838;0.38786006;0.38745591;0.38489974
Standard,11,Please check the database entry for Eve.,query_database,db_read,db_write,False,2,0.46713241934776306,0.4623415172100067,db_write;db_read;generate_report;provision_vm;quarantine_system,0.46713242;0.46234152;0.31529841;0.28974476;0.28926802
Standard,12,Please fetch the record linked to #10234.,query_database,db_read,db_read,True,1,0.519241988658905,0.519241988658905,db_read;db_write;generate_report;process_refund;provision_vm,0.51924199;0.49762803;0.43877199;0.42445570;0.42102647
Standard,13,Please search for transaction #53698 in the database.,query_database,db_read,db_read,True,1,0.47939950227737427,0.47939950227737427,db_read;db_write;generate_report;provision_vm;log_audit_event,0.47939950;0.45443249;0.33770353;0.32077229;0.30624357
Standard,14,Please bring up Diana's account information.,query_database,db_read,db_read,True,1,0.3860560357570648,0.3860560357570648,db_read;provision_vm;generate_report;escalate_to_human;db_write,0.38605604;0.29615641;0.28957576;0.28553659;0.28313893
Standard,15,Please search the database for Alice.,query_database,db_read,db_read,True,1,0.3624459505081177,0.3624459505081177,db_read;db_write;escalate_to_human;generate_report;provision_vm,0.36244595;0.33604428;0.30471730;0.24712645;0.22851327
Standard,16,Can you look up the record for Alice?,query_database,db_read,db_read,True,1,0.3649921417236328,0.3649921417236328,db_read;escalate_to_human;db_write;generate_report;provision_vm,0.36499214;0.35851899;0.31288311;0.30527243;0.29230604
Standard,17,Can you pull Bob's account details?,query_database,db_read,db_read,True,1,0.3373299539089203,0.3373299539089203,db_read;update_subscription;reset_password;scan_malware;provision_vm,0.33732995;0.30631348;0.29142016;0.28252894;0.27931809
Standard,18,Can you check the database for #53698?,query_database,db_read,db_read,True,1,0.5324844717979431,0.5324844717979431,db_read;db_write;generate_report;provision_vm;quarantine_system,0.53248447;0.46286818;0.35917383;0.34993225;0.34203115
Standard,19,Can you pull the details associated with #53698?,query_database,db_read,provision_vm,False,5,0.4951780438423157,0.45540863275527954,provision_vm;generate_report;create_ticket;escalate_to_human;db_read,0.49517804;0.48971456;0.47000828;0.45870364;0.45540863
Standard,20,Can you fetch Alice's profile from the database?,query_database,db_read,db_read,True,1,0.36641842126846313,0.36641842126846313,db_read;db_write;scan_malware;send_notification;provision_vm,0.36641842;0.21779446;0.19134298;0.18118891;0.17578453
Standard,21,Can you read the record tied to Eve?,query_database,db_read,db_write,False,2,0.4077507555484772,0.361225962638855,db_write;db_read;generate_report;escalate_to_human;provision_vm,0.40775076;0.36122596;0.32461333;0.29947579;0.29912251
Standard,22,Can you bring up the database entry for #20891?,query_database,db_read,db_write,False,2,0.5480358600616455,0.5298340320587158,db_write;db_read;provision_vm;generate_report;send_notification,0.54803586;0.52983403;0.48569846;0.47701961;0.42485580
Standard,23,Can you read back the data for #60122?,query_database,db_read,db_read,True,1,0.5085593461990356,0.5085593461990356,db_read;db_write;provision_vm;generate_report;send_notification,0.50855935;0.42891705;0.39142132;0.38748559;0.37611610
Standard,24,Could you look up the record for #60122 for me?,query_database,db_read,db_read,True,1,0.41237515211105347,0.41237515211105347,db_read;db_write;generate_report;provision_vm;create_ticket,0.41237515;0.36893886;0.36638606;0.35885340;0.34314150
Standard,25,Could you pull Frank's account details for me?,query_database,db_read,send_notification,False,5,0.41442352533340454,0.3827953338623047,send_notification;update_subscription;provision_vm;generate_report;db_read,0.41442353;0.40988079;0.40638766;0.40031737;0.38279533
Standard,26,Could you retrieve information on Eve for me?,query_database,db_read,db_read,True,1,0.4098632335662842,0.4098632335662842,db_read;db_write;log_audit_event;generate_report;send_notification,0.40986323;0.36150852;0.35449868;0.32159218;0.30637386
Standard,27,Could you check the database entry for Diana for me?,query_database,db_read,db_read,True,1,0.5353317856788635,0.5353317856788635,db_read;db_write;generate_report;quarantine_system;provision_vm,0.53533179;0.46032989;0.35918373;0.31887451;0.31490889
Standard,28,Could you fetch the record linked to #20891 for me?,query_database,db_read,db_write,False,2,0.5234791040420532,0.5072413086891174,db_write;db_read;generate_report;provision_vm;create_ticket,0.52347910;0.50724131;0.49843386;0.47015488;0.46502548
Standard,29,Could you search for transaction #42017 in the database for me?,query_database,db_read,db_read,True,1,0.5035576820373535,0.5035576820373535,db_read;db_write;generate_report;log_audit_event;provision_vm,0.50355768;0.47478330;0.38147390;0.35386565;0.35290006
Standard,30,Could you bring up the database entry for #31450 for me?,query_database,db_read,db_write,False,2,0.5175212621688843,0.5141327977180481,db_write;db_read;generate_report;provision_vm;send_notification,0.51752126;0.51413280;0.43265826;0.42311722;0.40238214
Standard,31,Could you read back the data for #10234 for me?,query_database,db_read,db_read,True,1,0.5442237257957458,0.5442237257957458,db_read;db_write;generate_report;send_notification;provision_vm,0.54422373;0.47114488;0.44274437;0.42421529;0.40226358
Standard,32,I need you to look up the record for #20891.,query_database,db_read,create_ticket,False,7,0.47658973932266235,0.4024830758571625,create_ticket;generate_report;provision_vm;db_write;process_refund,0.47658974;0.47646159;0.45724905;0.44045269;0.43158308
Standard,33,I need you to retrieve the entry for #60122.,query_database,db_read,provision_vm,False,5,0.5041182041168213,0.4469262957572937,provision_vm;generate_report;send_notification;quarantine_system;db_read,0.50411820;0.48077095;0.45891762;0.44827053;0.44692630
Standard,34,I need you to retrieve information on Diana.,query_database,db_read,db_read,True,1,0.48606374859809875,0.48606374859809875,db_read;db_write;generate_report;quarantine_system;provision_vm,0.48606375;0.36656493;0.31172168;0.29272011;0.28599221
Standard,35,I need you to pull the details associated with #31450.,query_database,db_read,generate_report,False,6,0.49677252769470215,0.44082072377204895,generate_report;provision_vm;send_notification;create_ticket;db_write,0.49677253;0.48622841;0.47888789;0.46157584;0.45454088
Standard,36,I need you to fetch the record linked to #31450.,query_database,db_read,db_read,True,1,0.5160853266716003,0.5160853266716003,db_read;db_write;generate_report;provision_vm;send_notification,0.51608533;0.50273359;0.44726035;0.43200636;0.41908854
Standard,37,I need you to read the record tied to Bob.,query_database,db_read,db_read,True,1,0.29458197951316833,0.29458197951316833,db_read;generate_report;quarantine_system;process_refund;escalate_to_human,0.29458198;0.29201519;0.29189888;0.29056919;0.27855715
Standard,38,I need you to bring up Bob's account information.,query_database,db_read,quarantine_system,False,8,0.3489915132522583,0.3080669641494751,quarantine_system;provision_vm;send_notification;update_subscription;scan_malware,0.34899151;0.34032887;0.33638015;0.32622296;0.32278764
Standard,39,I need you to search the database for Grace.,query_database,db_read,db_read,True,1,0.3421470820903778,0.3421470820903778,db_read;db_write;reset_password;scan_malware;generate_report,0.34214708;0.30614394;0.25048563;0.22371955;0.21623604
Standard,40,We should look up the record for Charlie.,query_database,db_read,quarantine_system,False,2,0.3155577480792999,0.29737722873687744,quarantine_system;db_read;generate_report;process_refund;scan_malware,0.31555775;0.29737723;0.28083715;0.27419707;0.27275732
Standard,41,We should pull Alice's account details.,query_database,db_read,escalate_to_human,False,4,0.287932813167572,0.23015540838241577,escalate_to_human;update_subscription;send_notification;db_read;generate_report,0.28793281;0.27159971;0.23793796;0.23015541;0.22705489
Standard,42,We should retrieve information on Alice.,query_database,db_read,escalate_to_human,False,2,0.3752117455005646,0.2886224687099457,escalate_to_human;db_read;send_notification;generate_report;quarantine_system,0.37521175;0.28862247;0.27537552;0.27000311;0.25145280
Standard,43,We should check the database entry for Diana.,query_database,db_read,db_read,True,1,0.5072534084320068,0.5072534084320068,db_read;db_write;generate_report;quarantine_system;provision_vm,0.50725341;0.42418274;0.32046166;0.29840419;0.27865601
Standard,44,We should fetch the record linked to #10234.,query_database,db_read,db_read,True,1,0.5229620933532715,0.5229620933532715,db_read;db_write;generate_report;process_refund;provision_vm,0.52296209;0.49368185;0.45530838;0.42641699;0.42382240
Standard,45,We should read the record tied to Charlie.,query_database,db_read,quarantine_system,False,3,0.2886604368686676,0.2705319821834564,quarantine_system;generate_report;db_read;process_refund;check_status,0.28866044;0.27484763;0.27053198;0.26440865;0.25787359
Standard,46,We should bring up Grace's account information.,query_database,db_read,update_subscription,False,8,0.3331059217453003,0.20160825550556183,update_subscription;reset_password;scan_malware;provision_vm;send_notification,0.33310592;0.27057347;0.26071981;0.23105523;0.22607131
Standard,47,We should search the database for Charlie.,query_database,db_read,db_read,True,1,0.377047598361969,0.377047598361969,db_read;db_write;quarantine_system;scan_malware;generate_report,0.37704760;0.31225735;0.30743629;0.28388384;0.28275338
Standard,48,Let's look up the record for Charlie.,query_database,db_read,quarantine_system,False,2,0.31010743975639343,0.2921604812145233,quarantine_system;db_read;process_refund;provision_vm;generate_report,0.31010744;0.29216048;0.28417513;0.27596590;0.27560323
Standard,49,Let's retrieve the entry for #10234.,query_database,db_read,generate_report,False,5,0.4919601380825043,0.4604965150356293,generate_report;provision_vm;process_refund;send_notification;db_read,0.49196014;0.49178243;0.47011071;0.46538150;0.46049652
Standard,50,Let's check the database for #60122.,query_database,db_read,db_read,True,1,0.49748221039772034,0.49748221039772034,db_read;db_write;generate_report;provision_vm;send_notification,0.49748221;0.43859121;0.34868941;0.34563068;0.34372574
Standard,51,Let's pull the details associated with #42017.,query_database,db_read,send_notification,False,13,0.469642698764801,0.341714084148407,send_notification;provision_vm;generate_report;process_refund;create_ticket,0.46964270;0.46723008;0.46220288;0.46134326;0.42804897
Standard,52,Let's fetch Eve's profile from the database.,query_database,db_read,db_read,True,1,0.38102447986602783,0.38102447986602783,db_read;db_write;scan_malware;send_notification;provision_vm,0.38102448;0.28095597;0.27429751;0.24645028;0.22797506
Standard,53,Let's search for transaction #10234 in the database.,query_database,db_read,db_read,True,1,0.5033079385757446,0.5033079385757446,db_read;db_write;generate_report;log_audit_event;provision_vm,0.50330794;0.42963821;0.32796720;0.31295380;0.29924867
Standard,54,Let's bring up Alice's account information.,query_database,db_read,escalate_to_human,False,6,0.3518046438694,0.2480081170797348,escalate_to_human;update_subscription;provision_vm;send_notification;reset_password,0.35180464;0.31638560;0.27174699;0.25867116;0.24980567
Standard,55,Let's search the database for Eve.,query_database,db_read,db_write,False,2,0.4176577627658844,0.41048872470855713,db_write;db_read;generate_report;quarantine_system;log_audit_event,0.41765776;0.41048872;0.27497804;0.24997370;0.24819678
Standard,56,Kindly look up the record for #31450.,query_database,db_read,db_read,True,1,0.3619610667228699,0.3619610667228699,db_read;db_write;generate_report;provision_vm;create_ticket,0.36196107;0.35331628;0.33258951;0.31513387;0.31485495
Standard,57,Kindly pull Grace's account details.,query_database,db_read,update_subscription,False,6,0.28612789511680603,0.18415963649749756,update_subscription;reset_password;provision_vm;escalate_to_human;generate_report,0.28612790;0.26181361;0.21617961;0.19895934;0.18507648
Standard,58,Kindly check the database for #60122.,query_database,db_read,db_read,True,1,0.4855295419692993,0.4855295419692993,db_read;db_write;provision_vm;generate_report;send_notification,0.48552954;0.42071730;0.30075419;0.29801223;0.29049066
Standard,59,Kindly check the database entry for Eve.,query_database,db_read,db_read,True,1,0.43797221779823303,0.43797221779823303,db_read;db_write;generate_report;scan_malware;log_audit_event,0.43797222;0.42742229;0.26236436;0.25714865;0.25363275
Standard,60,Kindly fetch Grace's profile from the database.,query_database,db_read,db_read,True,1,0.2949022650718689,0.2949022650718689,db_read;scan_malware;reset_password;send_notification;provision_vm,0.29490227;0.23832935;0.20960975;0.16850932;0.15360919
Standard,61,Kindly read the record tied to Charlie.,query_database,db_read,quarantine_system,False,2,0.29097527265548706,0.2887886166572571,quarantine_system;db_read;generate_report;process_refund;provision_vm,0.29097527;0.28878862;0.28206271;0.28152812;0.28021386
Standard,62,Kindly bring up the database entry for #53698.,query_database,db_read,db_read,True,1,0.5070438981056213,0.5070438981056213,db_read;db_write;provision_vm;generate_report;process_refund,0.50704390;0.48935089;0.39628315;0.39088538;0.35467312
Standard,63,Kindly search the database for Bob.,query_database,db_read,db_read,True,1,0.3279077708721161,0.3279077708721161,db_read;db_write;reset_password;quarantine_system;scan_malware,0.32790777;0.21745729;0.16316785;0.16042142;0.15747054
Standard,64,"When you have a moment, look up the record for Frank.",query_database,db_read,quarantine_system,False,4,0.357876181602478,0.33611297607421875,quarantine_system;generate_report;check_status;db_read;provision_vm,0.35787618;0.35220209;0.34500024;0.33611298;0.33575746
Standard,65,"When you have a moment, retrieve the entry for #10234.",query_database,db_read,db_read,True,1,0.4270726144313812,0.4270726144313812,db_read;generate_report;provision_vm;log_audit_event;quarantine_system,0.42707261;0.42677593;0.41751504;0.40887648;0.40784970
Standard,66,"When you have a moment, retrieve information on Frank.",query_database,db_read,escalate_to_human,False,4,0.38852277398109436,0.3501664400100708,escalate_to_human;quarantine_system;send_notification;db_read;provision_vm,0.38852277;0.38259050;0.37016723;0.35016644;0.34437525
Standard,67,save the latest data for Bob to the database.,update_database,db_write,db_read,False,2,0.4711015522480011,0.3963248133659363,db_read;db_write;provision_vm;generate_report;quarantine_system,0.47110155;0.39632481;0.25006858;0.23912708;0.23886541
Standard,68,write Grace's updated information back to the database.,update_database,db_write,db_write,True,1,0.4328634440898895,0.4328634440898895,db_write;db_read;update_subscription;provision_vm;generate_report,0.43286344;0.41320682;0.28930610;0.28743678;0.26343617
Standard,69,persist the database changes for Marketing.,update_database,db_write,db_write,True,1,0.40544426441192627,0.40544426441192627,db_write;db_read;update_subscription;provision_vm;restart_service,0.40544426;0.36685708;0.29496622;0.25917441;0.23414502
Standard,70,commit the new record for Alice to the database.,update_database,db_write,db_write,True,1,0.5000261664390564,0.5000261664390564,db_write;db_read;escalate_to_human;generate_report;provision_vm,0.50002617;0.38270888;0.34989494;0.34250796;0.34226164
Standard,71,update the stored Finance settings in the database.,update_database,db_write,db_write,True,1,0.4917488396167755,0.4917488396167755,db_write;db_read;provision_vm;update_subscription;generate_report,0.49174884;0.43558708;0.35882100;0.34764922;0.31942844
Standard,72,store the revised details for Grace.,update_database,db_write,update_subscription,False,2,0.361662358045578,0.33054453134536743,update_subscription;db_write;provision_vm;generate_report;db_read,0.36166236;0.33054453;0.27734849;0.26576903;0.26101059
Standard,73,push the latest update for #10234 into the database.,update_database,db_write,db_write,True,1,0.5270248651504517,0.5270248651504517,db_write;db_read;provision_vm;generate_report;send_notification,0.52702487;0.46492976;0.39558032;0.38463354;0.35520878
Standard,74,apply the database update for Diana.,update_database,db_write,db_write,True,1,0.5051087141036987,0.5051087141036987,db_write;db_read;generate_report;provision_vm;process_refund,0.50510871;0.45850983;0.37122163;0.36727732;0.32358930
Standard,75,Please save the changes for #31450 to the database.,update_database,db_write,db_write,True,1,0.5313567519187927,0.5313567519187927,db_write;db_read;provision_vm;generate_report;send_notification,0.53135675;0.45118478;0.43657321;0.42369977;0.39194900
Standard,76,Please write Diana's updated information back to the database.,update_database,db_write,db_read,False,2,0.5253334045410156,0.5191786885261536,db_read;db_write;generate_report;provision_vm;process_refund,0.52533340;0.51917869;0.40307078;0.37954229;0.35339534
Standard,77,Please persist the changes for Frank.,update_database,db_write,provision_vm,False,9,0.5340495109558105,0.36306032538414,provision_vm;update_subscription;generate_report;send_notification;create_ticket,0.53404951;0.51125032;0.44838652;0.44823635;0.44746014
Standard,78,Please commit the new record for Grace to the database.,update_database,db_write,db_write,True,1,0.5110136270523071,0.5110136270523071,db_write;db_read;generate_report;provision_vm;send_notification,0.51101363;0.38998908;0.38766798;0.38397682;0.33471408
Standard,79,Please update the database entry for #31450.,update_database,db_write,db_write,True,1,0.5410498976707458,0.5410498976707458,db_write;db_read;provision_vm;generate_report;send_notification,0.54104990;0.47216102;0.45308137;0.43914381;0.41345811
Standard,80,Please write the revised Finance config back.,update_database,db_write,provision_vm,False,3,0.39004138112068176,0.3787402808666229,provision_vm;update_subscription;db_write;create_ticket;generate_report,0.39004138;0.37984371;0.37874028;0.35015106;0.34280512
Standard,81,Please push the Marketing database changes live.,update_database,db_write,db_write,True,1,0.4017418324947357,0.4017418324947357,db_write;provision_vm;generate_report;db_read;send_notification,0.40174183;0.35979444;0.34709802;0.33801320;0.32324859
Standard,82,Please apply the database update for Finance.,update_database,db_write,db_write,True,1,0.5304327011108398,0.5304327011108398,db_write;db_read;generate_report;provision_vm;process_refund,0.53043270;0.46147209;0.37107530;0.35875463;0.31284395
Standard,83,Can you save the latest data for Frank to the database?,update_database,db_write,db_read,False,2,0.531968891620636,0.5263025760650635,db_read;db_write;provision_vm;generate_report;send_notification,0.53196889;0.52630258;0.38868874;0.38460076;0.34868163
Standard,84,Can you write Charlie's updated information back to the database?,update_database,db_write,db_read,False,2,0.5090154409408569,0.5082688927650452,db_read;db_write;provision_vm;generate_report;quarantine_system,0.50901544;0.50826889;0.40273187;0.38973239;0.36795521
Standard,85,Can you persist the database update for #53698?,update_database,db_write,db_write,True,1,0.5446479916572571,0.5446479916572571,db_write;db_read;provision_vm;generate_report;process_refund,0.54464799;0.45467600;0.44305769;0.40288460;0.36314189
Standard,86,Can you commit the new record for Frank to the database?,update_database,db_write,db_write,True,1,0.5851804614067078,0.5851804614067078,db_write;db_read;generate_report;provision_vm;create_ticket,0.58518046;0.47493604;0.47032732;0.46910334;0.41878441
Standard,87,Can you update the stored Finance settings in the database?,update_database,db_write,db_write,True,1,0.4892108738422394,0.4892108738422394,db_write;db_read;provision_vm;update_subscription;generate_report,0.48921087;0.42427519;0.39365718;0.37856570;0.33034453
Standard,88,Can you store the revised data tied to #53698?,update_database,db_write,db_write,True,1,0.5455777645111084,0.5455777645111084,db_write;db_read;generate_report;provision_vm;update_subscription,0.54557776;0.50978661;0.41426075;0.40444633;0.35205436
Standard,89,Can you push Frank's data update into the database?,update_database,db_write,db_write,True,1,0.5419614315032959,0.5419614315032959,db_write;db_read;provision_vm;generate_report;send_notification,0.54196143;0.50153708;0.44676971;0.41840950;0.39483124
Standard,90,Can you apply the database update for Bob?,update_database,db_write,db_write,True,1,0.4512938857078552,0.4512938857078552,db_write;db_read;provision_vm;generate_report;quarantine_system,0.45129389;0.41358906;0.37697616;0.34340128;0.32757708
Standard,91,Could you store the Finance configuration in the database for me?,update_database,db_write,db_write,True,1,0.49575239419937134,0.49575239419937134,db_write;db_read;provision_vm;generate_report;update_subscription,0.49575239;0.46956474;0.33502913;0.32782778;0.30233395
Standard,92,Could you write the updated data for #42017 back to the database for me?,update_database,db_write,db_write,True,1,0.5683609247207642,0.5683609247207642,db_write;db_read;generate_report;provision_vm;send_notification,0.56836092;0.53856719;0.41789922;0.41704482;0.38541499
Standard,93,Could you persist the changes for Diana for me?,update_database,db_write,provision_vm,False,3,0.43519821763038635,0.40147626399993896,provision_vm;generate_report;db_write;send_notification;update_subscription,0.43519822;0.40999570;0.40147626;0.37364200;0.37298658
Standard,94,Could you commit the new record for Charlie to the database for me?,update_database,db_write,db_write,True,1,0.5714887380599976,0.5714887380599976,db_write;db_read;generate_report;provision_vm;send_notification,0.57148874;0.49038485;0.46937400;0.44773090;0.41168597
Standard,95,Could you update the database entry for Frank for me?,update_database,db_write,db_write,True,1,0.5774813890457153,0.5774813890457153,db_write;provision_vm;generate_report;db_read;send_notification,0.57748139;0.53632104;0.51781356;0.49144766;0.48344892
Standard,96,Could you store the revised data tied to #60122 for me?,update_database,db_write,db_write,True,1,0.5284582376480103,0.5284582376480103,db_write;db_read;generate_report;provision_vm;send_notification,0.52845824;0.50908542;0.43044597;0.41230351;0.38690796
Standard,97,Could you push Eve's data update into the database for me?,update_database,db_write,db_write,True,1,0.5350960493087769,0.5350960493087769,db_write;db_read;generate_report;provision_vm;send_notification,0.53509605;0.46693730;0.35861787;0.35074085;0.32642871
Standard,98,Could you apply the database update for Bob for me?,update_database,db_write,db_write,True,1,0.4636244773864746,0.4636244773864746,db_write;db_read;provision_vm;generate_report;send_notification,0.46362448;0.41123685;0.39023647;0.38502041;0.36480257
Standard,99,I need you to save the latest data for Frank to the database.,update_database,db_write,db_write,True,1,0.5685800313949585,0.5685800313949585,db_write;db_read;generate_report;provision_vm;send_notification,0.56858003;0.56270003;0.46584615;0.45347109;0.43172851
Standard,100,I need you to write Charlie's updated information back to the database.,update_database,db_write,db_write,True,1,0.5386447906494141,0.5386447906494141,db_write;db_read;provision_vm;generate_report;quarantine_system,0.53864479;0.53606641;0.43187517;0.43014166;0.40411592
Standard,101,I need you to persist the changes for Grace.,update_database,db_write,update_subscription,False,9,0.44385090470314026,0.3017801344394684,update_subscription;provision_vm;reset_password;process_refund;generate_report,0.44385090;0.40841728;0.36295936;0.34073868;0.34034500
Standard,102,I need you to commit the Engineering configuration update.,update_database,db_write,provision_vm,False,6,0.5875178575515747,0.4885838031768799,provision_vm;create_ticket;quarantine_system;generate_report;process_refund,0.58751786;0.52911538;0.51378238;0.51154357;0.48929656
Standard,103,I need you to update the database entry for Grace.,update_database,db_write,db_write,True,1,0.4863187372684479,0.4863187372684479,db_write;provision_vm;db_read;generate_report;quarantine_system,0.48631874;0.41332340;0.41146794;0.37262812;0.35241947
Standard,104,I need you to store the revised details for Alice.,update_database,db_write,escalate_to_human,False,2,0.45301908254623413,0.42412620782852173,escalate_to_human;db_write;generate_report;provision_vm;update_subscription,0.45301908;0.42412621;0.41439620;0.40019861;0.38406673
Standard,105,I need you to push Grace's data update into the database.,update_database,db_write,db_write,True,1,0.524158775806427,0.524158775806427,db_write;db_read;provision_vm;generate_report;send_notification,0.52415878;0.48800272;0.40834945;0.38867930;0.36466002
Standard,106,I need you to apply the database write for #31450.,update_database,db_write,db_write,True,1,0.536860466003418,0.536860466003418,db_write;db_read;generate_report;provision_vm;send_notification,0.53686047;0.48498249;0.41855505;0.39882100;0.38174224
Standard,107,We should save the latest data for Diana to the database.,update_database,db_write,db_read,False,2,0.504303514957428,0.47763049602508545,db_read;db_write;generate_report;provision_vm;quarantine_system,0.50430351;0.47763050;0.34955263;0.31195930;0.30082205
Standard,108,We should write Charlie's updated information back to the database.,update_database,db_write,db_write,True,1,0.46749913692474365,0.46749913692474365,db_write;db_read;generate_report;provision_vm;quarantine_system,0.46749914;0.44603461;0.38713190;0.38278472;0.37068778
Standard,109,We should persist the database update for #10234.,update_database,db_write,db_write,True,1,0.5477936863899231,0.5477936863899231,db_write;db_read;provision_vm;generate_report;process_refund,0.54779369;0.46405572;0.41879186;0.41491640;0.39152372
Standard,110,We should commit the new record for Bob to the database.,update_database,db_write,db_write,True,1,0.48397934436798096,0.48397934436798096,db_write;db_read;generate_report;provision_vm;send_notification,0.48397934;0.40283164;0.38310724;0.36604944;0.34093234
Standard,111,We should update the database entry for Eve.,update_database,db_write,db_write,True,1,0.5159800052642822,0.5159800052642822,db_write;db_read;generate_report;provision_vm;quarantine_system,0.51598001;0.39553910;0.36216590;0.35946023;0.32941684
Standard,112,We should store the revised details for Frank.,update_database,db_write,update_subscription,False,4,0.45876315236091614,0.42179596424102783,update_subscription;provision_vm;generate_report;db_write;send_notification,0.45876315;0.44338021;0.44038802;0.42179596;0.41868898
Standard,113,We should push Charlie's data update into the database.,update_database,db_write,db_write,True,1,0.47357505559921265,0.47357505559921265,db_write;db_read;generate_report;provision_vm;quarantine_system,0.47357506;0.44178006;0.39586207;0.39293629;0.38301989
Standard,114,We should apply the database update for Finance.,update_database,db_write,db_write,True,1,0.5503870844841003,0.5503870844841003,db_write;db_read;generate_report;provision_vm;process_refund,0.55038708;0.45770341;0.37912813;0.36223188;0.31245846
Standard,115,Let's save the latest data for Frank to the database.,update_database,db_write,db_write,True,1,0.5279014706611633,0.5279014706611633,db_write;db_read;generate_report;provision_vm;send_notification,0.52790147;0.51125950;0.43797076;0.42809787;0.40480691
Standard,116,Let's write the updated data for #42017 back to the database.,update_database,db_write,db_write,True,1,0.5500453114509583,0.5500453114509583,db_write;db_read;provision_vm;generate_report;send_notification,0.55004531;0.50018167;0.41302010;0.41014475;0.38370886
Standard,117,Let's persist the database update for #42017.,update_database,db_write,db_write,True,1,0.5396012663841248,0.5396012663841248,db_write;provision_vm;db_read;generate_report;process_refund,0.53960127;0.44424880;0.43846703;0.42496336;0.41160038
Standard,118,Let's commit the Legal configuration update.,update_database,db_write,create_ticket,False,9,0.549839198589325,0.38071712851524353,create_ticket;provision_vm;generate_report;update_subscription;escalate_to_human,0.54983920;0.54078519;0.48377281;0.48224565;0.46735689
Standard,119,Let's update the database entry for Bob.,update_database,db_write,db_write,True,1,0.45027485489845276,0.45027485489845276,db_write;db_read;provision_vm;generate_report;quarantine_system,0.45027485;0.42067116;0.40196145;0.38320407;0.36997613
Standard,120,Let's store the revised details for Charlie.,update_database,db_write,provision_vm,False,6,0.3983292579650879,0.3595166802406311,provision_vm;generate_report;update_subscription;escalate_to_human;send_notification,0.39832926;0.39353752;0.38273174;0.37016857;0.36661544
Standard,121,Let's push Bob's data update into the database.,update_database,db_write,db_write,True,1,0.4709237813949585,0.4709237813949585,db_write;db_read;provision_vm;generate_report;send_notification,0.47092378;0.46307614;0.37612262;0.36045063;0.34546775
Standard,122,Let's apply the database update for Bob.,update_database,db_write,db_write,True,1,0.41669097542762756,0.41669097542762756,db_write;db_read;provision_vm;generate_report;quarantine_system,0.41669098;0.37244338;0.36223090;0.34807503;0.33344015
Standard,123,Kindly save the latest data for Frank to the database.,update_database,db_write,db_read,False,2,0.5248302817344666,0.5223791599273682,db_read;db_write;generate_report;provision_vm;send_notification,0.52483028;0.52237916;0.42067388;0.40835091;0.39688271
Standard,124,Kindly write Eve's updated information back to the database.,update_database,db_write,db_write,True,1,0.5183464884757996,0.5183464884757996,db_write;db_read;generate_report;provision_vm;send_notification,0.51834649;0.46540219;0.32755765;0.31541681;0.28324658
Standard,125,Kindly persist the changes for Eve.,update_database,db_write,provision_vm,False,2,0.3995893895626068,0.3641313910484314,provision_vm;db_write;update_subscription;generate_report;process_refund,0.39958939;0.36413139;0.36318552;0.34502032;0.33366367
Standard,126,Kindly commit the new record for Charlie to the database.,update_database,db_write,db_write,True,1,0.5264919996261597,0.5264919996261597,db_write;db_read;generate_report;provision_vm;quarantine_system,0.52649200;0.43060324;0.41775793;0.40580615;0.37095410
Standard,127,Kindly update the database entry for Frank.,update_database,db_write,db_write,True,1,0.5518602132797241,0.5518602132797241,db_write;provision_vm;db_read;generate_report;send_notification,0.55186021;0.49127355;0.47859737;0.46063492;0.42927000
Standard,128,Kindly store the revised details for Eve.,update_database,db_write,db_write,True,1,0.4403493404388428,0.4403493404388428,db_write;generate_report;escalate_to_human;db_read;provision_vm,0.44034934;0.35089630;0.33913678;0.32685265;0.32635608
Standard,129,Kindly push Diana's data update into the database.,update_database,db_write,db_write,True,1,0.49439525604248047,0.49439525604248047,db_write;db_read;generate_report;provision_vm;send_notification,0.49439526;0.48699683;0.37263468;0.35672218;0.33360296
Standard,130,Kindly apply the database update for HR.,update_database,db_write,db_write,True,1,0.429678350687027,0.429678350687027,db_write;db_read;generate_report;provision_vm;process_refund,0.42967835;0.40869904;0.32471669;0.31443009;0.30299887
Standard,131,"When you have a moment, save the latest data for Diana to the database.",update_database,db_write,db_read,False,2,0.5009305477142334,0.45498520135879517,db_read;db_write;generate_report;provision_vm;quarantine_system,0.50093055;0.45498520;0.33536229;0.30749568;0.30431059
Standard,132,"When you have a moment, write the updated data for #31450 back to the database.",update_database,db_write,db_write,True,1,0.5093380808830261,0.5093380808830261,db_write;db_read;provision_vm;generate_report;send_notification,0.50933808;0.48785454;0.35099986;0.35013178;0.31110480
Standard,133,"When you have a moment, persist the changes for Bob.",update_database,db_write,update_subscription,False,14,0.35946735739707947,0.1711437851190567,update_subscription;provision_vm;quarantine_system;process_refund;escalate_to_human,0.35946736;0.35454199;0.34277448;0.33661741;0.31500196
Standard,134,reset Bob's password.,reset_password,reset_password,reset_password,True,1,0.5005224943161011,0.5005224943161011,reset_password;scan_malware;update_subscription;provision_vm;process_refund,0.50052249;0.21785854;0.18453659;0.18436955;0.18389487
Standard,135,issue a new password for Eve.,reset_password,reset_password,reset_password,True,1,0.4508918821811676,0.4508918821811676,reset_password;scan_malware;update_subscription;provision_vm;generate_report,0.45089188;0.23731963;0.22449835;0.21355867;0.18013816
Standard,136,force a password reset for Alice.,reset_password,reset_password,reset_password,True,1,0.4496375322341919,0.4496375322341919,reset_password;escalate_to_human;update_subscription;provision_vm;create_ticket,0.44963753;0.21957593;0.20094344;0.17776550;0.14575456
Standard,137,rotate Grace's login credentials.,reset_password,reset_password,reset_password,True,1,0.3805147111415863,0.3805147111415863,reset_password;update_subscription;scan_malware;provision_vm;process_refund,0.38051471;0.19323048;0.10642786;0.05828708;0.04230922
Standard,138,replace Alice's current password.,reset_password,reset_password,reset_password,True,1,0.4847639203071594,0.4847639203071594,reset_password;update_subscription;escalate_to_human;provision_vm;generate_report,0.48476392;0.27697480;0.25998572;0.22630224;0.18178277
Standard,139,set a fresh password for Grace.,reset_password,reset_password,reset_password,True,1,0.4302619397640228,0.4302619397640228,reset_password;scan_malware;update_subscription;provision_vm;quarantine_system,0.43026194;0.20444150;0.19773443;0.14133762;0.10952460
Standard,140,trigger a credential reset for Alice.,reset_password,reset_password,reset_password,True,1,0.3605644702911377,0.3605644702911377,reset_password;escalate_to_human;update_subscription;provision_vm;process_refund,0.36056447;0.25697902;0.24239969;0.22255716;0.18821326
Standard,141,invalidate the old password and create a new one for Bob.,reset_password,reset_password,reset_password,True,1,0.5039034485816956,0.5039034485816956,reset_password;provision_vm;update_subscription;scan_malware;process_refund,0.50390345;0.24014387;0.23575205;0.23430935;0.20788410
Standard,142,Please reset Frank's password.,reset_password,reset_password,reset_password,True,1,0.5998833179473877,0.5998833179473877,reset_password;provision_vm;scan_malware;update_subscription;quarantine_system,0.59988332;0.37969902;0.37520319;0.36480886;0.32777423
Standard,143,Please issue a new password for Bob.,reset_password,reset_password,reset_password,True,1,0.5100574493408203,0.5100574493408203,reset_password;scan_malware;provision_vm;update_subscription;create_ticket,0.51005745;0.27048641;0.26825070;0.25658855;0.24731085
Standard,144,Please force a password reset for Grace.,reset_password,reset_password,reset_password,True,1,0.5096384286880493,0.5096384286880493,reset_password;update_subscription;scan_malware;provision_vm;process_refund,0.50963843;0.24988057;0.23607560;0.20605697;0.18359140
Standard,145,Please rotate Frank's login credentials.,reset_password,reset_password,reset_password,True,1,0.4796075224876404,0.4796075224876404,reset_password;update_subscription;provision_vm;scan_malware;quarantine_system,0.47960752;0.33374709;0.29936829;0.29049134;0.26690832
Standard,146,Please replace Diana's current password.,reset_password,reset_password,reset_password,True,1,0.5525141358375549,0.5525141358375549,reset_password;scan_malware;provision_vm;generate_report;update_subscription,0.55251414;0.30684164;0.30167174;0.28900963;0.28462344
Standard,147,Please set a fresh password for Eve.,reset_password,reset_password,reset_password,True,1,0.46887537837028503,0.46887537837028503,reset_password;scan_malware;update_subscription;provision_vm;quarantine_system,0.46887538;0.28257033;0.22320576;0.22265545;0.20081311
Standard,148,Please trigger a credential reset for Alice.,reset_password,reset_password,reset_password,True,1,0.40099895000457764,0.40099895000457764,reset_password;escalate_to_human;provision_vm;update_subscription;process_refund,0.40099895;0.34223422;0.30560192;0.29259554;0.25887513
Standard,149,Please invalidate the old password and create a new one for Diana.,reset_password,reset_password,reset_password,True,1,0.5284645557403564,0.5284645557403564,reset_password;provision_vm;scan_malware;generate_report;process_refund,0.52846456;0.32281914;0.30736253;0.29048312;0.28458190
Standard,150,Can you reset Diana's password?,reset_password,reset_password,reset_password,True,1,0.5588469505310059,0.5588469505310059,reset_password;scan_malware;provision_vm;process_refund;generate_report,0.55884695;0.30722836;0.29068920;0.26157475;0.25725308
Standard,151,Can you issue a new password for Eve?,reset_password,reset_password,reset_password,True,1,0.5096150040626526,0.5096150040626526,reset_password;provision_vm;scan_malware;update_subscription;generate_report,0.50961500;0.29653168;0.28704518;0.28585649;0.26068434
Standard,152,Can you force a password reset for Diana?,reset_password,reset_password,reset_password,True,1,0.5398564338684082,0.5398564338684082,reset_password;provision_vm;scan_malware;process_refund;update_subscription,0.53985643;0.26081714;0.25782949;0.23119193;0.22644128
Standard,153,Can you rotate Eve's login credentials?,reset_password,reset_password,reset_password,True,1,0.4519919455051422,0.4519919455051422,reset_password;update_subscription;scan_malware;provision_vm;process_refund,0.45199195;0.20973867;0.17469782;0.13349713;0.13047116
Standard,154,Can you replace Charlie's current password?,reset_password,reset_password,reset_password,True,1,0.5762024521827698,0.5762024521827698,reset_password;scan_malware;provision_vm;update_subscription;quarantine_system,0.57620245;0.32407877;0.30379361;0.30144939;0.26994047
Standard,155,Can you set a fresh password for Eve?,reset_password,reset_password,reset_password,True,1,0.4967867434024811,0.4967867434024811,reset_password;scan_malware;update_subscription;provision_vm;process_refund,0.49678674;0.27861324;0.23200180;0.22111569;0.19069947
Standard,156,Can you trigger a credential reset for Grace?,reset_password,reset_password,reset_password,True,1,0.41837310791015625,0.41837310791015625,reset_password;restart_service;update_subscription;process_refund;provision_vm,0.41837311;0.23435473;0.22390004;0.18899965;0.18297240
Standard,157,Can you invalidate the old password and create a new one for Alice?,reset_password,reset_password,reset_password,True,1,0.5174247026443481,0.5174247026443481,reset_password;provision_vm;escalate_to_human;update_subscription;generate_report,0.51742470;0.30938032;0.29417560;0.29054412;0.25897345
Standard,158,Could you reset Frank's password for me?,reset_password,reset_password,reset_password,True,1,0.6047680377960205,0.6047680377960205,reset_password;provision_vm;scan_malware;update_subscription;generate_report,0.60476804;0.39509198;0.38620090;0.36726832;0.35322455
Standard,159,Could you issue a new password for Frank for me?,reset_password,reset_password,reset_password,True,1,0.5673906803131104,0.5673906803131104,reset_password;provision_vm;create_ticket;update_subscription;generate_report,0.56739068;0.41298205;0.40105411;0.38295728;0.37901926
Standard,160,Could you force a password reset for Alice for me?,reset_password,reset_password,reset_password,True,1,0.5157449841499329,0.5157449841499329,reset_password;escalate_to_human;provision_vm;update_subscription;create_ticket,0.51574498;0.28957179;0.28349686;0.27812672;0.24914502
Standard,161,Could you rotate Grace's login credentials for me?,reset_password,reset_password,reset_password,True,1,0.4798740744590759,0.4798740744590759,reset_password;update_subscription;scan_malware;provision_vm;quarantine_system,0.47987407;0.29157358;0.23303664;0.20484997;0.16443217
Standard,162,Could you replace Charlie's current password for me?,reset_password,reset_password,reset_password,True,1,0.5864008069038391,0.5864008069038391,reset_password;scan_malware;provision_vm;update_subscription;generate_report,0.58640081;0.36126596;0.33438849;0.32358918;0.31197736
Standard,163,Could you set a fresh password for Grace for me?,reset_password,reset_password,reset_password,True,1,0.535971462726593,0.535971462726593,reset_password;update_subscription;scan_malware;provision_vm;generate_report,0.53597146;0.29694641;0.28260657;0.25019762;0.20855501
Standard,164,Could you trigger a credential reset for Frank for me?,reset_password,reset_password,reset_password,True,1,0.4885979890823364,0.4885979890823364,reset_password;provision_vm;create_ticket;update_subscription;process_refund,0.48859799;0.41623619;0.37572858;0.37418896;0.34833142
Standard,165,Could you invalidate the old password and create a new one for Charlie for me?,reset_password,reset_password,reset_password,True,1,0.584598183631897,0.584598183631897,reset_password;scan_malware;provision_vm;generate_report;update_subscription,0.58459818;0.39539990;0.38262153;0.33528930;0.33310634
Standard,166,I need you to reset Alice's password.,reset_password,reset_password,reset_password,True,1,0.5650131106376648,0.5650131106376648,reset_password;provision_vm;update_subscription;escalate_to_human;generate_report,0.56501311;0.34416386;0.32507882;0.32439804;0.31246120
Standard,167,I need you to issue a new password for Charlie.,reset_password,reset_password,reset_password,True,1,0.5693750977516174,0.5693750977516174,reset_password;provision_vm;scan_malware;update_subscription;generate_report,0.56937510;0.38889086;0.38698515;0.35466158;0.35131082
Standard,168,I need you to force a password reset for Diana.,reset_password,reset_password,reset_password,True,1,0.5712218284606934,0.5712218284606934,reset_password;provision_vm;scan_malware;process_refund;generate_report,0.57122183;0.35429922;0.32730216;0.31852594;0.31682527
Standard,169,I need you to rotate Bob's login credentials.,reset_password,reset_password,reset_password,True,1,0.4758043885231018,0.4758043885231018,reset_password;update_subscription;scan_malware;provision_vm;quarantine_system,0.47580439;0.30222520;0.26024547;0.25270396;0.23968437
Standard,170,I need you to replace Diana's current password.,reset_password,reset_password,reset_password,True,1,0.5923503041267395,0.5923503041267395,reset_password;provision_vm;generate_report;scan_malware;update_subscription,0.59235030;0.35806063;0.34705439;0.34215358;0.33163682
Standard,171,I need you to set a fresh password for Alice.,reset_password,reset_password,reset_password,True,1,0.5184074640274048,0.5184074640274048,reset_password;update_subscription;provision_vm;escalate_to_human;generate_report,0.51840746;0.31170499;0.30954918;0.30649924;0.27211082
Standard,172,I need you to trigger a credential reset for Frank.,reset_password,reset_password,reset_password,True,1,0.4969888925552368,0.4969888925552368,reset_password;provision_vm;update_subscription;process_refund;quarantine_system,0.49698889;0.46176738;0.41434035;0.40671819;0.39936352
Standard,173,I need you to invalidate the old password and create a new one for Frank.,reset_password,reset_password,reset_password,True,1,0.5803016424179077,0.5803016424179077,reset_password;provision_vm;update_subscription;generate_report;scan_malware,0.58030164;0.44204268;0.39592019;0.38926294;0.38763347
Standard,174,We should reset Charlie's password.,reset_password,reset_password,reset_password,True,1,0.48456698656082153,0.48456698656082153,reset_password;scan_malware;quarantine_system;provision_vm;update_subscription,0.48456699;0.32168326;0.26104331;0.25359541;0.23171173
Standard,175,We should issue a new password for Eve.,reset_password,reset_password,reset_password,True,1,0.4305967390537262,0.4305967390537262,reset_password;scan_malware;provision_vm;update_subscription;generate_report,0.43059674;0.25229308;0.23234597;0.22995462;0.21898428
Standard,176,We should force a password reset for Grace.,reset_password,reset_password,reset_password,True,1,0.4703770577907562,0.4703770577907562,reset_password;update_subscription;scan_malware;provision_vm;process_refund,0.47037706;0.23302935;0.21386030;0.18184759;0.16784510
Standard,177,We should rotate Bob's login credentials.,reset_password,reset_password,reset_password,True,1,0.4036146402359009,0.4036146402359009,reset_password;update_subscription;scan_malware;quarantine_system;process_refund,0.40361464;0.20170395;0.19989419;0.16205116;0.15550634
Standard,178,We should replace Eve's current password.,reset_password,reset_password,reset_password,True,1,0.465856671333313,0.465856671333313,reset_password;scan_malware;update_subscription;provision_vm;generate_report,0.46585667;0.26039803;0.24856083;0.21833165;0.21078822
Standard,179,We should set a fresh password for Alice.,reset_password,reset_password,reset_password,True,1,0.44262969493865967,0.44262969493865967,reset_password;escalate_to_human;update_subscription;provision_vm;generate_report,0.44262969;0.25812700;0.24845810;0.22138366;0.18836461
Standard,180,We should trigger a credential reset for Grace.,reset_password,reset_password,reset_password,True,1,0.3806731700897217,0.3806731700897217,reset_password;update_subscription;restart_service;provision_vm;process_refund,0.38067317;0.26134720;0.24222633;0.22352868;0.22215374
Standard,181,We should invalidate the old password and create a new one for Frank.,reset_password,reset_password,reset_password,True,1,0.5210058689117432,0.5210058689117432,reset_password;provision_vm;update_subscription;scan_malware;generate_report,0.52100587;0.36163551;0.34372947;0.32105392;0.31311518
Standard,182,Let's reset Grace's password.,reset_password,reset_password,reset_password,True,1,0.5208646059036255,0.5208646059036255,reset_password;update_subscription;scan_malware;provision_vm;process_refund,0.52086461;0.28301010;0.23136951;0.21746981;0.18881045
Standard,183,Let's issue a new password for Frank.,reset_password,reset_password,reset_password,True,1,0.5048256516456604,0.5048256516456604,reset_password;provision_vm;update_subscription;create_ticket;escalate_to_human,0.50482565;0.35944766;0.35601905;0.35590401;0.33403516
Standard,184,Let's force a password reset for Eve.,reset_password,reset_password,reset_password,True,1,0.46413013339042664,0.46413013339042664,reset_password;scan_malware;provision_vm;update_subscription;process_refund,0.46413013;0.24981870;0.23547271;0.22385401;0.22278838
Standard,185,Let's rotate Bob's login credentials.,reset_password,reset_password,reset_password,True,1,0.42380183935165405,0.42380183935165405,reset_password;update_subscription;scan_malware;provision_vm;quarantine_system,0.42380184;0.23512073;0.19973095;0.17976326;0.17459992
Standard,186,Let's replace Bob's current password.,reset_password,reset_password,reset_password,True,1,0.5137379765510559,0.5137379765510559,reset_password;update_subscription;scan_malware;provision_vm;process_refund,0.51373798;0.27421746;0.24733895;0.24700056;0.22765034
Standard,187,Let's set a fresh password for Charlie.,reset_password,reset_password,reset_password,True,1,0.4796223044395447,0.4796223044395447,reset_password;scan_malware;update_subscription;provision_vm;quarantine_system,0.47962230;0.28899348;0.26868346;0.25936663;0.25189245
Standard,188,Let's trigger a credential reset for Grace.,reset_password,reset_password,reset_password,True,1,0.4007781147956848,0.4007781147956848,reset_password;update_subscription;restart_service;provision_vm;process_refund,0.40077811;0.29377997;0.28298363;0.26677439;0.25197089
Standard,189,Let's invalidate the old password and create a new one for Bob.,reset_password,reset_password,reset_password,True,1,0.5187700390815735,0.5187700390815735,reset_password;provision_vm;update_subscription;scan_malware;process_refund,0.51877004;0.29431170;0.27967343;0.27074543;0.26125842
Standard,190,Kindly reset Eve's password.,reset_password,reset_password,reset_password,True,1,0.5128456950187683,0.5128456950187683,reset_password;scan_malware;provision_vm;process_refund;update_subscription,0.51284570;0.30766773;0.25153500;0.23753648;0.22470066
Standard,191,Kindly issue a new password for Grace.,reset_password,reset_password,reset_password,True,1,0.49535131454467773,0.49535131454467773,reset_password;scan_malware;update_subscription;provision_vm;create_ticket,0.49535131;0.24393596;0.23775715;0.21717528;0.19738957
Standard,192,Kindly force a password reset for Eve.,reset_password,reset_password,reset_password,True,1,0.49092715978622437,0.49092715978622437,reset_password;scan_malware;provision_vm;process_refund;update_subscription,0.49092716;0.27981582;0.24237658;0.22974250;0.21842451
Standard,193,Kindly rotate Alice's login credentials.,reset_password,reset_password,reset_password,True,1,0.4234839081764221,0.4234839081764221,reset_password;update_subscription;escalate_to_human;provision_vm;scan_malware,0.42348391;0.25072196;0.22106811;0.19378595;0.16958390
Standard,194,Kindly replace Eve's current password.,reset_password,reset_password,reset_password,True,1,0.5172619819641113,0.5172619819641113,reset_password;scan_malware;update_subscription;provision_vm;generate_report,0.51726198;0.30353823;0.26631862;0.26463303;0.23135634
Standard,195,Kindly set a fresh password for Charlie.,reset_password,reset_password,reset_password,True,1,0.5202927589416504,0.5202927589416504,reset_password;scan_malware;provision_vm;quarantine_system;update_subscription,0.52029276;0.35481739;0.28054252;0.27020806;0.25288215
Standard,196,Kindly trigger a credential reset for Diana.,reset_password,reset_password,reset_password,True,1,0.3905113935470581,0.3905113935470581,reset_password;restart_service;provision_vm;process_refund;escalate_to_human,0.39051139;0.30404571;0.29261956;0.28931475;0.23909220
Standard,197,Kindly invalidate the old password and create a new one for Alice.,reset_password,reset_password,reset_password,True,1,0.5049045085906982,0.5049045085906982,reset_password;escalate_to_human;provision_vm;update_subscription;generate_report,0.50490451;0.29266542;0.28987363;0.25960058;0.23922856
Standard,198,"When you have a moment, reset Alice's password.",reset_password,reset_password,reset_password,True,1,0.48655274510383606,0.48655274510383606,reset_password;escalate_to_human;update_subscription;provision_vm;process_refund,0.48655275;0.27809128;0.26709914;0.26282728;0.24327689
Standard,199,"When you have a moment, issue a new password for Charlie.",reset_password,reset_password,reset_password,True,1,0.4857085347175598,0.4857085347175598,reset_password;scan_malware;provision_vm;quarantine_system;update_subscription,0.48570853;0.33585551;0.30013078;0.29078996;0.28869715
Standard,200,"When you have a moment, force a password reset for Grace.",reset_password,reset_password,reset_password,True,1,0.46468231081962585,0.46468231081962585,reset_password;scan_malware;update_subscription;provision_vm;process_refund,0.46468231;0.23037353;0.22327480;0.20490174;0.20447469
Standard,201,open an incident ticket for payment-api-03.,create_ticket,create_ticket,create_ticket,True,1,0.4677775204181671,0.4677775204181671,create_ticket;provision_vm;generate_report;escalate_to_human;log_audit_event,0.46777752;0.33105373;0.32285565;0.32195032;0.31428611
Standard,202,file a case for Bob.,create_ticket,create_ticket,escalate_to_human,False,2,0.3820236325263977,0.3060012757778168,escalate_to_human;create_ticket;provision_vm;send_notification;generate_report,0.38202363;0.30600128;0.22659603;0.21696790;0.19929467
Standard,203,create a support case for prod-web-01.,create_ticket,create_ticket,create_ticket,True,1,0.4893667697906494,0.4893667697906494,create_ticket;provision_vm;generate_report;escalate_to_human;quarantine_system,0.48936677;0.42267790;0.40743890;0.40578121;0.37645596
Standard,204,log a helpdesk issue for Bob.,create_ticket,create_ticket,create_ticket,True,1,0.4561072587966919,0.4561072587966919,create_ticket;log_audit_event;escalate_to_human;generate_report;process_refund,0.45610726;0.33916590;0.31258875;0.30977201;0.30452415
Standard,205,raise a service request for HR.,create_ticket,create_ticket,restart_service,False,2,0.27343428134918213,0.26066040992736816,restart_service;create_ticket;process_refund;check_status;quarantine_system,0.27343428;0.26066041;0.24367164;0.21750689;0.20322675
Standard,206,submit a ticket for Alice.,create_ticket,create_ticket,create_ticket,True,1,0.38491615653038025,0.38491615653038025,create_ticket;escalate_to_human;generate_report;provision_vm;send_notification,0.38491616;0.35210547;0.19943595;0.19819134;0.17765675
Standard,207,open a service desk case for Alice.,create_ticket,create_ticket,escalate_to_human,False,4,0.4219417870044708,0.2504996657371521,escalate_to_human;provision_vm;send_notification;create_ticket;quarantine_system,0.42194179;0.26257360;0.25645533;0.25049967;0.22908793
Standard,208,create a tracking issue for Frank.,create_ticket,create_ticket,create_ticket,True,1,0.5031436085700989,0.5031436085700989,create_ticket;escalate_to_human;provision_vm;send_notification;generate_report,0.50314361;0.46852410;0.46749806;0.43970627;0.43787920
Standard,209,Please open an incident ticket for auth-svc-04.,create_ticket,create_ticket,create_ticket,True,1,0.45172107219696045,0.45172107219696045,create_ticket;generate_report;escalate_to_human;provision_vm;log_audit_event,0.45172107;0.31872728;0.31716001;0.31704196;0.31372809
Standard,210,Please file a case for Alice.,create_ticket,create_ticket,escalate_to_human,False,2,0.48816514015197754,0.35932499170303345,escalate_to_human;create_ticket;provision_vm;generate_report;send_notification,0.48816514;0.35932499;0.30050433;0.29222268;0.28175724
Standard,211,Please create a support case for ml-infer-05.,create_ticket,create_ticket,generate_report,False,3,0.3911808431148529,0.3585655689239502,generate_report;send_notification;create_ticket;provision_vm;escalate_to_human,0.39118084;0.38404942;0.35856557;0.35545978;0.33942527
Standard,212,Please log an issue against staging-db-02.,create_ticket,create_ticket,db_write,False,2,0.3416549861431122,0.30775561928749084,db_write;create_ticket;log_audit_event;generate_report;db_read,0.34165499;0.30775562;0.29201138;0.27912852;0.26396066
Standard,213,Please raise a service request for Finance.,create_ticket,create_ticket,create_ticket,True,1,0.37732774019241333,0.37732774019241333,create_ticket;process_refund;provision_vm;generate_report;restart_service,0.37732774;0.29598153;0.29216442;0.28652003;0.28202403
Standard,214,Please submit a ticket for Frank.,create_ticket,create_ticket,create_ticket,True,1,0.5008288621902466,0.5008288621902466,create_ticket;generate_report;provision_vm;escalate_to_human;send_notification,0.50082886;0.35916829;0.35289687;0.34681275;0.31232357
Standard,215,Please open a service desk case for Diana.,create_ticket,create_ticket,escalate_to_human,False,7,0.3444058299064636,0.2612416446208954,escalate_to_human;provision_vm;quarantine_system;generate_report;process_refund,0.34440583;0.29067421;0.27805310;0.27524176;0.27443537
Standard,216,Please create a support issue for HR.,create_ticket,create_ticket,create_ticket,True,1,0.5308546423912048,0.5308546423912048,create_ticket;generate_report;provision_vm;escalate_to_human;process_refund,0.53085464;0.40355685;0.39692390;0.39496583;0.37958661
Standard,217,Can you open an incident ticket for staging-db-02?,create_ticket,create_ticket,create_ticket,True,1,0.3675558567047119,0.3675558567047119,create_ticket;db_write;generate_report;provision_vm;escalate_to_human,0.36755586;0.29429531;0.26700580;0.24949707;0.24683417
Standard,218,Can you file a case for Charlie?,create_ticket,create_ticket,escalate_to_human,False,2,0.40644094347953796,0.3572677671909332,escalate_to_human;create_ticket;provision_vm;generate_report;send_notification,0.40644094;0.35726777;0.29137528;0.28068137;0.25628376
Standard,219,Can you create an incident ticket for Eve?,create_ticket,create_ticket,create_ticket,True,1,0.4360238313674927,0.4360238313674927,create_ticket;escalate_to_human;generate_report;provision_vm;log_audit_event,0.43602383;0.37423712;0.34968293;0.33439264;0.29618171
Standard,220,Can you log a helpdesk issue for Grace?,create_ticket,create_ticket,create_ticket,True,1,0.48673000931739807,0.48673000931739807,create_ticket;log_audit_event;generate_report;provision_vm;process_refund,0.48673001;0.40505716;0.37496784;0.35247281;0.33226922
Standard,221,Can you raise an incident for auth-svc-04?,create_ticket,create_ticket,create_ticket,True,1,0.41772493720054626,0.41772493720054626,create_ticket;escalate_to_human;provision_vm;generate_report;quarantine_system,0.41772494;0.37642941;0.34917167;0.32649937;0.30418727
Standard,222,Can you submit a ticket for Bob?,create_ticket,create_ticket,create_ticket,True,1,0.4499311149120331,0.4499311149120331,create_ticket;escalate_to_human;generate_report;provision_vm;send_notification,0.44993111;0.28880739;0.26977155;0.26525754;0.22711670
Standard,223,Can you open a tracking case for HR?,create_ticket,create_ticket,escalate_to_human,False,2,0.3803148865699768,0.3371102511882782,escalate_to_human;create_ticket;provision_vm;generate_report;send_notification,0.38031489;0.33711025;0.30657005;0.30286330;0.26089042
Standard,224,Can you create a support issue for Finance?,create_ticket,create_ticket,create_ticket,True,1,0.5342260599136353,0.5342260599136353,create_ticket;provision_vm;generate_report;escalate_to_human;send_notification,0.53422606;0.34550369;0.34469798;0.31086993;0.29445654
Standard,225,Could you open an incident ticket for cdn-edge-06 for me?,create_ticket,create_ticket,create_ticket,True,1,0.4397564232349396,0.4397564232349396,create_ticket;generate_report;provision_vm;escalate_to_human;log_audit_event,0.43975642;0.31486490;0.29636848;0.27935028;0.26919124
Standard,226,Could you file a bug for payment-api-03 for me?,create_ticket,create_ticket,create_ticket,True,1,0.48152777552604675,0.48152777552604675,create_ticket;provision_vm;generate_report;send_notification;escalate_to_human,0.48152778;0.42508355;0.40727249;0.37922776;0.37788326
Standard,227,Could you create an incident ticket for Diana for me?,create_ticket,create_ticket,create_ticket,True,1,0.4642861783504486,0.4642861783504486,create_ticket;generate_report;escalate_to_human;provision_vm;db_write,0.46428618;0.36870348;0.36680323;0.34185535;0.30118114
Standard,228,Could you log a helpdesk issue for Frank for me?,create_ticket,create_ticket,create_ticket,True,1,0.6012916564941406,0.6012916564941406,create_ticket;generate_report;provision_vm;log_audit_event;escalate_to_human,0.60129166;0.50197083;0.46779859;0.45099756;0.43153030
Standard,229,Could you raise an incident for payment-api-03 for me?,create_ticket,create_ticket,create_ticket,True,1,0.47337567806243896,0.47337567806243896,create_ticket;escalate_to_human;provision_vm;generate_report;send_notification,0.47337568;0.40131134;0.38763061;0.37610090;0.33794543
Standard,230,Could you submit a ticket for host auth-svc-04 for me?,create_ticket,create_ticket,create_ticket,True,1,0.4335038959980011,0.4335038959980011,create_ticket;generate_report;provision_vm;reset_password;log_audit_event,0.43350390;0.30062494;0.29702482;0.28085789;0.27661222
Standard,231,Could you open a tracking issue for ml-infer-05 for me?,create_ticket,create_ticket,generate_report,False,4,0.3810156583786011,0.3389042615890503,generate_report;send_notification;provision_vm;create_ticket;db_write,0.38101566;0.35117483;0.34536219;0.33890426;0.33285978
Standard,232,Could you create a service request for auth-svc-04 for me?,create_ticket,create_ticket,create_ticket,True,1,0.2936176657676697,0.2936176657676697,create_ticket;quarantine_system;process_refund;restart_service;send_notification,0.29361767;0.29303017;0.28397244;0.27516523;0.25853619
Standard,233,I need you to open an incident ticket for prod-web-01.,create_ticket,create_ticket,create_ticket,True,1,0.5417822003364563,0.5417822003364563,create_ticket;generate_report;provision_vm;log_audit_event;escalate_to_human,0.54178220;0.43799925;0.42469802;0.39943892;0.39077139
Standard,234,I need you to file a case for Bob.,create_ticket,create_ticket,escalate_to_human,False,2,0.4214465618133545,0.38293272256851196,escalate_to_human;create_ticket;provision_vm;generate_report;send_notification,0.42144656;0.38293272;0.30087861;0.29833010;0.29658684
Standard,235,I need you to create an incident ticket for Bob.,create_ticket,create_ticket,create_ticket,True,1,0.5068053603172302,0.5068053603172302,create_ticket;escalate_to_human;generate_report;provision_vm;send_notification,0.50680536;0.38038650;0.37828600;0.37006482;0.32388851
Standard,236,I need you to log a helpdesk issue for Engineering.,create_ticket,create_ticket,create_ticket,True,1,0.5615963935852051,0.5615963935852051,create_ticket;generate_report;log_audit_event;provision_vm;process_refund,0.56159639;0.45786121;0.43373826;0.42845440;0.42039305
Standard,237,I need you to raise a service request for Marketing.,create_ticket,create_ticket,restart_service,False,7,0.3623679280281067,0.28837379813194275,restart_service;process_refund;quarantine_system;send_notification;provision_vm,0.36236793;0.33225083;0.32541698;0.31514183;0.30334005
Standard,238,I need you to submit a ticket for Alice.,create_ticket,create_ticket,create_ticket,True,1,0.46067219972610474,0.46067219972610474,create_ticket;escalate_to_human;generate_report;provision_vm;send_notification,0.46067220;0.40829563;0.33173543;0.30653295;0.28814921
Standard,239,I need you to open a service desk case for Eve.,create_ticket,create_ticket,escalate_to_human,False,8,0.3521437346935272,0.2687070965766907,escalate_to_human;provision_vm;generate_report;quarantine_system;send_notification,0.35214373;0.32679361;0.32112548;0.32008433;0.31323081
Standard,240,I need you to create a tracking issue for Eve.,create_ticket,create_ticket,generate_report,False,6,0.4318847954273224,0.3863341212272644,generate_report;provision_vm;send_notification;escalate_to_human;db_write,0.43188480;0.42126948;0.41081175;0.39824662;0.39368632
Standard,241,We should open a support ticket for Bob.,create_ticket,create_ticket,create_ticket,True,1,0.39707666635513306,0.39707666635513306,create_ticket;process_refund;generate_report;log_audit_event;provision_vm,0.39707667;0.21021979;0.20803507;0.19929463;0.19437458
Standard,242,We should file a case for the HR team.,create_ticket,create_ticket,escalate_to_human,False,2,0.38957974314689636,0.3432019054889679,escalate_to_human;create_ticket;generate_report;send_notification;provision_vm,0.38957974;0.34320191;0.29408556;0.28563818;0.27818686
Standard,243,We should create a support case for staging-db-02.,create_ticket,create_ticket,db_write,False,2,0.3880106210708618,0.3415074348449707,db_write;create_ticket;generate_report;send_notification;provision_vm,0.38801062;0.34150743;0.32309881;0.30442554;0.29860771
Standard,244,We should log an issue against prod-web-01.,create_ticket,create_ticket,create_ticket,True,1,0.4662390947341919,0.4662390947341919,create_ticket;generate_report;log_audit_event;provision_vm;escalate_to_human,0.46623909;0.44600105;0.44317141;0.41192597;0.38734671
Standard,245,We should raise an incident for cdn-edge-06.,create_ticket,create_ticket,create_ticket,True,1,0.3416224420070648,0.3416224420070648,create_ticket;provision_vm;escalate_to_human;generate_report;send_notification,0.34162244;0.30462882;0.29746243;0.29589105;0.26573661
Standard,246,We should submit a ticket for the Engineering group.,create_ticket,create_ticket,create_ticket,True,1,0.3994660973548889,0.3994660973548889,create_ticket;send_notification;generate_report;provision_vm;escalate_to_human,0.39946610;0.34812227;0.34751216;0.32328117;0.29762328
Standard,247,We should open a service desk case for Alice.,create_ticket,create_ticket,escalate_to_human,False,4,0.3591153025627136,0.20742516219615936,escalate_to_human;provision_vm;send_notification;create_ticket;generate_report,0.35911530;0.21321347;0.21280822;0.20742516;0.19537522
Standard,248,We should create a service request for prod-web-01.,create_ticket,create_ticket,quarantine_system,False,6,0.4298321008682251,0.37369516491889954,quarantine_system;process_refund;provision_vm;generate_report;send_notification,0.42983210;0.41220760;0.40091926;0.38357988;0.37533855
Standard,249,Let's open a support ticket for Grace.,create_ticket,create_ticket,create_ticket,True,1,0.3653073310852051,0.3653073310852051,create_ticket;update_subscription;log_audit_event;generate_report;provision_vm,0.36530733;0.18912207;0.18623395;0.17859770;0.17840987
Standard,250,Let's file a case for the Marketing team.,create_ticket,create_ticket,escalate_to_human,False,4,0.4184267520904541,0.3507066071033478,escalate_to_human;send_notification;provision_vm;create_ticket;generate_report,0.41842675;0.36437672;0.35806513;0.35070661;0.32061276
Standard,251,Let's create an incident ticket for Alice.,create_ticket,create_ticket,create_ticket,True,1,0.4389725923538208,0.4389725923538208,create_ticket;escalate_to_human;provision_vm;generate_report;send_notification,0.43897259;0.42613944;0.31697693;0.31039172;0.25652820
Standard,252,Let's log an issue against ml-infer-05.,create_ticket,create_ticket,log_audit_event,False,3,0.37577226758003235,0.31713202595710754,log_audit_event;generate_report;create_ticket;db_write;process_refund,0.37577227;0.36906806;0.31713203;0.29524449;0.28917220
Standard,253,Let's raise a support request on behalf of Bob.,create_ticket,create_ticket,create_ticket,True,1,0.40181589126586914,0.40181589126586914,create_ticket;escalate_to_human;process_refund;provision_vm;send_notification,0.40181589;0.26076838;0.24897645;0.23847128;0.23699102
Standard,254,Let's submit a ticket for Charlie.,create_ticket,create_ticket,create_ticket,True,1,0.42760586738586426,0.42760586738586426,create_ticket;generate_report;provision_vm;escalate_to_human;quarantine_system,0.42760587;0.30648598;0.29988790;0.29943678;0.25864309
Standard,255,Let's open a tracking issue for cdn-edge-06.,create_ticket,create_ticket,create_ticket,True,1,0.3671090006828308,0.3671090006828308,create_ticket;provision_vm;generate_report;send_notification;escalate_to_human,0.36710900;0.30874750;0.30795181;0.30219209;0.27881056
Standard,256,Let's create a support issue for Legal.,create_ticket,create_ticket,create_ticket,True,1,0.5112574100494385,0.5112574100494385,create_ticket;escalate_to_human;generate_report;provision_vm;send_notification,0.51125741;0.35227451;0.30238038;0.30075333;0.26772982
Standard,257,Kindly open an incident ticket for staging-db-02.,create_ticket,create_ticket,create_ticket,True,1,0.364296019077301,0.364296019077301,create_ticket;db_write;generate_report;escalate_to_human;provision_vm,0.36429602;0.27294165;0.25316200;0.24940424;0.23410989
Standard,258,Kindly file a case for the HR team.,create_ticket,create_ticket,escalate_to_human,False,2,0.4369594156742096,0.38911333680152893,escalate_to_human;create_ticket;send_notification;generate_report;provision_vm,0.43695942;0.38911334;0.31603745;0.31109396;0.30407721
Standard,259,Kindly create an incident ticket for Bob.,create_ticket,create_ticket,create_ticket,True,1,0.44984835386276245,0.44984835386276245,create_ticket;escalate_to_human;provision_vm;generate_report;process_refund,0.44984835;0.32092595;0.29298782;0.28726226;0.25145215
Standard,260,Kindly log an issue against cdn-edge-06.,create_ticket,create_ticket,create_ticket,True,1,0.3685748875141144,0.3685748875141144,create_ticket;log_audit_event;generate_report;provision_vm;process_refund,0.36857489;0.29742447;0.27667466;0.25129730;0.23302311
Standard,261,Kindly raise an incident for ml-infer-05.,create_ticket,create_ticket,generate_report,False,4,0.34376388788223267,0.3253142833709717,generate_report;escalate_to_human;provision_vm;create_ticket;send_notification,0.34376389;0.33697584;0.33113784;0.32531428;0.31464791
Standard,262,Kindly submit a ticket for host ml-infer-05.,create_ticket,create_ticket,create_ticket,True,1,0.3678938150405884,0.3678938150405884,create_ticket;generate_report;provision_vm;send_notification;process_refund,0.36789382;0.32652429;0.31712350;0.31078023;0.27867597
Standard,263,Kindly open a tracking case for Legal.,create_ticket,create_ticket,escalate_to_human,False,2,0.40799567103385925,0.3930487334728241,escalate_to_human;create_ticket;generate_report;provision_vm;send_notification,0.40799567;0.39304873;0.24184982;0.24119021;0.22188999
Standard,264,Kindly create a service request for staging-db-02.,create_ticket,create_ticket,db_write,False,10,0.32483401894569397,0.177977055311203,db_write;db_read;restart_service;process_refund;check_status,0.32483402;0.29918140;0.27479222;0.21435502;0.21341370
Standard,265,"When you have a moment, open a support ticket for Grace.",create_ticket,create_ticket,create_ticket,True,1,0.36995986104011536,0.36995986104011536,create_ticket;log_audit_event;process_refund;provision_vm;generate_report,0.36995986;0.21101514;0.18754639;0.17727220;0.17320690
Standard,266,"When you have a moment, file a case for Diana.",create_ticket,create_ticket,escalate_to_human,False,2,0.3978389799594879,0.289303719997406,escalate_to_human;create_ticket;generate_report;provision_vm;send_notification,0.39783898;0.28930372;0.25326997;0.25210062;0.24148303
Standard,267,"When you have a moment, create an incident ticket for Grace.",create_ticket,create_ticket,create_ticket,True,1,0.3666609823703766,0.3666609823703766,create_ticket;escalate_to_human;provision_vm;generate_report;log_audit_event,0.36666098;0.29791233;0.25555599;0.23374756;0.21487884
Standard,268,notify the Legal team.,send_notification,send_notification,escalate_to_human,False,2,0.4022039473056793,0.32190078496932983,escalate_to_human;send_notification;create_ticket;provision_vm;generate_report,0.40220395;0.32190078;0.30304101;0.25329560;0.24469113
Standard,269,send an alert to Finance.,send_notification,send_notification,generate_report,False,3,0.3347712755203247,0.3283088505268097,generate_report;create_ticket;send_notification;escalate_to_human;provision_vm,0.33477128;0.33170539;0.32830885;0.32452643;0.31864163
Standard,270,email the update to Engineering.,send_notification,send_notification,provision_vm,False,6,0.48570725321769714,0.41911453008651733,provision_vm;quarantine_system;generate_report;escalate_to_human;create_ticket,0.48570725;0.44717273;0.43517739;0.42834941;0.42251197
Standard,271,send a heads-up to Alice.,send_notification,send_notification,escalate_to_human,False,4,0.41439056396484375,0.20573563873767853,escalate_to_human;create_ticket;provision_vm;send_notification;generate_report,0.41439056;0.24888995;0.22110999;0.20573564;0.17771378
Standard,272,push a notification to Legal.,send_notification,send_notification,escalate_to_human,False,2,0.2980111241340637,0.28459206223487854,escalate_to_human;send_notification;create_ticket;provision_vm;generate_report,0.29801112;0.28459206;0.27146038;0.22702233;0.19827889
Standard,273,forward the update to Charlie.,send_notification,send_notification,escalate_to_human,False,5,0.44396913051605225,0.3877812922000885,escalate_to_human;provision_vm;quarantine_system;generate_report;send_notification,0.44396913;0.44012067;0.41499919;0.39481583;0.38778129
Standard,274,alert Legal.,send_notification,send_notification,escalate_to_human,False,2,0.4125450849533081,0.3121417760848999,escalate_to_human;send_notification;generate_report;log_audit_event;quarantine_system,0.41254508;0.31214178;0.28842062;0.28580302;0.28469181
Standard,275,drop a message to the Legal team.,send_notification,send_notification,escalate_to_human,False,3,0.4256193935871124,0.3353016972541809,escalate_to_human;create_ticket;send_notification;provision_vm;generate_report,0.42561939;0.33683509;0.33530170;0.26641637;0.24873656
Standard,276,Please send an update to Diana.,send_notification,send_notification,escalate_to_human,False,4,0.4299052655696869,0.39445024728775024,escalate_to_human;generate_report;provision_vm;send_notification;quarantine_system,0.42990527;0.42678055;0.42376387;0.39445025;0.37837923
Standard,277,Please notify Frank.,send_notification,send_notification,send_notification,True,1,0.43812042474746704,0.43812042474746704,send_notification;provision_vm;escalate_to_human;generate_report;quarantine_system,0.43812042;0.41628477;0.39497474;0.38818663;0.38294584
Standard,278,Please email the update to Engineering.,send_notification,send_notification,provision_vm,False,5,0.49650269746780396,0.43088510632514954,provision_vm;generate_report;quarantine_system;escalate_to_human;send_notification,0.49650270;0.46456146;0.45615539;0.44083619;0.43088511
Standard,279,Please send a heads-up to Engineering.,send_notification,send_notification,create_ticket,False,6,0.3958807587623596,0.3498321771621704,create_ticket;provision_vm;escalate_to_human;quarantine_system;generate_report,0.39588076;0.39431706;0.38208607;0.37579608;0.37052172
Standard,280,Please push a notification to Diana.,send_notification,send_notification,send_notification,True,1,0.38417676091194153,0.38417676091194153,send_notification;provision_vm;generate_report;quarantine_system;escalate_to_human,0.38417676;0.35832605;0.34696919;0.34681901;0.34494114
Standard,281,Please forward the latest update to Marketing.,send_notification,send_notification,provision_vm,False,3,0.42184266448020935,0.4029013216495514,provision_vm;escalate_to_human;send_notification;quarantine_system;update_subscription,0.42184266;0.41843086;0.40290132;0.38884589;0.37437576
Standard,282,Please alert Engineering.,send_notification,send_notification,quarantine_system,False,5,0.431105375289917,0.388933926820755,quarantine_system;escalate_to_human;provision_vm;generate_report;send_notification,0.43110538;0.41279301;0.40477154;0.40173507;0.38893393
Standard,283,Please drop a message to Bob.,send_notification,send_notification,send_notification,True,1,0.35962024331092834,0.35962024331092834,send_notification;escalate_to_human;quarantine_system;provision_vm;generate_report,0.35962024;0.32663158;0.30315223;0.29852957;0.28893930
Standard,284,Can you send an update to Bob?,send_notification,send_notification,provision_vm,False,2,0.44383707642555237,0.4315004348754883,provision_vm;send_notification;escalate_to_human;generate_report;quarantine_system,0.44383708;0.43150043;0.43011206;0.39802399;0.39455631
Standard,285,Can you send an alert to Finance?,send_notification,send_notification,send_notification,True,1,0.3685874342918396,0.3685874342918396,send_notification;generate_report;provision_vm;escalate_to_human;create_ticket,0.36858743;0.36247581;0.35156441;0.34349412;0.33911964
Standard,286,Can you email the update to HR?,send_notification,send_notification,provision_vm,False,3,0.47725993394851685,0.4525054097175598,provision_vm;generate_report;send_notification;escalate_to_human;quarantine_system,0.47725993;0.46396828;0.45250541;0.44997871;0.42305523
Standard,287,Can you send a heads-up to Diana?,send_notification,send_notification,escalate_to_human,False,5,0.3945910334587097,0.31499409675598145,escalate_to_human;provision_vm;create_ticket;generate_report;send_notification,0.39459103;0.33282280;0.33247605;0.31527510;0.31499410
Standard,288,Can you push a notification to Bob?,send_notification,send_notification,send_notification,True,1,0.3783228099346161,0.3783228099346161,send_notification;provision_vm;quarantine_system;escalate_to_human;create_ticket,0.37832281;0.33784521;0.33370066;0.30067766;0.29070824
Standard,289,Can you forward the latest update to Legal?,send_notification,send_notification,escalate_to_human,False,6,0.45287516713142395,0.38493961095809937,escalate_to_human;create_ticket;provision_vm;update_subscription;generate_report,0.45287517;0.43783036;0.42419285;0.39751357;0.39406186
Standard,290,Can you alert Bob?,send_notification,send_notification,quarantine_system,False,3,0.36891481280326843,0.3301440179347992,quarantine_system;escalate_to_human;send_notification;scan_malware;provision_vm,0.36891481;0.34316224;0.33014402;0.31723058;0.30820262
Standard,291,Can you drop a message to Charlie?,send_notification,send_notification,send_notification,True,1,0.424536794424057,0.424536794424057,send_notification;escalate_to_human;quarantine_system;provision_vm;generate_report,0.42453679;0.40897194;0.38221389;0.38198432;0.34701222
Standard,292,Could you notify the Finance team for me?,send_notification,send_notification,send_notification,True,1,0.39354193210601807,0.39354193210601807,send_notification;generate_report;provision_vm;create_ticket;escalate_to_human,0.39354193;0.34309095;0.33813426;0.33619311;0.29800108
Standard,293,Could you notify Grace for me?,send_notification,send_notification,send_notification,True,1,0.30304384231567383,0.30304384231567383,send_notification;update_subscription;provision_vm;quarantine_system;generate_report,0.30304384;0.29101783;0.24196561;0.23647605;0.23315056
Standard,294,Could you email Alice the latest status for me?,send_notification,send_notification,escalate_to_human,False,2,0.4531281888484955,0.40919461846351624,escalate_to_human;send_notification;log_audit_event;generate_report;provision_vm,0.45312819;0.40919462;0.38539764;0.38523540;0.34649566
Standard,295,Could you send a heads-up to Diana for me?,send_notification,send_notification,escalate_to_human,False,4,0.38545748591423035,0.3437007963657379,escalate_to_human;generate_report;create_ticket;send_notification;provision_vm,0.38545749;0.35845575;0.34744352;0.34370080;0.33815745
Standard,296,Could you push a notification to Grace for me?,send_notification,send_notification,send_notification,True,1,0.37963396310806274,0.37963396310806274,send_notification;provision_vm;update_subscription;quarantine_system;generate_report,0.37963396;0.33141270;0.29995069;0.29931498;0.29855379
Standard,297,Could you forward the latest update to HR for me?,send_notification,send_notification,generate_report,False,4,0.4723535180091858,0.46417394280433655,generate_report;provision_vm;escalate_to_human;send_notification;create_ticket,0.47235352;0.46762913;0.46501136;0.46417394;0.44267809
Standard,298,Could you alert Engineering for me?,send_notification,send_notification,quarantine_system,False,2,0.39698752760887146,0.39121830463409424,quarantine_system;send_notification;escalate_to_human;generate_report;provision_vm,0.39698753;0.39121830;0.38682762;0.38317940;0.37284619
Standard,299,Could you drop a message to the Engineering team for me?,send_notification,send_notification,send_notification,True,1,0.48770707845687866,0.48770707845687866,send_notification;provision_vm;escalate_to_human;generate_report;create_ticket,0.48770708;0.44165894;0.44121614;0.42159480;0.41852179
Standard,300,I need you to send an update to Frank.,send_notification,send_notification,provision_vm,False,2,0.530961275100708,0.5182179808616638,provision_vm;send_notification;generate_report;create_ticket;escalate_to_human,0.53096128;0.51821798;0.51151139;0.50017524;0.49665871
Standard,301,I need you to notify Eve.,send_notification,send_notification,escalate_to_human,False,2,0.30747517943382263,0.3045119047164917,escalate_to_human;send_notification;log_audit_event;quarantine_system;generate_report,0.30747518;0.30451190;0.28026497;0.26784095;0.26421741
Standard,302,I need you to email Alice the latest status.,send_notification,send_notification,escalate_to_human,False,2,0.4810393750667572,0.4143592417240143,escalate_to_human;send_notification;generate_report;log_audit_event;provision_vm,0.48103938;0.41435924;0.38578370;0.37582195;0.36103868
Standard,303,I need you to send a heads-up to Finance.,send_notification,send_notification,create_ticket,False,5,0.3930973410606384,0.28707417845726013,create_ticket;generate_report;provision_vm;db_write;send_notification,0.39309734;0.34953672;0.33429918;0.29825839;0.28707418
Standard,304,I need you to push a notification to Bob.,send_notification,send_notification,send_notification,True,1,0.40802302956581116,0.40802302956581116,send_notification;quarantine_system;provision_vm;generate_report;escalate_to_human,0.40802303;0.36769491;0.34554589;0.32089838;0.31640363
Standard,305,I need you to forward the update to Diana.,send_notification,send_notification,escalate_to_human,False,4,0.5282995700836182,0.46052461862564087,escalate_to_human;provision_vm;generate_report;send_notification;create_ticket,0.52829957;0.50869387;0.50461549;0.46052462;0.45226839
Standard,306,I need you to alert Legal.,send_notification,send_notification,escalate_to_human,False,2,0.4527154564857483,0.3645133972167969,escalate_to_human;send_notification;create_ticket;generate_report;log_audit_event,0.45271546;0.36451340;0.35303676;0.34819672;0.32873768
Standard,307,I need you to drop a message to Diana.,send_notification,send_notification,escalate_to_human,False,2,0.451326847076416,0.4492165446281433,escalate_to_human;send_notification;generate_report;provision_vm;quarantine_system,0.45132685;0.44921654;0.42721009;0.40757507;0.38468322
Standard,308,We should send an update to Grace.,send_notification,send_notification,update_subscription,False,3,0.332165390253067,0.25805315375328064,update_subscription;provision_vm;send_notification;generate_report;quarantine_system,0.33216539;0.28809389;0.25805315;0.25706491;0.25664237
Standard,309,We should notify Diana.,send_notification,send_notification,escalate_to_human,False,2,0.2798457741737366,0.2563581168651581,escalate_to_human;send_notification;quarantine_system;generate_report;provision_vm,0.27984577;0.25635812;0.25032836;0.24189702;0.23126496
Standard,310,We should email Alice the latest status.,send_notification,send_notification,escalate_to_human,False,2,0.41006553173065186,0.33337679505348206,escalate_to_human;send_notification;log_audit_event;generate_report;provision_vm,0.41006553;0.33337680;0.30286792;0.29821110;0.26545051
Standard,311,We should send a heads-up to Bob.,send_notification,send_notification,quarantine_system,False,5,0.23098036646842957,0.19709375500679016,quarantine_system;create_ticket;escalate_to_human;provision_vm;send_notification,0.23098037;0.22616339;0.22524776;0.20807937;0.19709376
Standard,312,We should push a notification to Diana.,send_notification,send_notification,send_notification,True,1,0.34030038118362427,0.34030038118362427,send_notification;quarantine_system;provision_vm;generate_report;escalate_to_human,0.34030038;0.31044188;0.30121207;0.30041501;0.28268856
Standard,313,We should forward the latest update to Engineering.,send_notification,send_notification,provision_vm,False,5,0.49055561423301697,0.43736621737480164,provision_vm;quarantine_system;escalate_to_human;generate_report;send_notification,0.49055561;0.46141154;0.46122393;0.45500121;0.43736622
Standard,314,We should alert Legal.,send_notification,send_notification,escalate_to_human,False,2,0.296393483877182,0.25124186277389526,escalate_to_human;send_notification;log_audit_event;generate_report;quarantine_system,0.29639348;0.25124186;0.23872715;0.23049547;0.21964426
Standard,315,We should drop a message to the Marketing team.,send_notification,send_notification,send_notification,True,1,0.337983638048172,0.337983638048172,send_notification;escalate_to_human;provision_vm;quarantine_system;restart_service,0.33798364;0.26649600;0.25911286;0.24435884;0.23679398
Standard,316,Let's send an update to Grace.,send_notification,send_notification,update_subscription,False,4,0.34471550583839417,0.2690466344356537,update_subscription;provision_vm;reset_password;send_notification;generate_report,0.34471551;0.30577588;0.27099666;0.26904663;0.26385239
Standard,317,Let's notify Grace.,send_notification,send_notification,update_subscription,False,2,0.22541120648384094,0.20800216495990753,update_subscription;send_notification;provision_vm;quarantine_system;escalate_to_human,0.22541121;0.20800216;0.19555885;0.18927921;0.18015568
Standard,318,Let's email Diana the latest status.,send_notification,send_notification,escalate_to_human,False,4,0.4118196964263916,0.37135350704193115,escalate_to_human;generate_report;log_audit_event;send_notification;quarantine_system,0.41181970;0.37728509;0.37255725;0.37135351;0.34382370
Standard,319,Let's send a heads-up to Charlie.,send_notification,send_notification,escalate_to_human,False,5,0.3039817214012146,0.26852574944496155,escalate_to_human;quarantine_system;provision_vm;create_ticket;send_notification,0.30398172;0.30190575;0.29750741;0.28466675;0.26852575
Standard,320,Let's push a notification to Diana.,send_notification,send_notification,send_notification,True,1,0.35918352007865906,0.35918352007865906,send_notification;provision_vm;escalate_to_human;quarantine_system;generate_report,0.35918352;0.33309039;0.32636297;0.31759784;0.31316417
Standard,321,Let's forward the latest update to HR.,send_notification,send_notification,escalate_to_human,False,6,0.4273320436477661,0.36310115456581116,escalate_to_human;provision_vm;generate_report;process_refund;quarantine_system,0.42733204;0.40198365;0.40115246;0.37811685;0.37606987
Standard,322,Let's alert Frank.,send_notification,send_notification,provision_vm,False,3,0.41782113909721375,0.40980052947998047,provision_vm;escalate_to_human;send_notification;quarantine_system;generate_report,0.41782114;0.41780287;0.40980053;0.39854902;0.38803995
Standard,323,Let's drop a message to Frank.,send_notification,send_notification,send_notification,True,1,0.4327579736709595,0.4327579736709595,send_notification;escalate_to_human;provision_vm;create_ticket;generate_report,0.43275797;0.39784950;0.38219121;0.35952064;0.35163566
Standard,324,Kindly notify the Finance team.,send_notification,send_notification,send_notification,True,1,0.3866957724094391,0.3866957724094391,send_notification;provision_vm;generate_report;create_ticket;escalate_to_human,0.38669577;0.37588304;0.36006197;0.35687977;0.34600410
Standard,325,Kindly send an alert to Finance.,send_notification,send_notification,generate_report,False,4,0.3888760507106781,0.35889339447021484,generate_report;create_ticket;provision_vm;send_notification;escalate_to_human,0.38887605;0.36381546;0.35976821;0.35889339;0.35254356
Standard,326,Kindly email Charlie the latest status.,send_notification,send_notification,quarantine_system,False,2,0.3801391124725342,0.37291496992111206,quarantine_system;send_notification;escalate_to_human;generate_report;log_audit_event,0.38013911;0.37291497;0.36444399;0.35834813;0.35819215
Standard,327,Kindly send a heads-up to Bob.,send_notification,send_notification,create_ticket,False,5,0.3392593562602997,0.27253586053848267,create_ticket;escalate_to_human;provision_vm;quarantine_system;send_notification,0.33925936;0.33790651;0.30266723;0.29512784;0.27253586
Standard,328,Kindly push a notification to Alice.,send_notification,send_notification,escalate_to_human,False,2,0.4115184545516968,0.35262826085090637,escalate_to_human;send_notification;provision_vm;create_ticket;generate_report,0.41151845;0.35262826;0.31340268;0.29267177;0.27937680
Standard,329,Kindly forward the latest update to HR.,send_notification,send_notification,escalate_to_human,False,4,0.4613918960094452,0.41443705558776855,escalate_to_human;provision_vm;generate_report;send_notification;process_refund,0.46139190;0.44205889;0.43131778;0.41443706;0.41412643
Standard,330,Kindly alert Frank.,send_notification,send_notification,escalate_to_human,False,3,0.48501354455947876,0.4597002863883972,escalate_to_human;provision_vm;send_notification;quarantine_system;generate_report,0.48501354;0.46785668;0.45970029;0.44076985;0.42636988
Standard,331,Kindly drop a message to Eve.,send_notification,send_notification,send_notification,True,1,0.36521458625793457,0.36521458625793457,send_notification;escalate_to_human;provision_vm;generate_report;quarantine_system,0.36521459;0.36454853;0.31420362;0.30756161;0.29732239
Standard,332,"When you have a moment, notify the Engineering team.",send_notification,send_notification,send_notification,True,1,0.36910849809646606,0.36910849809646606,send_notification;quarantine_system;escalate_to_human;provision_vm;process_refund,0.36910850;0.36564085;0.36088255;0.33375835;0.31028140
Standard,333,"When you have a moment, send an alert to Engineering.",send_notification,send_notification,quarantine_system,False,2,0.3758391737937927,0.350258469581604,quarantine_system;send_notification;escalate_to_human;provision_vm;generate_report,0.37583917;0.35025847;0.34931132;0.32259229;0.32114911
Standard,334,"When you have a moment, email the update to Engineering.",send_notification,send_notification,provision_vm,False,5,0.4604918658733368,0.41523534059524536,provision_vm;quarantine_system;generate_report;escalate_to_human;send_notification,0.46049187;0.44901782;0.42480308;0.41855872;0.41523534
Standard,335,isolate ml-infer-05 from the network.,quarantine_system,quarantine_system,scan_malware,False,3,0.2336007058620453,0.16681477427482605,scan_malware;generate_report;quarantine_system;send_notification;provision_vm,0.23360071;0.16973104;0.16681477;0.15619712;0.14235324
Standard,336,quarantine host auth-svc-04.,quarantine_system,quarantine_system,scan_malware,False,3,0.3294949531555176,0.21960806846618652,scan_malware;reset_password;quarantine_system;escalate_to_human;provision_vm,0.32949495;0.22731981;0.21960807;0.20358650;0.19510338
Standard,337,take ml-infer-05 off the network.,quarantine_system,quarantine_system,scan_malware,False,2,0.2711915969848633,0.25382643938064575,scan_malware;quarantine_system;generate_report;send_notification;provision_vm,0.27119160;0.25382644;0.23965539;0.23577425;0.22754008
Standard,338,contain ml-infer-05 immediately.,quarantine_system,quarantine_system,scan_malware,False,2,0.2882632911205292,0.28514373302459717,scan_malware;quarantine_system;send_notification;generate_report;provision_vm,0.28826329;0.28514373;0.27529988;0.26988333;0.26321909
Standard,339,segment staging-db-02 from the rest of the environment.,quarantine_system,quarantine_system,db_read,False,7,0.30915436148643494,0.18992070853710175,db_read;db_write;send_notification;check_status;restart_service,0.30915436;0.29772314;0.20744883;0.20215277;0.19520326
Standard,340,pull prod-web-01 out of production.,quarantine_system,quarantine_system,provision_vm,False,2,0.40458086133003235,0.3950387239456177,provision_vm;quarantine_system;generate_report;process_refund;scan_malware,0.40458086;0.39503872;0.38878733;0.36510557;0.35543478
Standard,341,lock down ml-infer-05.,quarantine_system,quarantine_system,scan_malware,False,4,0.2954269051551819,0.25801917910575867,scan_malware;generate_report;provision_vm;quarantine_system;db_write,0.29542691;0.27727515;0.27260277;0.25801918;0.25282243
Standard,342,move prod-web-01 into quarantine.,quarantine_system,quarantine_system,scan_malware,False,3,0.4744876027107239,0.3804084062576294,scan_malware;provision_vm;quarantine_system;escalate_to_human;generate_report,0.47448760;0.39906356;0.38040841;0.34478259;0.33307606
Standard,343,Please isolate staging-db-02 from the network.,quarantine_system,quarantine_system,db_write,False,4,0.2813815176486969,0.23789405822753906,db_write;db_read;scan_malware;quarantine_system;provision_vm,0.28138152;0.27893680;0.26687056;0.23789406;0.23369060
Standard,344,Please quarantine host prod-web-01.,quarantine_system,quarantine_system,scan_malware,False,2,0.513155996799469,0.40920886397361755,scan_malware;quarantine_system;provision_vm;send_notification;escalate_to_human,0.51315600;0.40920886;0.39896703;0.34519461;0.34164712
Standard,345,Please take ml-infer-05 off the network.,quarantine_system,quarantine_system,scan_malware,False,3,0.3385010063648224,0.32424721121788025,scan_malware;generate_report;quarantine_system;send_notification;provision_vm,0.33850101;0.32586193;0.32424721;0.31110573;0.30907640
Standard,346,Please contain prod-web-01 immediately.,quarantine_system,quarantine_system,provision_vm,False,2,0.492732971906662,0.4808970093727112,provision_vm;quarantine_system;generate_report;scan_malware;escalate_to_human,0.49273297;0.48089701;0.47909966;0.45985994;0.44985473
Standard,347,Please segment cdn-edge-06 from the rest of the environment.,quarantine_system,quarantine_system,provision_vm,False,2,0.338814914226532,0.31966739892959595,provision_vm;quarantine_system;send_notification;create_ticket;generate_report,0.33881491;0.31966740;0.31637773;0.30088502;0.29642096
Standard,348,Please pull staging-db-02 out of production.,quarantine_system,quarantine_system,db_write,False,8,0.3836142122745514,0.23065133392810822,db_write;db_read;generate_report;send_notification;restart_service,0.38361421;0.32749394;0.27057332;0.25374842;0.25255558
Standard,349,Please lock down auth-svc-04.,quarantine_system,quarantine_system,reset_password,False,4,0.34895479679107666,0.23545992374420166,reset_password;scan_malware;provision_vm;quarantine_system;create_ticket,0.34895480;0.30115917;0.25257471;0.23545992;0.22445352
Standard,350,Please move prod-web-01 into quarantine.,quarantine_system,quarantine_system,scan_malware,False,3,0.4894305467605591,0.414176344871521,scan_malware;provision_vm;quarantine_system;escalate_to_human;generate_report,0.48943055;0.43981290;0.41417634;0.38616431;0.38025203
Standard,351,Can you isolate staging-db-02 from the network?,quarantine_system,quarantine_system,db_write,False,5,0.2917127311229706,0.2198781967163086,db_write;db_read;scan_malware;provision_vm;quarantine_system,0.29171273;0.29079980;0.25242838;0.22158323;0.21987820
Standard,352,Can you quarantine host ml-infer-05?,quarantine_system,quarantine_system,scan_malware,False,2,0.44807666540145874,0.30994170904159546,scan_malware;quarantine_system;provision_vm;send_notification;generate_report,0.44807667;0.30994171;0.30611563;0.27874705;0.25514978
Standard,353,Can you take ml-infer-05 off the network?,quarantine_system,quarantine_system,scan_malware,False,2,0.31499963998794556,0.2778603434562683,scan_malware;quarantine_system;generate_report;provision_vm;send_notification,0.31499964;0.27786034;0.27647540;0.27150136;0.25317022
Standard,354,Can you contain ml-infer-05 immediately?,quarantine_system,quarantine_system,scan_malware,False,3,0.33975985646247864,0.31214144825935364,scan_malware;generate_report;quarantine_system;provision_vm;send_notification,0.33975986;0.31582835;0.31214145;0.30910650;0.29313439
Standard,355,Can you segment prod-web-01 from the rest of the environment?,quarantine_system,quarantine_system,provision_vm,False,2,0.41907718777656555,0.4126986563205719,provision_vm;quarantine_system;scan_malware;generate_report;send_notification,0.41907719;0.41269866;0.40678591;0.37899670;0.37108183
Standard,356,Can you pull auth-svc-04 out of production?,quarantine_system,quarantine_system,provision_vm,False,3,0.30297723412513733,0.29131561517715454,provision_vm;reset_password;quarantine_system;scan_malware;generate_report,0.30297723;0.30099437;0.29131562;0.28894410;0.28245467
Standard,357,Can you lock down cdn-edge-06?,quarantine_system,quarantine_system,provision_vm,False,4,0.36447906494140625,0.30009859800338745,provision_vm;scan_malware;create_ticket;quarantine_system;generate_report,0.36447906;0.35310763;0.33784983;0.30009860;0.29034236
Standard,358,Can you move ml-infer-05 into quarantine?,quarantine_system,quarantine_system,scan_malware,False,3,0.4211127460002899,0.318205326795578,scan_malware;provision_vm;quarantine_system;generate_report;send_notification,0.42111275;0.35491562;0.31820533;0.31145591;0.30280176
Standard,359,Could you isolate ml-infer-05 from the network for me?,quarantine_system,quarantine_system,scan_malware,False,3,0.3552350401878357,0.2971861660480499,scan_malware;generate_report;quarantine_system;provision_vm;send_notification,0.35523504;0.30271703;0.29718617;0.28327847;0.27973336
Standard,360,Could you quarantine host ml-infer-05 for me?,quarantine_system,quarantine_system,scan_malware,False,2,0.49023833870887756,0.36264580488204956,scan_malware;quarantine_system;provision_vm;send_notification;generate_report,0.49023834;0.36264580;0.35774958;0.34907997;0.32286844
Standard,361,Could you take payment-api-03 off the network for me?,quarantine_system,quarantine_system,provision_vm,False,2,0.4236525893211365,0.39357790350914,provision_vm;quarantine_system;generate_report;send_notification;scan_malware,0.42365259;0.39357790;0.39332366;0.38327369;0.36278173
Standard,362,Could you contain payment-api-03 immediately for me?,quarantine_system,quarantine_system,generate_report,False,5,0.41815683245658875,0.3884114623069763,generate_report;provision_vm;create_ticket;send_notification;quarantine_system,0.41815683;0.41743469;0.40411311;0.40285712;0.38841146
Standard,363,Could you segment staging-db-02 from the rest of the environment for me?,quarantine_system,quarantine_system,db_read,False,6,0.40848299860954285,0.3216778337955475,db_read;db_write;send_notification;provision_vm;generate_report,0.40848300;0.40800896;0.35806924;0.33846664;0.33478826
Standard,364,Could you pull cdn-edge-06 out of production for me?,quarantine_system,quarantine_system,provision_vm,False,6,0.32820066809654236,0.289882630109787,provision_vm;generate_report;db_write;send_notification;create_ticket,0.32820067;0.32587877;0.32319561;0.31588334;0.31013083
Standard,365,Could you lock down cdn-edge-06 for me?,quarantine_system,quarantine_system,provision_vm,False,6,0.3546921908855438,0.28019818663597107,provision_vm;create_ticket;scan_malware;generate_report;send_notification,0.35469219;0.34740067;0.34219098;0.30899674;0.29748872
Standard,366,Could you move payment-api-03 into quarantine for me?,quarantine_system,quarantine_system,provision_vm,False,4,0.44915255904197693,0.3925182819366455,provision_vm;scan_malware;escalate_to_human;quarantine_system;generate_report,0.44915256;0.44697604;0.39578477;0.39251828;0.38394073
Standard,367,I need you to isolate staging-db-02 from the network.,quarantine_system,quarantine_system,db_write,False,4,0.3465457856655121,0.2909435033798218,db_write;db_read;provision_vm;quarantine_system;scan_malware,0.34654579;0.33650458;0.29133525;0.29094350;0.28326890
Standard,368,I need you to quarantine host payment-api-03.,quarantine_system,quarantine_system,scan_malware,False,3,0.4535049498081207,0.3991765081882477,scan_malware;provision_vm;quarantine_system;send_notification;escalate_to_human,0.45350495;0.40045714;0.39917651;0.35145104;0.34261629
Standard,369,I need you to take auth-svc-04 off the network.,quarantine_system,quarantine_system,quarantine_system,True,1,0.36257272958755493,0.36257272958755493,quarantine_system;provision_vm;scan_malware;generate_report;reset_password,0.36257273;0.35869026;0.33838314;0.32965812;0.32341623
Standard,370,I need you to contain staging-db-02 immediately.,quarantine_system,quarantine_system,db_write,False,6,0.41587263345718384,0.33821728825569153,db_write;db_read;provision_vm;generate_report;send_notification,0.41587263;0.36296174;0.35840571;0.35650766;0.35021970
Standard,371,I need you to segment cdn-edge-06 from the rest of the environment.,quarantine_system,quarantine_system,provision_vm,False,3,0.35870230197906494,0.3321378231048584,provision_vm;send_notification;quarantine_system;create_ticket;generate_report,0.35870230;0.33848849;0.33213782;0.31769046;0.30968907
Standard,372,I need you to pull cdn-edge-06 out of production.,quarantine_system,quarantine_system,provision_vm,False,6,0.3512052893638611,0.3155671954154968,provision_vm;generate_report;send_notification;create_ticket;db_write,0.35120529;0.33532718;0.32531342;0.31972912;0.31733847
Standard,373,I need you to lock down payment-api-03.,quarantine_system,quarantine_system,provision_vm,False,4,0.42352715134620667,0.3657015562057495,provision_vm;create_ticket;generate_report;quarantine_system;scan_malware,0.42352715;0.40627614;0.38391498;0.36570156;0.35286936
Standard,374,I need you to move auth-svc-04 into quarantine.,quarantine_system,quarantine_system,scan_malware,False,3,0.42627742886543274,0.35771313309669495,scan_malware;provision_vm;quarantine_system;reset_password;escalate_to_human,0.42627743;0.38001966;0.35771313;0.33930847;0.33158821
Standard,375,We should isolate payment-api-03 from the network.,quarantine_system,quarantine_system,provision_vm,False,2,0.37560659646987915,0.36307868361473083,provision_vm;quarantine_system;generate_report;escalate_to_human;send_notification,0.37560660;0.36307868;0.35269326;0.35205340;0.32996690
Standard,376,We should quarantine host prod-web-01.,quarantine_system,quarantine_system,scan_malware,False,2,0.471701055765152,0.36750486493110657,scan_malware;quarantine_system;provision_vm;generate_report;send_notification,0.47170106;0.36750486;0.34988856;0.30067950;0.29907173
Standard,377,We should take prod-web-01 off the network.,quarantine_system,quarantine_system,scan_malware,False,3,0.38726288080215454,0.3854981064796448,scan_malware;provision_vm;quarantine_system;generate_report;process_refund,0.38726288;0.38570988;0.38549811;0.36882883;0.33872649
Standard,378,We should contain auth-svc-04 immediately.,quarantine_system,quarantine_system,scan_malware,False,2,0.3098069131374359,0.3097560405731201,scan_malware;quarantine_system;reset_password;provision_vm;generate_report,0.30980691;0.30975604;0.29729599;0.28435364;0.27795595
Standard,379,We should segment ml-infer-05 from the rest of the environment.,quarantine_system,quarantine_system,send_notification,False,2,0.33082565665245056,0.32355570793151855,send_notification;quarantine_system;generate_report;provision_vm;scan_malware,0.33082566;0.32355571;0.29722250;0.28065422;0.27645904
Standard,380,We should pull ml-infer-05 out of production.,quarantine_system,quarantine_system,generate_report,False,3,0.3290869891643524,0.30703866481781006,generate_report;db_write;quarantine_system;send_notification;provision_vm,0.32908699;0.31279597;0.30703866;0.29948038;0.29947513
Standard,381,We should lock down prod-web-01.,quarantine_system,quarantine_system,scan_malware,False,3,0.43214312195777893,0.3875628709793091,scan_malware;provision_vm;quarantine_system;generate_report;reset_password,0.43214312;0.40231770;0.38756287;0.38323978;0.36131850
Standard,382,We should move ml-infer-05 into quarantine.,quarantine_system,quarantine_system,scan_malware,False,3,0.3744531273841858,0.2799188494682312,scan_malware;provision_vm;quarantine_system;generate_report;send_notification,0.37445313;0.30298164;0.27991885;0.27464461;0.27320594
Standard,383,Let's isolate staging-db-02 from the network.,quarantine_system,quarantine_system,db_write,False,5,0.33053067326545715,0.2789473533630371,db_write;db_read;generate_report;provision_vm;quarantine_system,0.33053067;0.29673171;0.28433332;0.28408456;0.27894735
Standard,384,Let's quarantine host ml-infer-05.,quarantine_system,quarantine_system,scan_malware,False,2,0.41527989506721497,0.3240160346031189,scan_malware;quarantine_system;send_notification;provision_vm;generate_report,0.41527990;0.32401603;0.31789124;0.31756318;0.27646896
Standard,385,Let's take payment-api-03 off the network.,quarantine_system,quarantine_system,provision_vm,False,2,0.39561519026756287,0.36810243129730225,provision_vm;quarantine_system;generate_report;send_notification;update_subscription,0.39561519;0.36810243;0.36130780;0.34938410;0.34712529
Standard,386,Let's contain staging-db-02 immediately.,quarantine_system,quarantine_system,db_write,False,5,0.3909481465816498,0.32506299018859863,db_write;generate_report;provision_vm;send_notification;quarantine_system,0.39094815;0.35190293;0.34747368;0.33409363;0.32506299
Standard,387,Let's segment prod-web-01 from the rest of the environment.,quarantine_system,quarantine_system,provision_vm,False,2,0.44819319248199463,0.44774383306503296,provision_vm;quarantine_system;generate_report;send_notification;process_refund,0.44819319;0.44774383;0.41704214;0.40713027;0.40599272
Standard,388,Let's pull staging-db-02 out of production.,quarantine_system,quarantine_system,db_write,False,9,0.3601556122303009,0.21781861782073975,db_write;db_read;restart_service;generate_report;provision_vm,0.36015561;0.30210510;0.26373991;0.25320813;0.24099982
Standard,389,Let's lock down payment-api-03.,quarantine_system,quarantine_system,provision_vm,False,4,0.3951106071472168,0.33736681938171387,provision_vm;create_ticket;generate_report;quarantine_system;escalate_to_human,0.39511061;0.38591781;0.36267793;0.33736682;0.33594435
Standard,390,Let's move payment-api-03 into quarantine.,quarantine_system,quarantine_system,provision_vm,False,4,0.4103981554508209,0.3629436492919922,provision_vm;scan_malware;escalate_to_human;quarantine_system;generate_report,0.41039816;0.39162946;0.38256317;0.36294365;0.33591089
Standard,391,Kindly isolate staging-db-02 from the network.,quarantine_system,quarantine_system,scan_malware,False,4,0.2402896136045456,0.1903209537267685,scan_malware;db_read;db_write;quarantine_system;provision_vm,0.24028961;0.23869106;0.23080005;0.19032095;0.17547926
Standard,392,Kindly quarantine host auth-svc-04.,quarantine_system,quarantine_system,scan_malware,False,3,0.34010303020477295,0.21868112683296204,scan_malware;reset_password;quarantine_system;escalate_to_human;provision_vm,0.34010303;0.22820422;0.21868113;0.21083020;0.19302964
Standard,393,Kindly take ml-infer-05 off the network.,quarantine_system,quarantine_system,scan_malware,False,2,0.3150905966758728,0.28858378529548645,scan_malware;quarantine_system;generate_report;provision_vm;send_notification,0.31509060;0.28858379;0.27933344;0.26873729;0.26742339
Standard,394,Kindly contain cdn-edge-06 immediately.,quarantine_system,quarantine_system,provision_vm,False,6,0.3294523060321808,0.29892978072166443,provision_vm;create_ticket;send_notification;generate_report;escalate_to_human,0.32945231;0.32620525;0.31500748;0.31400117;0.29903340
Standard,395,Kindly segment payment-api-03 from the rest of the environment.,quarantine_system,quarantine_system,create_ticket,False,4,0.2971460521221161,0.2483774870634079,create_ticket;provision_vm;escalate_to_human;quarantine_system;send_notification,0.29714605;0.27594522;0.25183976;0.24837749;0.24732544
Standard,396,Kindly pull ml-infer-05 out of production.,quarantine_system,quarantine_system,db_write,False,3,0.263912558555603,0.25518283247947693,db_write;generate_report;quarantine_system;send_notification;provision_vm,0.26391256;0.26329297;0.25518283;0.24786024;0.23541225
Standard,397,Kindly lock down cdn-edge-06.,quarantine_system,quarantine_system,scan_malware,False,5,0.31366950273513794,0.25093045830726624,scan_malware;provision_vm;create_ticket;escalate_to_human;quarantine_system,0.31366950;0.31327519;0.30418149;0.25590503;0.25093046
Standard,398,Kindly move ml-infer-05 into quarantine.,quarantine_system,quarantine_system,scan_malware,False,3,0.4158823490142822,0.3082069158554077,scan_malware;provision_vm;quarantine_system;send_notification;generate_report,0.41588235;0.33530623;0.30820692;0.29693604;0.29541215
Standard,399,"When you have a moment, isolate prod-web-01 from the network.",quarantine_system,quarantine_system,quarantine_system,True,1,0.4249880015850067,0.4249880015850067,quarantine_system;scan_malware;provision_vm;generate_report;escalate_to_human,0.42498800;0.41675135;0.40790299;0.38426200;0.38389814
Standard,400,"When you have a moment, quarantine host cdn-edge-06.",quarantine_system,quarantine_system,scan_malware,False,2,0.42109864950180054,0.3488647937774658,scan_malware;quarantine_system;provision_vm;send_notification;escalate_to_human,0.42109865;0.34886479;0.32506374;0.30778536;0.30181322
Standard,401,"When you have a moment, take ml-infer-05 off the network.",quarantine_system,quarantine_system,quarantine_system,True,1,0.3114837408065796,0.3114837408065796,quarantine_system;generate_report;send_notification;scan_malware;provision_vm,0.31148374;0.28967148;0.28541455;0.28042445;0.27274269
Standard,402,run a malware scan on payment-api-03.,scan_malware,scan_malware,scan_malware,True,1,0.41455233097076416,0.41455233097076416,scan_malware;quarantine_system;provision_vm;escalate_to_human;log_audit_event,0.41455233;0.27501854;0.21695566;0.20167032;0.15896609
Standard,403,scan cdn-edge-06 for malicious files.,scan_malware,scan_malware,scan_malware,True,1,0.35102227330207825,0.35102227330207825,scan_malware;quarantine_system;escalate_to_human;provision_vm;log_audit_event,0.35102227;0.16883357;0.12825911;0.11899240;0.11382750
Standard,404,check prod-web-01 for indicators of compromise.,scan_malware,scan_malware,log_audit_event,False,8,0.39820364117622375,0.30584609508514404,log_audit_event;send_notification;quarantine_system;generate_report;create_ticket,0.39820364;0.34851322;0.34265319;0.33802217;0.32272726
Standard,405,inspect staging-db-02 for malware activity.,scan_malware,scan_malware,scan_malware,True,1,0.4023789167404175,0.4023789167404175,scan_malware;quarantine_system;db_read;log_audit_event;db_write,0.40237892;0.22725980;0.18748479;0.18276678;0.17129786
Standard,406,perform a threat scan on payment-api-03.,scan_malware,scan_malware,scan_malware,True,1,0.33875080943107605,0.33875080943107605,scan_malware;quarantine_system;escalate_to_human;provision_vm;log_audit_event,0.33875081;0.21085721;0.20899650;0.18060891;0.15559651
Standard,407,sweep prod-web-01 for infections.,scan_malware,scan_malware,scan_malware,True,1,0.3293600082397461,0.3293600082397461,scan_malware;quarantine_system;escalate_to_human;provision_vm;generate_report,0.32936001;0.25532526;0.25090739;0.22595315;0.19876692
Standard,408,scan prod-web-01 for suspicious artifacts.,scan_malware,scan_malware,scan_malware,True,1,0.3893367648124695,0.3893367648124695,scan_malware;quarantine_system;log_audit_event;escalate_to_human;provision_vm,0.38933676;0.28013048;0.22779898;0.22108971;0.20778708
Standard,409,run an IOC check against cdn-edge-06.,scan_malware,scan_malware,quarantine_system,False,3,0.24926702678203583,0.233229860663414,quarantine_system;send_notification;scan_malware;check_status;provision_vm,0.24926703;0.24090472;0.23322986;0.22343989;0.21221256
Standard,410,Please run a malware scan on ml-infer-05.,scan_malware,scan_malware,scan_malware,True,1,0.5327091813087463,0.5327091813087463,scan_malware;quarantine_system;provision_vm;generate_report;send_notification,0.53270918;0.37049809;0.32453001;0.29393560;0.28421277
Standard,411,Please scan staging-db-02 for malicious files.,scan_malware,scan_malware,scan_malware,True,1,0.37814128398895264,0.37814128398895264,scan_malware;quarantine_system;db_read;db_write;provision_vm,0.37814128;0.19119714;0.18526453;0.15903905;0.14911155
Standard,412,Please check payment-api-03 for indicators of compromise.,scan_malware,scan_malware,log_audit_event,False,10,0.3411770761013031,0.1924266219139099,log_audit_event;create_ticket;send_notification;generate_report;escalate_to_human,0.34117708;0.31494725;0.30608517;0.29398397;0.29187185
Standard,413,Please inspect ml-infer-05 for malware activity.,scan_malware,scan_malware,scan_malware,True,1,0.507851243019104,0.507851243019104,scan_malware;quarantine_system;log_audit_event;provision_vm;generate_report,0.50785124;0.35923615;0.32108343;0.29645750;0.28368479
Standard,414,Please perform a threat scan on staging-db-02.,scan_malware,scan_malware,scan_malware,True,1,0.3635459244251251,0.3635459244251251,scan_malware;quarantine_system;db_write;provision_vm;db_read,0.36354592;0.21615086;0.20468366;0.20461376;0.18315944
Standard,415,Please sweep cdn-edge-06 for infections.,scan_malware,scan_malware,scan_malware,True,1,0.20386123657226562,0.20386123657226562,scan_malware;escalate_to_human;quarantine_system;provision_vm;send_notification,0.20386124;0.18177420;0.13334525;0.12926842;0.10387173
Standard,416,Please scan payment-api-03 for suspicious artifacts.,scan_malware,scan_malware,scan_malware,True,1,0.30034902691841125,0.30034902691841125,scan_malware;quarantine_system;escalate_to_human;log_audit_event;provision_vm,0.30034903;0.22595298;0.21390729;0.20284086;0.18906802
Standard,417,Please run an IOC check against staging-db-02.,scan_malware,scan_malware,db_write,False,9,0.3354616165161133,0.19909200072288513,db_write;db_read;restart_service;check_status;send_notification,0.33546162;0.28900853;0.25612503;0.23917642;0.23119368
Standard,418,Can you run a malware scan on cdn-edge-06?,scan_malware,scan_malware,scan_malware,True,1,0.43189647793769836,0.43189647793769836,scan_malware;quarantine_system;provision_vm;send_notification;generate_report,0.43189648;0.27106521;0.22620438;0.18270665;0.18089093
Standard,419,Can you scan cdn-edge-06 for malicious files?,scan_malware,scan_malware,scan_malware,True,1,0.38023999333381653,0.38023999333381653,scan_malware;quarantine_system;escalate_to_human;provision_vm;log_audit_event,0.38023999;0.21055433;0.17267855;0.16945747;0.15083392
Standard,420,Can you check payment-api-03 for indicators of compromise?,scan_malware,scan_malware,log_audit_event,False,10,0.31722313165664673,0.165413960814476,log_audit_event;check_status;create_ticket;send_notification;generate_report,0.31722313;0.27646321;0.26428214;0.26019603;0.24499150
Standard,421,Can you inspect ml-infer-05 for malware activity?,scan_malware,scan_malware,scan_malware,True,1,0.46589434146881104,0.46589434146881104,scan_malware;quarantine_system;log_audit_event;provision_vm;generate_report,0.46589434;0.30027872;0.28642559;0.23480843;0.23099963
Standard,422,Can you perform a threat scan on auth-svc-04?,scan_malware,scan_malware,scan_malware,True,1,0.33685001730918884,0.33685001730918884,scan_malware;escalate_to_human;quarantine_system;reset_password;provision_vm,0.33685002;0.18115331;0.17632839;0.17519292;0.14041001
Standard,423,Can you sweep payment-api-03 for infections?,scan_malware,scan_malware,scan_malware,True,1,0.238753542304039,0.238753542304039,scan_malware;escalate_to_human;quarantine_system;provision_vm;log_audit_event,0.23875354;0.21583235;0.16339706;0.15478939;0.12534164
Standard,424,Can you scan prod-web-01 for suspicious artifacts?,scan_malware,scan_malware,scan_malware,True,1,0.4150415360927582,0.4150415360927582,scan_malware;quarantine_system;escalate_to_human;log_audit_event;provision_vm,0.41504154;0.30642730;0.25657469;0.25024486;0.24734977
Standard,425,Can you run an IOC check against cdn-edge-06?,scan_malware,scan_malware,send_notification,False,4,0.2821328043937683,0.25683802366256714,send_notification;quarantine_system;check_status;scan_malware;provision_vm,0.28213280;0.27981079;0.26402500;0.25683802;0.24515206
Standard,426,Could you run a malware scan on auth-svc-04 for me?,scan_malware,scan_malware,scan_malware,True,1,0.4379781484603882,0.4379781484603882,scan_malware;quarantine_system;reset_password;log_audit_event;provision_vm,0.43797815;0.27008942;0.23827498;0.21261418;0.20529491
Standard,427,Could you scan payment-api-03 for malicious files for me?,scan_malware,scan_malware,scan_malware,True,1,0.4292944669723511,0.4292944669723511,scan_malware;quarantine_system;log_audit_event;escalate_to_human;provision_vm,0.42929447;0.26729935;0.23606940;0.22433533;0.21938324
Standard,428,Could you check prod-web-01 for indicators of compromise for me?,scan_malware,scan_malware,log_audit_event,False,7,0.42165979743003845,0.35344716906547546,log_audit_event;send_notification;generate_report;quarantine_system;create_ticket,0.42165980;0.38587919;0.38313639;0.37731457;0.35936204
Standard,429,Could you inspect prod-web-01 for malware activity for me?,scan_malware,scan_malware,scan_malware,True,1,0.5021986961364746,0.5021986961364746,scan_malware;quarantine_system;log_audit_event;provision_vm;generate_report,0.50219870;0.39461482;0.37137264;0.33442894;0.32996869
Standard,430,Could you perform a threat scan on payment-api-03 for me?,scan_malware,scan_malware,scan_malware,True,1,0.4143301844596863,0.4143301844596863,scan_malware;escalate_to_human;quarantine_system;provision_vm;send_notification,0.41433018;0.30719569;0.30457357;0.29244801;0.26168570
Standard,431,Could you sweep cdn-edge-06 for infections for me?,scan_malware,scan_malware,scan_malware,True,1,0.27319657802581787,0.27319657802581787,scan_malware;escalate_to_human;quarantine_system;provision_vm;send_notification,0.27319658;0.18052740;0.17170238;0.15408871;0.12962811
Standard,432,Could you scan payment-api-03 for suspicious artifacts for me?,scan_malware,scan_malware,scan_malware,True,1,0.3149781823158264,0.3149781823158264,scan_malware;quarantine_system;log_audit_event;escalate_to_human;provision_vm,0.31497818;0.23304929;0.22406366;0.20388961;0.18752815
Standard,433,Could you run an IOC check against staging-db-02 for me?,scan_malware,scan_malware,db_write,False,8,0.35044899582862854,0.20497211813926697,db_write;db_read;check_status;send_notification;generate_report,0.35044900;0.31076723;0.25143367;0.24237528;0.23732075
Standard,434,I need you to run a malware scan on cdn-edge-06.,scan_malware,scan_malware,scan_malware,True,1,0.4679131507873535,0.4679131507873535,scan_malware;quarantine_system;provision_vm;send_notification;generate_report,0.46791315;0.34832093;0.30378568;0.27185252;0.26255175
Standard,435,I need you to scan auth-svc-04 for malicious files.,scan_malware,scan_malware,scan_malware,True,1,0.39703336358070374,0.39703336358070374,scan_malware;quarantine_system;reset_password;log_audit_event;escalate_to_human,0.39703336;0.23184866;0.21290274;0.20237939;0.17790186
Standard,436,I need you to check ml-infer-05 for indicators of compromise.,scan_malware,scan_malware,log_audit_event,False,9,0.3777930736541748,0.28154391050338745,log_audit_event;send_notification;generate_report;quarantine_system;check_status,0.37779307;0.35775033;0.35206798;0.33620429;0.32758591
Standard,437,I need you to inspect cdn-edge-06 for malware activity.,scan_malware,scan_malware,scan_malware,True,1,0.45820745825767517,0.45820745825767517,scan_malware;quarantine_system;log_audit_event;provision_vm;generate_report,0.45820746;0.34032562;0.29955193;0.28933114;0.26461235
Standard,438,I need you to perform a threat scan on auth-svc-04.,scan_malware,scan_malware,scan_malware,True,1,0.3748844563961029,0.3748844563961029,scan_malware;quarantine_system;escalate_to_human;reset_password;provision_vm,0.37488446;0.24460343;0.21746998;0.20731390;0.20551185
Standard,439,I need you to sweep ml-infer-05 for infections.,scan_malware,scan_malware,scan_malware,True,1,0.2823164761066437,0.2823164761066437,scan_malware;quarantine_system;provision_vm;generate_report;send_notification,0.28231648;0.22246787;0.19762497;0.19151483;0.19112659
Standard,440,I need you to scan prod-web-01 for suspicious artifacts.,scan_malware,scan_malware,scan_malware,True,1,0.44473084807395935,0.44473084807395935,scan_malware;quarantine_system;provision_vm;generate_report;log_audit_event,0.44473085;0.35201570;0.29620492;0.29560858;0.29548180
Standard,441,I need you to run an IOC check against prod-web-01.,scan_malware,scan_malware,quarantine_system,False,2,0.42163020372390747,0.383082777261734,quarantine_system;scan_malware;send_notification;generate_report;provision_vm,0.42163020;0.38308278;0.37649605;0.37631795;0.37106776
Standard,442,We should run a malware scan on prod-web-01.,scan_malware,scan_malware,scan_malware,True,1,0.5074691772460938,0.5074691772460938,scan_malware;quarantine_system;provision_vm;generate_report;log_audit_event,0.50746918;0.38731873;0.33231920;0.30296877;0.27903163
Standard,443,We should scan cdn-edge-06 for malicious files.,scan_malware,scan_malware,scan_malware,True,1,0.3755166828632355,0.3755166828632355,scan_malware;quarantine_system;provision_vm;escalate_to_human;log_audit_event,0.37551668;0.21870683;0.18173186;0.17135873;0.15983304
Standard,444,We should check staging-db-02 for indicators of compromise.,scan_malware,scan_malware,check_status,False,12,0.281674861907959,0.15560095012187958,check_status;send_notification;db_write;log_audit_event;generate_report,0.28167486;0.27614564;0.27466777;0.27374494;0.25181904
Standard,445,We should inspect ml-infer-05 for malware activity.,scan_malware,scan_malware,scan_malware,True,1,0.48137152194976807,0.48137152194976807,scan_malware;quarantine_system;log_audit_event;provision_vm;generate_report,0.48137152;0.33485129;0.30436704;0.27011073;0.26368445
Standard,446,We should perform a threat scan on prod-web-01.,scan_malware,scan_malware,scan_malware,True,1,0.48862069845199585,0.48862069845199585,scan_malware;quarantine_system;provision_vm;escalate_to_human;generate_report,0.48862070;0.35946420;0.32726321;0.30504811;0.29793975
Standard,447,We should sweep payment-api-03 for infections.,scan_malware,scan_malware,scan_malware,True,1,0.21101480722427368,0.21101480722427368,scan_malware;escalate_to_human;quarantine_system;provision_vm;send_notification,0.21101481;0.21070875;0.18170093;0.16898045;0.14642216
Standard,448,We should scan ml-infer-05 for suspicious artifacts.,scan_malware,scan_malware,scan_malware,True,1,0.29710832238197327,0.29710832238197327,scan_malware;quarantine_system;log_audit_event;send_notification;generate_report,0.29710832;0.21183479;0.18931872;0.18749656;0.17958507
Standard,449,We should run an IOC check against ml-infer-05.,scan_malware,scan_malware,send_notification,False,3,0.2950824201107025,0.2848910689353943,send_notification;quarantine_system;scan_malware;generate_report;log_audit_event,0.29508242;0.29083145;0.28489107;0.27339235;0.24676979
Standard,450,Let's run a malware scan on staging-db-02.,scan_malware,scan_malware,scan_malware,True,1,0.4530666172504425,0.4530666172504425,scan_malware;quarantine_system;provision_vm;db_write;generate_report,0.45306662;0.28877690;0.24285364;0.22035533;0.21516307
Standard,451,Let's scan auth-svc-04 for malicious files.,scan_malware,scan_malware,scan_malware,True,1,0.36554670333862305,0.36554670333862305,scan_malware;quarantine_system;reset_password;log_audit_event;escalate_to_human,0.36554670;0.20615388;0.18038154;0.17644282;0.17248502
Standard,452,Let's check staging-db-02 for indicators of compromise.,scan_malware,scan_malware,check_status,False,12,0.31361740827560425,0.1573456972837448,check_status;db_write;send_notification;db_read;generate_report,0.31361741;0.30540824;0.30466339;0.28776428;0.27547857
Standard,453,Let's inspect prod-web-01 for malware activity.,scan_malware,scan_malware,scan_malware,True,1,0.5008560419082642,0.5008560419082642,scan_malware;quarantine_system;log_audit_event;provision_vm;generate_report,0.50085604;0.42225745;0.36876076;0.36633176;0.35038149
Standard,454,Let's perform a threat scan on payment-api-03.,scan_malware,scan_malware,scan_malware,True,1,0.3833902180194855,0.3833902180194855,scan_malware;quarantine_system;escalate_to_human;provision_vm;send_notification,0.38339022;0.29354534;0.28598019;0.27177939;0.24811035
Standard,455,Let's sweep payment-api-03 for infections.,scan_malware,scan_malware,escalate_to_human,False,3,0.26400986313819885,0.1965906172990799,escalate_to_human;provision_vm;scan_malware;quarantine_system;send_notification,0.26400986;0.20142196;0.19659062;0.19520725;0.18367679
Standard,456,Let's scan prod-web-01 for suspicious artifacts.,scan_malware,scan_malware,scan_malware,True,1,0.39903220534324646,0.39903220534324646,scan_malware;quarantine_system;log_audit_event;generate_report;provision_vm,0.39903221;0.31877998;0.26876855;0.26520404;0.25961012
Standard,457,Let's run an IOC check against payment-api-03.,scan_malware,scan_malware,quarantine_system,False,10,0.323606014251709,0.23963110148906708,quarantine_system;send_notification;generate_report;log_audit_event;process_refund,0.32360601;0.31240019;0.30508763;0.30275694;0.29153609
Standard,458,Kindly run a malware scan on staging-db-02.,scan_malware,scan_malware,scan_malware,True,1,0.4350247085094452,0.4350247085094452,scan_malware;quarantine_system;provision_vm;db_write;generate_report,0.43502471;0.25662753;0.20833856;0.18885066;0.17296951
Standard,459,Kindly scan cdn-edge-06 for malicious files.,scan_malware,scan_malware,scan_malware,True,1,0.37229177355766296,0.37229177355766296,scan_malware;quarantine_system;escalate_to_human;provision_vm;log_audit_event,0.37229177;0.18944247;0.14930253;0.14721736;0.13626201
Standard,460,Kindly check staging-db-02 for indicators of compromise.,scan_malware,scan_malware,db_write,False,12,0.25892671942710876,0.14449678361415863,db_write;log_audit_event;db_read;check_status;send_notification,0.25892672;0.25310656;0.25148883;0.24721901;0.22224331
Standard,461,Kindly inspect cdn-edge-06 for malware activity.,scan_malware,scan_malware,scan_malware,True,1,0.39371708035469055,0.39371708035469055,scan_malware;quarantine_system;log_audit_event;provision_vm;generate_report,0.39371708;0.25602216;0.23087117;0.20049617;0.17181322
Standard,462,Kindly perform a threat scan on prod-web-01.,scan_malware,scan_malware,scan_malware,True,1,0.49574679136276245,0.49574679136276245,scan_malware;quarantine_system;provision_vm;escalate_to_human;generate_report,0.49574679;0.33753759;0.31735480;0.30283031;0.27212501
Standard,463,Kindly sweep payment-api-03 for infections.,scan_malware,scan_malware,escalate_to_human,False,2,0.18455462157726288,0.1637319028377533,escalate_to_human;scan_malware;quarantine_system;provision_vm;create_ticket,0.18455462;0.16373190;0.10403810;0.09824561;0.09066611
Standard,464,Kindly scan ml-infer-05 for suspicious artifacts.,scan_malware,scan_malware,scan_malware,True,1,0.2894213795661926,0.2894213795661926,scan_malware;quarantine_system;log_audit_event;send_notification;generate_report,0.28942138;0.17209055;0.14867155;0.13762011;0.12952973
Standard,465,Kindly run an IOC check against auth-svc-04.,scan_malware,scan_malware,restart_service,False,2,0.20956099033355713,0.19916222989559174,restart_service;scan_malware;quarantine_system;log_audit_event;process_refund,0.20956099;0.19916223;0.18948141;0.17264049;0.16264358
Standard,466,"When you have a moment, run a malware scan on ml-infer-05.",scan_malware,scan_malware,scan_malware,True,1,0.4868914484977722,0.4868914484977722,scan_malware;quarantine_system;provision_vm;log_audit_event;generate_report,0.48689145;0.34227479;0.27434808;0.25191182;0.24886744
Standard,467,"When you have a moment, scan cdn-edge-06 for malicious files.",scan_malware,scan_malware,scan_malware,True,1,0.39808389544487,0.39808389544487,scan_malware;quarantine_system;escalate_to_human;provision_vm;log_audit_event,0.39808390;0.25060782;0.19939280;0.19006102;0.18820466
Standard,468,"When you have a moment, check staging-db-02 for indicators of compromise.",scan_malware,scan_malware,log_audit_event,False,12,0.32264551520347595,0.17319752275943756,log_audit_event;check_status;send_notification;db_read;generate_report,0.32264552;0.31769100;0.28616303;0.27144846;0.26202223
Standard,469,generate a report for Finance.,generate_report,generate_report,db_write,False,3,0.3379218578338623,0.29935896396636963,db_write;create_ticket;generate_report;provision_vm;db_read,0.33792186;0.32173711;0.29935896;0.26850745;0.25941631
Standard,470,compile a summary for Finance.,generate_report,generate_report,db_write,False,2,0.3903273344039917,0.37130823731422424,db_write;generate_report;create_ticket;provision_vm;db_read,0.39032733;0.37130824;0.36070600;0.33053687;0.32234278
Standard,471,create the analytics report for Legal.,generate_report,generate_report,generate_report,True,1,0.29016751050949097,0.29016751050949097,generate_report;create_ticket;log_audit_event;send_notification;escalate_to_human,0.29016751;0.28112280;0.27649885;0.27158728;0.26527575
Standard,472,produce a compliance report for Engineering.,generate_report,generate_report,create_ticket,False,2,0.37198781967163086,0.3004028797149658,create_ticket;generate_report;provision_vm;quarantine_system;send_notification,0.37198782;0.30040288;0.29701844;0.28640625;0.27824605
Standard,473,put together a performance summary for Finance.,generate_report,generate_report,generate_report,True,1,0.36440810561180115,0.36440810561180115,generate_report;db_write;create_ticket;db_read;process_refund,0.36440811;0.36104676;0.35775068;0.33543813;0.32741824
Standard,474,build a report package for Marketing.,generate_report,generate_report,provision_vm,False,5,0.2811969220638275,0.25980299711227417,provision_vm;send_notification;process_refund;create_ticket;generate_report,0.28119692;0.27455640;0.26754078;0.26533765;0.25980300
Standard,475,prepare the reporting bundle for Legal.,generate_report,generate_report,create_ticket,False,4,0.27111655473709106,0.22139358520507812,create_ticket;escalate_to_human;send_notification;generate_report;update_subscription,0.27111655;0.25050020;0.22827676;0.22139359;0.21795432
Standard,476,draft a metrics report for Finance.,generate_report,generate_report,db_write,False,2,0.3139670789241791,0.29377540946006775,db_write;generate_report;send_notification;create_ticket;provision_vm,0.31396708;0.29377541;0.28269166;0.27003652;0.26372141
Standard,477,Please generate a diagnostics report for payment-api-03.,generate_report,generate_report,log_audit_event,False,5,0.30495402216911316,0.26752835512161255,log_audit_event;create_ticket;check_status;quarantine_system;generate_report,0.30495402;0.30237341;0.29466814;0.28207532;0.26752836
Standard,478,Please compile a summary for Finance.,generate_report,generate_report,db_write,False,2,0.4187926948070526,0.41344672441482544,db_write;generate_report;create_ticket;provision_vm;log_audit_event,0.41879269;0.41344672;0.37477240;0.36803573;0.34074765
Standard,479,Please create the analytics report for Engineering.,generate_report,generate_report,generate_report,True,1,0.4106396436691284,0.4106396436691284,generate_report;provision_vm;db_write;process_refund;quarantine_system,0.41063964;0.39541015;0.38903168;0.37966833;0.37875578
Standard,480,Please produce a compliance report for Legal.,generate_report,generate_report,create_ticket,False,3,0.4153527319431305,0.3254518210887909,create_ticket;escalate_to_human;generate_report;provision_vm;send_notification,0.41535273;0.34279439;0.32545182;0.30435881;0.29730371
Standard,481,Please put together a performance summary for Engineering.,generate_report,generate_report,generate_report,True,1,0.4228745102882385,0.4228745102882385,generate_report;process_refund;quarantine_system;provision_vm;send_notification,0.42287451;0.42048499;0.41267779;0.40369886;0.38305733
Standard,482,Please build an operations summary for auth-svc-04.,generate_report,generate_report,log_audit_event,False,2,0.3537192642688751,0.3469504415988922,log_audit_event;generate_report;send_notification;create_ticket;quarantine_system,0.35371926;0.34695044;0.32799548;0.32679281;0.30989522
Standard,483,Please prepare the reporting bundle for Finance.,generate_report,generate_report,generate_report,True,1,0.2934947609901428,0.2934947609901428,generate_report;provision_vm;update_subscription;db_write;send_notification,0.29349476;0.27518809;0.27494675;0.26288596;0.26276684
Standard,484,Please draft a metrics report for Finance.,generate_report,generate_report,db_write,False,2,0.33449339866638184,0.33092719316482544,db_write;generate_report;send_notification;provision_vm;process_refund,0.33449340;0.33092719;0.30791876;0.30419073;0.29954889
Standard,485,Can you generate a report for Legal?,generate_report,generate_report,create_ticket,False,3,0.4051467776298523,0.34932783246040344,create_ticket;escalate_to_human;generate_report;send_notification;provision_vm,0.40514678;0.38827014;0.34932783;0.32103321;0.31367326
Standard,486,Can you compile a health summary for payment-api-03?,generate_report,generate_report,generate_report,True,1,0.419242799282074,0.419242799282074,generate_report;provision_vm;create_ticket;send_notification;db_write,0.41924280;0.40000424;0.39470503;0.38563928;0.37990975
Standard,487,Can you create an analytics report for payment-api-03?,generate_report,generate_report,db_read,False,2,0.32008203864097595,0.30727267265319824,db_read;generate_report;db_write;create_ticket;log_audit_event,0.32008204;0.30727267;0.30276453;0.28968129;0.27942094
Standard,488,Can you produce a compliance report for Finance?,generate_report,generate_report,create_ticket,False,3,0.3614436388015747,0.30582064390182495,create_ticket;db_write;generate_report;db_read;provision_vm,0.36144364;0.34339666;0.30582064;0.29385775;0.28172404
Standard,489,Can you put together a performance summary for Engineering?,generate_report,generate_report,generate_report,True,1,0.4555458128452301,0.4555458128452301,generate_report;create_ticket;send_notification;provision_vm;process_refund,0.45554581;0.44823015;0.43091571;0.42916563;0.42134345
Standard,490,Can you build an operations summary for cdn-edge-06?,generate_report,generate_report,generate_report,True,1,0.45726868510246277,0.45726868510246277,generate_report;send_notification;create_ticket;provision_vm;db_write,0.45726869;0.44363365;0.44058847;0.42662153;0.42171922
Standard,491,Can you prepare the reporting bundle for Legal?,generate_report,generate_report,create_ticket,False,2,0.3431921899318695,0.28273072838783264,create_ticket;generate_report;escalate_to_human;send_notification;provision_vm,0.34319219;0.28273073;0.26893324;0.26759413;0.26631382
Standard,492,Can you draft a metrics report for Marketing?,generate_report,generate_report,send_notification,False,4,0.3528294265270233,0.3202537000179291,send_notification;db_write;provision_vm;generate_report;process_refund,0.35282943;0.32676697;0.32206377;0.32025370;0.31450966
Standard,493,Could you generate a diagnostics report for payment-api-03 for me?,generate_report,generate_report,create_ticket,False,3,0.34185880422592163,0.31581103801727295,create_ticket;log_audit_event;generate_report;send_notification;check_status,0.34185880;0.32368895;0.31581104;0.31252131;0.31214705
Standard,494,Could you compile a summary for Engineering for me?,generate_report,generate_report,generate_report,True,1,0.4807605743408203,0.4807605743408203,generate_report;create_ticket;provision_vm;send_notification;db_write,0.48076057;0.46413812;0.45170265;0.43387234;0.40862900
Standard,495,Could you create the analytics report for Marketing for me?,generate_report,generate_report,send_notification,False,3,0.355282723903656,0.3539655804634094,send_notification;db_read;generate_report;db_write;provision_vm,0.35528272;0.35508895;0.35396558;0.34364256;0.33109772
Standard,496,Could you produce a compliance report for Marketing for me?,generate_report,generate_report,create_ticket,False,3,0.32864123582839966,0.3104253113269806,create_ticket;send_notification;generate_report;provision_vm;process_refund,0.32864124;0.31678963;0.31042531;0.29190546;0.28896940
Standard,497,Could you put together a performance summary for HR for me?,generate_report,generate_report,generate_report,True,1,0.3993126153945923,0.3993126153945923,generate_report;create_ticket;process_refund;send_notification;log_audit_event,0.39931262;0.36739111;0.36493507;0.36325964;0.34430259
Standard,498,Could you build a report package for Legal for me?,generate_report,generate_report,create_ticket,False,3,0.43464818596839905,0.3638588488101959,create_ticket;escalate_to_human;generate_report;send_notification;provision_vm,0.43464819;0.36810261;0.36385885;0.33969194;0.33024326
Standard,499,Could you prepare the reporting bundle for HR for me?,generate_report,generate_report,generate_report,True,1,0.3500927686691284,0.3500927686691284,generate_report;send_notification;create_ticket;check_status;provision_vm,0.35009277;0.33053184;0.33022794;0.29877797;0.29276231
Standard,500,Could you draft a metrics report for Marketing for me?,generate_report,generate_report,send_notification,False,2,0.3803173005580902,0.35402750968933105,send_notification;generate_report;provision_vm;process_refund;db_write,0.38031730;0.35402751;0.33638299;0.33303311;0.33194521
Standard,501,I need you to generate a diagnostics report for prod-web-01.,generate_report,generate_report,quarantine_system,False,3,0.42913228273391724,0.40298619866371155,quarantine_system;scan_malware;generate_report;provision_vm;create_ticket,0.42913228;0.40329945;0.40298620;0.39424971;0.39066717
Standard,502,I need you to compile a health summary for prod-web-01.,generate_report,generate_report,generate_report,True,1,0.5131173729896545,0.5131173729896545,generate_report;provision_vm;quarantine_system;send_notification;process_refund,0.51311737;0.49606928;0.48680794;0.47456002;0.46247092
Standard,503,I need you to create the analytics report for Marketing.,generate_report,generate_report,db_read,False,2,0.38306140899658203,0.37773609161376953,db_read;generate_report;send_notification;db_write;process_refund,0.38306141;0.37773609;0.36606902;0.36038113;0.34866396
Standard,504,I need you to produce a compliance report for Finance.,generate_report,generate_report,create_ticket,False,3,0.38129132986068726,0.328224241733551,create_ticket;db_write;generate_report;provision_vm;db_read,0.38129133;0.33266848;0.32822424;0.29863328;0.28500423
Standard,505,I need you to put together a performance summary for HR.,generate_report,generate_report,generate_report,True,1,0.4432207942008972,0.4432207942008972,generate_report;process_refund;send_notification;provision_vm;quarantine_system,0.44322079;0.41794178;0.39530307;0.38471037;0.38361326
Standard,506,I need you to build an operations summary for payment-api-03.,generate_report,generate_report,generate_report,True,1,0.43960821628570557,0.43960821628570557,generate_report;create_ticket;send_notification;provision_vm;db_write,0.43960822;0.43234184;0.41614532;0.41500777;0.39544338
Standard,507,I need you to prepare the reporting bundle for Engineering.,generate_report,generate_report,generate_report,True,1,0.40751150250434875,0.40751150250434875,generate_report;create_ticket;provision_vm;send_notification;quarantine_system,0.40751150;0.38483930;0.38461792;0.37987825;0.36595020
Standard,508,I need you to draft a metrics report for HR.,generate_report,generate_report,generate_report,True,1,0.3552422523498535,0.3552422523498535,generate_report;send_notification;process_refund;quarantine_system;provision_vm,0.35524225;0.33579016;0.32351649;0.30642354;0.29983184
Standard,509,We should generate a report for Legal.,generate_report,generate_report,create_ticket,False,3,0.377774715423584,0.32567891478538513,create_ticket;escalate_to_human;generate_report;provision_vm;send_notification,0.37777472;0.36144117;0.32567891;0.28520292;0.27949518
Standard,510,We should compile a summary for Marketing.,generate_report,generate_report,generate_report,True,1,0.36172404885292053,0.36172404885292053,generate_report;update_subscription;send_notification;provision_vm;process_refund,0.36172405;0.35424680;0.34917590;0.34158209;0.31622943
Standard,511,We should create an analytics report for cdn-edge-06.,generate_report,generate_report,send_notification,False,2,0.3194589614868164,0.31931689381599426,send_notification;generate_report;log_audit_event;check_status;provision_vm,0.31945896;0.31931689;0.30617422;0.29245192;0.27870858
Standard,512,We should produce a compliance report for Marketing.,generate_report,generate_report,send_notification,False,3,0.26533177495002747,0.25404641032218933,send_notification;process_refund;generate_report;quarantine_system;provision_vm,0.26533177;0.26180160;0.25404641;0.25180936;0.24585469
Standard,513,We should put together a performance summary for Legal.,generate_report,generate_report,create_ticket,False,2,0.42700299620628357,0.4049384593963623,create_ticket;generate_report;send_notification;escalate_to_human;process_refund,0.42700300;0.40493846;0.36171341;0.34568357;0.34244058
Standard,514,We should build an operations summary for ml-infer-05.,generate_report,generate_report,generate_report,True,1,0.4343910217285156,0.4343910217285156,generate_report;send_notification;db_write;quarantine_system;log_audit_event,0.43439102;0.42314196;0.38529375;0.38411844;0.37739411
Standard,515,We should prepare the reporting bundle for Engineering.,generate_report,generate_report,generate_report,True,1,0.3104994297027588,0.3104994297027588,generate_report;quarantine_system;provision_vm;send_notification;process_refund,0.31049943;0.30034977;0.29322433;0.28991500;0.27376303
Standard,516,We should draft a metrics report for Legal.,generate_report,generate_report,send_notification,False,3,0.30945396423339844,0.2964620292186737,send_notification;escalate_to_human;generate_report;create_ticket;process_refund,0.30945396;0.29762012;0.29646203;0.27786908;0.26555109
Standard,517,Let's generate a report for HR.,generate_report,generate_report,generate_report,True,1,0.3742111921310425,0.3742111921310425,generate_report;process_refund;provision_vm;send_notification;create_ticket,0.37421119;0.34865543;0.33202505;0.32639807;0.32212374
Standard,518,Let's compile a summary for Finance.,generate_report,generate_report,generate_report,True,1,0.41358083486557007,0.41358083486557007,generate_report;db_write;create_ticket;provision_vm;update_subscription,0.41358083;0.40015435;0.38143992;0.37254947;0.35035354
Standard,519,Let's create the analytics report for Marketing.,generate_report,generate_report,process_refund,False,2,0.35600242018699646,0.3494689166545868,process_refund;generate_report;provision_vm;send_notification;quarantine_system,0.35600242;0.34946892;0.33984920;0.33788660;0.32586107
Standard,520,Let's produce a compliance report for Engineering.,generate_report,generate_report,create_ticket,False,2,0.44338124990463257,0.4175263047218323,create_ticket;generate_report;provision_vm;quarantine_system;process_refund,0.44338125;0.41752630;0.41533810;0.39933616;0.39323518
Standard,521,Let's put together a performance summary for Legal.,generate_report,generate_report,create_ticket,False,2,0.4479570686817169,0.4091413617134094,create_ticket;generate_report;escalate_to_human;process_refund;send_notification,0.44795707;0.40914136;0.38409576;0.36317098;0.36243507
Standard,522,Let's build a report package for Engineering.,generate_report,generate_report,create_ticket,False,2,0.456082284450531,0.44655415415763855,create_ticket;generate_report;provision_vm;process_refund;quarantine_system,0.45608228;0.44655415;0.44161758;0.42831856;0.42146838
Standard,523,Let's prepare the reporting bundle for HR.,generate_report,generate_report,generate_report,True,1,0.28334903717041016,0.28334903717041016,generate_report;check_status;send_notification;update_subscription;process_refund,0.28334904;0.26099095;0.25562438;0.25202078;0.24978849
Standard,524,Let's draft a metrics report for HR.,generate_report,generate_report,generate_report,True,1,0.31291455030441284,0.31291455030441284,generate_report;process_refund;send_notification;quarantine_system;provision_vm,0.31291455;0.30690062;0.30125847;0.27840534;0.26354679
Standard,525,Kindly generate a diagnostics report for cdn-edge-06.,generate_report,generate_report,check_status,False,8,0.23993517458438873,0.1647156924009323,check_status;create_ticket;quarantine_system;send_notification;log_audit_event,0.23993517;0.22015479;0.19076201;0.18353520;0.17660500
Standard,526,Kindly compile a summary for Finance.,generate_report,generate_report,db_write,False,2,0.37622493505477905,0.3510565161705017,db_write;generate_report;create_ticket;provision_vm;db_read,0.37622494;0.35105652;0.34210512;0.30294731;0.29905438
Standard,527,Kindly create the analytics report for Marketing.,generate_report,generate_report,db_read,False,3,0.28960803151130676,0.26815173029899597,db_read;process_refund;generate_report;provision_vm;db_write,0.28960803;0.28683308;0.26815173;0.26424399;0.26300988
Standard,528,Kindly produce a compliance report for Legal.,generate_report,generate_report,create_ticket,False,3,0.38566336035728455,0.26316437125205994,create_ticket;escalate_to_human;generate_report;process_refund;provision_vm,0.38566336;0.29553086;0.26316437;0.25687391;0.24677379
Standard,529,Kindly put together a performance summary for Engineering.,generate_report,generate_report,process_refund,False,2,0.3876018524169922,0.3764990568161011,process_refund;generate_report;quarantine_system;create_ticket;provision_vm,0.38760185;0.37649906;0.36875102;0.35578138;0.35527325
Standard,530,Kindly build a report package for Marketing.,generate_report,generate_report,process_refund,False,5,0.26458725333213806,0.24569907784461975,process_refund;create_ticket;send_notification;provision_vm;generate_report,0.26458725;0.26077369;0.25413549;0.25297081;0.24569908
Standard,531,Kindly prepare the reporting bundle for HR.,generate_report,generate_report,check_status,False,2,0.27119895815849304,0.27038341760635376,check_status;generate_report;send_notification;process_refund;create_ticket,0.27119896;0.27038342;0.26021188;0.25815585;0.23436962
Standard,532,Kindly draft a metrics report for Engineering.,generate_report,generate_report,process_refund,False,4,0.3103029131889343,0.29124915599823,process_refund;send_notification;quarantine_system;generate_report;provision_vm,0.31030291;0.30697498;0.30456612;0.29124916;0.27471706
Standard,533,"When you have a moment, generate a report for HR.",generate_report,generate_report,log_audit_event,False,2,0.30737829208374023,0.29704195261001587,log_audit_event;generate_report;process_refund;send_notification;quarantine_system,0.30737829;0.29704195;0.29398108;0.28079474;0.28034693
Standard,534,"When you have a moment, compile a summary for Marketing.",generate_report,generate_report,send_notification,False,2,0.3539085388183594,0.3502627909183502,send_notification;generate_report;provision_vm;process_refund;quarantine_system,0.35390854;0.35026279;0.34403583;0.34353340;0.33546928
Standard,535,"When you have a moment, create an analytics report for cdn-edge-06.",generate_report,generate_report,log_audit_event,False,4,0.3187589943408966,0.27006205916404724,log_audit_event;check_status;send_notification;generate_report;db_read,0.31875899;0.31473127;0.27820599;0.27006206;0.26421794
Standard,536,refund transaction #42017.,process_refund,process_refund,provision_vm,False,5,0.36602863669395447,0.3103419542312622,provision_vm;create_ticket;generate_report;db_write;process_refund,0.36602864;0.36247441;0.33047050;0.32167664;0.31034195
Standard,537,process the refund for Charlie.,process_refund,process_refund,create_ticket,False,6,0.2850627899169922,0.2408069670200348,create_ticket;escalate_to_human;provision_vm;quarantine_system;generate_report,0.28506279;0.28065661;0.27547807;0.25057063;0.24440275
Standard,538,return the money to Diana.,process_refund,process_refund,escalate_to_human,False,7,0.20922604203224182,0.1241961419582367,escalate_to_human;provision_vm;create_ticket;restart_service;db_write,0.20922604;0.16325526;0.15534674;0.15200192;0.13979834
Standard,539,credit Frank's account.,process_refund,process_refund,update_subscription,False,12,0.42007771134376526,0.2266857922077179,update_subscription;provision_vm;escalate_to_human;create_ticket;generate_report,0.42007771;0.35435593;0.30290440;0.30284047;0.30200303
Standard,540,reverse the payment for Charlie.,process_refund,process_refund,escalate_to_human,False,8,0.3236696124076843,0.1909063309431076,escalate_to_human;provision_vm;create_ticket;quarantine_system;generate_report,0.32366961;0.28367367;0.26756439;0.25171256;0.21951401
Standard,541,send Eve a payout reversal.,process_refund,process_refund,escalate_to_human,False,9,0.336931437253952,0.17016974091529846,escalate_to_human;send_notification;provision_vm;generate_report;create_ticket,0.33693144;0.25491759;0.24836269;0.23912857;0.20519476
Standard,542,refund the charge for Bob.,process_refund,process_refund,create_ticket,False,5,0.2416398823261261,0.16690006852149963,create_ticket;provision_vm;escalate_to_human;restart_service;process_refund,0.24163988;0.21910122;0.20900787;0.19240671;0.16690007
Standard,543,put the refund through for Bob.,process_refund,process_refund,create_ticket,False,5,0.3017095923423767,0.19067025184631348,create_ticket;escalate_to_human;provision_vm;generate_report;process_refund,0.30170959;0.29489887;0.25807071;0.21093845;0.19067025
Standard,544,Please refund transaction #42017.,process_refund,process_refund,provision_vm,False,6,0.38684532046318054,0.3287355601787567,provision_vm;create_ticket;generate_report;db_write;send_notification,0.38684532;0.37677038;0.35919300;0.33280161;0.33107385
Standard,545,Please process the refund for Frank.,process_refund,process_refund,create_ticket,False,5,0.43138545751571655,0.347747802734375,create_ticket;provision_vm;escalate_to_human;generate_report;process_refund,0.43138546;0.41464570;0.39378846;0.38589621;0.34774780
Standard,546,Please return the money to Frank.,process_refund,process_refund,create_ticket,False,8,0.29288601875305176,0.20936818420886993,create_ticket;provision_vm;escalate_to_human;update_subscription;generate_report,0.29288602;0.29069445;0.28225523;0.24539232;0.23315276
Standard,547,Please issue the refund linked to #60122.,process_refund,process_refund,create_ticket,False,5,0.47788408398628235,0.37170329689979553,create_ticket;provision_vm;generate_report;escalate_to_human;process_refund,0.47788408;0.45815572;0.39354125;0.38004124;0.37170330
Standard,548,Please reverse the payment for Bob.,process_refund,process_refund,escalate_to_human,False,7,0.3026220202445984,0.18039530515670776,escalate_to_human;create_ticket;provision_vm;quarantine_system;generate_report,0.30262202;0.25470096;0.25310999;0.21848381;0.20211242
Standard,549,Please send Eve a payout reversal.,process_refund,process_refund,escalate_to_human,False,9,0.35417816042900085,0.19405142962932587,escalate_to_human;send_notification;generate_report;provision_vm;create_ticket,0.35417816;0.27719238;0.27488247;0.26969269;0.22778554
Standard,550,Please refund the charge for Eve.,process_refund,process_refund,provision_vm,False,8,0.2730182409286499,0.20261958241462708,provision_vm;escalate_to_human;update_subscription;generate_report;create_ticket,0.27301824;0.25680029;0.24256581;0.23897225;0.22099729
Standard,551,Please put the refund through for Charlie.,process_refund,process_refund,create_ticket,False,6,0.359054297208786,0.2832528054714203,create_ticket;provision_vm;escalate_to_human;generate_report;quarantine_system,0.35905430;0.35457823;0.35061526;0.32742506;0.30416080
Standard,552,Can you refund transaction #42017?,process_refund,process_refund,provision_vm,False,5,0.37486371397972107,0.3092353940010071,provision_vm;create_ticket;db_write;generate_report;process_refund,0.37486371;0.36162081;0.33397138;0.33056936;0.30923539
Standard,553,Can you process the refund for Eve?,process_refund,process_refund,db_write,False,8,0.35911354422569275,0.25059324502944946,db_write;generate_report;provision_vm;escalate_to_human;log_audit_event,0.35911354;0.30838478;0.30205026;0.29999116;0.26741645
Standard,554,Can you process a refund for #10234?,process_refund,process_refund,create_ticket,False,5,0.40057897567749023,0.33047860860824585,create_ticket;db_write;provision_vm;generate_report;process_refund,0.40057898;0.37034690;0.35993564;0.35481772;0.33047861
Standard,555,Can you credit Charlie's account?,process_refund,process_refund,update_subscription,False,12,0.36923688650131226,0.22896504402160645,update_subscription;provision_vm;scan_malware;quarantine_system;generate_report,0.36923689;0.35199028;0.32486269;0.31888032;0.31554705
Standard,556,Can you reverse the payment for Charlie?,process_refund,process_refund,escalate_to_human,False,9,0.3425633907318115,0.21460050344467163,escalate_to_human;provision_vm;create_ticket;quarantine_system;generate_report,0.34256339;0.32466406;0.30256948;0.28219843;0.25713766
Standard,557,Can you send Bob a payout reversal?,process_refund,process_refund,escalate_to_human,False,7,0.36131617426872253,0.23144379258155823,escalate_to_human;create_ticket;provision_vm;send_notification;generate_report,0.36131617;0.32865191;0.30440095;0.29157707;0.26166701
Standard,558,Can you refund the charge for Diana?,process_refund,process_refund,provision_vm,False,8,0.2752692997455597,0.19343118369579315,provision_vm;create_ticket;db_write;escalate_to_human;generate_report,0.27526930;0.25847620;0.24240370;0.23340802;0.22012800
Standard,559,Can you put the refund through for Grace?,process_refund,process_refund,create_ticket,False,8,0.3554145395755768,0.22525431215763092,create_ticket;provision_vm;escalate_to_human;generate_report;update_subscription,0.35541454;0.32700878;0.29299712;0.26619089;0.25935686
Standard,560,Could you issue a refund to Eve for me?,process_refund,process_refund,create_ticket,False,7,0.3562188446521759,0.25780045986175537,create_ticket;provision_vm;escalate_to_human;db_write;generate_report,0.35621884;0.35406408;0.33747810;0.32940865;0.32839853
Standard,561,Could you process the refund for Eve for me?,process_refund,process_refund,db_write,False,9,0.3775346279144287,0.2608819901943207,db_write;generate_report;provision_vm;escalate_to_human;create_ticket,0.37753463;0.35150665;0.32196501;0.31986478;0.30342087
Standard,562,Could you return the money to Frank for me?,process_refund,process_refund,create_ticket,False,8,0.33628109097480774,0.20778219401836395,create_ticket;escalate_to_human;provision_vm;generate_report;send_notification,0.33628109;0.32909921;0.30869436;0.27510783;0.26397565
Standard,563,Could you credit Charlie's account for me?,process_refund,process_refund,update_subscription,False,10,0.3812347650527954,0.25333794951438904,update_subscription;provision_vm;scan_malware;generate_report;quarantine_system,0.38123477;0.37429348;0.36077973;0.35323083;0.35060588
Standard,564,Could you reverse the payment for Diana for me?,process_refund,process_refund,escalate_to_human,False,9,0.37745022773742676,0.23846910893917084,escalate_to_human;provision_vm;create_ticket;generate_report;db_write,0.37745023;0.34570897;0.32738113;0.32721105;0.31699085
Standard,565,Could you send Diana a payout reversal for me?,process_refund,process_refund,escalate_to_human,False,8,0.41449272632598877,0.25990980863571167,escalate_to_human;create_ticket;generate_report;provision_vm;send_notification,0.41449273;0.36808676;0.35715041;0.35232645;0.35169068
Standard,566,Could you refund the charge for Frank for me?,process_refund,process_refund,create_ticket,False,8,0.39565232396125793,0.25687500834465027,create_ticket;provision_vm;escalate_to_human;update_subscription;generate_report,0.39565232;0.38227993;0.34584123;0.32755813;0.32315302
Standard,567,Could you put the refund through for Bob for me?,process_refund,process_refund,create_ticket,False,7,0.3639209568500519,0.22596155107021332,create_ticket;escalate_to_human;provision_vm;generate_report;send_notification,0.36392096;0.32915363;0.31782785;0.30000758;0.27016500
Standard,568,I need you to refund transaction #53698.,process_refund,process_refund,provision_vm,False,5,0.4342826306819916,0.35994476079940796,provision_vm;generate_report;db_write;create_ticket;process_refund,0.43428263;0.41531113;0.41457531;0.40884724;0.35994476
Standard,569,I need you to process the refund for Diana.,process_refund,process_refund,db_write,False,7,0.37120169401168823,0.2901113033294678,db_write;db_read;generate_report;create_ticket;escalate_to_human,0.37120169;0.34575710;0.33276105;0.32596868;0.32365474
Standard,570,I need you to process a refund for #60122.,process_refund,process_refund,create_ticket,False,4,0.40440329909324646,0.35684388875961304,create_ticket;provision_vm;generate_report;process_refund;db_write,0.40440330;0.40119106;0.38389409;0.35684389;0.35141262
Standard,571,I need you to issue the refund linked to #20891.,process_refund,process_refund,create_ticket,False,6,0.5900464653968811,0.4439191222190857,create_ticket;provision_vm;generate_report;escalate_to_human;send_notification,0.59004647;0.53277653;0.49336556;0.44863698;0.44522774
Standard,572,I need you to reverse the payment for Frank.,process_refund,process_refund,escalate_to_human,False,8,0.4525696635246277,0.3010113537311554,escalate_to_human;provision_vm;create_ticket;send_notification;generate_report,0.45256966;0.42927623;0.42564383;0.38372645;0.38209221
Standard,573,I need you to return the funds for #10234.,process_refund,process_refund,create_ticket,False,6,0.39028051495552063,0.31794360280036926,create_ticket;provision_vm;generate_report;db_write;send_notification,0.39028051;0.37214771;0.36367318;0.34963024;0.33514029
Standard,574,I need you to undo the charge associated with #31450.,process_refund,process_refund,provision_vm,False,7,0.5021450519561768,0.3946410119533539,provision_vm;generate_report;create_ticket;quarantine_system;send_notification,0.50214505;0.44392392;0.43773758;0.41488999;0.41167647
Standard,575,I need you to put the refund through for Eve.,process_refund,process_refund,db_write,False,9,0.39150819182395935,0.29065588116645813,db_write;escalate_to_human;generate_report;provision_vm;create_ticket,0.39150819;0.38500562;0.38485992;0.37302080;0.34422535
Standard,576,We should refund transaction #60122.,process_refund,process_refund,provision_vm,False,5,0.34285762906074524,0.2807333469390869,provision_vm;create_ticket;generate_report;update_subscription;process_refund,0.34285763;0.31394270;0.30954784;0.28517035;0.28073335
Standard,577,We should reverse the charge tied to #60122.,process_refund,process_refund,provision_vm,False,7,0.44189614057540894,0.3408544063568115,provision_vm;escalate_to_human;quarantine_system;generate_report;send_notification,0.44189614;0.39840099;0.37057823;0.36703104;0.36037850
Standard,578,We should return the money to Eve.,process_refund,process_refund,restart_service,False,7,0.1284763514995575,0.08229555934667587,restart_service;db_write;escalate_to_human;provision_vm;generate_report,0.12847635;0.12845984;0.10186198;0.10085071;0.09865610
Standard,579,We should credit Charlie's account.,process_refund,process_refund,update_subscription,False,10,0.3304961621761322,0.20057159662246704,update_subscription;provision_vm;quarantine_system;scan_malware;generate_report,0.33049616;0.29781425;0.28755355;0.28526768;0.27296814
Standard,580,We should reverse the payment for Grace.,process_refund,process_refund,update_subscription,False,8,0.2108866274356842,0.14067210257053375,update_subscription;provision_vm;escalate_to_human;create_ticket;quarantine_system,0.21088663;0.20365630;0.18483096;0.16983086;0.15607922
Standard,581,We should send Grace a payout reversal.,process_refund,process_refund,update_subscription,False,8,0.23142094910144806,0.16800709068775177,update_subscription;provision_vm;send_notification;escalate_to_human;generate_report,0.23142095;0.21721570;0.20415251;0.20193005;0.19272080
Standard,582,We should refund the charge for Bob.,process_refund,process_refund,provision_vm,False,5,0.21718092262744904,0.17882470786571503,provision_vm;create_ticket;restart_service;escalate_to_human;process_refund,0.21718092;0.21480227;0.19336233;0.19129480;0.17882471
Standard,583,We should put the refund through for Frank.,process_refund,process_refund,create_ticket,False,8,0.401868611574173,0.28393974900245667,create_ticket;provision_vm;escalate_to_human;generate_report;send_notification,0.40186861;0.38076144;0.35632873;0.34834096;0.30289987
Standard,584,Let's refund transaction #31450.,process_refund,process_refund,create_ticket,False,7,0.3855637311935425,0.2976621389389038,create_ticket;provision_vm;db_write;generate_report;escalate_to_human,0.38556373;0.37417081;0.36746979;0.35660964;0.32311055
Standard,585,Let's process the refund for Bob.,process_refund,process_refund,create_ticket,False,3,0.27522575855255127,0.25189563632011414,create_ticket;restart_service;process_refund;provision_vm;escalate_to_human,0.27522576;0.27091914;0.25189564;0.24131994;0.23380499
Standard,586,Let's process a refund for #20891.,process_refund,process_refund,create_ticket,False,4,0.44895732402801514,0.3880981206893921,create_ticket;provision_vm;generate_report;process_refund;escalate_to_human,0.44895732;0.41808006;0.40049186;0.38809812;0.36281332
Standard,587,Let's credit Bob's account.,process_refund,process_refund,update_subscription,False,10,0.3449805974960327,0.22531047463417053,update_subscription;reset_password;provision_vm;quarantine_system;generate_report,0.34498060;0.32305667;0.29891670;0.26807371;0.25521275
Standard,588,Let's reverse the payment for Alice.,process_refund,process_refund,escalate_to_human,False,8,0.40692025423049927,0.16699589788913727,escalate_to_human;provision_vm;create_ticket;generate_report;update_subscription,0.40692025;0.27489597;0.27428973;0.24127261;0.23859225
Standard,589,Let's send Alice a payout reversal.,process_refund,process_refund,escalate_to_human,False,8,0.42252033948898315,0.1950845718383789,escalate_to_human;create_ticket;provision_vm;send_notification;generate_report,0.42252034;0.28906929;0.28195864;0.26702750;0.26363650
Standard,590,Let's undo the charge associated with #20891.,process_refund,process_refund,provision_vm,False,5,0.49673399329185486,0.41799840331077576,provision_vm;create_ticket;generate_report;escalate_to_human;process_refund,0.49673399;0.47461802;0.45327261;0.41981685;0.41799840
Standard,591,Let's put the refund through for Diana.,process_refund,process_refund,escalate_to_human,False,6,0.31749486923217773,0.2586486339569092,escalate_to_human;create_ticket;provision_vm;generate_report;db_write,0.31749487;0.31744719;0.30055296;0.28183651;0.26939055
Standard,592,Kindly issue a refund to Eve.,process_refund,process_refund,escalate_to_human,False,6,0.3574714958667755,0.27069151401519775,escalate_to_human;create_ticket;provision_vm;generate_report;db_write,0.35747150;0.33557793;0.33451393;0.28929672;0.27993688
Standard,593,Kindly process the refund for Grace.,process_refund,process_refund,create_ticket,False,5,0.2829701900482178,0.2290792316198349,create_ticket;escalate_to_human;provision_vm;restart_service;process_refund,0.28297019;0.25264791;0.24393259;0.23200351;0.22907923
Standard,594,Kindly process a refund for #10234.,process_refund,process_refund,create_ticket,False,3,0.41058364510536194,0.34992146492004395,create_ticket;restart_service;process_refund;provision_vm;generate_report,0.41058365;0.36223528;0.34992146;0.34741810;0.34363246
Standard,595,Kindly credit Diana's account.,process_refund,process_refund,db_read,False,11,0.3126266300678253,0.23471376299858093,db_read;escalate_to_human;provision_vm;generate_report;db_write,0.31262663;0.29046816;0.28869686;0.28729397;0.28167176
Standard,596,Kindly credit back the payment for #42017.,process_refund,process_refund,provision_vm,False,5,0.3937166631221771,0.3474261164665222,provision_vm;update_subscription;create_ticket;generate_report;process_refund,0.39371666;0.39054865;0.37197685;0.35895908;0.34742612
Standard,597,Kindly send Frank a payout reversal.,process_refund,process_refund,escalate_to_human,False,8,0.4096449017524719,0.25610077381134033,escalate_to_human;create_ticket;provision_vm;send_notification;generate_report,0.40964490;0.39244318;0.37212747;0.35869861;0.33650407
Standard,598,Kindly refund the charge for Eve.,process_refund,process_refund,escalate_to_human,False,7,0.28963327407836914,0.2166905701160431,escalate_to_human;provision_vm;create_ticket;generate_report;restart_service,0.28963327;0.28193361;0.23877795;0.23806910;0.23091191
Standard,599,Kindly put the refund through for Bob.,process_refund,process_refund,create_ticket,False,5,0.35023370385169983,0.2498151659965515,create_ticket;escalate_to_human;provision_vm;generate_report;process_refund,0.35023370;0.32574609;0.29761299;0.26601177;0.24981517
Standard,600,"When you have a moment, refund transaction #60122.",process_refund,process_refund,provision_vm,False,5,0.3739100992679596,0.3299473226070404,provision_vm;generate_report;create_ticket;escalate_to_human;process_refund,0.37391010;0.33653304;0.33442426;0.33182955;0.32994732
Standard,601,"When you have a moment, reverse the charge tied to #60122.",process_refund,process_refund,provision_vm,False,4,0.46265220642089844,0.3800463080406189,provision_vm;escalate_to_human;quarantine_system;process_refund;create_ticket,0.46265221;0.42763802;0.41032761;0.38004631;0.37280926
Standard,602,"When you have a moment, return the money to Diana.",process_refund,process_refund,escalate_to_human,False,3,0.19290712475776672,0.16266506910324097,escalate_to_human;restart_service;process_refund;provision_vm;quarantine_system,0.19290712;0.16711527;0.16266507;0.16092969;0.15307254
Standard,603,update Diana's subscription plan.,update_subscription,update_subscription,update_subscription,True,1,0.4337920546531677,0.4337920546531677,update_subscription;provision_vm;generate_report;create_ticket;send_notification,0.43379205;0.21582112;0.18440732;0.15403855;0.15282138
Standard,604,change Diana's billing tier.,update_subscription,update_subscription,update_subscription,True,1,0.3664800226688385,0.3664800226688385,update_subscription;provision_vm;generate_report;process_refund;send_notification,0.36648002;0.26738209;0.23111472;0.21867552;0.21579678
Standard,605,switch Bob to a different plan.,update_subscription,update_subscription,update_subscription,True,1,0.2924848794937134,0.2924848794937134,update_subscription;provision_vm;create_ticket;escalate_to_human;send_notification,0.29248488;0.19772263;0.17213212;0.14866877;0.14785162
Standard,606,modify Bob's subscription.,update_subscription,update_subscription,update_subscription,True,1,0.36328935623168945,0.36328935623168945,update_subscription;provision_vm;escalate_to_human;send_notification;create_ticket,0.36328936;0.19523273;0.14955075;0.13902627;0.13803980
Standard,607,adjust Frank's account plan.,update_subscription,update_subscription,update_subscription,True,1,0.5217627882957458,0.5217627882957458,update_subscription;provision_vm;send_notification;create_ticket;reset_password,0.52176279;0.35435793;0.29186907;0.28972808;0.28163952
Standard,608,move Frank to the new billing plan.,update_subscription,update_subscription,update_subscription,True,1,0.4690587818622589,0.4690587818622589,update_subscription;provision_vm;create_ticket;send_notification;generate_report,0.46905878;0.31956747;0.28804204;0.26954806;0.26433617
Standard,609,revise Alice's subscription tier.,update_subscription,update_subscription,update_subscription,True,1,0.32129162549972534,0.32129162549972534,update_subscription;escalate_to_human;provision_vm;send_notification;generate_report,0.32129163;0.16155227;0.12077053;0.10120583;0.09654743
Standard,610,change the plan on Grace's account.,update_subscription,update_subscription,update_subscription,True,1,0.46093907952308655,0.46093907952308655,update_subscription;provision_vm;reset_password;create_ticket;send_notification,0.46093908;0.27028894;0.24885641;0.17884767;0.17460144
Standard,611,Please update Grace's subscription plan.,update_subscription,update_subscription,update_subscription,True,1,0.4453131854534149,0.4453131854534149,update_subscription;provision_vm;reset_password;send_notification;generate_report,0.44531319;0.17487289;0.15987271;0.12760536;0.12068710
Standard,612,Please change Grace's billing tier.,update_subscription,update_subscription,update_subscription,True,1,0.4167281687259674,0.4167281687259674,update_subscription;provision_vm;reset_password;send_notification;generate_report,0.41672817;0.22693124;0.19519907;0.17714442;0.17653084
Standard,613,Please switch Alice to a different plan.,update_subscription,update_subscription,update_subscription,True,1,0.3643686771392822,0.3643686771392822,update_subscription;escalate_to_human;provision_vm;generate_report;create_ticket,0.36436868;0.26774114;0.24903858;0.20520657;0.19962417
Standard,614,Please modify Grace's subscription.,update_subscription,update_subscription,update_subscription,True,1,0.4521535038948059,0.4521535038948059,update_subscription;provision_vm;reset_password;generate_report;send_notification,0.45215350;0.27569139;0.27150655;0.19640122;0.19304200
Standard,615,Please adjust Diana's account plan.,update_subscription,update_subscription,update_subscription,True,1,0.46648290753364563,0.46648290753364563,update_subscription;provision_vm;generate_report;reset_password;send_notification,0.46648291;0.33125973;0.28860101;0.28591490;0.27257407
Standard,616,Please move Bob to the new billing plan.,update_subscription,update_subscription,update_subscription,True,1,0.3950881361961365,0.3950881361961365,update_subscription;provision_vm;create_ticket;generate_report;send_notification,0.39508814;0.24191758;0.20983022;0.19715129;0.19642591
Standard,617,Please revise Bob's subscription tier.,update_subscription,update_subscription,update_subscription,True,1,0.3048432171344757,0.3048432171344757,update_subscription;check_status;process_refund;provision_vm;quarantine_system,0.30484322;0.13100538;0.11831581;0.11507223;0.10898966
Standard,618,Please change the plan on Frank's account.,update_subscription,update_subscription,update_subscription,True,1,0.5267516374588013,0.5267516374588013,update_subscription;provision_vm;send_notification;generate_report;create_ticket,0.52675164;0.40580982;0.33817372;0.32962528;0.32299137
Standard,619,Can you update Eve's subscription plan?,update_subscription,update_subscription,update_subscription,True,1,0.46805983781814575,0.46805983781814575,update_subscription;provision_vm;generate_report;send_notification;reset_password,0.46805984;0.22114094;0.17502840;0.16815488;0.14746010
Standard,620,Can you change Diana's billing tier?,update_subscription,update_subscription,update_subscription,True,1,0.43035975098609924,0.43035975098609924,update_subscription;provision_vm;generate_report;send_notification;process_refund,0.43035975;0.33754444;0.30255428;0.28484803;0.27685994
Standard,621,Can you switch Alice to a different plan?,update_subscription,update_subscription,update_subscription,True,1,0.4279382824897766,0.4279382824897766,update_subscription;provision_vm;escalate_to_human;create_ticket;generate_report,0.42793828;0.32231605;0.29445446;0.27085584;0.26194939
Standard,622,Can you modify Eve's subscription?,update_subscription,update_subscription,update_subscription,True,1,0.4540161192417145,0.4540161192417145,update_subscription;provision_vm;generate_report;send_notification;quarantine_system,0.45401612;0.30061033;0.23759159;0.23598301;0.21871598
Standard,623,Can you adjust Bob's account plan?,update_subscription,update_subscription,update_subscription,True,1,0.48838338255882263,0.48838338255882263,update_subscription;reset_password;provision_vm;create_ticket;send_notification,0.48838338;0.30292493;0.29846233;0.23898475;0.22607771
Standard,624,Can you move Grace to the new billing plan?,update_subscription,update_subscription,update_subscription,True,1,0.49713727831840515,0.49713727831840515,update_subscription;provision_vm;create_ticket;generate_report;reset_password,0.49713728;0.30192646;0.24154419;0.23424953;0.23265362
Standard,625,Can you revise Alice's subscription tier?,update_subscription,update_subscription,update_subscription,True,1,0.3706972002983093,0.3706972002983093,update_subscription;provision_vm;escalate_to_human;generate_report;send_notification,0.37069720;0.17825134;0.17371823;0.15051155;0.14639382
Standard,626,Can you change the plan on Diana's account?,update_subscription,update_subscription,update_subscription,True,1,0.5228321552276611,0.5228321552276611,update_subscription;provision_vm;generate_report;send_notification;reset_password,0.52283216;0.42338780;0.35610658;0.33060414;0.32334211
Standard,627,Could you update Bob's subscription plan for me?,update_subscription,update_subscription,update_subscription,True,1,0.47317543625831604,0.47317543625831604,update_subscription;provision_vm;create_ticket;send_notification;generate_report,0.47317544;0.25969490;0.22858867;0.22605185;0.21566536
Standard,628,Could you change Grace's billing tier for me?,update_subscription,update_subscription,update_subscription,True,1,0.46231648325920105,0.46231648325920105,update_subscription;provision_vm;send_notification;generate_report;reset_password,0.46231648;0.28444991;0.25487509;0.23850459;0.22943480
Standard,629,Could you switch Eve to a different plan for me?,update_subscription,update_subscription,update_subscription,True,1,0.3386825621128082,0.3386825621128082,update_subscription;provision_vm;generate_report;send_notification;db_write,0.33868256;0.26859188;0.25427365;0.24036820;0.21855858
Standard,630,Could you modify Eve's subscription for me?,update_subscription,update_subscription,update_subscription,True,1,0.4666014015674591,0.4666014015674591,update_subscription;provision_vm;send_notification;generate_report;quarantine_system,0.46660140;0.34509206;0.30787230;0.30539575;0.26040849
Standard,631,Could you adjust Eve's account plan for me?,update_subscription,update_subscription,update_subscription,True,1,0.48980721831321716,0.48980721831321716,update_subscription;provision_vm;reset_password;send_notification;generate_report,0.48980722;0.32434842;0.30430937;0.29869828;0.28884211
Standard,632,Could you move Charlie to the new billing plan for me?,update_subscription,update_subscription,update_subscription,True,1,0.4985998868942261,0.4985998868942261,update_subscription;provision_vm;generate_report;send_notification;create_ticket,0.49859989;0.37800124;0.33930796;0.33773503;0.33756113
Standard,633,Could you revise Grace's subscription tier for me?,update_subscription,update_subscription,update_subscription,True,1,0.42304348945617676,0.42304348945617676,update_subscription;provision_vm;send_notification;generate_report;reset_password,0.42304349;0.19648412;0.18273862;0.18008521;0.14647005
Standard,634,Could you change the plan on Diana's account for me?,update_subscription,update_subscription,update_subscription,True,1,0.5080024003982544,0.5080024003982544,update_subscription;provision_vm;generate_report;send_notification;create_ticket,0.50800240;0.43628263;0.38340026;0.37092155;0.33813483
Standard,635,I need you to update Eve's subscription plan.,update_subscription,update_subscription,update_subscription,True,1,0.4753889739513397,0.4753889739513397,update_subscription;provision_vm;send_notification;generate_report;quarantine_system,0.47538897;0.26168671;0.23391244;0.23037443;0.19359027
Standard,636,I need you to change Grace's billing tier.,update_subscription,update_subscription,update_subscription,True,1,0.4611612558364868,0.4611612558364868,update_subscription;provision_vm;send_notification;generate_report;reset_password,0.46116126;0.28392956;0.23874487;0.23304597;0.22718459
Standard,637,I need you to switch Frank to a different plan.,update_subscription,update_subscription,update_subscription,True,1,0.45335036516189575,0.45335036516189575,update_subscription;provision_vm;generate_report;send_notification;create_ticket,0.45335037;0.37618133;0.33184710;0.33151761;0.33045480
Standard,638,I need you to modify Eve's subscription.,update_subscription,update_subscription,update_subscription,True,1,0.47142842411994934,0.47142842411994934,update_subscription;provision_vm;generate_report;send_notification;quarantine_system,0.47142842;0.36146721;0.31692526;0.31377962;0.29231560
Standard,639,I need you to adjust Diana's account plan.,update_subscription,update_subscription,update_subscription,True,1,0.5016129016876221,0.5016129016876221,update_subscription;provision_vm;generate_report;send_notification;reset_password,0.50161290;0.36914271;0.33461261;0.31766498;0.30723035
Standard,640,I need you to move Grace to the new billing plan.,update_subscription,update_subscription,update_subscription,True,1,0.5017147660255432,0.5017147660255432,update_subscription;provision_vm;generate_report;send_notification;create_ticket,0.50171477;0.30309048;0.25191194;0.24670231;0.24439873
Standard,641,I need you to revise Eve's subscription tier.,update_subscription,update_subscription,update_subscription,True,1,0.3648817539215088,0.3648817539215088,update_subscription;generate_report;send_notification;provision_vm;quarantine_system,0.36488175;0.19428594;0.19155106;0.18834823;0.16968046
Standard,642,I need you to change the plan on Diana's account.,update_subscription,update_subscription,update_subscription,True,1,0.5054245591163635,0.5054245591163635,update_subscription;provision_vm;generate_report;send_notification;escalate_to_human,0.50542456;0.42496082;0.38022014;0.34981489;0.32974041
Standard,643,We should update Bob's subscription plan.,update_subscription,update_subscription,update_subscription,True,1,0.37784963846206665,0.37784963846206665,update_subscription;provision_vm;send_notification;quarantine_system;process_refund,0.37784964;0.16110325;0.12998363;0.12028999;0.11783232
Standard,644,We should change Frank's billing tier.,update_subscription,update_subscription,update_subscription,True,1,0.41138970851898193,0.41138970851898193,update_subscription;provision_vm;send_notification;generate_report;create_ticket,0.41138971;0.29273325;0.26314455;0.25592420;0.23327939
Standard,645,We should switch Grace to a different plan.,update_subscription,update_subscription,update_subscription,True,1,0.3680660128593445,0.3680660128593445,update_subscription;provision_vm;reset_password;generate_report;process_refund,0.36806601;0.19196868;0.15318380;0.14470233;0.13124494
Standard,646,We should modify Diana's subscription.,update_subscription,update_subscription,update_subscription,True,1,0.37376952171325684,0.37376952171325684,update_subscription;provision_vm;generate_report;escalate_to_human;quarantine_system,0.37376952;0.27481434;0.24611464;0.21773826;0.21607122
Standard,647,We should adjust Diana's account plan.,update_subscription,update_subscription,update_subscription,True,1,0.4364609718322754,0.4364609718322754,update_subscription;provision_vm;generate_report;reset_password;send_notification,0.43646097;0.29754356;0.26511285;0.25705096;0.24596797
Standard,648,We should move Charlie to the new billing plan.,update_subscription,update_subscription,update_subscription,True,1,0.4233522415161133,0.4233522415161133,update_subscription;provision_vm;generate_report;send_notification;quarantine_system,0.42335224;0.29560134;0.25865743;0.24877106;0.24408586
Standard,649,We should revise Grace's subscription tier.,update_subscription,update_subscription,update_subscription,True,1,0.34804242849349976,0.34804242849349976,update_subscription;provision_vm;reset_password;generate_report;process_refund,0.34804243;0.10865648;0.09481504;0.08328601;0.08241815
Standard,650,We should change the plan on Bob's account.,update_subscription,update_subscription,update_subscription,True,1,0.407757043838501,0.407757043838501,update_subscription;provision_vm;reset_password;quarantine_system;send_notification,0.40775704;0.27554548;0.24174315;0.22666636;0.21792017
Standard,651,Let's update Grace's subscription plan.,update_subscription,update_subscription,update_subscription,True,1,0.4399632215499878,0.4399632215499878,update_subscription;provision_vm;reset_password;send_notification;generate_report,0.43996322;0.16827376;0.14734946;0.11714657;0.11234234
Standard,652,Let's change Frank's billing tier.,update_subscription,update_subscription,update_subscription,True,1,0.42104557156562805,0.42104557156562805,update_subscription;provision_vm;generate_report;send_notification;create_ticket,0.42104557;0.30623147;0.26924855;0.26495132;0.25297210
Standard,653,Let's switch Charlie to a different plan.,update_subscription,update_subscription,update_subscription,True,1,0.3465910255908966,0.3465910255908966,update_subscription;provision_vm;quarantine_system;generate_report;send_notification,0.34659103;0.30445474;0.25508007;0.25488520;0.24124409
Standard,654,Let's modify Grace's subscription.,update_subscription,update_subscription,update_subscription,True,1,0.44710099697113037,0.44710099697113037,update_subscription;provision_vm;reset_password;generate_report;send_notification,0.44710100;0.24738976;0.23697133;0.17105323;0.16739278
Standard,655,Let's adjust Grace's account plan.,update_subscription,update_subscription,update_subscription,True,1,0.4686615765094757,0.4686615765094757,update_subscription;reset_password;provision_vm;generate_report;send_notification,0.46866158;0.28589684;0.23017576;0.16240226;0.15850995
Standard,656,Let's move Eve to the new billing plan.,update_subscription,update_subscription,update_subscription,True,1,0.391317218542099,0.391317218542099,update_subscription;provision_vm;generate_report;send_notification;process_refund,0.39131722;0.24995555;0.22705995;0.20031938;0.18999460
Standard,657,Let's revise Diana's subscription tier.,update_subscription,update_subscription,update_subscription,True,1,0.3464847207069397,0.3464847207069397,update_subscription;generate_report;process_refund;provision_vm;send_notification,0.34648472;0.18170130;0.17548481;0.17313857;0.15312655
Standard,658,Let's change the plan on Charlie's account.,update_subscription,update_subscription,update_subscription,True,1,0.44941282272338867,0.44941282272338867,update_subscription;provision_vm;reset_password;quarantine_system;generate_report,0.44941282;0.33768594;0.27951434;0.27685577;0.27679592
Standard,659,Kindly update Diana's subscription plan.,update_subscription,update_subscription,update_subscription,True,1,0.45193955302238464,0.45193955302238464,update_subscription;provision_vm;generate_report;send_notification;create_ticket,0.45193955;0.26462144;0.23937087;0.21592440;0.20738488
Standard,660,Kindly change Alice's billing tier.,update_subscription,update_subscription,update_subscription,True,1,0.397842675447464,0.397842675447464,update_subscription;escalate_to_human;provision_vm;create_ticket;send_notification,0.39784268;0.29444993;0.28204104;0.24232413;0.24125175
Standard,661,Kindly switch Frank to a different plan.,update_subscription,update_subscription,update_subscription,True,1,0.43116506934165955,0.43116506934165955,update_subscription;provision_vm;create_ticket;send_notification;generate_report,0.43116507;0.36812544;0.33147126;0.31527841;0.30496439
Standard,662,Kindly modify Bob's subscription.,update_subscription,update_subscription,update_subscription,True,1,0.4024885594844818,0.4024885594844818,update_subscription;provision_vm;create_ticket;send_notification;escalate_to_human,0.40248856;0.29443324;0.24209310;0.22979969;0.22253288
Standard,663,Kindly adjust Charlie's account plan.,update_subscription,update_subscription,update_subscription,True,1,0.46206289529800415,0.46206289529800415,update_subscription;provision_vm;reset_password;send_notification;generate_report,0.46206290;0.32230157;0.28591064;0.27188507;0.26146904
Standard,664,Kindly move Charlie to the new billing plan.,update_subscription,update_subscription,update_subscription,True,1,0.43306148052215576,0.43306148052215576,update_subscription;provision_vm;create_ticket;generate_report;send_notification,0.43306148;0.30754596;0.27758881;0.25864616;0.25501123
Standard,665,Kindly revise Charlie's subscription tier.,update_subscription,update_subscription,update_subscription,True,1,0.36260083317756653,0.36260083317756653,update_subscription;provision_vm;send_notification;quarantine_system;generate_report,0.36260083;0.18538618;0.17566487;0.16811447;0.16583456
Standard,666,Kindly change the plan on Eve's account.,update_subscription,update_subscription,update_subscription,True,1,0.43533048033714294,0.43533048033714294,update_subscription;provision_vm;escalate_to_human;reset_password;send_notification,0.43533048;0.32916915;0.27215365;0.26786709;0.26442856
Standard,667,"When you have a moment, update Alice's subscription plan.",update_subscription,update_subscription,update_subscription,True,1,0.4227323532104492,0.4227323532104492,update_subscription;escalate_to_human;provision_vm;send_notification;generate_report,0.42273235;0.21731634;0.21534653;0.17373684;0.16867191
Standard,668,"When you have a moment, change Bob's billing tier.",update_subscription,update_subscription,update_subscription,True,1,0.3559574782848358,0.3559574782848358,update_subscription;provision_vm;quarantine_system;process_refund;send_notification,0.35595748;0.21998663;0.19901547;0.19766167;0.18941635
Standard,669,"When you have a moment, switch Bob to a different plan.",update_subscription,update_subscription,update_subscription,True,1,0.2951120436191559,0.2951120436191559,update_subscription;provision_vm;quarantine_system;process_refund;escalate_to_human,0.29511204;0.21356568;0.19444288;0.18931292;0.18101913
Standard,670,provision a new VM for Finance.,provision_vm,provision_vm,update_subscription,False,2,0.3380879759788513,0.27698343992233276,update_subscription;provision_vm;send_notification;create_ticket;generate_report,0.33808798;0.27698344;0.26709828;0.26616350;0.23669799
Standard,671,spin up a virtual machine for Legal.,provision_vm,provision_vm,escalate_to_human,False,4,0.21679779887199402,0.15270571410655975,escalate_to_human;scan_malware;quarantine_system;provision_vm;update_subscription,0.21679780;0.18932576;0.16592675;0.15270571;0.12038752
Standard,672,launch a new instance for Finance.,provision_vm,provision_vm,provision_vm,True,1,0.3502469062805176,0.3502469062805176,provision_vm;create_ticket;send_notification;db_write;generate_report,0.35024691;0.29923940;0.29578421;0.29537430;0.29356924
Standard,673,create a server for Finance.,provision_vm,provision_vm,db_write,False,2,0.28315994143486023,0.23831415176391602,db_write;provision_vm;db_read;generate_report;create_ticket,0.28315994;0.23831415;0.22903001;0.22353515;0.22235896
Standard,674,stand up a VM for Engineering.,provision_vm,provision_vm,quarantine_system,False,5,0.18076078593730927,0.14399117231369019,quarantine_system;update_subscription;send_notification;scan_malware;provision_vm,0.18076079;0.17874277;0.16463333;0.15321113;0.14399117
Standard,675,deploy a fresh virtual machine for Legal.,provision_vm,provision_vm,provision_vm,True,1,0.25664830207824707,0.25664830207824707,provision_vm;restart_service;quarantine_system;escalate_to_human;process_refund,0.25664830;0.25344566;0.25244984;0.24467596;0.23423974
Standard,676,bring up a compute instance for Marketing.,provision_vm,provision_vm,send_notification,False,2,0.3194121718406677,0.31250545382499695,send_notification;provision_vm;process_refund;quarantine_system;generate_report,0.31941217;0.31250545;0.29803723;0.28988266;0.28317901
Standard,677,allocate a new VM to HR.,provision_vm,provision_vm,update_subscription,False,2,0.3522094190120697,0.3296070992946625,update_subscription;provision_vm;process_refund;create_ticket;quarantine_system,0.35220942;0.32960710;0.30807042;0.30303288;0.30205068
Standard,678,Please provision a new VM for Legal.,provision_vm,provision_vm,update_subscription,False,4,0.3785626292228699,0.3451097011566162,update_subscription;send_notification;create_ticket;provision_vm;escalate_to_human,0.37856263;0.35922003;0.34977758;0.34510970;0.33533949
Standard,679,Please spin up a virtual machine for Engineering.,provision_vm,provision_vm,scan_malware,False,3,0.33763548731803894,0.25135675072669983,scan_malware;quarantine_system;provision_vm;process_refund;send_notification,0.33763549;0.29356891;0.25135675;0.21497767;0.20824908
Standard,680,Please launch a new instance for Finance.,provision_vm,provision_vm,provision_vm,True,1,0.378889799118042,0.378889799118042,provision_vm;generate_report;send_notification;process_refund;db_write,0.37888980;0.35675499;0.34366697;0.33721954;0.32581726
Standard,681,Please create a server for Legal.,provision_vm,provision_vm,escalate_to_human,False,4,0.3270891010761261,0.31467410922050476,escalate_to_human;send_notification;generate_report;provision_vm;create_ticket,0.32708910;0.32488871;0.32039386;0.31467411;0.30057597
Standard,682,Please stand up a VM for Legal.,provision_vm,provision_vm,escalate_to_human,False,6,0.2895687520503998,0.20630818605422974,escalate_to_human;update_subscription;create_ticket;send_notification;generate_report,0.28956875;0.27174458;0.24314722;0.22877033;0.21425912
Standard,683,Please deploy a fresh virtual machine for HR.,provision_vm,provision_vm,restart_service,False,4,0.3580196797847748,0.2936027944087982,restart_service;quarantine_system;process_refund;provision_vm;scan_malware,0.35801968;0.32279345;0.32098883;0.29360279;0.26492894
Standard,684,Please bring up a compute instance for Engineering.,provision_vm,provision_vm,provision_vm,True,1,0.41761553287506104,0.41761553287506104,provision_vm;generate_report;process_refund;quarantine_system;send_notification,0.41761553;0.41182718;0.39903840;0.39756945;0.39116392
Standard,685,Please allocate a new VM to HR.,provision_vm,provision_vm,update_subscription,False,2,0.38389351963996887,0.3624460995197296,update_subscription;provision_vm;generate_report;process_refund;create_ticket,0.38389352;0.36244610;0.35176516;0.34882230;0.33934116
Standard,686,Can you provision a new VM for Legal?,provision_vm,provision_vm,update_subscription,False,4,0.37926673889160156,0.34765109419822693,update_subscription;create_ticket;send_notification;provision_vm;escalate_to_human,0.37926674;0.35077688;0.34892595;0.34765109;0.30767974
Standard,687,Can you spin up a virtual machine for Legal?,provision_vm,provision_vm,scan_malware,False,4,0.24793414771556854,0.2150045931339264,scan_malware;escalate_to_human;quarantine_system;provision_vm;update_subscription,0.24793415;0.24565187;0.22916237;0.21500459;0.18094845
Standard,688,Can you launch a new instance for Engineering?,provision_vm,provision_vm,provision_vm,True,1,0.41537269949913025,0.41537269949913025,provision_vm;quarantine_system;scan_malware;send_notification;process_refund,0.41537270;0.38484430;0.36549211;0.36440718;0.34733561
Standard,689,Can you create a server for Marketing?,provision_vm,provision_vm,provision_vm,True,1,0.26086756587028503,0.26086756587028503,provision_vm;send_notification;quarantine_system;scan_malware;db_write,0.26086757;0.25579867;0.25543442;0.24645038;0.23028275
Standard,690,Can you stand up a VM for Marketing?,provision_vm,provision_vm,update_subscription,False,5,0.18865211308002472,0.0907055214047432,update_subscription;check_status;send_notification;quarantine_system;provision_vm,0.18865211;0.14557299;0.13677405;0.12097983;0.09070552
Standard,691,Can you deploy a fresh virtual machine for Legal?,provision_vm,provision_vm,provision_vm,True,1,0.2775784730911255,0.2775784730911255,provision_vm;quarantine_system;scan_malware;create_ticket;escalate_to_human,0.27757847;0.26599959;0.25672790;0.24605255;0.24541970
Standard,692,Can you bring up a compute instance for Legal?,provision_vm,provision_vm,escalate_to_human,False,3,0.4636865258216858,0.38996368646621704,escalate_to_human;send_notification;provision_vm;create_ticket;generate_report,0.46368653;0.39423463;0.38996369;0.38986397;0.37356192
Standard,693,Can you allocate a new VM to HR?,provision_vm,provision_vm,update_subscription,False,2,0.4052807092666626,0.3738686442375183,update_subscription;provision_vm;generate_report;quarantine_system;process_refund,0.40528071;0.37386864;0.34966788;0.34437147;0.34167570
Standard,694,Could you provision a new VM for HR for me?,provision_vm,provision_vm,send_notification,False,5,0.37575289607048035,0.3495955765247345,send_notification;update_subscription;generate_report;create_ticket;provision_vm,0.37575290;0.36276793;0.35412627;0.35263324;0.34959558
Standard,695,Could you spin up a virtual machine for HR for me?,provision_vm,provision_vm,quarantine_system,False,4,0.24932435154914856,0.21781659126281738,quarantine_system;scan_malware;send_notification;provision_vm;generate_report,0.24932435;0.24673048;0.22181678;0.21781659;0.21102196
Standard,696,Could you launch a new instance for Finance for me?,provision_vm,provision_vm,provision_vm,True,1,0.3909502625465393,0.3909502625465393,provision_vm;send_notification;generate_report;db_write;create_ticket,0.39095026;0.37445408;0.36991423;0.36518046;0.35400927
Standard,697,Could you create a server for Legal for me?,provision_vm,provision_vm,send_notification,False,4,0.3416641652584076,0.31454983353614807,send_notification;generate_report;create_ticket;provision_vm;escalate_to_human,0.34166417;0.32814538;0.31626344;0.31454983;0.30401102
Standard,698,Could you stand up a VM for Finance for me?,provision_vm,provision_vm,update_subscription,False,5,0.2599825859069824,0.19204169511795044,update_subscription;create_ticket;send_notification;generate_report;provision_vm,0.25998259;0.23041394;0.22864343;0.22714041;0.19204170
Standard,699,Could you deploy a fresh virtual machine for Marketing for me?,provision_vm,provision_vm,restart_service,False,3,0.3224686086177826,0.27714014053344727,restart_service;quarantine_system;provision_vm;scan_malware;send_notification,0.32246861;0.29385239;0.27714014;0.26978910;0.26888064
Standard,700,Could you bring up a compute instance for Legal for me?,provision_vm,provision_vm,escalate_to_human,False,4,0.48940277099609375,0.42417147755622864,escalate_to_human;send_notification;create_ticket;provision_vm;generate_report,0.48940277;0.43883392;0.43056825;0.42417148;0.42380747
Standard,701,Could you allocate a new VM to Legal for me?,provision_vm,provision_vm,update_subscription,False,3,0.4184192419052124,0.39304637908935547,update_subscription;create_ticket;provision_vm;send_notification;generate_report,0.41841924;0.40901208;0.39304638;0.39251235;0.38715836
Standard,702,I need you to provision a new VM for Legal.,provision_vm,provision_vm,send_notification,False,2,0.4235183894634247,0.4167405962944031,send_notification;provision_vm;create_ticket;update_subscription;generate_report,0.42351839;0.41674060;0.41397586;0.41341487;0.38541967
Standard,703,I need you to spin up a virtual machine for Marketing.,provision_vm,provision_vm,quarantine_system,False,3,0.29342326521873474,0.24705761671066284,quarantine_system;scan_malware;provision_vm;send_notification;update_subscription,0.29342327;0.26586550;0.24705762;0.24212720;0.22613047
Standard,704,I need you to launch a new instance for Finance.,provision_vm,provision_vm,provision_vm,True,1,0.45067423582077026,0.45067423582077026,provision_vm;generate_report;send_notification;db_write;create_ticket,0.45067424;0.41411242;0.40703636;0.40057638;0.39586672
Standard,705,I need you to create a server for Legal.,provision_vm,provision_vm,generate_report,False,3,0.377309113740921,0.3689761459827423,generate_report;send_notification;provision_vm;create_ticket;escalate_to_human,0.37730911;0.37396306;0.36897615;0.35850027;0.35202652
Standard,706,I need you to stand up a VM for Finance.,provision_vm,provision_vm,update_subscription,False,5,0.3338041305541992,0.2580619156360626,update_subscription;generate_report;create_ticket;send_notification;provision_vm,0.33380413;0.28392598;0.27223793;0.26481205;0.25806192
Standard,707,I need you to deploy a fresh virtual machine for HR.,provision_vm,provision_vm,restart_service,False,4,0.4005162715911865,0.3792631924152374,restart_service;process_refund;quarantine_system;provision_vm;generate_report,0.40051627;0.39452535;0.39251623;0.37926319;0.33708403
Standard,708,I need you to bring up a compute instance for HR.,provision_vm,provision_vm,generate_report,False,3,0.4465852379798889,0.4212518334388733,generate_report;send_notification;provision_vm;process_refund;quarantine_system,0.44658524;0.43015134;0.42125183;0.41889891;0.41387817
Standard,709,I need you to allocate a new VM to Engineering.,provision_vm,provision_vm,provision_vm,True,1,0.4732283353805542,0.4732283353805542,provision_vm;quarantine_system;generate_report;send_notification;create_ticket,0.47322834;0.44947070;0.43270603;0.43173662;0.41328073
Standard,710,We should provision a new VM for Legal.,provision_vm,provision_vm,update_subscription,False,3,0.3380497395992279,0.3058551847934723,update_subscription;send_notification;provision_vm;create_ticket;quarantine_system,0.33804974;0.30871785;0.30585518;0.28586045;0.28127307
Standard,711,We should spin up a virtual machine for HR.,provision_vm,provision_vm,quarantine_system,False,4,0.21234729886054993,0.16135196387767792,quarantine_system;scan_malware;process_refund;provision_vm;generate_report,0.21234730;0.18327302;0.16603711;0.16135196;0.16038509
Standard,712,We should launch a new instance for HR.,provision_vm,provision_vm,process_refund,False,2,0.3688881993293762,0.3681706190109253,process_refund;provision_vm;generate_report;quarantine_system;send_notification,0.36888820;0.36817062;0.36293942;0.35808215;0.34776458
Standard,713,We should create a server for Engineering.,provision_vm,provision_vm,quarantine_system,False,3,0.3579128086566925,0.3401114046573639,quarantine_system;scan_malware;provision_vm;generate_report;send_notification,0.35791281;0.35749558;0.34011140;0.32774210;0.32535762
Standard,714,We should stand up a VM for Engineering.,provision_vm,provision_vm,quarantine_system,False,6,0.22811338305473328,0.1914673149585724,quarantine_system;update_subscription;send_notification;generate_report;scan_malware,0.22811338;0.22774655;0.21558714;0.19599894;0.19396402
Standard,715,We should deploy a fresh virtual machine for Legal.,provision_vm,provision_vm,quarantine_system,False,2,0.2673230469226837,0.26487600803375244,quarantine_system;provision_vm;restart_service;process_refund;escalate_to_human,0.26732305;0.26487601;0.26276255;0.25610974;0.23582685
Standard,716,We should bring up a compute instance for Legal.,provision_vm,provision_vm,escalate_to_human,False,5,0.44567495584487915,0.3587523102760315,escalate_to_human;generate_report;send_notification;create_ticket;provision_vm,0.44567496;0.36726102;0.36658403;0.36372045;0.35875231
Standard,717,We should allocate a new VM to Finance.,provision_vm,provision_vm,update_subscription,False,2,0.37260758876800537,0.3364163935184479,update_subscription;provision_vm;generate_report;quarantine_system;process_refund,0.37260759;0.33641639;0.32118154;0.29584116;0.29219049
Standard,718,Let's provision a new VM for Marketing.,provision_vm,provision_vm,update_subscription,False,3,0.3475746810436249,0.30464601516723633,update_subscription;send_notification;provision_vm;quarantine_system;process_refund,0.34757468;0.32996339;0.30464602;0.29600665;0.28272900
Standard,719,Let's spin up a virtual machine for Legal.,provision_vm,provision_vm,escalate_to_human,False,4,0.2631255090236664,0.20252594351768494,escalate_to_human;quarantine_system;scan_malware;provision_vm;create_ticket,0.26312551;0.20759334;0.20328993;0.20252594;0.17056498
Standard,720,Let's launch a new instance for Marketing.,provision_vm,provision_vm,provision_vm,True,1,0.3436666429042816,0.3436666429042816,provision_vm;send_notification;restart_service;process_refund;quarantine_system,0.34366664;0.33103219;0.32641783;0.31469527;0.31437838
Standard,721,Let's create a server for Finance.,provision_vm,provision_vm,db_write,False,2,0.3418477475643158,0.34115302562713623,db_write;provision_vm;generate_report;send_notification;create_ticket,0.34184775;0.34115303;0.32155821;0.30112848;0.28600931
Standard,722,Let's stand up a VM for Legal.,provision_vm,provision_vm,update_subscription,False,6,0.2625511884689331,0.1825266182422638,update_subscription;escalate_to_human;create_ticket;send_notification;generate_report,0.26255119;0.24963094;0.22423236;0.19771126;0.18300353
Standard,723,Let's deploy a fresh virtual machine for Marketing.,provision_vm,provision_vm,restart_service,False,4,0.3698643147945404,0.2673572599887848,restart_service;quarantine_system;process_refund;provision_vm;update_subscription,0.36986431;0.28675053;0.27377576;0.26735726;0.24789891
Standard,724,Let's bring up a compute instance for Legal.,provision_vm,provision_vm,escalate_to_human,False,3,0.47027793526649475,0.365553617477417,escalate_to_human;create_ticket;provision_vm;generate_report;send_notification,0.47027794;0.37281278;0.36555362;0.36439964;0.35818866
Standard,725,Let's allocate a new VM to Marketing.,provision_vm,provision_vm,update_subscription,False,2,0.35358384251594543,0.3063076138496399,update_subscription;provision_vm;quarantine_system;send_notification;process_refund,0.35358384;0.30630761;0.29176033;0.28706124;0.28055805
Standard,726,Kindly provision a new VM for Legal.,provision_vm,provision_vm,create_ticket,False,5,0.3409680724143982,0.307743638753891,create_ticket;update_subscription;send_notification;escalate_to_human;provision_vm,0.34096807;0.33176184;0.32897443;0.31670806;0.30774364
Standard,727,Kindly spin up a virtual machine for Marketing.,provision_vm,provision_vm,scan_malware,False,4,0.19920694828033447,0.13045917451381683,scan_malware;quarantine_system;restart_service;provision_vm;update_subscription,0.19920695;0.17560402;0.15602279;0.13045917;0.12608257
Standard,728,Kindly launch a new instance for Engineering.,provision_vm,provision_vm,provision_vm,True,1,0.421927273273468,0.421927273273468,provision_vm;quarantine_system;process_refund;send_notification;generate_report,0.42192727;0.40466821;0.39872918;0.38807970;0.37548137
Standard,729,Kindly create a server for Legal.,provision_vm,provision_vm,escalate_to_human,False,5,0.28698742389678955,0.25410935282707214,escalate_to_human;create_ticket;send_notification;generate_report;provision_vm,0.28698742;0.28423768;0.26458007;0.26244551;0.25410935
Standard,730,Kindly stand up a VM for Engineering.,provision_vm,provision_vm,quarantine_system,False,4,0.2614287734031677,0.2257116734981537,quarantine_system;scan_malware;send_notification;provision_vm;update_subscription,0.26142877;0.24742928;0.23628381;0.22571167;0.22540052
Standard,731,Kindly deploy a fresh virtual machine for HR.,provision_vm,provision_vm,restart_service,False,4,0.3546638488769531,0.2732638716697693,restart_service;process_refund;quarantine_system;provision_vm;scan_malware,0.35466385;0.30273896;0.30063292;0.27326387;0.26805943
Standard,732,Kindly bring up a compute instance for Engineering.,provision_vm,provision_vm,provision_vm,True,1,0.3923938274383545,0.3923938274383545,provision_vm;process_refund;generate_report;quarantine_system;send_notification,0.39239383;0.39056703;0.38747343;0.37514266;0.36708161
Standard,733,Kindly allocate a new VM to Finance.,provision_vm,provision_vm,update_subscription,False,3,0.3369860053062439,0.2941323220729828,update_subscription;create_ticket;provision_vm;generate_report;db_write,0.33698601;0.30161172;0.29413232;0.27063972;0.25710952
Standard,734,"When you have a moment, provision a new VM for Engineering.",provision_vm,provision_vm,quarantine_system,False,2,0.37815648317337036,0.3640316128730774,quarantine_system;provision_vm;process_refund;send_notification;update_subscription,0.37815648;0.36403161;0.35292158;0.35224026;0.32021594
Standard,735,"When you have a moment, spin up a virtual machine for Engineering.",provision_vm,provision_vm,quarantine_system,False,4,0.2875392735004425,0.22537249326705933,quarantine_system;scan_malware;escalate_to_human;provision_vm;process_refund,0.28753927;0.28055295;0.22677718;0.22537249;0.21030849
Standard,736,"When you have a moment, launch a new instance for Engineering.",provision_vm,provision_vm,provision_vm,True,1,0.4122670888900757,0.4122670888900757,provision_vm;quarantine_system;process_refund;send_notification;generate_report,0.41226709;0.40802085;0.39351714;0.36659139;0.34718433
Standard,737,restart the service on staging-db-02.,restart_service,restart_service,restart_service,True,1,0.5255835652351379,0.5255835652351379,restart_service;db_write;process_refund;db_read;quarantine_system,0.52558357;0.30138394;0.28895876;0.23325340;0.23309901
Standard,738,reboot staging-db-02.,restart_service,restart_service,restart_service,True,1,0.4106072187423706,0.4106072187423706,restart_service;db_write;process_refund;provision_vm;db_read,0.41060722;0.30504191;0.23464318;0.22107837;0.21929149
Standard,739,bounce the service running on prod-web-01.,restart_service,restart_service,restart_service,True,1,0.4726751148700714,0.4726751148700714,restart_service;quarantine_system;process_refund;check_status;provision_vm,0.47267511;0.41140395;0.37850255;0.36926872;0.34946775
Standard,740,cycle ml-infer-05.,restart_service,restart_service,send_notification,False,9,0.19359885156154633,0.15381817519664764,send_notification;quarantine_system;scan_malware;process_refund;generate_report,0.19359885;0.19235076;0.18198183;0.16832215;0.16466378
Standard,741,restart staging-db-02's service process.,restart_service,restart_service,restart_service,True,1,0.520393967628479,0.520393967628479,restart_service;db_write;process_refund;db_read;check_status,0.52039397;0.29959565;0.28028923;0.24226099;0.21835473
Standard,742,bring the service on staging-db-02 back up.,restart_service,restart_service,restart_service,True,1,0.441446453332901,0.441446453332901,restart_service;db_write;db_read;process_refund;check_status,0.44144645;0.33364969;0.29362997;0.27083763;0.25809726
Standard,743,reload the service hosted on staging-db-02.,restart_service,restart_service,restart_service,True,1,0.49089860916137695,0.49089860916137695,restart_service;db_write;process_refund;db_read;provision_vm,0.49089861;0.27966639;0.24954832;0.20248169;0.20208184
Standard,744,perform a service restart on auth-svc-04.,restart_service,restart_service,restart_service,True,1,0.536282479763031,0.536282479763031,restart_service;process_refund;quarantine_system;provision_vm;reset_password,0.53628248;0.25820944;0.20576839;0.18026154;0.16981152
Standard,745,Please restart the service on cdn-edge-06.,restart_service,restart_service,restart_service,True,1,0.5003984570503235,0.5003984570503235,restart_service;process_refund;provision_vm;quarantine_system;send_notification,0.50039846;0.35511652;0.31500515;0.31418937;0.29540414
Standard,746,Please reboot prod-web-01.,restart_service,restart_service,restart_service,True,1,0.476960688829422,0.476960688829422,restart_service;process_refund;provision_vm;quarantine_system;generate_report,0.47696069;0.41238150;0.40614972;0.38891092;0.34077346
Standard,747,Please bounce the service running on ml-infer-05.,restart_service,restart_service,restart_service,True,1,0.4010550081729889,0.4010550081729889,restart_service;quarantine_system;send_notification;check_status;process_refund,0.40105501;0.35134271;0.33763105;0.33487779;0.32616565
Standard,748,Please cycle staging-db-02.,restart_service,restart_service,db_write,False,5,0.39610615372657776,0.2752172350883484,db_write;db_read;send_notification;provision_vm;restart_service,0.39610615;0.33887678;0.29363438;0.27702174;0.27521724
Standard,749,Please restart cdn-edge-06's service process.,restart_service,restart_service,restart_service,True,1,0.4875706136226654,0.4875706136226654,restart_service;process_refund;quarantine_system;check_status;provision_vm,0.48757061;0.34263927;0.29900518;0.29536963;0.29292959
Standard,750,Please bring the service on payment-api-03 back up.,restart_service,restart_service,restart_service,True,1,0.43683910369873047,0.43683910369873047,restart_service;process_refund;provision_vm;quarantine_system;send_notification,0.43683910;0.40175298;0.39689848;0.38981932;0.34982154
Standard,751,Please reload the service hosted on payment-api-03.,restart_service,restart_service,restart_service,True,1,0.48221805691719055,0.48221805691719055,restart_service;process_refund;provision_vm;quarantine_system;create_ticket,0.48221806;0.35215735;0.31347039;0.29049233;0.27314001
Standard,752,Please perform a service restart on staging-db-02.,restart_service,restart_service,restart_service,True,1,0.5206126570701599,0.5206126570701599,restart_service;db_write;process_refund;db_read;check_status,0.52061266;0.31122911;0.28062093;0.23780882;0.23216993
Standard,753,Can you restart the service on ml-infer-05?,restart_service,restart_service,restart_service,True,1,0.5715336799621582,0.5715336799621582,restart_service;process_refund;quarantine_system;provision_vm;db_write,0.57153368;0.36644933;0.32604688;0.31647858;0.28039312
Standard,754,Can you reboot ml-infer-05?,restart_service,restart_service,restart_service,True,1,0.4602057635784149,0.4602057635784149,restart_service;provision_vm;process_refund;quarantine_system;db_write,0.46020576;0.36753845;0.36035571;0.34514192;0.32000148
Standard,755,Can you bounce the service running on cdn-edge-06?,restart_service,restart_service,restart_service,True,1,0.3765294849872589,0.3765294849872589,restart_service;check_status;quarantine_system;provision_vm;send_notification,0.37652948;0.33981988;0.31830883;0.29024088;0.28753048
Standard,756,Can you cycle cdn-edge-06?,restart_service,restart_service,provision_vm,False,11,0.32587724924087524,0.2065528929233551,provision_vm;quarantine_system;send_notification;scan_malware;create_ticket,0.32587725;0.29937455;0.28945291;0.27283961;0.26953867
Standard,757,Can you restart prod-web-01's service process?,restart_service,restart_service,restart_service,True,1,0.6124885082244873,0.6124885082244873,restart_service;process_refund;quarantine_system;provision_vm;check_status,0.61248851;0.44398674;0.40738395;0.37438101;0.30338189
Standard,758,Can you bring the service on staging-db-02 back up?,restart_service,restart_service,restart_service,True,1,0.406549870967865,0.406549870967865,restart_service;db_write;db_read;check_status;process_refund,0.40654987;0.33904213;0.33137798;0.27394757;0.26261741
Standard,759,Can you reload the service hosted on payment-api-03?,restart_service,restart_service,restart_service,True,1,0.458351731300354,0.458351731300354,restart_service;process_refund;provision_vm;quarantine_system;create_ticket,0.45835173;0.32504448;0.29906797;0.27429998;0.24586655
Standard,760,Can you perform a service restart on prod-web-01?,restart_service,restart_service,restart_service,True,1,0.6008837223052979,0.6008837223052979,restart_service;process_refund;quarantine_system;provision_vm;check_status,0.60088372;0.42094377;0.38072264;0.36370531;0.29098704
Standard,761,Could you restart the service on ml-infer-05 for me?,restart_service,restart_service,restart_service,True,1,0.5649178624153137,0.5649178624153137,restart_service;process_refund;quarantine_system;provision_vm;db_write,0.56491786;0.39528495;0.36096665;0.35437950;0.32392368
Standard,762,Could you reboot prod-web-01 for me?,restart_service,restart_service,provision_vm,False,2,0.4504167437553406,0.44325873255729675,provision_vm;restart_service;process_refund;quarantine_system;generate_report,0.45041674;0.44325873;0.42341352;0.42093396;0.38700306
Standard,763,Could you bounce the service running on payment-api-03 for me?,restart_service,restart_service,check_status,False,3,0.3947576582431793,0.37443462014198303,check_status;quarantine_system;restart_service;process_refund;provision_vm,0.39475766;0.39038283;0.37443462;0.35950956;0.35817748
Standard,764,Could you cycle ml-infer-05 for me?,restart_service,restart_service,scan_malware,False,11,0.33577871322631836,0.22169211506843567,scan_malware;quarantine_system;send_notification;db_write;generate_report,0.33577871;0.32823637;0.32735175;0.32413065;0.31604663
Standard,765,Could you restart cdn-edge-06's service process for me?,restart_service,restart_service,restart_service,True,1,0.5514124035835266,0.5514124035835266,restart_service;process_refund;quarantine_system;provision_vm;check_status,0.55141240;0.37480730;0.33679208;0.32499558;0.30557722
Standard,766,Could you bring the service on auth-svc-04 back up for me?,restart_service,restart_service,restart_service,True,1,0.4401039779186249,0.4401039779186249,restart_service;process_refund;quarantine_system;provision_vm;generate_report,0.44010398;0.36409011;0.35332778;0.34543756;0.30663970
Standard,767,Could you reload the service hosted on auth-svc-04 for me?,restart_service,restart_service,restart_service,True,1,0.5094584822654724,0.5094584822654724,restart_service;process_refund;provision_vm;quarantine_system;create_ticket,0.50945848;0.33323503;0.29557016;0.28339884;0.24523005
Standard,768,Could you perform a service restart on cdn-edge-06 for me?,restart_service,restart_service,restart_service,True,1,0.5456541776657104,0.5456541776657104,restart_service;process_refund;provision_vm;quarantine_system;check_status,0.54565418;0.35064542;0.31578806;0.31381312;0.28191236
Standard,769,I need you to restart the service on staging-db-02.,restart_service,restart_service,restart_service,True,1,0.5426035523414612,0.5426035523414612,restart_service;db_write;process_refund;quarantine_system;provision_vm,0.54260355;0.32382619;0.31059712;0.25402838;0.24817441
Standard,770,I need you to reboot prod-web-01.,restart_service,restart_service,restart_service,True,1,0.48439303040504456,0.48439303040504456,restart_service;process_refund;provision_vm;quarantine_system;generate_report,0.48439303;0.43233186;0.42985401;0.41486970;0.36254215
Standard,771,I need you to bounce the service running on ml-infer-05.,restart_service,restart_service,quarantine_system,False,2,0.3929020166397095,0.3854599893093109,quarantine_system;restart_service;send_notification;check_status;provision_vm,0.39290202;0.38545999;0.38343331;0.36361468;0.35994118
Standard,772,I need you to cycle cdn-edge-06.,restart_service,restart_service,provision_vm,False,13,0.35873961448669434,0.20774893462657928,provision_vm;send_notification;quarantine_system;generate_report;create_ticket,0.35873961;0.34115857;0.33621818;0.31227690;0.29878637
Standard,773,I need you to restart cdn-edge-06's service process.,restart_service,restart_service,restart_service,True,1,0.5525253415107727,0.5525253415107727,restart_service;process_refund;quarantine_system;provision_vm;check_status,0.55252534;0.38300872;0.34257737;0.33172596;0.30259618
Standard,774,I need you to bring the service on staging-db-02 back up.,restart_service,restart_service,restart_service,True,1,0.4260244369506836,0.4260244369506836,restart_service;db_write;db_read;check_status;process_refund,0.42602444;0.38711318;0.36268941;0.32077768;0.31112361
Standard,775,I need you to reload the service hosted on prod-web-01.,restart_service,restart_service,restart_service,True,1,0.5620766282081604,0.5620766282081604,restart_service;process_refund;provision_vm;quarantine_system;create_ticket,0.56207663;0.44005898;0.39753667;0.38973221;0.32087383
Standard,776,I need you to perform a service restart on cdn-edge-06.,restart_service,restart_service,restart_service,True,1,0.5652478337287903,0.5652478337287903,restart_service;process_refund;quarantine_system;provision_vm;send_notification,0.56524783;0.36320201;0.32174513;0.31881917;0.27961174
Standard,777,We should restart the service on payment-api-03.,restart_service,restart_service,restart_service,True,1,0.542976975440979,0.542976975440979,restart_service;process_refund;quarantine_system;provision_vm;check_status,0.54297698;0.40072489;0.35068837;0.34464699;0.29507506
Standard,778,We should reboot cdn-edge-06.,restart_service,restart_service,restart_service,True,1,0.3550059497356415,0.3550059497356415,restart_service;provision_vm;process_refund;quarantine_system;send_notification,0.35500595;0.28702796;0.27702588;0.26077890;0.24000002
Standard,779,We should bounce the service running on ml-infer-05.,restart_service,restart_service,restart_service,True,1,0.3548458516597748,0.3548458516597748,restart_service;quarantine_system;check_status;send_notification;process_refund,0.35484585;0.30961043;0.30208889;0.30088139;0.28739637
Standard,780,We should cycle prod-web-01.,restart_service,restart_service,quarantine_system,False,12,0.4307824671268463,0.26843053102493286,quarantine_system;provision_vm;generate_report;scan_malware;process_refund,0.43078247;0.41850722;0.40814182;0.40401262;0.39202991
Standard,781,We should restart ml-infer-05's service process.,restart_service,restart_service,restart_service,True,1,0.5352963209152222,0.5352963209152222,restart_service;process_refund;quarantine_system;provision_vm;generate_report,0.53529632;0.37671733;0.33732858;0.30661422;0.27951768
Standard,782,We should bring the service on prod-web-01 back up.,restart_service,restart_service,restart_service,True,1,0.46724289655685425,0.46724289655685425,restart_service;process_refund;quarantine_system;provision_vm;generate_report,0.46724290;0.45138532;0.44457325;0.42528287;0.40155461
Standard,783,We should reload the service hosted on payment-api-03.,restart_service,restart_service,restart_service,True,1,0.4972308576107025,0.4972308576107025,restart_service;process_refund;provision_vm;quarantine_system;create_ticket,0.49723086;0.38924524;0.34918347;0.33255333;0.28378308
Standard,784,We should perform a service restart on ml-infer-05.,restart_service,restart_service,restart_service,True,1,0.5351086258888245,0.5351086258888245,restart_service;process_refund;quarantine_system;provision_vm;db_write,0.53510863;0.36156324;0.33106357;0.30153111;0.29257306
Standard,785,Let's restart the service on auth-svc-04.,restart_service,restart_service,restart_service,True,1,0.562969446182251,0.562969446182251,restart_service;process_refund;quarantine_system;provision_vm;reset_password,0.56296945;0.33318925;0.27404338;0.25356853;0.22020602
Standard,786,Let's reboot cdn-edge-06.,restart_service,restart_service,restart_service,True,1,0.38954588770866394,0.38954588770866394,restart_service;provision_vm;process_refund;quarantine_system;send_notification,0.38954589;0.30754584;0.29555374;0.26850119;0.26028025
Standard,787,Let's bounce the service running on payment-api-03.,restart_service,restart_service,restart_service,True,1,0.3991415798664093,0.3991415798664093,restart_service;check_status;quarantine_system;process_refund;provision_vm,0.39914158;0.39014003;0.38611677;0.37160054;0.35288575
Standard,788,Let's cycle prod-web-01.,restart_service,restart_service,provision_vm,False,12,0.45789897441864014,0.3052317202091217,provision_vm;quarantine_system;generate_report;process_refund;send_notification,0.45789897;0.45479459;0.43376231;0.43092951;0.42841595
Standard,789,Let's restart ml-infer-05's service process.,restart_service,restart_service,restart_service,True,1,0.5614935755729675,0.5614935755729675,restart_service;process_refund;quarantine_system;provision_vm;generate_report,0.56149358;0.38839996;0.33851248;0.31462938;0.27985865
Standard,790,Let's bring the service on prod-web-01 back up.,restart_service,restart_service,restart_service,True,1,0.5006111264228821,0.5006111264228821,restart_service;process_refund;quarantine_system;provision_vm;generate_report,0.50061113;0.46746051;0.45792407;0.44454122;0.40932631
Standard,791,Let's reload the service hosted on auth-svc-04.,restart_service,restart_service,restart_service,True,1,0.5147727727890015,0.5147727727890015,restart_service;process_refund;quarantine_system;provision_vm;reset_password,0.51477277;0.30321935;0.23265211;0.23140997;0.18771201
Standard,792,Let's perform a service restart on auth-svc-04.,restart_service,restart_service,restart_service,True,1,0.547113299369812,0.547113299369812,restart_service;process_refund;quarantine_system;provision_vm;reset_password,0.54711330;0.30417681;0.25996253;0.23084781;0.19966212
Standard,793,Kindly restart the service on prod-web-01.,restart_service,restart_service,restart_service,True,1,0.593453049659729,0.593453049659729,restart_service;process_refund;quarantine_system;provision_vm;send_notification,0.59345305;0.45119974;0.39348632;0.37897414;0.30841649
Standard,794,Kindly reboot auth-svc-04.,restart_service,restart_service,restart_service,True,1,0.3975755572319031,0.3975755572319031,restart_service;reset_password;process_refund;provision_vm;quarantine_system,0.39757556;0.28096890;0.22951096;0.18312122;0.17554794
Standard,795,Kindly bounce the service running on payment-api-03.,restart_service,restart_service,restart_service,True,1,0.3597988784313202,0.3597988784313202,restart_service;quarantine_system;check_status;process_refund;provision_vm,0.35979888;0.31266177;0.30503204;0.29704565;0.27160051
Standard,796,Kindly cycle cdn-edge-06.,restart_service,restart_service,provision_vm,False,9,0.2687098979949951,0.1887885332107544,provision_vm;quarantine_system;send_notification;create_ticket;scan_malware,0.26870990;0.25212845;0.24698603;0.23114742;0.22254235
Standard,797,Kindly restart auth-svc-04's service process.,restart_service,restart_service,restart_service,True,1,0.5062280297279358,0.5062280297279358,restart_service;process_refund;quarantine_system;reset_password;provision_vm,0.50622803;0.26590732;0.20502952;0.19691253;0.17129607
Standard,798,Kindly bring the service on cdn-edge-06 back up.,restart_service,restart_service,restart_service,True,1,0.3880562484264374,0.3880562484264374,restart_service;process_refund;provision_vm;quarantine_system;check_status,0.38805625;0.28761944;0.27977169;0.27180108;0.26806086
Standard,799,Kindly reload the service hosted on staging-db-02.,restart_service,restart_service,restart_service,True,1,0.4751545786857605,0.4751545786857605,restart_service;db_write;process_refund;db_read;provision_vm,0.47515458;0.25475618;0.24004811;0.19466320;0.17685403
Standard,800,Kindly perform a service restart on auth-svc-04.,restart_service,restart_service,restart_service,True,1,0.5319734215736389,0.5319734215736389,restart_service;process_refund;quarantine_system;provision_vm;reset_password,0.53197342;0.25758398;0.20285045;0.17140351;0.16307080
Standard,801,"When you have a moment, restart the service on staging-db-02.",restart_service,restart_service,restart_service,True,1,0.5125046372413635,0.5125046372413635,restart_service;process_refund;db_write;quarantine_system;provision_vm,0.51250464;0.32121757;0.30572793;0.26618013;0.25106156
Standard,802,"When you have a moment, reboot cdn-edge-06.",restart_service,restart_service,restart_service,True,1,0.4031282663345337,0.4031282663345337,restart_service;process_refund;provision_vm;quarantine_system;send_notification,0.40312827;0.32458892;0.31379089;0.30116117;0.25542217
Standard,803,"When you have a moment, bounce the service running on ml-infer-05.",restart_service,restart_service,restart_service,True,1,0.37110278010368347,0.37110278010368347,restart_service;quarantine_system;check_status;process_refund;send_notification,0.37110278;0.35798839;0.34509638;0.32908407;0.31911480
Standard,804,check the status of cdn-edge-06.,check_status,check_status,check_status,True,1,0.31102195382118225,0.31102195382118225,check_status;send_notification;create_ticket;generate_report;quarantine_system,0.31102195;0.29327163;0.27458566;0.27316901;0.26687202
Standard,805,verify whether payment-api-03 is healthy.,check_status,check_status,check_status,True,1,0.24676616489887238,0.24676616489887238,check_status;quarantine_system;send_notification;log_audit_event;generate_report,0.24676616;0.15927553;0.15656149;0.13623352;0.11161717
Standard,806,see if ml-infer-05 is up.,check_status,check_status,check_status,True,1,0.26600608229637146,0.26600608229637146,check_status;quarantine_system;db_read;send_notification;log_audit_event,0.26600608;0.25822100;0.24742158;0.24171165;0.23875795
Standard,807,inspect the current state of ml-infer-05.,check_status,check_status,log_audit_event,False,2,0.27040398120880127,0.2540924847126007,log_audit_event;check_status;quarantine_system;scan_malware;generate_report,0.27040398;0.25409248;0.25073901;0.24784075;0.24173085
Standard,808,look into auth-svc-04's health.,check_status,check_status,quarantine_system,False,12,0.2700311839580536,0.1621919721364975,quarantine_system;reset_password;scan_malware;log_audit_event;escalate_to_human,0.27003118;0.25294748;0.24827331;0.23690927;0.22964039
Standard,809,confirm that auth-svc-04 is running normally.,check_status,check_status,reset_password,False,6,0.22408908605575562,0.1973745971918106,reset_password;restart_service;quarantine_system;log_audit_event;scan_malware,0.22408909;0.21049319;0.20172134;0.20094444;0.19876315
Standard,810,check whether cdn-edge-06 is operational.,check_status,check_status,check_status,True,1,0.3539055287837982,0.3539055287837982,check_status;send_notification;quarantine_system;log_audit_event;process_refund,0.35390553;0.29013175;0.27048534;0.24177355;0.24132474
Standard,811,review the status of ml-infer-05.,check_status,check_status,generate_report,False,7,0.21705003082752228,0.1929951161146164,generate_report;send_notification;log_audit_event;db_write;quarantine_system,0.21705003;0.20658386;0.20114399;0.19804789;0.19667301
Standard,812,Please check the status of payment-api-03.,check_status,check_status,check_status,True,1,0.3549730181694031,0.3549730181694031,check_status;log_audit_event;send_notification;quarantine_system;generate_report,0.35497302;0.32139337;0.31645480;0.30928081;0.30506384
Standard,813,Please verify whether staging-db-02 is healthy.,check_status,check_status,db_write,False,3,0.2711106240749359,0.21315166354179382,db_write;db_read;check_status;restart_service;send_notification,0.27111062;0.26421210;0.21315166;0.20932180;0.17206168
Standard,814,Please see if prod-web-01 is up.,check_status,check_status,quarantine_system,False,10,0.4438997209072113,0.3302587568759918,quarantine_system;provision_vm;generate_report;send_notification;process_refund,0.44389972;0.43430829;0.43253601;0.41439679;0.41059318
Standard,815,Please inspect the current state of payment-api-03.,check_status,check_status,check_status,True,1,0.3695518672466278,0.3695518672466278,check_status;log_audit_event;quarantine_system;generate_report;provision_vm,0.36955187;0.36846539;0.36011186;0.35387826;0.34932536
Standard,816,Please look into auth-svc-04's health.,check_status,check_status,quarantine_system,False,13,0.29015377163887024,0.1734500527381897,quarantine_system;reset_password;scan_malware;log_audit_event;process_refund,0.29015377;0.28214464;0.27032763;0.26051697;0.25125465
Standard,817,Please confirm that staging-db-02 is running normally.,check_status,check_status,db_read,False,3,0.36553430557250977,0.3115929961204529,db_read;db_write;check_status;restart_service;send_notification,0.36553431;0.32410306;0.31159300;0.23894210;0.22351679
Standard,818,Please check whether auth-svc-04 is operational.,check_status,check_status,log_audit_event,False,2,0.2796992063522339,0.27349016070365906,log_audit_event;check_status;quarantine_system;process_refund;send_notification,0.27969921;0.27349016;0.26090646;0.25365013;0.24172765
Standard,819,Please review the status of ml-infer-05.,check_status,check_status,generate_report,False,9,0.2801547348499298,0.22755765914916992,generate_report;send_notification;quarantine_system;log_audit_event;db_write,0.28015473;0.26392320;0.25853202;0.25530782;0.25438136
Standard,820,Can you check the status of ml-infer-05?,check_status,check_status,check_status,True,1,0.30671951174736023,0.30671951174736023,check_status;log_audit_event;quarantine_system;send_notification;generate_report,0.30671951;0.29181999;0.27739909;0.27666739;0.27621576
Standard,821,Can you verify whether cdn-edge-06 is healthy?,check_status,check_status,check_status,True,1,0.2523009777069092,0.2523009777069092,check_status;send_notification;quarantine_system;restart_service;scan_malware,0.25230098;0.18484846;0.17412062;0.17271550;0.14054449
Standard,822,Can you see if auth-svc-04 is up?,check_status,check_status,log_audit_event,False,4,0.2423071563243866,0.20174092054367065,log_audit_event;reset_password;quarantine_system;check_status;process_refund,0.24230716;0.20385274;0.20300449;0.20174092;0.18314062
Standard,823,Can you inspect the current state of payment-api-03?,check_status,check_status,check_status,True,1,0.3543841242790222,0.3543841242790222,check_status;log_audit_event;quarantine_system;generate_report;create_ticket,0.35438412;0.34901273;0.31564230;0.28740299;0.28629279
Standard,824,Can you look into prod-web-01's health?,check_status,check_status,quarantine_system,False,12,0.4425259232521057,0.28881970047950745,quarantine_system;generate_report;provision_vm;scan_malware;process_refund,0.44252592;0.41906315;0.40798685;0.40471637;0.39828640
Standard,825,Can you confirm that auth-svc-04 is running normally?,check_status,check_status,log_audit_event,False,3,0.24434158205986023,0.22047342360019684,log_audit_event;reset_password;check_status;restart_service;quarantine_system,0.24434158;0.22410843;0.22047342;0.21311474;0.20650333
Standard,826,Can you check whether payment-api-03 is operational?,check_status,check_status,check_status,True,1,0.36759740114212036,0.36759740114212036,check_status;log_audit_event;quarantine_system;process_refund;send_notification,0.36759740;0.31405979;0.30452484;0.26969212;0.26173669
Standard,827,Can you review the status of auth-svc-04?,check_status,check_status,log_audit_event,False,2,0.2756526470184326,0.26391005516052246,log_audit_event;check_status;quarantine_system;create_ticket;process_refund,0.27565265;0.26391006;0.23185627;0.21867636;0.21449722
Standard,828,Could you check the status of staging-db-02 for me?,check_status,check_status,db_read,False,3,0.37882286310195923,0.32575052976608276,db_read;db_write;check_status;send_notification;generate_report,0.37882286;0.37640655;0.32575053;0.26714069;0.26689565
Standard,829,Could you verify whether payment-api-03 is healthy for me?,check_status,check_status,check_status,True,1,0.3054783046245575,0.3054783046245575,check_status;send_notification;quarantine_system;generate_report;log_audit_event,0.30547830;0.23299953;0.22696951;0.21579742;0.21009916
Standard,830,Could you see if payment-api-03 is up for me?,check_status,check_status,log_audit_event,False,3,0.3248565196990967,0.3210180103778839,log_audit_event;send_notification;check_status;generate_report;create_ticket,0.32485652;0.32223481;0.32101801;0.31267664;0.31111673
Standard,831,Could you inspect the current state of payment-api-03 for me?,check_status,check_status,check_status,True,1,0.3843764662742615,0.3843764662742615,check_status;log_audit_event;quarantine_system;generate_report;create_ticket,0.38437647;0.38331008;0.35133296;0.35031056;0.33515742
Standard,832,Could you look into ml-infer-05's health for me?,check_status,check_status,generate_report,False,11,0.32172152400016785,0.22127677500247955,generate_report;db_write;quarantine_system;send_notification;process_refund,0.32172152;0.31156898;0.30290306;0.30175442;0.27867562
Standard,833,Could you confirm that cdn-edge-06 is running normally for me?,check_status,check_status,check_status,True,1,0.31525954604148865,0.31525954604148865,check_status;send_notification;log_audit_event;quarantine_system;generate_report,0.31525955;0.23924364;0.23478693;0.22578537;0.21447349
Standard,834,Could you check whether payment-api-03 is operational for me?,check_status,check_status,check_status,True,1,0.3971661329269409,0.3971661329269409,check_status;log_audit_event;quarantine_system;send_notification;generate_report,0.39716613;0.36598858;0.35281008;0.34163082;0.33490190
Standard,835,Could you review the status of ml-infer-05 for me?,check_status,check_status,generate_report,False,4,0.3206718862056732,0.30292850732803345,generate_report;db_write;send_notification;check_status;log_audit_event,0.32067189;0.30580169;0.30475184;0.30292851;0.29955834
Standard,836,I need you to check the status of ml-infer-05.,check_status,check_status,generate_report,False,5,0.34858205914497375,0.335025429725647,generate_report;quarantine_system;send_notification;db_write;check_status,0.34858206;0.34636760;0.34536040;0.33680010;0.33502543
Standard,837,I need you to verify whether staging-db-02 is healthy.,check_status,check_status,db_write,False,3,0.33491507172584534,0.2665017247200012,db_write;db_read;check_status;restart_service;send_notification,0.33491507;0.33018500;0.26650172;0.22965236;0.21785225
Standard,838,I need you to see if staging-db-02 is up.,check_status,check_status,db_read,False,3,0.38038069009780884,0.29815474152565,db_read;db_write;check_status;send_notification;generate_report,0.38038069;0.37278840;0.29815474;0.26965004;0.26592821
Standard,839,I need you to inspect the current state of cdn-edge-06.,check_status,check_status,check_status,True,1,0.35831961035728455,0.35831961035728455,check_status;quarantine_system;create_ticket;provision_vm;send_notification,0.35831961;0.34152064;0.33149341;0.33144453;0.32966110
Standard,840,I need you to look into auth-svc-04's health.,check_status,check_status,quarantine_system,False,12,0.36126962304115295,0.24081291258335114,quarantine_system;reset_password;scan_malware;process_refund;provision_vm,0.36126962;0.32173520;0.31924629;0.31337795;0.31164396
Standard,841,I need you to confirm that ml-infer-05 is running normally.,check_status,check_status,quarantine_system,False,2,0.35573646426200867,0.33978271484375,quarantine_system;check_status;generate_report;scan_malware;send_notification,0.35573646;0.33978271;0.33587399;0.33202326;0.32842636
Standard,842,I need you to check whether staging-db-02 is operational.,check_status,check_status,db_read,False,3,0.38011521100997925,0.3356248438358307,db_read;db_write;check_status;send_notification;restart_service,0.38011521;0.36384737;0.33562484;0.26021275;0.25539130
Standard,843,I need you to review the status of cdn-edge-06.,check_status,check_status,check_status,True,1,0.34430456161499023,0.34430456161499023,check_status;send_notification;create_ticket;generate_report;quarantine_system,0.34430456;0.33297154;0.32518852;0.31639332;0.30488452
Standard,844,We should check the status of auth-svc-04.,check_status,check_status,log_audit_event,False,3,0.2763034701347351,0.25106754899024963,log_audit_event;quarantine_system;check_status;process_refund;send_notification,0.27630347;0.25162131;0.25106755;0.23245254;0.21953426
Standard,845,We should verify whether cdn-edge-06 is healthy.,check_status,check_status,check_status,True,1,0.2074970304965973,0.2074970304965973,check_status;send_notification;quarantine_system;restart_service;generate_report,0.20749703;0.19208243;0.19087726;0.18695852;0.16260114
Standard,846,We should see if cdn-edge-06 is up.,check_status,check_status,send_notification,False,3,0.2570861876010895,0.23320096731185913,send_notification;generate_report;check_status;log_audit_event;quarantine_system,0.25708619;0.24501407;0.23320097;0.22776659;0.22602454
Standard,847,We should inspect the current state of auth-svc-04.,check_status,check_status,log_audit_event,False,6,0.32029637694358826,0.2537606954574585,log_audit_event;quarantine_system;scan_malware;process_refund;generate_report,0.32029638;0.29707351;0.26867974;0.25973347;0.25905928
Standard,848,We should look into auth-svc-04's health.,check_status,check_status,quarantine_system,False,13,0.3074077367782593,0.17192722856998444,quarantine_system;log_audit_event;scan_malware;escalate_to_human;process_refund,0.30740774;0.27207065;0.26483005;0.26461384;0.26257515
Standard,849,We should confirm that prod-web-01 is running normally.,check_status,check_status,quarantine_system,False,7,0.4343055486679077,0.36546412110328674,quarantine_system;log_audit_event;scan_malware;generate_report;process_refund,0.43430555;0.40863016;0.39364722;0.39272252;0.38883314
Standard,850,We should check whether payment-api-03 is operational.,check_status,check_status,check_status,True,1,0.3983156979084015,0.3983156979084015,check_status;quarantine_system;log_audit_event;send_notification;process_refund,0.39831570;0.36569285;0.35465088;0.34404135;0.33685687
Standard,851,We should review the status of staging-db-02.,check_status,check_status,db_write,False,3,0.34169238805770874,0.2848915457725525,db_write;db_read;check_status;restart_service;generate_report,0.34169239;0.31206632;0.28489155;0.24712937;0.23349382
Standard,852,Let's check the status of auth-svc-04.,check_status,check_status,log_audit_event,False,2,0.28334149718284607,0.26591697335243225,log_audit_event;check_status;quarantine_system;process_refund;generate_report,0.28334150;0.26591697;0.24829513;0.24345686;0.23246756
Standard,853,Let's verify whether cdn-edge-06 is healthy.,check_status,check_status,check_status,True,1,0.22990816831588745,0.22990816831588745,check_status;send_notification;quarantine_system;restart_service;generate_report,0.22990817;0.20207423;0.19629662;0.19239126;0.17302033
Standard,854,Let's see if staging-db-02 is up.,check_status,check_status,db_write,False,3,0.3547894358634949,0.28364163637161255,db_write;db_read;check_status;send_notification;generate_report,0.35478944;0.34747735;0.28364164;0.26744887;0.26278397
Standard,855,Let's inspect the current state of payment-api-03.,check_status,check_status,check_status,True,1,0.39205947518348694,0.39205947518348694,check_status;log_audit_event;quarantine_system;generate_report;provision_vm,0.39205948;0.38559851;0.38541922;0.37753442;0.37020928
Standard,856,Let's look into cdn-edge-06's health.,check_status,check_status,quarantine_system,False,7,0.27715346217155457,0.21894559264183044,quarantine_system;send_notification;generate_report;provision_vm;process_refund,0.27715346;0.26971832;0.26391327;0.26159388;0.24593325
Standard,857,Let's confirm that ml-infer-05 is running normally.,check_status,check_status,quarantine_system,False,2,0.3182063698768616,0.31446051597595215,quarantine_system;check_status;generate_report;log_audit_event;scan_malware,0.31820637;0.31446052;0.30582276;0.30049753;0.29574794
Standard,858,Let's check whether payment-api-03 is operational.,check_status,check_status,check_status,True,1,0.4110512137413025,0.4110512137413025,check_status;quarantine_system;send_notification;log_audit_event;process_refund,0.41105121;0.37758169;0.36503804;0.36081666;0.35669437
Standard,859,Let's review the status of auth-svc-04.,check_status,check_status,log_audit_event,False,9,0.27670371532440186,0.2227385938167572,log_audit_event;quarantine_system;process_refund;generate_report;escalate_to_human,0.27670372;0.24850738;0.24606889;0.24601112;0.23868200
Standard,860,Kindly check the status of ml-infer-05.,check_status,check_status,log_audit_event,False,2,0.26973026990890503,0.268807590007782,log_audit_event;check_status;generate_report;quarantine_system;send_notification,0.26973027;0.26880759;0.26394451;0.26229894;0.25894719
Standard,861,Kindly verify whether payment-api-03 is healthy.,check_status,check_status,check_status,True,1,0.2708219289779663,0.2708219289779663,check_status;quarantine_system;send_notification;log_audit_event;generate_report,0.27082193;0.23375186;0.22716133;0.20646505;0.20374630
Standard,862,Kindly see if auth-svc-04 is up.,check_status,check_status,reset_password,False,12,0.25427481532096863,0.16901667416095734,reset_password;quarantine_system;process_refund;log_audit_event;restart_service,0.25427482;0.22737356;0.22081928;0.21982184;0.20957822
Standard,863,Kindly inspect the current state of cdn-edge-06.,check_status,check_status,check_status,True,1,0.32387250661849976,0.32387250661849976,check_status;quarantine_system;create_ticket;log_audit_event;provision_vm,0.32387251;0.28164151;0.28148529;0.27487698;0.26803911
Standard,864,Kindly look into ml-infer-05's health.,check_status,check_status,quarantine_system,False,10,0.287099152803421,0.20666596293449402,quarantine_system;send_notification;generate_report;process_refund;scan_malware,0.28709915;0.28374001;0.27142847;0.26411289;0.24413835
Standard,865,Kindly confirm that payment-api-03 is running normally.,check_status,check_status,check_status,True,1,0.33477047085762024,0.33477047085762024,check_status;quarantine_system;log_audit_event;provision_vm;process_refund,0.33477047;0.32956684;0.31397995;0.29528397;0.29282093
Standard,866,Kindly check whether payment-api-03 is operational.,check_status,check_status,check_status,True,1,0.3571488857269287,0.3571488857269287,check_status;log_audit_event;quarantine_system;process_refund;send_notification,0.35714889;0.32681555;0.31551832;0.29960933;0.29031163
Standard,867,Kindly review the status of cdn-edge-06.,check_status,check_status,create_ticket,False,2,0.24959760904312134,0.24697507917881012,create_ticket;check_status;send_notification;generate_report;escalate_to_human,0.24959761;0.24697508;0.22138162;0.21875915;0.21107735
Standard,868,"When you have a moment, check the status of auth-svc-04.",check_status,check_status,log_audit_event,False,3,0.30215346813201904,0.2615937888622284,log_audit_event;quarantine_system;check_status;process_refund;send_notification,0.30215347;0.26199776;0.26159379;0.24598466;0.21927682
Standard,869,"When you have a moment, verify whether payment-api-03 is healthy.",check_status,check_status,check_status,True,1,0.2946552336215973,0.2946552336215973,check_status;quarantine_system;log_audit_event;send_notification;process_refund,0.29465523;0.25731114;0.23289335;0.23199031;0.20261937
Standard,870,"When you have a moment, see if payment-api-03 is up.",check_status,check_status,check_status,True,1,0.3208830654621124,0.3208830654621124,check_status;log_audit_event;quarantine_system;send_notification;process_refund,0.32088307;0.30501968;0.30284941;0.28257427;0.28167936
Standard,871,escalate Alice's case to a human agent.,escalate_to_human,escalate_to_human,escalate_to_human,True,1,0.5072915554046631,0.5072915554046631,escalate_to_human;provision_vm;create_ticket;send_notification;generate_report,0.50729156;0.22659115;0.22303902;0.22050603;0.19200031
Standard,872,get a human involved for Frank.,escalate_to_human,escalate_to_human,escalate_to_human,True,1,0.4818369448184967,0.4818369448184967,escalate_to_human;create_ticket;provision_vm;send_notification;generate_report,0.48183694;0.34432438;0.30438149;0.30040312;0.28837323
Standard,873,route Bob's issue to the on-call engineer.,escalate_to_human,escalate_to_human,escalate_to_human,True,1,0.410338431596756,0.410338431596756,escalate_to_human;create_ticket;provision_vm;send_notification;process_refund,0.41033843;0.36639571;0.34642220;0.30509725;0.30227560
Standard,874,route the issue to the Marketing manager.,escalate_to_human,escalate_to_human,provision_vm,False,2,0.3680242598056793,0.35645589232444763,provision_vm;escalate_to_human;create_ticket;send_notification;generate_report,0.36802426;0.35645589;0.33466402;0.30909342;0.29796025
Standard,875,wake up the on-call for prod-web-01.,escalate_to_human,escalate_to_human,quarantine_system,False,3,0.35440632700920105,0.3297237157821655,quarantine_system;provision_vm;escalate_to_human;process_refund;generate_report,0.35440633;0.33465740;0.32972372;0.32834858;0.31210950
Standard,876,hand the cdn-edge-06 case to an engineer.,escalate_to_human,escalate_to_human,escalate_to_human,True,1,0.38415610790252686,0.38415610790252686,escalate_to_human;create_ticket;provision_vm;send_notification;generate_report,0.38415611;0.34776157;0.32074448;0.28121081;0.26019117
Standard,877,escalate this issue for Eve to the support team.,escalate_to_human,escalate_to_human,escalate_to_human,True,1,0.4170815944671631,0.4170815944671631,escalate_to_human;create_ticket;send_notification;provision_vm;generate_report,0.41708159;0.35515946;0.32928044;0.32389972;0.30492699
Standard,878,bring a Finance manager into the loop.,escalate_to_human,escalate_to_human,provision_vm,False,3,0.23623783886432648,0.21033629775047302,provision_vm;create_ticket;escalate_to_human;generate_report;update_subscription,0.23623784;0.22529468;0.21033630;0.20530444;0.20361792
Standard,879,Please escalate Bob's case to a human agent.,escalate_to_human,escalate_to_human,escalate_to_human,True,1,0.47488632798194885,0.47488632798194885,escalate_to_human;quarantine_system;create_ticket;provision_vm;send_notification,0.47488633;0.26101249;0.25936350;0.25750941;0.25157776
Standard,880,Please get a human involved for Bob.,escalate_to_human,escalate_to_human,escalate_to_human,True,1,0.4327964186668396,0.4327964186668396,escalate_to_human;create_ticket;quarantine_system;generate_report;provision_vm,0.43279642;0.29630640;0.27529851;0.25838324;0.25613388
Standard,881,Please route the cdn-edge-06 incident to a live responder.,escalate_to_human,escalate_to_human,escalate_to_human,True,1,0.42452123761177063,0.42452123761177063,escalate_to_human;create_ticket;provision_vm;generate_report;send_notification,0.42452124;0.40655738;0.36816895;0.34043548;0.33065736
Standard,882,Please hand Diana's request to a live agent.,escalate_to_human,escalate_to_human,escalate_to_human,True,1,0.42641687393188477,0.42641687393188477,escalate_to_human;provision_vm;send_notification;create_ticket;generate_report,0.42641687;0.34257570;0.33032313;0.33021355;0.32679939
Standard,883,Please send Charlie's case for human review.,escalate_to_human,escalate_to_human,escalate_to_human,True,1,0.5040764212608337,0.5040764212608337,escalate_to_human;send_notification;quarantine_system;generate_report;provision_vm,0.50407642;0.33524862;0.33075163;0.31985340;0.31848964
Standard,884,Please loop in a manager for Frank.,escalate_to_human,escalate_to_human,provision_vm,False,4,0.3704734742641449,0.3214431405067444,provision_vm;send_notification;quarantine_system;escalate_to_human;generate_report,0.37047347;0.34776071;0.32546374;0.32144314;0.31761289
Standard,885,Please escalate this issue for Eve to the support team.,escalate_to_human,escalate_to_human,escalate_to_human,True,1,0.4307675063610077,0.4307675063610077,escalate_to_human;create_ticket;send_notification;provision_vm;generate_report,0.43076751;0.36516941;0.34794757;0.34056255;0.33126369
Standard,886,Please transfer Grace's case to a person.,escalate_to_human,escalate_to_human,escalate_to_human,True,1,0.4230952262878418,0.4230952262878418,escalate_to_human;create_ticket;provision_vm;send_notification;generate_report,0.42309523;0.33046550;0.30291370;0.27270064;0.25832787
Standard,887,Can you escalate the issue on ml-infer-05 to the on-call engineer?,escalate_to_human,escalate_to_human,escalate_to_human,True,1,0.41378992795944214,0.41378992795944214,escalate_to_human;provision_vm;send_notification;generate_report;create_ticket,0.41378993;0.39740798;0.37304845;0.35844669;0.34974277
Standard,888,Can you get a human involved for Eve?,escalate_to_human,escalate_to_human,escalate_to_human,True,1,0.4390445947647095,0.4390445947647095,escalate_to_human;generate_report;send_notification;provision_vm;quarantine_system,0.43904459;0.29592958;0.29515693;0.28450552;0.27559716
Standard,889,Can you route Charlie's issue to the on-call engineer?,escalate_to_human,escalate_to_human,escalate_to_human,True,1,0.4623098075389862,0.4623098075389862,escalate_to_human;provision_vm;create_ticket;quarantine_system;send_notification,0.46230981;0.44100201;0.43958583;0.40195227;0.37997368
Standard,890,Can you send the prod-web-01 issue for human handling?,escalate_to_human,escalate_to_human,escalate_to_human,True,1,0.5854524374008179,0.5854524374008179,escalate_to_human;create_ticket;provision_vm;generate_report;send_notification,0.58545244;0.50593841;0.49669105;0.48938769;0.47083887
Standard,891,Can you send Grace's case for human review?,escalate_to_human,escalate_to_human,escalate_to_human,True,1,0.5323560833930969,0.5323560833930969,escalate_to_human;send_notification;create_ticket;provision_vm;generate_report,0.53235608;0.34723833;0.33899328;0.33057135;0.32689238
Standard,892,Can you loop in a manager for Bob?,escalate_to_human,escalate_to_human,provision_vm,False,4,0.3373328447341919,0.29163146018981934,provision_vm;send_notification;quarantine_system;escalate_to_human;generate_report,0.33733284;0.33310747;0.32440856;0.29163146;0.27919880
Standard,893,Can you escalate this issue for Charlie to the support team?,escalate_to_human,escalate_to_human,create_ticket,False,2,0.470017671585083,0.4488029479980469,create_ticket;escalate_to_human;provision_vm;send_notification;generate_report,0.47001767;0.44880295;0.39219224;0.37502232;0.35140213
Standard,894,Can you transfer Bob's case to a person?,escalate_to_human,escalate_to_human,escalate_to_human,True,1,0.46082592010498047,0.46082592010498047,escalate_to_human;create_ticket;provision_vm;send_notification;generate_report,0.46082592;0.32237265;0.30389941;0.27734730;0.26806024
Standard,895,Could you escalate Bob's case to a human agent for me?,escalate_to_human,escalate_to_human,escalate_to_human,True,1,0.5126503109931946,0.5126503109931946,escalate_to_human;create_ticket;send_notification;provision_vm;quarantine_system,0.51265031;0.31877068;0.30680501;0.30067816;0.28804988
Standard,896,Could you get a human involved for Charlie for me?,escalate_to_human,escalate_to_human,escalate_to_human,True,1,0.4410470724105835,0.4410470724105835,escalate_to_human;create_ticket;generate_report;send_notification;provision_vm,0.44104707;0.33458868;0.32531038;0.32346126;0.31992188
Standard,897,Could you route Alice's issue to the on-call engineer for me?,escalate_to_human,escalate_to_human,escalate_to_human,True,1,0.5392723679542542,0.5392723679542542,escalate_to_human;create_ticket;provision_vm;send_notification;generate_report,0.53927237;0.45719805;0.44981605;0.41158253;0.40258914
Standard,898,Could you route the issue to the HR manager for me?,escalate_to_human,escalate_to_human,create_ticket,False,3,0.450888067483902,0.4121660590171814,create_ticket;provision_vm;escalate_to_human;generate_report;send_notification,0.45088807;0.42327726;0.41216606;0.39758193;0.36913645
Standard,899,Could you send Bob's case for human review for me?,escalate_to_human,escalate_to_human,escalate_to_human,True,1,0.4887426495552063,0.4887426495552063,escalate_to_human;send_notification;create_ticket;generate_report;provision_vm,0.48874265;0.35382801;0.34836182;0.34419641;0.31648794
Standard,900,Could you escalate the request to someone in Marketing for me?,escalate_to_human,escalate_to_human,escalate_to_human,True,1,0.4055750072002411,0.4055750072002411,escalate_to_human;send_notification;create_ticket;provision_vm;generate_report,0.40557501;0.31731001;0.30816790;0.29327548;0.25620362
Standard,901,Could you escalate this issue for Alice to the support team for me?,escalate_to_human,escalate_to_human,escalate_to_human,True,1,0.5024550557136536,0.5024550557136536,escalate_to_human;create_ticket;send_notification;provision_vm;generate_report,0.50245506;0.46354884;0.37263858;0.37118638;0.34735280
Standard,902,Could you loop in a human for the prod-web-01 incident for me?,escalate_to_human,escalate_to_human,escalate_to_human,True,1,0.5764533281326294,0.5764533281326294,escalate_to_human;provision_vm;generate_report;create_ticket;send_notification,0.57645333;0.46980041;0.46648425;0.44892693;0.44664425
Standard,903,I need you to escalate Eve's case to a human agent.,escalate_to_human,escalate_to_human,escalate_to_human,True,1,0.5759799480438232,0.5759799480438232,escalate_to_human;send_notification;provision_vm;generate_report;quarantine_system,0.57597995;0.34719718;0.33881426;0.32615149;0.32269481
Standard,904,I need you to get a human involved for Charlie.,escalate_to_human,escalate_to_human,escalate_to_human,True,1,0.4755171239376068,0.4755171239376068,escalate_to_human;quarantine_system;create_ticket;generate_report;provision_vm,0.47551712;0.35943642;0.35330784;0.35232103;0.34788582
Standard,905,I need you to route Frank's issue to the on-call engineer.,escalate_to_human,escalate_to_human,provision_vm,False,3,0.5396633148193359,0.5303463339805603,provision_vm;create_ticket;escalate_to_human;send_notification;generate_report,0.53966331;0.53643936;0.53034633;0.49390027;0.46967995
Standard,906,I need you to hand Bob's request to a live agent.,escalate_to_human,escalate_to_human,escalate_to_human,True,1,0.41811779141426086,0.41811779141426086,escalate_to_human;create_ticket;send_notification;provision_vm;quarantine_system,0.41811779;0.39001951;0.37936455;0.36867103;0.36395016
Standard,907,I need you to get the Legal team lead involved.,escalate_to_human,escalate_to_human,escalate_to_human,True,1,0.4720768332481384,0.4720768332481384,escalate_to_human;create_ticket;generate_report;provision_vm;send_notification,0.47207683;0.44924983;0.36973035;0.35842401;0.35632050
Standard,908,I need you to loop in a manager for Alice.,escalate_to_human,escalate_to_human,escalate_to_human,True,1,0.43458813428878784,0.43458813428878784,escalate_to_human;provision_vm;send_notification;generate_report;quarantine_system,0.43458813;0.40846202;0.40052402;0.37217632;0.35722694
Standard,909,I need you to escalate this issue for Grace to the support team.,escalate_to_human,escalate_to_human,create_ticket,False,2,0.43495091795921326,0.40942323207855225,create_ticket;escalate_to_human;provision_vm;send_notification;generate_report,0.43495092;0.40942323;0.37648642;0.35777837;0.33378127
Standard,910,I need you to transfer Alice's case to a person.,escalate_to_human,escalate_to_human,escalate_to_human,True,1,0.5515390634536743,0.5515390634536743,escalate_to_human;create_ticket;provision_vm;generate_report;send_notification,0.55153906;0.38329804;0.37536323;0.36137596;0.35962364
Standard,911,We should escalate Eve's case to a human agent.,escalate_to_human,escalate_to_human,escalate_to_human,True,1,0.4829675257205963,0.4829675257205963,escalate_to_human;send_notification;provision_vm;quarantine_system;generate_report,0.48296753;0.25701436;0.24548380;0.23523371;0.23487253
Standard,912,We should get a human involved for Charlie.,escalate_to_human,escalate_to_human,escalate_to_human,True,1,0.396837443113327,0.396837443113327,escalate_to_human;quarantine_system;generate_report;provision_vm;create_ticket,0.39683744;0.30641270;0.27953535;0.27726063;0.27562308
Standard,913,We should route the auth-svc-04 incident to a live responder.,escalate_to_human,escalate_to_human,escalate_to_human,True,1,0.42972955107688904,0.42972955107688904,escalate_to_human;create_ticket;provision_vm;generate_report;quarantine_system,0.42972955;0.38134220;0.34973267;0.33103845;0.31801280
Standard,914,We should hand Diana's request to a live agent.,escalate_to_human,escalate_to_human,escalate_to_human,True,1,0.3730475604534149,0.3730475604534149,escalate_to_human;provision_vm;send_notification;quarantine_system;generate_report,0.37304756;0.29468107;0.29348856;0.28906694;0.28543484
Standard,915,We should send Diana's case for human review.,escalate_to_human,escalate_to_human,escalate_to_human,True,1,0.4926711916923523,0.4926711916923523,escalate_to_human;generate_report;send_notification;quarantine_system;provision_vm,0.49267119;0.30534986;0.30485198;0.28612378;0.28091419
Standard,916,We should loop in a manager for Charlie.,escalate_to_human,escalate_to_human,quarantine_system,False,6,0.3032279312610626,0.24068725109100342,quarantine_system;provision_vm;send_notification;generate_report;process_refund,0.30322793;0.27945873;0.26647213;0.25338703;0.24176298
Standard,917,We should escalate this issue for Bob to the support team.,escalate_to_human,escalate_to_human,create_ticket,False,2,0.3928825557231903,0.37564390897750854,create_ticket;escalate_to_human;provision_vm;send_notification;generate_report,0.39288256;0.37564391;0.31524655;0.30179253;0.29110843
Standard,918,We should bring a Engineering manager into the loop.,escalate_to_human,escalate_to_human,provision_vm,False,3,0.35183802247047424,0.32576584815979004,provision_vm;quarantine_system;escalate_to_human;generate_report;send_notification,0.35183802;0.34519106;0.32576585;0.31823486;0.30685213
Standard,919,Let's escalate Charlie's case to a human agent.,escalate_to_human,escalate_to_human,escalate_to_human,True,1,0.4898502230644226,0.4898502230644226,escalate_to_human;provision_vm;quarantine_system;send_notification;create_ticket,0.48985022;0.29852232;0.29524466;0.28476983;0.26481599
Standard,920,Let's get a human involved for Grace.,escalate_to_human,escalate_to_human,escalate_to_human,True,1,0.35064804553985596,0.35064804553985596,escalate_to_human;create_ticket;provision_vm;generate_report;quarantine_system,0.35064805;0.25170657;0.24590561;0.22784959;0.22539160
Standard,921,Let's route Diana's issue to the on-call engineer.,escalate_to_human,escalate_to_human,escalate_to_human,True,1,0.4706149101257324,0.4706149101257324,escalate_to_human;provision_vm;create_ticket;generate_report;send_notification,0.47061491;0.40066025;0.37581912;0.36597422;0.35805795
Standard,922,Let's hand Alice's request to a live agent.,escalate_to_human,escalate_to_human,escalate_to_human,True,1,0.428981214761734,0.428981214761734,escalate_to_human;provision_vm;create_ticket;send_notification;generate_report,0.42898121;0.27671000;0.27625486;0.25614998;0.23697107
Standard,923,Let's send Grace's case for human review.,escalate_to_human,escalate_to_human,escalate_to_human,True,1,0.47313010692596436,0.47313010692596436,escalate_to_human;send_notification;provision_vm;quarantine_system;generate_report,0.47313011;0.28677630;0.26973262;0.26933947;0.26749128
Standard,924,Let's loop in a manager for Alice.,escalate_to_human,escalate_to_human,escalate_to_human,True,1,0.37746337056159973,0.37746337056159973,escalate_to_human;provision_vm;send_notification;generate_report;quarantine_system,0.37746337;0.32226828;0.29679188;0.26954362;0.26496091
Standard,925,Let's escalate the alert on auth-svc-04 to a person.,escalate_to_human,escalate_to_human,escalate_to_human,True,1,0.4582529664039612,0.4582529664039612,escalate_to_human;send_notification;provision_vm;quarantine_system;generate_report,0.45825297;0.32984921;0.30392599;0.29736438;0.28334969
Standard,926,Let's transfer Alice's case to a person.,escalate_to_human,escalate_to_human,escalate_to_human,True,1,0.5168745517730713,0.5168745517730713,escalate_to_human;create_ticket;provision_vm;send_notification;generate_report,0.51687455;0.32223073;0.30060312;0.28498295;0.27212363
Standard,927,Kindly escalate Eve's case to a human agent.,escalate_to_human,escalate_to_human,escalate_to_human,True,1,0.5294607877731323,0.5294607877731323,escalate_to_human;send_notification;provision_vm;quarantine_system;generate_report,0.52946079;0.27258748;0.26418167;0.24867685;0.24395624
Standard,928,Kindly get a human involved for Frank.,escalate_to_human,escalate_to_human,escalate_to_human,True,1,0.5380232334136963,0.5380232334136963,escalate_to_human;create_ticket;provision_vm;generate_report;send_notification,0.53802323;0.41753432;0.37917617;0.36464328;0.36371949
Standard,929,Kindly route Frank's issue to the on-call engineer.,escalate_to_human,escalate_to_human,escalate_to_human,True,1,0.5028311610221863,0.5028311610221863,escalate_to_human;create_ticket;provision_vm;send_notification;generate_report,0.50283116;0.49566013;0.49471238;0.44734153;0.42184675
Standard,930,Kindly hand Alice's request to a live agent.,escalate_to_human,escalate_to_human,escalate_to_human,True,1,0.4680282175540924,0.4680282175540924,escalate_to_human;create_ticket;provision_vm;send_notification;generate_report,0.46802822;0.33145532;0.30994549;0.29576552;0.27273080
Standard,931,Kindly send Bob's case for human review.,escalate_to_human,escalate_to_human,escalate_to_human,True,1,0.5121400952339172,0.5121400952339172,escalate_to_human;send_notification;create_ticket;quarantine_system;generate_report,0.51214010;0.32512641;0.31880003;0.30336604;0.30044559
Standard,932,Kindly loop in a manager for Bob.,escalate_to_human,escalate_to_human,send_notification,False,4,0.2923021912574768,0.28053486347198486,send_notification;provision_vm;quarantine_system;escalate_to_human;process_refund,0.29230219;0.28939074;0.28429478;0.28053486;0.25690219
Standard,933,Kindly escalate this issue for Charlie to the support team.,escalate_to_human,escalate_to_human,create_ticket,False,2,0.4984322488307953,0.4684644937515259,create_ticket;escalate_to_human;provision_vm;send_notification;generate_report,0.49843225;0.46846449;0.43530521;0.41018304;0.39786544
Standard,934,Kindly transfer Alice's case to a person.,escalate_to_human,escalate_to_human,escalate_to_human,True,1,0.5151117444038391,0.5151117444038391,escalate_to_human;create_ticket;provision_vm;send_notification;generate_report,0.51511174;0.33659270;0.30793959;0.28938282;0.27928466
Standard,935,"When you have a moment, escalate Bob's case to a human agent.",escalate_to_human,escalate_to_human,escalate_to_human,True,1,0.4848967492580414,0.4848967492580414,escalate_to_human;quarantine_system;send_notification;provision_vm;create_ticket,0.48489675;0.28142670;0.26556128;0.26225924;0.25278696
Standard,936,"When you have a moment, get a human to review the problem on prod-web-01.",escalate_to_human,escalate_to_human,escalate_to_human,True,1,0.5661259889602661,0.5661259889602661,escalate_to_human;quarantine_system;generate_report;provision_vm;send_notification,0.56612599;0.48615512;0.48077217;0.47812420;0.45105252
Standard,937,"When you have a moment, route Eve's issue to the on-call engineer.",escalate_to_human,escalate_to_human,escalate_to_human,True,1,0.424730122089386,0.424730122089386,escalate_to_human;provision_vm;quarantine_system;send_notification;process_refund,0.42473012;0.38098565;0.35907042;0.34986687;0.34281361
Standard,938,log the event under the audit record for Legal.,log_audit_event,log_audit_event,log_audit_event,True,1,0.3651842474937439,0.3651842474937439,log_audit_event;check_status;create_ticket;db_read;db_write,0.36518425;0.26213396;0.25347000;0.24643812;0.22764899
Standard,939,record the activity tied to #53698.,log_audit_event,log_audit_event,generate_report,False,3,0.42445600032806396,0.3998633027076721,generate_report;db_write;log_audit_event;db_read;process_refund,0.42445600;0.41348138;0.39986330;0.39981341;0.38267106
Standard,940,write an audit entry for the HR group.,log_audit_event,log_audit_event,log_audit_event,True,1,0.2917957603931427,0.2917957603931427,log_audit_event;send_notification;generate_report;check_status;quarantine_system,0.29179576;0.26927140;0.23257534;0.22048779;0.21875213
Standard,941,capture ml-infer-05's event in the audit log.,log_audit_event,log_audit_event,log_audit_event,True,1,0.30707722902297974,0.30707722902297974,log_audit_event;db_read;db_write;generate_report;scan_malware,0.30707723;0.22330143;0.20912784;0.20501424;0.18617448
Standard,942,store an audit record for staging-db-02.,log_audit_event,log_audit_event,db_read,False,9,0.41282719373703003,0.1187359020113945,db_read;db_write;check_status;generate_report;scan_malware,0.41282719;0.38558611;0.18864705;0.15852757;0.13989671
Standard,943,add Grace's action to the audit log.,log_audit_event,log_audit_event,log_audit_event,True,1,0.3165333867073059,0.3165333867073059,log_audit_event;generate_report;reset_password;quarantine_system;db_write,0.31653339;0.23296636;0.21834585;0.21157588;0.20426635
Standard,944,document the event for HR in the audit log.,log_audit_event,log_audit_event,log_audit_event,True,1,0.361625999212265,0.361625999212265,log_audit_event;check_status;generate_report;db_read;create_ticket,0.36162600;0.26386884;0.24567330;0.22934406;0.22733422
Standard,945,create a trail entry for auth-svc-04.,log_audit_event,log_audit_event,reset_password,False,2,0.30696383118629456,0.25955930352211,reset_password;log_audit_event;create_ticket;generate_report;scan_malware,0.30696383;0.25955930;0.25129008;0.24268818;0.23299998
Standard,946,Please log an audit event for auth-svc-04.,log_audit_event,log_audit_event,log_audit_event,True,1,0.33111870288848877,0.33111870288848877,log_audit_event;reset_password;scan_malware;check_status;generate_report,0.33111870;0.19671173;0.19386297;0.17844050;0.17829888
Standard,947,Please record a compliance event for Legal.,log_audit_event,log_audit_event,create_ticket,False,4,0.45426198840141296,0.35427534580230713,create_ticket;generate_report;escalate_to_human;log_audit_event;provision_vm,0.45426199;0.36383232;0.35760230;0.35427535;0.31864581
Standard,948,Please write a compliance entry for payment-api-03.,log_audit_event,log_audit_event,create_ticket,False,5,0.4463103115558624,0.3602778911590576,create_ticket;generate_report;provision_vm;send_notification;log_audit_event,0.44631031;0.40675500;0.40432018;0.37165102;0.36027789
Standard,949,Please capture Grace's activity in the compliance log.,log_audit_event,log_audit_event,log_audit_event,True,1,0.4180629253387451,0.4180629253387451,log_audit_event;generate_report;reset_password;create_ticket;provision_vm,0.41806293;0.33601767;0.33074132;0.28436235;0.27151573
Standard,950,Please store an audit record for ml-infer-05.,log_audit_event,log_audit_event,db_write,False,7,0.4361822307109833,0.26946723461151123,db_write;db_read;generate_report;scan_malware;send_notification,0.43618223;0.40503234;0.32304832;0.29173800;0.28078777
Standard,951,Please add a compliance record for Legal.,log_audit_event,log_audit_event,create_ticket,False,9,0.4650348126888275,0.3159407377243042,create_ticket;escalate_to_human;generate_report;provision_vm;send_notification,0.46503481;0.41020271;0.40326706;0.39750025;0.37184596
Standard,952,Please document the action taken on payment-api-03.,log_audit_event,log_audit_event,create_ticket,False,8,0.4349120855331421,0.36608174443244934,create_ticket;escalate_to_human;provision_vm;generate_report;quarantine_system,0.43491209;0.41166216;0.40212065;0.39621776;0.38144153
Standard,953,Please create a compliance log entry for Eve.,log_audit_event,log_audit_event,log_audit_event,True,1,0.45684537291526794,0.45684537291526794,log_audit_event;generate_report;db_write;create_ticket;provision_vm,0.45684537;0.40337071;0.35832846;0.35375077;0.32731128
Standard,954,Can you log an audit event for #53698?,log_audit_event,log_audit_event,log_audit_event,True,1,0.4577033221721649,0.4577033221721649,log_audit_event;generate_report;db_write;quarantine_system;create_ticket,0.45770332;0.38154662;0.34892458;0.32776570;0.32451129
Standard,955,Can you record a compliance event for Engineering?,log_audit_event,log_audit_event,create_ticket,False,5,0.4401566684246063,0.36229899525642395,create_ticket;generate_report;provision_vm;db_write;log_audit_event,0.44015667;0.38843668;0.36311045;0.36282375;0.36229900
Standard,956,Can you write an audit entry for Eve?,log_audit_event,log_audit_event,db_write,False,2,0.35577377676963806,0.34558725357055664,db_write;log_audit_event;generate_report;db_read;quarantine_system,0.35577378;0.34558725;0.32322189;0.30916676;0.30515897
Standard,957,Can you capture the Engineering event in the audit trail?,log_audit_event,log_audit_event,log_audit_event,True,1,0.36626648902893066,0.36626648902893066,log_audit_event;generate_report;scan_malware;quarantine_system;create_ticket,0.36626649;0.33685988;0.32063177;0.31915581;0.30804503
Standard,958,Can you store an audit record for Grace?,log_audit_event,log_audit_event,db_read,False,3,0.3231828510761261,0.20796610414981842,db_read;db_write;log_audit_event;generate_report;scan_malware,0.32318285;0.31476307;0.20796610;0.20684589;0.19472295
Standard,959,Can you add Bob's action to the audit log?,log_audit_event,log_audit_event,log_audit_event,True,1,0.4010131359100342,0.4010131359100342,log_audit_event;generate_report;quarantine_system;create_ticket;provision_vm,0.40101314;0.34298173;0.33858570;0.31459633;0.30256930
Standard,960,Can you document the action taken on staging-db-02?,log_audit_event,log_audit_event,db_write,False,11,0.4265351891517639,0.25299859046936035,db_write;db_read;generate_report;send_notification;check_status,0.42653519;0.41159472;0.33446085;0.32870844;0.32430598
Standard,961,Can you create an audit trail entry for #31450?,log_audit_event,log_audit_event,db_write,False,5,0.36805668473243713,0.331448495388031,db_write;generate_report;db_read;send_notification;log_audit_event,0.36805668;0.36735409;0.36263406;0.34665209;0.33144850
Standard,962,Could you log an audit event for cdn-edge-06 for me?,log_audit_event,log_audit_event,log_audit_event,True,1,0.4081801176071167,0.4081801176071167,log_audit_event;generate_report;check_status;create_ticket;db_write,0.40818012;0.32157350;0.29993665;0.29401144;0.28522837
Standard,963,Could you record a compliance event for Engineering for me?,log_audit_event,log_audit_event,create_ticket,False,3,0.4824300706386566,0.41289258003234863,create_ticket;generate_report;log_audit_event;db_write;provision_vm,0.48243007;0.43757012;0.41289258;0.40197161;0.39018673
Standard,964,Could you write an audit entry for the Finance group for me?,log_audit_event,log_audit_event,send_notification,False,3,0.35189834237098694,0.328192800283432,send_notification;db_write;log_audit_event;generate_report;quarantine_system,0.35189834;0.34356090;0.32819280;0.32547647;0.27366525
Standard,965,Could you capture staging-db-02's event in the audit log for me?,log_audit_event,log_audit_event,db_read,False,3,0.36760297417640686,0.328275203704834,db_read;db_write;log_audit_event;generate_report;check_status,0.36760297;0.36308953;0.32827520;0.27243882;0.26236469
Standard,966,Could you store an audit record for staging-db-02 for me?,log_audit_event,log_audit_event,db_read,False,7,0.46793708205223083,0.19634395837783813,db_read;db_write;generate_report;check_status;send_notification,0.46793708;0.44885138;0.25023252;0.23755589;0.20962393
Standard,967,Could you add Eve's action to the audit log for me?,log_audit_event,log_audit_event,log_audit_event,True,1,0.46521663665771484,0.46521663665771484,log_audit_event;generate_report;db_write;quarantine_system;provision_vm,0.46521664;0.40706196;0.38316441;0.35533726;0.34191096
Standard,968,Could you document the event for Alice in the audit trail for me?,log_audit_event,log_audit_event,escalate_to_human,False,2,0.3926914632320404,0.3754214346408844,escalate_to_human;log_audit_event;generate_report;create_ticket;send_notification,0.39269146;0.37542143;0.34460175;0.33153415;0.32137439
Standard,969,Could you create a trail entry for staging-db-02 for me?,log_audit_event,log_audit_event,db_write,False,9,0.43079254031181335,0.24312931299209595,db_write;db_read;generate_report;send_notification;provision_vm,0.43079254;0.41553485;0.33502045;0.33014858;0.30235720
Standard,970,I need you to log an audit event for prod-web-01.,log_audit_event,log_audit_event,log_audit_event,True,1,0.47372618317604065,0.47372618317604065,log_audit_event;generate_report;quarantine_system;create_ticket;scan_malware,0.47372618;0.38324913;0.36004618;0.34906298;0.34711209
Standard,971,I need you to record a compliance event for Legal.,log_audit_event,log_audit_event,create_ticket,False,3,0.46717092394828796,0.3620899021625519,create_ticket;generate_report;log_audit_event;escalate_to_human;send_notification,0.46717092;0.38954592;0.36208990;0.36110911;0.35137960
Standard,972,I need you to write a compliance entry for #42017.,log_audit_event,log_audit_event,generate_report,False,10,0.5168004035949707,0.40626078844070435,generate_report;provision_vm;send_notification;create_ticket;process_refund,0.51680040;0.51156002;0.51108319;0.50256491;0.47339550
Standard,973,I need you to capture the event associated with #60122.,log_audit_event,log_audit_event,provision_vm,False,8,0.49945008754730225,0.41707146167755127,provision_vm;generate_report;send_notification;create_ticket;quarantine_system,0.49945009;0.49426031;0.47396642;0.45903417;0.45109048
Standard,974,I need you to store an audit record for Eve.,log_audit_event,log_audit_event,db_write,False,4,0.45037537813186646,0.2926403880119324,db_write;db_read;generate_report;log_audit_event;quarantine_system,0.45037538;0.39892909;0.32507491;0.29264039;0.27443939
Standard,975,I need you to add an audit log entry for auth-svc-04.,log_audit_event,log_audit_event,log_audit_event,True,1,0.3183828890323639,0.3183828890323639,log_audit_event;reset_password;check_status;generate_report;scan_malware,0.31838289;0.22709362;0.19882809;0.19473980;0.19260329
Standard,976,I need you to document the event for Charlie in the audit trail.,log_audit_event,log_audit_event,log_audit_event,True,1,0.41221776604652405,0.41221776604652405,log_audit_event;generate_report;quarantine_system;create_ticket;send_notification,0.41221777;0.40329751;0.38423520;0.37950528;0.37482142
Standard,977,I need you to create a trail entry for prod-web-01.,log_audit_event,log_audit_event,provision_vm,False,7,0.4321480393409729,0.36956197023391724,provision_vm;generate_report;send_notification;create_ticket;quarantine_system,0.43214804;0.43138227;0.40181345;0.40127036;0.39609119
Standard,978,We should log an audit event for payment-api-03.,log_audit_event,log_audit_event,log_audit_event,True,1,0.4119354784488678,0.4119354784488678,log_audit_event;check_status;quarantine_system;generate_report;create_ticket,0.41193548;0.30487409;0.28218755;0.28139979;0.26340947
Standard,979,We should record the activity tied to #60122.,log_audit_event,log_audit_event,generate_report,False,2,0.3957858681678772,0.3729831576347351,generate_report;log_audit_event;process_refund;quarantine_system;db_write,0.39578587;0.37298316;0.37193501;0.35934585;0.35162967
Standard,980,We should write a compliance entry for cdn-edge-06.,log_audit_event,log_audit_event,create_ticket,False,10,0.37615150213241577,0.2798234224319458,create_ticket;send_notification;generate_report;provision_vm;quarantine_system,0.37615150;0.36761963;0.36229789;0.36146581;0.32722491
Standard,981,We should capture auth-svc-04's event in the audit log.,log_audit_event,log_audit_event,log_audit_event,True,1,0.30914318561553955,0.30914318561553955,log_audit_event;check_status;reset_password;scan_malware;quarantine_system,0.30914319;0.19293398;0.17258044;0.17078502;0.17024864
Standard,982,We should store an audit record for Frank.,log_audit_event,log_audit_event,db_write,False,13,0.3341120779514313,0.21263721585273743,db_write;db_read;generate_report;quarantine_system;provision_vm,0.33411208;0.32553551;0.30163375;0.27682361;0.27363351
Standard,983,We should add Bob's action to the audit log.,log_audit_event,log_audit_event,log_audit_event,True,1,0.3850068151950836,0.3850068151950836,log_audit_event;quarantine_system;generate_report;check_status;escalate_to_human,0.38500682;0.32755896;0.32414499;0.30164382;0.28531221
Standard,984,We should document the event linked to #31450.,log_audit_event,log_audit_event,generate_report,False,9,0.5190685987472534,0.42848730087280273,generate_report;create_ticket;send_notification;provision_vm;process_refund,0.51906860;0.50493151;0.49341604;0.49163637;0.45503205
Standard,985,We should create an audit trail entry for HR.,log_audit_event,log_audit_event,log_audit_event,True,1,0.3135735094547272,0.3135735094547272,log_audit_event;quarantine_system;generate_report;check_status;db_read,0.31357351;0.26510018;0.26238927;0.26125729;0.25510129
Standard,986,Let's log Frank's action in the audit trail.,log_audit_event,log_audit_event,log_audit_event,True,1,0.42124563455581665,0.42124563455581665,log_audit_event;generate_report;escalate_to_human;create_ticket;quarantine_system,0.42124563;0.38268027;0.36016575;0.35624906;0.32775408
Standard,987,Let's record an audit event for Diana.,log_audit_event,log_audit_event,db_write,False,4,0.36693063378334045,0.3024419844150543,db_write;db_read;generate_report;log_audit_event;escalate_to_human,0.36693063;0.35632288;0.32172754;0.30244198;0.29178843
Standard,988,Let's write an audit entry for Alice.,log_audit_event,log_audit_event,escalate_to_human,False,5,0.4278131425380707,0.29969915747642517,escalate_to_human;generate_report;send_notification;provision_vm;log_audit_event,0.42781314;0.33136854;0.32041183;0.30488119;0.29969916
Standard,989,Let's capture ml-infer-05's event in the audit log.,log_audit_event,log_audit_event,log_audit_event,True,1,0.39073970913887024,0.39073970913887024,log_audit_event;generate_report;db_write;quarantine_system;db_read,0.39073971;0.32967058;0.29713428;0.27996659;0.27742153
Standard,990,Let's store an audit record for staging-db-02.,log_audit_event,log_audit_event,db_read,False,6,0.43951600790023804,0.20786233246326447,db_read;db_write;check_status;generate_report;send_notification,0.43951601;0.43352231;0.25060284;0.24180141;0.21135852
Standard,991,Let's add #31450 to the audit log.,log_audit_event,log_audit_event,generate_report,False,2,0.4435851573944092,0.41350218653678894,generate_report;log_audit_event;db_write;provision_vm;quarantine_system,0.44358516;0.41350219;0.40806687;0.40157375;0.38840359
Standard,992,Let's document the event for Grace in the audit trail.,log_audit_event,log_audit_event,log_audit_event,True,1,0.364912748336792,0.364912748336792,log_audit_event;generate_report;quarantine_system;create_ticket;check_status,0.36491275;0.30401558;0.28139910;0.28112859;0.27572897
Standard,993,Let's create an audit trail entry for #20891.,log_audit_event,log_audit_event,generate_report,False,3,0.41462844610214233,0.3753775954246521,generate_report;provision_vm;log_audit_event;quarantine_system;send_notification,0.41462845;0.37813786;0.37537760;0.37008020;0.36875406
Standard,994,Kindly log an audit event for #10234.,log_audit_event,log_audit_event,log_audit_event,True,1,0.44204720854759216,0.44204720854759216,log_audit_event;generate_report;create_ticket;db_write;process_refund,0.44204721;0.34330210;0.32424563;0.30865204;0.28615567
Standard,995,Kindly record an audit event for Alice.,log_audit_event,log_audit_event,escalate_to_human,False,2,0.33425387740135193,0.3058326840400696,escalate_to_human;log_audit_event;db_write;generate_report;create_ticket,0.33425388;0.30583268;0.27879629;0.26961979;0.26473361
Standard,996,Kindly write an audit entry for Bob.,log_audit_event,log_audit_event,log_audit_event,True,1,0.28720688819885254,0.28720688819885254,log_audit_event;quarantine_system;escalate_to_human;generate_report;scan_malware,0.28720689;0.28415537;0.28364187;0.26488012;0.25805655
Standard,997,Kindly capture Grace's activity in the compliance log.,log_audit_event,log_audit_event,log_audit_event,True,1,0.39139100909233093,0.39139100909233093,log_audit_event;reset_password;generate_report;create_ticket;process_refund,0.39139101;0.29714698;0.29319882;0.26438701;0.24264750
Standard,998,Kindly store an audit record for payment-api-03.,log_audit_event,log_audit_event,db_read,False,4,0.3378884792327881,0.22083748877048492,db_read;db_write;check_status;log_audit_event;generate_report,0.33788848;0.28908828;0.22258262;0.22083749;0.20266612
Standard,999,Kindly add an audit log entry for ml-infer-05.,log_audit_event,log_audit_event,log_audit_event,True,1,0.38136857748031616,0.38136857748031616,log_audit_event;db_write;db_read;generate_report;scan_malware,0.38136858;0.32032090;0.30882755;0.30859223;0.29472563
Standard,1000,Kindly document the event for HR in the audit log.,log_audit_event,log_audit_event,log_audit_event,True,1,0.3978785574436188,0.3978785574436188,log_audit_event;generate_report;create_ticket;check_status;quarantine_system,0.39787856;0.27722794;0.26132232;0.25650033;0.25175467
Standard,1001,Kindly create a compliance log entry for Charlie.,log_audit_event,log_audit_event,log_audit_event,True,1,0.4437565803527832,0.4437565803527832,log_audit_event;create_ticket;generate_report;quarantine_system;escalate_to_human,0.44375658;0.41283402;0.40500641;0.34345418;0.34230134
Standard,1002,"When you have a moment, log an audit event for auth-svc-04.",log_audit_event,log_audit_event,log_audit_event,True,1,0.32166481018066406,0.32166481018066406,log_audit_event;check_status;quarantine_system;scan_malware;generate_report,0.32166481;0.17011377;0.16638863;0.16245350;0.13722378
Standard,1003,"When you have a moment, record the incident involving prod-web-01 in the audit trail.",log_audit_event,log_audit_event,log_audit_event,True,1,0.42741504311561584,0.42741504311561584,log_audit_event;generate_report;quarantine_system;escalate_to_human;create_ticket,0.42741504;0.41161337;0.40487954;0.39771554;0.38085875
Standard,1004,"When you have a moment, write an audit entry for the Legal group.",log_audit_event,log_audit_event,log_audit_event,True,1,0.3194097876548767,0.3194097876548767,log_audit_event;send_notification;escalate_to_human;generate_report;check_status,0.31940979;0.28460711;0.25429657;0.23322606;0.21559036
