condition,row_index,query,ground_truth_raw,ground_truth_tool,predicted_tool,correct,rank,top1_cosine,ground_truth_cosine,top5_tools,top5_cosines
Standard,0,look up the record for #60122.,query_database,db_read,db_read,True,1,0.38122445344924927,0.38122445344924927,db_read;process_refund;generate_report;db_write;check_status,0.38122445;0.34753171;0.34010831;0.33908355;0.32219926
Standard,1,pull Alice's account details.,query_database,db_read,update_subscription,False,3,0.2888299822807312,0.2574878931045532,update_subscription;escalate_to_human;db_read;send_notification;provision_vm,0.28882998;0.26021934;0.25748789;0.21491028;0.19487087
Standard,2,retrieve information on Frank.,query_database,db_read,db_read,True,1,0.4042133390903473,0.4042133390903473,db_read;send_notification;quarantine_system;provision_vm;db_write,0.40421334;0.32188776;0.32100770;0.30896279;0.30628663
Standard,3,check the database entry for Charlie.,query_database,db_read,db_read,True,1,0.504197895526886,0.504197895526886,db_read;db_write;quarantine_system;scan_malware;generate_report,0.50419790;0.41879249;0.32133159;0.32023990;0.31211132
Standard,4,fetch the record linked to #20891.,query_database,db_read,db_write,False,2,0.5015991926193237,0.4970080256462097,db_write;db_read;generate_report;process_refund;provision_vm,0.50159919;0.49700803;0.45127380;0.44317967;0.42384893
Standard,5,search for transaction #20891 in the database.,query_database,db_read,db_read,True,1,0.47806796431541443,0.47806796431541443,db_read;db_write;generate_report;process_refund;create_ticket,0.47806796;0.44475445;0.34098902;0.33782005;0.33022711
Standard,6,bring up Bob's account information.,query_database,db_read,update_subscription,False,4,0.2989724278450012,0.24512213468551636,update_subscription;send_notification;quarantine_system;db_read;provision_vm,0.29897243;0.25625560;0.25523090;0.24512213;0.23724447
Standard,7,search the database for Frank.,query_database,db_read,db_read,True,1,0.463081955909729,0.463081955909729,db_read;db_write;generate_report;send_notification;provision_vm,0.46308196;0.43221816;0.36120504;0.35346738;0.33571053
Standard,8,Please look up the record for Alice.,query_database,db_read,escalate_to_human,False,3,0.369205117225647,0.2950224280357361,escalate_to_human;db_write;db_read;generate_report;provision_vm,0.36920512;0.31020543;0.29502243;0.28793713;0.26793563
Standard,9,Please retrieve the entry for #60122.,query_database,db_read,generate_report,False,3,0.4701397120952606,0.462679922580719,generate_report;provision_vm;db_read;process_refund;db_write,0.47013971;0.46615088;0.46267992;0.45650071;0.44515100
Standard,10,Please retrieve information on Frank.,query_database,db_read,provision_vm,False,5,0.42245131731033325,0.39423972368240356,provision_vm;generate_report;send_notification;quarantine_system;db_read,0.42245132;0.41397697;0.40607795;0.40189710;0.39423972
Standard,11,Please check the database entry for Eve.,query_database,db_read,db_write,False,2,0.48506906628608704,0.4775533378124237,db_write;db_read;generate_report;send_notification;log_audit_event,0.48506907;0.47755334;0.31209040;0.28900275;0.28486404
Standard,12,Please fetch the record linked to #10234.,query_database,db_read,db_read,True,1,0.5252746343612671,0.5252746343612671,db_read;db_write;generate_report;process_refund;provision_vm,0.52527463;0.51068914;0.43506703;0.43464142;0.40504155
Standard,13,Please search for transaction #53698 in the database.,query_database,db_read,db_read,True,1,0.4890808165073395,0.4890808165073395,db_read;db_write;generate_report;provision_vm;reset_password,0.48908082;0.46448952;0.33378324;0.31190416;0.31129694
Standard,14,Please bring up Diana's account information.,query_database,db_read,db_read,True,1,0.4031889736652374,0.4031889736652374,db_read;db_write;generate_report;provision_vm;update_subscription,0.40318897;0.32061607;0.30886576;0.29910189;0.28801900
Standard,15,Please search the database for Alice.,query_database,db_read,db_read,True,1,0.3664943277835846,0.3664943277835846,db_read;db_write;escalate_to_human;generate_report;send_notification,0.36649433;0.36434636;0.29577520;0.25602233;0.23852487
Standard,16,Can you look up the record for Alice?,query_database,db_read,db_read,True,1,0.36938756704330444,0.36938756704330444,db_read;escalate_to_human;db_write;generate_report;provision_vm,0.36938757;0.35574311;0.33921018;0.31471634;0.29750365
Standard,17,Can you pull Bob's account details?,query_database,db_read,db_read,True,1,0.3625587522983551,0.3625587522983551,db_read;update_subscription;reset_password;scan_malware;send_notification,0.36255875;0.34203923;0.31565657;0.29143900;0.28768450
Standard,18,Can you check the database for #53698?,query_database,db_read,db_read,True,1,0.5489431619644165,0.5489431619644165,db_read;db_write;generate_report;provision_vm;send_notification,0.54894316;0.48770607;0.37211984;0.35062844;0.33979338
Standard,19,Can you pull the details associated with #53698?,query_database,db_read,generate_report,False,3,0.49275103211402893,0.48265978693962097,generate_report;provision_vm;db_read;process_refund;create_ticket,0.49275103;0.48794800;0.48265979;0.46657112;0.45433658
Standard,20,Can you fetch Alice's profile from the database?,query_database,db_read,db_read,True,1,0.37482160329818726,0.37482160329818726,db_read;db_write;scan_malware;send_notification;provision_vm,0.37482160;0.25547415;0.20703702;0.20096847;0.19318426
Standard,21,Can you read the record tied to Eve?,query_database,db_read,db_write,False,2,0.4004741609096527,0.3453518748283386,db_write;db_read;generate_report;escalate_to_human;provision_vm,0.40047416;0.34535187;0.31658286;0.29329637;0.28709710
Standard,22,Can you bring up the database entry for #20891?,query_database,db_read,db_write,False,2,0.572045624256134,0.5532464385032654,db_write;db_read;generate_report;provision_vm;process_refund,0.57204562;0.55324644;0.48022923;0.46709573;0.42414975
Standard,23,Can you read back the data for #60122?,query_database,db_read,db_read,True,1,0.5349457263946533,0.5349457263946533,db_read;db_write;generate_report;provision_vm;send_notification,0.53494573;0.46938616;0.40189382;0.38344103;0.37978297
Standard,24,Could you look up the record for #60122 for me?,query_database,db_read,db_read,True,1,0.426239550113678,0.426239550113678,db_read;db_write;generate_report;process_refund;provision_vm,0.42623955;0.39247417;0.38740057;0.35717496;0.34924531
Standard,25,Could you pull Frank's account details for me?,query_database,db_read,update_subscription,False,4,0.4448493421077728,0.4092230200767517,update_subscription;send_notification;generate_report;db_read;provision_vm,0.44484934;0.42820832;0.41189605;0.40922302;0.40482834
Standard,26,Could you retrieve information on Eve for me?,query_database,db_read,db_read,True,1,0.42082899808883667,0.42082899808883667,db_read;db_write;log_audit_event;generate_report;send_notification,0.42082900;0.38351616;0.35254699;0.31741324;0.30256575
Standard,27,Could you check the database entry for Diana for me?,query_database,db_read,db_read,True,1,0.551643431186676,0.551643431186676,db_read;db_write;generate_report;send_notification;provision_vm,0.55164343;0.49181908;0.37666899;0.32499155;0.31830779
Standard,28,Could you fetch the record linked to #20891 for me?,query_database,db_read,db_write,False,2,0.540950357913971,0.5228272676467896,db_write;db_read;generate_report;provision_vm;create_ticket,0.54095036;0.52282727;0.49760348;0.45362806;0.45257521
Standard,29,Could you search for transaction #42017 in the database for me?,query_database,db_read,db_read,True,1,0.5213529467582703,0.5213529467582703,db_read;db_write;generate_report;provision_vm;log_audit_event,0.52135295;0.49641705;0.38366312;0.34592438;0.34525454
Standard,30,Could you bring up the database entry for #31450 for me?,query_database,db_read,db_write,False,2,0.5450125336647034,0.5428046584129333,db_write;db_read;generate_report;provision_vm;send_notification,0.54501253;0.54280466;0.44649708;0.41585770;0.40892455
Standard,31,Could you read back the data for #10234 for me?,query_database,db_read,db_read,True,1,0.5527856945991516,0.5527856945991516,db_read;db_write;generate_report;send_notification;check_status,0.55278569;0.49188522;0.43851221;0.41996038;0.40247309
Standard,32,I need you to look up the record for #20891.,query_database,db_read,generate_report,False,6,0.47461646795272827,0.41561299562454224,generate_report;create_ticket;db_write;process_refund;provision_vm,0.47461647;0.46803075;0.45670769;0.44901353;0.44328165
Standard,33,I need you to retrieve the entry for #60122.,query_database,db_read,generate_report,False,3,0.4970132112503052,0.4885531961917877,generate_report;provision_vm;db_read;db_write;process_refund,0.49701321;0.49363190;0.48855320;0.47895941;0.47545919
Standard,34,I need you to retrieve information on Diana.,query_database,db_read,db_read,True,1,0.49810439348220825,0.49810439348220825,db_read;db_write;generate_report;process_refund;provision_vm,0.49810439;0.40155745;0.32755125;0.29619810;0.29320997
Standard,35,I need you to pull the details associated with #31450.,query_database,db_read,generate_report,False,5,0.5075932741165161,0.48273369669914246,generate_report;db_write;send_notification;provision_vm;db_read,0.50759327;0.49106747;0.48804078;0.48657849;0.48273370
Standard,36,I need you to fetch the record linked to #31450.,query_database,db_read,db_read,True,1,0.5406643748283386,0.5406643748283386,db_read;db_write;generate_report;provision_vm;send_notification,0.54066437;0.52854323;0.45484665;0.42837486;0.42641914
Standard,37,I need you to read the record tied to Bob.,query_database,db_read,generate_report,False,5,0.29432353377342224,0.2704315483570099,generate_report;process_refund;escalate_to_human;check_status;db_read,0.29432353;0.28225020;0.27858916;0.27639267;0.27043155
Standard,38,I need you to bring up Bob's account information.,query_database,db_read,update_subscription,False,5,0.36346369981765747,0.336437851190567,update_subscription;quarantine_system;send_notification;generate_report;db_read,0.36346370;0.34854096;0.34574255;0.34003347;0.33643785
Standard,39,I need you to search the database for Grace.,query_database,db_read,db_read,True,1,0.3411143124103546,0.3411143124103546,db_read;db_write;reset_password;generate_report;scan_malware,0.34111431;0.32351881;0.25177214;0.21812522;0.20700401
Standard,40,We should look up the record for Charlie.,query_database,db_read,quarantine_system,False,2,0.30617156624794006,0.29004552960395813,quarantine_system;db_read;generate_report;process_refund;check_status,0.30617157;0.29004553;0.28623748;0.27359140;0.26841828
Standard,41,We should pull Alice's account details.,query_database,db_read,update_subscription,False,4,0.2970329225063324,0.23556898534297943,update_subscription;escalate_to_human;send_notification;db_read;generate_report,0.29703292;0.26903772;0.23683777;0.23556899;0.22506036
Standard,42,We should retrieve information on Alice.,query_database,db_read,escalate_to_human,False,2,0.3684398829936981,0.2854263484477997,escalate_to_human;db_read;send_notification;generate_report;quarantine_system,0.36843988;0.28542635;0.27941632;0.27148443;0.25499913
Standard,43,We should check the database entry for Diana.,query_database,db_read,db_read,True,1,0.5225802659988403,0.5225802659988403,db_read;db_write;generate_report;quarantine_system;send_notification,0.52258027;0.45531565;0.34038392;0.30007613;0.29362351
Standard,44,We should fetch the record linked to #10234.,query_database,db_read,db_read,True,1,0.5285142660140991,0.5285142660140991,db_read;db_write;generate_report;process_refund;send_notification,0.52851427;0.50757629;0.45424527;0.43509167;0.41611668
Standard,45,We should read the record tied to Charlie.,query_database,db_read,generate_report,False,4,0.26546531915664673,0.2423170804977417,generate_report;quarantine_system;process_refund;db_read;db_write,0.26546532;0.26380146;0.24415562;0.24231708;0.23621105
Standard,46,We should bring up Grace's account information.,query_database,db_read,update_subscription,False,5,0.3457169532775879,0.21104839444160461,update_subscription;reset_password;scan_malware;send_notification;db_read,0.34571695;0.27747402;0.24466509;0.21747117;0.21104839
Standard,47,We should search the database for Charlie.,query_database,db_read,db_read,True,1,0.39649394154548645,0.39649394154548645,db_read;db_write;quarantine_system;generate_report;scan_malware,0.39649394;0.34623906;0.30997655;0.30304706;0.29231673
Standard,48,Let's look up the record for Charlie.,query_database,db_read,quarantine_system,False,2,0.30589643120765686,0.2887091040611267,quarantine_system;db_read;process_refund;generate_report;provision_vm,0.30589643;0.28870910;0.28865838;0.28593779;0.26565397
Standard,49,Let's retrieve the entry for #10234.,query_database,db_read,generate_report,False,4,0.49399736523628235,0.4774831533432007,generate_report;process_refund;provision_vm;db_read;send_notification,0.49399737;0.49029905;0.48033199;0.47748315;0.46783450
Standard,50,Let's check the database for #60122.,query_database,db_read,db_read,True,1,0.516646146774292,0.516646146774292,db_read;db_write;generate_report;send_notification;process_refund,0.51664615;0.46821377;0.37153968;0.35817021;0.33720368
Standard,51,Let's pull the details associated with #42017.,query_database,db_read,process_refund,False,11,0.4853329360485077,0.38285011053085327,process_refund;generate_report;send_notification;provision_vm;quarantine_system,0.48533294;0.47813430;0.47797775;0.46589583;0.43769562
Standard,52,Let's fetch Eve's profile from the database.,query_database,db_read,db_read,True,1,0.396890252828598,0.396890252828598,db_read;db_write;scan_malware;send_notification;provision_vm,0.39689025;0.31213447;0.28563824;0.25926059;0.23045701
Standard,53,Let's search for transaction #10234 in the database.,query_database,db_read,db_read,True,1,0.5079893469810486,0.5079893469810486,db_read;db_write;generate_report;check_status;process_refund,0.50798935;0.44440138;0.32851189;0.31691492;0.31609777
Standard,54,Let's bring up Alice's account information.,query_database,db_read,update_subscription,False,3,0.34578821063041687,0.26181530952453613,update_subscription;escalate_to_human;db_read;send_notification;provision_vm,0.34578821;0.33292329;0.26181531;0.26162824;0.26158592
Standard,55,Let's search the database for Eve.,query_database,db_read,db_write,False,2,0.4351998269557953,0.4204156696796417,db_write;db_read;generate_report;quarantine_system;send_notification,0.43519983;0.42041567;0.27757064;0.24553913;0.24260956
Standard,56,Kindly look up the record for #31450.,query_database,db_read,db_read,True,1,0.3813510537147522,0.3813510537147522,db_read;db_write;generate_report;process_refund;create_ticket,0.38135105;0.37897643;0.35066044;0.33657852;0.32257971
Standard,57,Kindly pull Grace's account details.,query_database,db_read,update_subscription,False,4,0.3042314648628235,0.19683848321437836,update_subscription;reset_password;provision_vm;db_read;generate_report,0.30423146;0.27589405;0.20260173;0.19683848;0.18361357
Standard,58,Kindly check the database for #60122.,query_database,db_read,db_read,True,1,0.5038518905639648,0.5038518905639648,db_read;db_write;generate_report;send_notification;process_refund,0.50385189;0.45107198;0.31449732;0.29882911;0.29869649
Standard,59,Kindly check the database entry for Eve.,query_database,db_read,db_read,True,1,0.4522314965724945,0.4522314965724945,db_read;db_write;generate_report;log_audit_event;scan_malware,0.45223150;0.44472465;0.25753951;0.24904738;0.24368636
Standard,60,Kindly fetch Grace's profile from the database.,query_database,db_read,db_read,True,1,0.30316099524497986,0.30316099524497986,db_read;scan_malware;reset_password;send_notification;db_write,0.30316100;0.24404532;0.21839206;0.17869520;0.17177658
Standard,61,Kindly read the record tied to Charlie.,query_database,db_read,generate_report,False,5,0.2855256497859955,0.27598464488983154,generate_report;escalate_to_human;process_refund;quarantine_system;db_read,0.28552565;0.28433815;0.28117585;0.27925524;0.27598464
Standard,62,Kindly bring up the database entry for #53698.,query_database,db_read,db_read,True,1,0.5269211530685425,0.5269211530685425,db_read;db_write;generate_report;provision_vm;process_refund,0.52692115;0.51179677;0.39637095;0.37775376;0.37018770
Standard,63,Kindly search the database for Bob.,query_database,db_read,db_read,True,1,0.33395853638648987,0.33395853638648987,db_read;db_write;reset_password;generate_report;scan_malware,0.33395854;0.24864471;0.17351663;0.17030075;0.16337708
Standard,64,"When you have a moment, look up the record for Frank.",query_database,db_read,check_status,False,6,0.37347033619880676,0.32740381360054016,check_status;quarantine_system;generate_report;process_refund;send_notification,0.37347034;0.36117592;0.35423309;0.34505042;0.33056360
Standard,65,"When you have a moment, retrieve the entry for #10234.",query_database,db_read,db_read,True,1,0.444168359041214,0.444168359041214,db_read;process_refund;generate_report;log_audit_event;quarantine_system,0.44416836;0.43337038;0.42568347;0.41419172;0.41346693
Standard,66,"When you have a moment, retrieve information on Frank.",query_database,db_read,quarantine_system,False,4,0.4032149016857147,0.36272427439689636,quarantine_system;send_notification;escalate_to_human;db_read;provision_vm,0.40321490;0.38654658;0.38114086;0.36272427;0.35014644
Standard,67,save the latest data for Bob to the database.,update_database,db_write,db_read,False,2,0.47272107005119324,0.4131726622581482,db_read;db_write;provision_vm;generate_report;quarantine_system,0.47272107;0.41317266;0.24572481;0.24446534;0.22833696
Standard,68,write Grace's updated information back to the database.,update_database,db_write,db_write,True,1,0.43526691198349,0.43526691198349,db_write;db_read;update_subscription;provision_vm;generate_report,0.43526691;0.40927407;0.28326264;0.26628619;0.25181320
Standard,69,persist the database changes for Marketing.,update_database,db_write,db_write,True,1,0.4141522943973541,0.4141522943973541,db_write;db_read;update_subscription;provision_vm;restart_service,0.41415229;0.37360165;0.28636301;0.24413310;0.22758043
Standard,70,commit the new record for Alice to the database.,update_database,db_write,db_write,True,1,0.5157139897346497,0.5157139897346497,db_write;db_read;generate_report;provision_vm;escalate_to_human,0.51571399;0.38855031;0.34461665;0.33638647;0.33220083
Standard,71,update the stored Finance settings in the database.,update_database,db_write,db_write,True,1,0.4975246489048004,0.4975246489048004,db_write;db_read;update_subscription;provision_vm;generate_report,0.49752465;0.44818255;0.34858188;0.34418076;0.31948483
Standard,72,store the revised details for Grace.,update_database,db_write,update_subscription,False,2,0.3501966893672943,0.3273322284221649,update_subscription;db_write;provision_vm;generate_report;db_read,0.35019669;0.32733223;0.26152164;0.25642359;0.25427702
Standard,73,push the latest update for #10234 into the database.,update_database,db_write,db_write,True,1,0.5279780626296997,0.5279780626296997,db_write;db_read;provision_vm;generate_report;process_refund,0.52797806;0.46073303;0.37954202;0.37763187;0.34566793
Standard,74,apply the database update for Diana.,update_database,db_write,db_write,True,1,0.5262777209281921,0.5262777209281921,db_write;db_read;generate_report;provision_vm;process_refund,0.52627772;0.47119251;0.38409531;0.36581060;0.34353936
Standard,75,Please save the changes for #31450 to the database.,update_database,db_write,db_write,True,1,0.5509121417999268,0.5509121417999268,db_write;db_read;generate_report;provision_vm;send_notification,0.55091214;0.48254630;0.43355367;0.42866522;0.40176702
Standard,76,Please write Diana's updated information back to the database.,update_database,db_write,db_write,True,1,0.5417391061782837,0.5417391061782837,db_write;db_read;generate_report;provision_vm;process_refund,0.54173911;0.53452009;0.41306996;0.37304762;0.37015504
Standard,77,Please persist the changes for Frank.,update_database,db_write,provision_vm,False,9,0.5286309123039246,0.3780820965766907,provision_vm;update_subscription;send_notification;generate_report;create_ticket,0.52863091;0.51520085;0.46292499;0.45665053;0.44026011
Standard,78,Please commit the new record for Grace to the database.,update_database,db_write,db_write,True,1,0.5110477805137634,0.5110477805137634,db_write;db_read;generate_report;provision_vm;send_notification,0.51104778;0.38458109;0.38101381;0.36365664;0.32749727
Standard,79,Please update the database entry for #31450.,update_database,db_write,db_write,True,1,0.5633149147033691,0.5633149147033691,db_write;db_read;generate_report;provision_vm;send_notification,0.56331491;0.49942157;0.44979116;0.43955076;0.41983837
Standard,80,Please write the revised Finance config back.,update_database,db_write,update_subscription,False,2,0.3765990138053894,0.3727332353591919,update_subscription;db_write;provision_vm;process_refund;generate_report,0.37659901;0.37273324;0.36474267;0.33490887;0.33081016
Standard,81,Please push the Marketing database changes live.,update_database,db_write,db_write,True,1,0.4145784378051758,0.4145784378051758,db_write;db_read;generate_report;provision_vm;send_notification,0.41457844;0.35406539;0.35394311;0.34775674;0.32555184
Standard,82,Please apply the database update for Finance.,update_database,db_write,db_write,True,1,0.5358048677444458,0.5358048677444458,db_write;db_read;generate_report;provision_vm;process_refund,0.53580487;0.46552733;0.37075236;0.34077209;0.32774246
Standard,83,Can you save the latest data for Frank to the database?,update_database,db_write,db_write,True,1,0.546678900718689,0.546678900718689,db_write;db_read;generate_report;provision_vm;send_notification,0.54667890;0.53970414;0.39098462;0.38442615;0.35153207
Standard,84,Can you write Charlie's updated information back to the database?,update_database,db_write,db_write,True,1,0.5354865193367004,0.5354865193367004,db_write;db_read;generate_report;provision_vm;quarantine_system,0.53548652;0.52769732;0.39949787;0.39598650;0.36611977
Standard,85,Can you persist the database update for #53698?,update_database,db_write,db_write,True,1,0.551670253276825,0.551670253276825,db_write;db_read;provision_vm;generate_report;process_refund,0.55167025;0.46760243;0.42640370;0.40640795;0.37268421
Standard,86,Can you commit the new record for Frank to the database?,update_database,db_write,db_write,True,1,0.6052423715591431,0.6052423715591431,db_write;db_read;generate_report;provision_vm;create_ticket,0.60524237;0.48767868;0.48283532;0.46791929;0.42044586
Standard,87,Can you update the stored Finance settings in the database?,update_database,db_write,db_write,True,1,0.5063336491584778,0.5063336491584778,db_write;db_read;update_subscription;provision_vm;reset_password,0.50633365;0.44635138;0.38159648;0.37912968;0.34938571
Standard,88,Can you store the revised data tied to #53698?,update_database,db_write,db_write,True,1,0.550508975982666,0.550508975982666,db_write;db_read;generate_report;provision_vm;process_refund,0.55050898;0.51129925;0.40524122;0.38920933;0.36972082
Standard,89,Can you push Frank's data update into the database?,update_database,db_write,db_write,True,1,0.5659326910972595,0.5659326910972595,db_write;db_read;provision_vm;generate_report;send_notification,0.56593269;0.51667184;0.44163346;0.42769980;0.40119314
Standard,90,Can you apply the database update for Bob?,update_database,db_write,db_write,True,1,0.48154956102371216,0.48154956102371216,db_write;db_read;provision_vm;generate_report;quarantine_system,0.48154956;0.42874864;0.37728783;0.36909902;0.32683307
Standard,91,Could you store the Finance configuration in the database for me?,update_database,db_write,db_write,True,1,0.5013973116874695,0.5013973116874695,db_write;db_read;generate_report;provision_vm;update_subscription,0.50139731;0.47792313;0.32513189;0.31705728;0.30203640
Standard,92,Could you write the updated data for #42017 back to the database for me?,update_database,db_write,db_write,True,1,0.5901669859886169,0.5901669859886169,db_write;db_read;generate_report;provision_vm;send_notification,0.59016699;0.55457962;0.42199630;0.40549982;0.38224334
Standard,93,Could you persist the changes for Diana for me?,update_database,db_write,provision_vm,False,3,0.438694030046463,0.4187883138656616,provision_vm;generate_report;db_write;send_notification;update_subscription,0.43869403;0.42749053;0.41878831;0.38479301;0.38332003
Standard,94,Could you commit the new record for Charlie to the database for me?,update_database,db_write,db_write,True,1,0.5908382534980774,0.5908382534980774,db_write;db_read;generate_report;provision_vm;send_notification,0.59083825;0.50203013;0.47888133;0.44112504;0.42037421
Standard,95,Could you update the database entry for Frank for me?,update_database,db_write,db_write,True,1,0.6052292585372925,0.6052292585372925,db_write;generate_report;provision_vm;db_read;send_notification,0.60522926;0.53287882;0.52611226;0.51326305;0.49455199
Standard,96,Could you store the revised data tied to #60122 for me?,update_database,db_write,db_write,True,1,0.5450392961502075,0.5450392961502075,db_write;db_read;generate_report;provision_vm;process_refund,0.54503930;0.51916718;0.43382627;0.39424700;0.37930369
Standard,97,Could you push Eve's data update into the database for me?,update_database,db_write,db_write,True,1,0.5427441000938416,0.5427441000938416,db_write;db_read;generate_report;provision_vm;send_notification,0.54274410;0.47034761;0.35399681;0.33432126;0.31845444
Standard,98,Could you apply the database update for Bob for me?,update_database,db_write,db_write,True,1,0.4896097183227539,0.4896097183227539,db_write;db_read;generate_report;provision_vm;send_notification,0.48960972;0.42316511;0.40763864;0.38720095;0.37443393
Standard,99,I need you to save the latest data for Frank to the database.,update_database,db_write,db_write,True,1,0.590431809425354,0.590431809425354,db_write;db_read;generate_report;provision_vm;send_notification,0.59043181;0.57656360;0.46538895;0.44447806;0.43322790
Standard,100,I need you to write Charlie's updated information back to the database.,update_database,db_write,db_write,True,1,0.5670844912528992,0.5670844912528992,db_write;db_read;generate_report;provision_vm;quarantine_system,0.56708449;0.55709833;0.43615800;0.42219576;0.39856201
Standard,101,I need you to persist the changes for Grace.,update_database,db_write,update_subscription,False,8,0.423916757106781,0.30026811361312866,update_subscription;provision_vm;reset_password;process_refund;generate_report,0.42391676;0.38996139;0.36349165;0.33873102;0.32981297
Standard,102,I need you to commit the Engineering configuration update.,update_database,db_write,provision_vm,False,5,0.5657100677490234,0.49671339988708496,provision_vm;quarantine_system;generate_report;process_refund;db_write,0.56571007;0.51295698;0.50392985;0.49767810;0.49671340
Standard,103,I need you to update the database entry for Grace.,update_database,db_write,db_write,True,1,0.4987352192401886,0.4987352192401886,db_write;db_read;provision_vm;generate_report;reset_password,0.49873522;0.41866276;0.39092052;0.37034562;0.34777999
Standard,104,I need you to store the revised details for Alice.,update_database,db_write,db_write,True,1,0.445262610912323,0.445262610912323,db_write;escalate_to_human;generate_report;update_subscription;provision_vm,0.44526261;0.42772421;0.41492051;0.39860177;0.39671496
Standard,105,I need you to push Grace's data update into the database.,update_database,db_write,db_write,True,1,0.5328225493431091,0.5328225493431091,db_write;db_read;provision_vm;generate_report;send_notification,0.53282255;0.48996204;0.38440165;0.37855822;0.35302883
Standard,106,I need you to apply the database write for #31450.,update_database,db_write,db_write,True,1,0.5590516328811646,0.5590516328811646,db_write;db_read;generate_report;provision_vm;send_notification,0.55905163;0.50510615;0.42571837;0.39200664;0.38893223
Standard,107,We should save the latest data for Diana to the database.,update_database,db_write,db_read,False,2,0.5098896622657776,0.49622687697410583,db_read;db_write;generate_report;provision_vm;send_notification,0.50988966;0.49622688;0.35769641;0.30719402;0.29972482
Standard,108,We should write Charlie's updated information back to the database.,update_database,db_write,db_write,True,1,0.48733291029930115,0.48733291029930115,db_write;db_read;generate_report;provision_vm;quarantine_system,0.48733291;0.45799693;0.39264792;0.36942109;0.36462805
Standard,109,We should persist the database update for #10234.,update_database,db_write,db_write,True,1,0.548633337020874,0.548633337020874,db_write;db_read;generate_report;provision_vm;process_refund,0.54863334;0.46265620;0.41230828;0.39653638;0.38918552
Standard,110,We should commit the new record for Bob to the database.,update_database,db_write,db_write,True,1,0.49729064106941223,0.49729064106941223,db_write;db_read;generate_report;provision_vm;send_notification,0.49729064;0.40490475;0.39441508;0.35678491;0.34162715
Standard,111,We should update the database entry for Eve.,update_database,db_write,db_write,True,1,0.5259283781051636,0.5259283781051636,db_write;db_read;generate_report;provision_vm;quarantine_system,0.52592838;0.40724090;0.35888323;0.33488554;0.31243232
Standard,112,We should store the revised details for Frank.,update_database,db_write,update_subscription,False,4,0.46498626470565796,0.4359864294528961,update_subscription;generate_report;provision_vm;db_write;send_notification,0.46498626;0.44749761;0.43653980;0.43598643;0.42456251
Standard,113,We should push Charlie's data update into the database.,update_database,db_write,db_write,True,1,0.4904719293117523,0.4904719293117523,db_write;db_read;generate_report;provision_vm;quarantine_system,0.49047193;0.44931999;0.39662442;0.37600142;0.37544230
Standard,114,We should apply the database update for Finance.,update_database,db_write,db_write,True,1,0.5497742891311646,0.5497742891311646,db_write;db_read;generate_report;provision_vm;process_refund,0.54977429;0.45550576;0.37704608;0.34327218;0.32204130
Standard,115,Let's save the latest data for Frank to the database.,update_database,db_write,db_write,True,1,0.5452644228935242,0.5452644228935242,db_write;db_read;generate_report;provision_vm;send_notification,0.54526442;0.51965928;0.44099021;0.41675791;0.40754858
Standard,116,Let's write the updated data for #42017 back to the database.,update_database,db_write,db_write,True,1,0.5672535300254822,0.5672535300254822,db_write;db_read;generate_report;provision_vm;process_refund,0.56725353;0.51405555;0.41287521;0.39867193;0.38483870
Standard,117,Let's persist the database update for #42017.,update_database,db_write,db_write,True,1,0.5505211353302002,0.5505211353302002,db_write;db_read;generate_report;provision_vm;process_refund,0.55052114;0.45618984;0.42869473;0.42506802;0.41682726
Standard,118,Let's commit the Legal configuration update.,update_database,db_write,create_ticket,False,9,0.5442155003547668,0.398970365524292,create_ticket;provision_vm;generate_report;update_subscription;process_refund,0.54421550;0.53099447;0.49051809;0.49016804;0.48067030
Standard,119,Let's update the database entry for Bob.,update_database,db_write,db_write,True,1,0.4729832708835602,0.4729832708835602,db_write;db_read;generate_report;provision_vm;send_notification,0.47298327;0.43121207;0.40259475;0.38977796;0.36378610
Standard,120,Let's store the revised details for Charlie.,update_database,db_write,generate_report,False,3,0.4059923589229584,0.38349753618240356,generate_report;provision_vm;db_write;update_subscription;process_refund,0.40599236;0.39204961;0.38349754;0.38120532;0.37926048
Standard,121,Let's push Bob's data update into the database.,update_database,db_write,db_write,True,1,0.4894637167453766,0.4894637167453766,db_write;db_read;generate_report;provision_vm;send_notification,0.48946372;0.46612340;0.36629516;0.36164448;0.34145698
Standard,122,Let's apply the database update for Bob.,update_database,db_write,db_write,True,1,0.4376490116119385,0.4376490116119385,db_write;db_read;generate_report;provision_vm;quarantine_system,0.43764901;0.37953728;0.36831141;0.35368863;0.33034676
Standard,123,Kindly save the latest data for Frank to the database.,update_database,db_write,db_write,True,1,0.5463018417358398,0.5463018417358398,db_write;db_read;generate_report;send_notification;provision_vm,0.54630184;0.54050040;0.42421994;0.39996597;0.39835933
Standard,124,Kindly write Eve's updated information back to the database.,update_database,db_write,db_write,True,1,0.5266545414924622,0.5266545414924622,db_write;db_read;generate_report;provision_vm;process_refund,0.52665454;0.47144625;0.31788075;0.29296914;0.27500755
Standard,125,Kindly persist the changes for Eve.,update_database,db_write,provision_vm,False,2,0.3826882839202881,0.37861567735671997,provision_vm;db_write;update_subscription;generate_report;process_refund,0.38268828;0.37861568;0.35540152;0.34193033;0.34111461
Standard,126,Kindly commit the new record for Charlie to the database.,update_database,db_write,db_write,True,1,0.5460365414619446,0.5460365414619446,db_write;db_read;generate_report;provision_vm;send_notification,0.54603654;0.44597343;0.42285815;0.39161521;0.36567387
Standard,127,Kindly update the database entry for Frank.,update_database,db_write,db_write,True,1,0.5808930397033691,0.5808930397033691,db_write;db_read;provision_vm;generate_report;send_notification,0.58089304;0.50199646;0.47449914;0.47095650;0.43667942
Standard,128,Kindly store the revised details for Eve.,update_database,db_write,db_write,True,1,0.45146259665489197,0.45146259665489197,db_write;generate_report;db_read;process_refund;escalate_to_human,0.45146260;0.34856880;0.34146038;0.31626576;0.31247035
Standard,129,Kindly push Diana's data update into the database.,update_database,db_write,db_write,True,1,0.5119876861572266,0.5119876861572266,db_write;db_read;generate_report;provision_vm;send_notification,0.51198769;0.49447912;0.37741721;0.34633252;0.33320698
Standard,130,Kindly apply the database update for HR.,update_database,db_write,db_write,True,1,0.4519594609737396,0.4519594609737396,db_write;db_read;generate_report;process_refund;provision_vm,0.45195946;0.42643747;0.33745465;0.32421881;0.30118710
Standard,131,"When you have a moment, save the latest data for Diana to the database.",update_database,db_write,db_read,False,2,0.5048076510429382,0.4699636399745941,db_read;db_write;generate_report;process_refund;provision_vm,0.50480765;0.46996364;0.33872426;0.30984509;0.30391666
Standard,132,"When you have a moment, write the updated data for #31450 back to the database.",update_database,db_write,db_write,True,1,0.526975691318512,0.526975691318512,db_write;db_read;generate_report;provision_vm;process_refund,0.52697569;0.50314462;0.35575482;0.34610331;0.32407862
Standard,133,"When you have a moment, persist the changes for Bob.",update_database,db_write,quarantine_system,False,14,0.352928102016449,0.1770961433649063,quarantine_system;provision_vm;process_refund;update_subscription;escalate_to_human,0.35292810;0.35077724;0.34749174;0.34469095;0.30337521
Standard,134,reset Bob's password.,reset_password,reset_password,reset_password,True,1,0.51392662525177,0.51392662525177,reset_password;update_subscription;scan_malware;process_refund;provision_vm,0.51392663;0.19928697;0.18982515;0.16960472;0.16551073
Standard,135,issue a new password for Eve.,reset_password,reset_password,reset_password,True,1,0.4603918492794037,0.4603918492794037,reset_password;update_subscription;scan_malware;provision_vm;process_refund,0.46039185;0.25473845;0.21548621;0.19467792;0.17436954
Standard,136,force a password reset for Alice.,reset_password,reset_password,reset_password,True,1,0.4613931477069855,0.4613931477069855,reset_password;update_subscription;escalate_to_human;provision_vm;process_refund,0.46139315;0.22234601;0.20530780;0.16576046;0.14200450
Standard,137,rotate Grace's login credentials.,reset_password,reset_password,reset_password,True,1,0.3901744484901428,0.3901744484901428,reset_password;update_subscription;scan_malware;provision_vm;process_refund,0.39017445;0.20032197;0.08658938;0.04213796;0.02816109
Standard,138,replace Alice's current password.,reset_password,reset_password,reset_password,True,1,0.5059084892272949,0.5059084892272949,reset_password;update_subscription;escalate_to_human;provision_vm;process_refund,0.50590849;0.31345299;0.25144577;0.21724656;0.18321826
Standard,139,set a fresh password for Grace.,reset_password,reset_password,reset_password,True,1,0.43449732661247253,0.43449732661247253,reset_password;update_subscription;scan_malware;provision_vm;process_refund,0.43449733;0.20371965;0.16800775;0.11944577;0.08506549
Standard,140,trigger a credential reset for Alice.,reset_password,reset_password,reset_password,True,1,0.3770945072174072,0.3770945072174072,reset_password;update_subscription;escalate_to_human;provision_vm;process_refund,0.37709451;0.26805246;0.25355008;0.21894300;0.19049492
Standard,141,invalidate the old password and create a new one for Bob.,reset_password,reset_password,reset_password,True,1,0.5162065029144287,0.5162065029144287,reset_password;update_subscription;provision_vm;scan_malware;process_refund,0.51620650;0.25708449;0.22099265;0.20879038;0.19563667
Standard,142,Please reset Frank's password.,reset_password,reset_password,reset_password,True,1,0.6212817430496216,0.6212817430496216,reset_password;update_subscription;provision_vm;scan_malware;quarantine_system,0.62128174;0.38950902;0.36043152;0.35623831;0.32226524
Standard,143,Please issue a new password for Bob.,reset_password,reset_password,reset_password,True,1,0.5233093500137329,0.5233093500137329,reset_password;update_subscription;scan_malware;provision_vm;create_ticket,0.52330935;0.29178756;0.25895742;0.25632015;0.23439033
Standard,144,Please force a password reset for Grace.,reset_password,reset_password,reset_password,True,1,0.5154557824134827,0.5154557824134827,reset_password;update_subscription;scan_malware;provision_vm;process_refund,0.51545578;0.25282621;0.20741181;0.17989860;0.15910716
Standard,145,Please rotate Frank's login credentials.,reset_password,reset_password,reset_password,True,1,0.498330295085907,0.498330295085907,reset_password;update_subscription;provision_vm;scan_malware;quarantine_system,0.49833030;0.36302188;0.28964937;0.27969310;0.26776838
Standard,146,Please replace Diana's current password.,reset_password,reset_password,reset_password,True,1,0.5661413669586182,0.5661413669586182,reset_password;update_subscription;generate_report;provision_vm;scan_malware,0.56614137;0.32060403;0.29433048;0.29154763;0.29122055
Standard,147,Please set a fresh password for Eve.,reset_password,reset_password,reset_password,True,1,0.47532492876052856,0.47532492876052856,reset_password;scan_malware;update_subscription;provision_vm;process_refund,0.47532493;0.25314742;0.23942818;0.19793186;0.18195425
Standard,148,Please trigger a credential reset for Alice.,reset_password,reset_password,reset_password,True,1,0.41479426622390747,0.41479426622390747,reset_password;escalate_to_human;update_subscription;provision_vm;process_refund,0.41479427;0.33399245;0.32355413;0.29560244;0.26362398
Standard,149,Please invalidate the old password and create a new one for Diana.,reset_password,reset_password,reset_password,True,1,0.532967746257782,0.532967746257782,reset_password;provision_vm;update_subscription;generate_report;scan_malware,0.53296775;0.30654335;0.29415447;0.28908056;0.28789523
Standard,150,Can you reset Diana's password?,reset_password,reset_password,reset_password,True,1,0.5779181122779846,0.5779181122779846,reset_password;scan_malware;provision_vm;update_subscription;process_refund,0.57791811;0.29634017;0.28605118;0.28329015;0.27430066
Standard,151,Can you issue a new password for Eve?,reset_password,reset_password,reset_password,True,1,0.5285910367965698,0.5285910367965698,reset_password;update_subscription;provision_vm;scan_malware;generate_report,0.52859104;0.32211575;0.28452820;0.27486762;0.26173300
Standard,152,Can you force a password reset for Diana?,reset_password,reset_password,reset_password,True,1,0.557076632976532,0.557076632976532,reset_password;update_subscription;provision_vm;scan_malware;process_refund,0.55707663;0.25354978;0.25354359;0.24801284;0.23432904
Standard,153,Can you rotate Eve's login credentials?,reset_password,reset_password,reset_password,True,1,0.47274255752563477,0.47274255752563477,reset_password;update_subscription;scan_malware;process_refund;provision_vm,0.47274256;0.23289987;0.16175227;0.12749241;0.12361360
Standard,154,Can you replace Charlie's current password?,reset_password,reset_password,reset_password,True,1,0.5961650609970093,0.5961650609970093,reset_password;update_subscription;scan_malware;provision_vm;process_refund,0.59616506;0.33278322;0.30864367;0.29171446;0.27213669
Standard,155,Can you set a fresh password for Eve?,reset_password,reset_password,reset_password,True,1,0.51419997215271,0.51419997215271,reset_password;update_subscription;scan_malware;provision_vm;process_refund,0.51419997;0.25608248;0.25428423;0.20288274;0.18508945
Standard,156,Can you trigger a credential reset for Grace?,reset_password,reset_password,reset_password,True,1,0.43050795793533325,0.43050795793533325,reset_password;update_subscription;restart_service;provision_vm;process_refund,0.43050796;0.23190728;0.22373807;0.16408966;0.16080810
Standard,157,Can you invalidate the old password and create a new one for Alice?,reset_password,reset_password,reset_password,True,1,0.5377840399742126,0.5377840399742126,reset_password;update_subscription;provision_vm;escalate_to_human;generate_report,0.53778404;0.32152024;0.29639122;0.28114507;0.26037553
Standard,158,Could you reset Frank's password for me?,reset_password,reset_password,reset_password,True,1,0.6332097053527832,0.6332097053527832,reset_password;update_subscription;provision_vm;scan_malware;generate_report,0.63320971;0.39611068;0.38309133;0.37817702;0.35922915
Standard,159,Could you issue a new password for Frank for me?,reset_password,reset_password,reset_password,True,1,0.5898018479347229,0.5898018479347229,reset_password;update_subscription;provision_vm;create_ticket;generate_report,0.58980185;0.42632151;0.40674457;0.38803208;0.38652790
Standard,160,Could you force a password reset for Alice for me?,reset_password,reset_password,reset_password,True,1,0.5368437170982361,0.5368437170982361,reset_password;update_subscription;escalate_to_human;provision_vm;generate_report,0.53684372;0.30745977;0.27396220;0.27366471;0.23276226
Standard,161,Could you rotate Grace's login credentials for me?,reset_password,reset_password,reset_password,True,1,0.4960458278656006,0.4960458278656006,reset_password;update_subscription;scan_malware;provision_vm;process_refund,0.49604583;0.30966350;0.22411777;0.19037990;0.15744586
Standard,162,Could you replace Charlie's current password for me?,reset_password,reset_password,reset_password,True,1,0.603264570236206,0.603264570236206,reset_password;update_subscription;scan_malware;provision_vm;generate_report,0.60326457;0.35373509;0.34854907;0.31933922;0.31196496
Standard,163,Could you set a fresh password for Grace for me?,reset_password,reset_password,reset_password,True,1,0.5493433475494385,0.5493433475494385,reset_password;update_subscription;scan_malware;provision_vm;generate_report,0.54934335;0.31311506;0.25980166;0.22941758;0.20463452
Standard,164,Could you trigger a credential reset for Frank for me?,reset_password,reset_password,reset_password,True,1,0.5148097276687622,0.5148097276687622,reset_password;provision_vm;update_subscription;create_ticket;process_refund,0.51480973;0.41064003;0.41010365;0.37216210;0.35774302
Standard,165,Could you invalidate the old password and create a new one for Charlie for me?,reset_password,reset_password,reset_password,True,1,0.5986042022705078,0.5986042022705078,reset_password;scan_malware;provision_vm;update_subscription;generate_report,0.59860420;0.38097212;0.36320651;0.35976651;0.33662182
Standard,166,I need you to reset Alice's password.,reset_password,reset_password,reset_password,True,1,0.5791052579879761,0.5791052579879761,reset_password;update_subscription;provision_vm;process_refund;generate_report,0.57910526;0.35138819;0.32940304;0.30868530;0.30644739
Standard,167,I need you to issue a new password for Charlie.,reset_password,reset_password,reset_password,True,1,0.5738217234611511,0.5738217234611511,reset_password;update_subscription;scan_malware;provision_vm;generate_report,0.57382172;0.38652432;0.37890923;0.37534550;0.35022718
Standard,168,I need you to force a password reset for Diana.,reset_password,reset_password,reset_password,True,1,0.5817421674728394,0.5817421674728394,reset_password;provision_vm;process_refund;generate_report;scan_malware,0.58174217;0.34566921;0.32700142;0.32002467;0.31629968
Standard,169,I need you to rotate Bob's login credentials.,reset_password,reset_password,reset_password,True,1,0.4938255846500397,0.4938255846500397,reset_password;update_subscription;scan_malware;provision_vm;process_refund,0.49382558;0.32498467;0.25139183;0.24609870;0.23689841
Standard,170,I need you to replace Diana's current password.,reset_password,reset_password,reset_password,True,1,0.6037501692771912,0.6037501692771912,reset_password;update_subscription;generate_report;provision_vm;process_refund,0.60375017;0.36564326;0.35037023;0.34740838;0.33689955
Standard,171,I need you to set a fresh password for Alice.,reset_password,reset_password,reset_password,True,1,0.5293827652931213,0.5293827652931213,reset_password;update_subscription;provision_vm;escalate_to_human;process_refund,0.52938277;0.34080371;0.29774326;0.28551206;0.26899561
Standard,172,I need you to trigger a credential reset for Frank.,reset_password,reset_password,reset_password,True,1,0.5156682729721069,0.5156682729721069,reset_password;provision_vm;update_subscription;process_refund;quarantine_system,0.51566827;0.45395103;0.44812927;0.41903168;0.40193582
Standard,173,I need you to invalidate the old password and create a new one for Frank.,reset_password,reset_password,reset_password,True,1,0.5930907726287842,0.5930907726287842,reset_password;update_subscription;provision_vm;generate_report;process_refund,0.59309077;0.42394120;0.42184076;0.38617915;0.37387526
Standard,174,We should reset Charlie's password.,reset_password,reset_password,reset_password,True,1,0.4925640821456909,0.4925640821456909,reset_password;scan_malware;quarantine_system;update_subscription;provision_vm,0.49256408;0.30436394;0.25193349;0.24323525;0.23557675
Standard,175,We should issue a new password for Eve.,reset_password,reset_password,reset_password,True,1,0.43725988268852234,0.43725988268852234,reset_password;update_subscription;scan_malware;provision_vm;generate_report,0.43725988;0.25443867;0.23362657;0.21410133;0.21213135
Standard,176,We should force a password reset for Grace.,reset_password,reset_password,reset_password,True,1,0.47700369358062744,0.47700369358062744,reset_password;update_subscription;scan_malware;provision_vm;process_refund,0.47700369;0.23426381;0.18677464;0.15760486;0.14214183
Standard,177,We should rotate Bob's login credentials.,reset_password,reset_password,reset_password,True,1,0.42062467336654663,0.42062467336654663,reset_password;update_subscription;scan_malware;quarantine_system;process_refund,0.42062467;0.22302337;0.18733317;0.15506878;0.15126814
Standard,178,We should replace Eve's current password.,reset_password,reset_password,reset_password,True,1,0.4802014231681824,0.4802014231681824,reset_password;update_subscription;scan_malware;generate_report;provision_vm,0.48020142;0.27119562;0.23597799;0.20344208;0.19739333
Standard,179,We should set a fresh password for Alice.,reset_password,reset_password,reset_password,True,1,0.45328953862190247,0.45328953862190247,reset_password;update_subscription;escalate_to_human;provision_vm;generate_report,0.45328954;0.27233273;0.24440409;0.20799842;0.18514946
Standard,180,We should trigger a credential reset for Grace.,reset_password,reset_password,reset_password,True,1,0.3905346691608429,0.3905346691608429,reset_password;update_subscription;restart_service;provision_vm;process_refund,0.39053467;0.26770398;0.22877258;0.20247561;0.19659105
Standard,181,We should invalidate the old password and create a new one for Frank.,reset_password,reset_password,reset_password,True,1,0.5349504947662354,0.5349504947662354,reset_password;update_subscription;provision_vm;generate_report;scan_malware,0.53495049;0.36996183;0.34130013;0.31372550;0.30059093
Standard,182,Let's reset Grace's password.,reset_password,reset_password,reset_password,True,1,0.5264559984207153,0.5264559984207153,reset_password;update_subscription;scan_malware;provision_vm;process_refund,0.52645600;0.27808502;0.20103148;0.18762119;0.16678785
Standard,183,Let's issue a new password for Frank.,reset_password,reset_password,reset_password,True,1,0.5185220241546631,0.5185220241546631,reset_password;update_subscription;create_ticket;provision_vm;escalate_to_human,0.51852202;0.38847941;0.34654495;0.34526235;0.32518128
Standard,184,Let's force a password reset for Eve.,reset_password,reset_password,reset_password,True,1,0.46958985924720764,0.46958985924720764,reset_password;update_subscription;scan_malware;provision_vm;process_refund,0.46958986;0.23000033;0.22487645;0.20720814;0.19859447
Standard,185,Let's rotate Bob's login credentials.,reset_password,reset_password,reset_password,True,1,0.44219475984573364,0.44219475984573364,reset_password;update_subscription;scan_malware;process_refund;provision_vm,0.44219476;0.25237322;0.18789683;0.17251371;0.17081809
Standard,186,Let's replace Bob's current password.,reset_password,reset_password,reset_password,True,1,0.5336396098136902,0.5336396098136902,reset_password;update_subscription;provision_vm;process_refund;scan_malware,0.53363961;0.29784882;0.23076746;0.22602460;0.22498380
Standard,187,Let's set a fresh password for Charlie.,reset_password,reset_password,reset_password,True,1,0.4827290177345276,0.4827290177345276,reset_password;update_subscription;scan_malware;quarantine_system;provision_vm,0.48272902;0.27928752;0.26864296;0.24259055;0.23795137
Standard,188,Let's trigger a credential reset for Grace.,reset_password,reset_password,reset_password,True,1,0.4125050902366638,0.4125050902366638,reset_password;update_subscription;restart_service;provision_vm;process_refund,0.41250509;0.29633120;0.27321458;0.24365813;0.22539814
Standard,189,Let's invalidate the old password and create a new one for Bob.,reset_password,reset_password,reset_password,True,1,0.5308127403259277,0.5308127403259277,reset_password;update_subscription;provision_vm;process_refund;scan_malware,0.53081274;0.29825315;0.27238917;0.24864957;0.24820556
Standard,190,Kindly reset Eve's password.,reset_password,reset_password,reset_password,True,1,0.5264216065406799,0.5264216065406799,reset_password;scan_malware;update_subscription;process_refund;provision_vm,0.52642161;0.27367732;0.24097598;0.22060609;0.22006191
Standard,191,Kindly issue a new password for Grace.,reset_password,reset_password,reset_password,True,1,0.5014037489891052,0.5014037489891052,reset_password;update_subscription;scan_malware;provision_vm;create_ticket,0.50140375;0.26254657;0.22064506;0.19404666;0.17240748
Standard,192,Kindly force a password reset for Eve.,reset_password,reset_password,reset_password,True,1,0.501281201839447,0.501281201839447,reset_password;scan_malware;update_subscription;provision_vm;process_refund,0.50128120;0.25305864;0.23331261;0.21393065;0.20941904
Standard,193,Kindly rotate Alice's login credentials.,reset_password,reset_password,reset_password,True,1,0.44104206562042236,0.44104206562042236,reset_password;update_subscription;escalate_to_human;provision_vm;process_refund,0.44104207;0.27859607;0.20976917;0.18332678;0.17099343
Standard,194,Kindly replace Eve's current password.,reset_password,reset_password,reset_password,True,1,0.5369638204574585,0.5369638204574585,reset_password;update_subscription;scan_malware;provision_vm;process_refund,0.53696382;0.29452452;0.27919880;0.24073713;0.22327042
Standard,195,Kindly set a fresh password for Charlie.,reset_password,reset_password,reset_password,True,1,0.5258863568305969,0.5258863568305969,reset_password;scan_malware;update_subscription;provision_vm;quarantine_system,0.52588636;0.33437836;0.27383253;0.25930390;0.25833607
Standard,196,Kindly trigger a credential reset for Diana.,reset_password,reset_password,reset_password,True,1,0.3954753279685974,0.3954753279685974,reset_password;restart_service;process_refund;provision_vm;update_subscription,0.39547533;0.30073768;0.28438747;0.27966240;0.24991785
Standard,197,Kindly invalidate the old password and create a new one for Alice.,reset_password,reset_password,reset_password,True,1,0.5167303681373596,0.5167303681373596,reset_password;update_subscription;escalate_to_human;provision_vm;generate_report,0.51673037;0.29053465;0.27620143;0.26869115;0.23281918
Standard,198,"When you have a moment, reset Alice's password.",reset_password,reset_password,reset_password,True,1,0.49811211228370667,0.49811211228370667,reset_password;update_subscription;escalate_to_human;process_refund;provision_vm,0.49811211;0.28641629;0.26130301;0.25532544;0.25097457
Standard,199,"When you have a moment, issue a new password for Charlie.",reset_password,reset_password,reset_password,True,1,0.4879652261734009,0.4879652261734009,reset_password;scan_malware;update_subscription;quarantine_system;provision_vm,0.48796523;0.32522193;0.31442699;0.28910464;0.28706852
Standard,200,"When you have a moment, force a password reset for Grace.",reset_password,reset_password,reset_password,True,1,0.47135859727859497,0.47135859727859497,reset_password;update_subscription;scan_malware;process_refund;provision_vm,0.47135860;0.22852351;0.20651567;0.19572663;0.18940158
Standard,201,open an incident ticket for payment-api-03.,create_ticket,create_ticket,create_ticket,True,1,0.48648229241371155,0.48648229241371155,create_ticket;provision_vm;generate_report;log_audit_event;process_refund,0.48648229;0.35513467;0.34010181;0.33112970;0.32816538
Standard,202,file a case for Bob.,create_ticket,create_ticket,escalate_to_human,False,2,0.3995918333530426,0.32516971230506897,escalate_to_human;create_ticket;provision_vm;send_notification;generate_report,0.39959183;0.32516971;0.24582259;0.23600368;0.22527178
Standard,203,create a support case for prod-web-01.,create_ticket,create_ticket,create_ticket,True,1,0.5118187665939331,0.5118187665939331,create_ticket;generate_report;provision_vm;escalate_to_human;quarantine_system,0.51181877;0.42666960;0.42639235;0.40632996;0.39468756
Standard,204,log a helpdesk issue for Bob.,create_ticket,create_ticket,create_ticket,True,1,0.4611341655254364,0.4611341655254364,create_ticket;log_audit_event;process_refund;generate_report;escalate_to_human,0.46113417;0.37582245;0.34430838;0.32642251;0.32238197
Standard,205,raise a service request for HR.,create_ticket,create_ticket,create_ticket,True,1,0.2806263566017151,0.2806263566017151,create_ticket;restart_service;process_refund;check_status;quarantine_system,0.28062636;0.26782104;0.25937539;0.23558387;0.23509121
Standard,206,submit a ticket for Alice.,create_ticket,create_ticket,create_ticket,True,1,0.39565467834472656,0.39565467834472656,create_ticket;escalate_to_human;provision_vm;generate_report;send_notification,0.39565468;0.35662737;0.21336414;0.20768031;0.18406098
Standard,207,open a service desk case for Alice.,create_ticket,create_ticket,escalate_to_human,False,3,0.43869632482528687,0.2713644206523895,escalate_to_human;provision_vm;create_ticket;send_notification;quarantine_system,0.43869632;0.28138489;0.27136442;0.26740900;0.26511022
Standard,208,create a tracking issue for Frank.,create_ticket,create_ticket,create_ticket,True,1,0.5085415244102478,0.5085415244102478,create_ticket;provision_vm;escalate_to_human;send_notification;generate_report,0.50854152;0.47987905;0.46166837;0.45279291;0.44504139
Standard,209,Please open an incident ticket for auth-svc-04.,create_ticket,create_ticket,create_ticket,True,1,0.45680928230285645,0.45680928230285645,create_ticket;log_audit_event;generate_report;provision_vm;escalate_to_human,0.45680928;0.34064686;0.33752120;0.33578190;0.32872012
Standard,210,Please file a case for Alice.,create_ticket,create_ticket,escalate_to_human,False,2,0.4975311756134033,0.3738110363483429,escalate_to_human;create_ticket;provision_vm;generate_report;send_notification,0.49753118;0.37381104;0.31630984;0.31011072;0.29829326
Standard,211,Please create a support case for ml-infer-05.,create_ticket,create_ticket,generate_report,False,3,0.41965341567993164,0.3841645121574402,generate_report;send_notification;create_ticket;provision_vm;process_refund,0.41965342;0.40493137;0.38416451;0.37566727;0.36174062
Standard,212,Please log an issue against staging-db-02.,create_ticket,create_ticket,db_write,False,2,0.35434597730636597,0.32014697790145874,db_write;create_ticket;log_audit_event;generate_report;db_read,0.35434598;0.32014698;0.31239328;0.28397170;0.27423739
Standard,213,Please raise a service request for Finance.,create_ticket,create_ticket,create_ticket,True,1,0.38113856315612793,0.38113856315612793,create_ticket;process_refund;generate_report;provision_vm;check_status,0.38113856;0.31120914;0.30219811;0.28466168;0.28398570
Standard,214,Please submit a ticket for Frank.,create_ticket,create_ticket,create_ticket,True,1,0.5017451047897339,0.5017451047897339,create_ticket;generate_report;provision_vm;escalate_to_human;send_notification,0.50174510;0.37168163;0.35714424;0.35447949;0.32907975
Standard,215,Please open a service desk case for Diana.,create_ticket,create_ticket,escalate_to_human,False,7,0.3584679067134857,0.2834821939468384,escalate_to_human;process_refund;generate_report;quarantine_system;provision_vm,0.35846791;0.30398765;0.30348364;0.30137891;0.30015919
Standard,216,Please create a support issue for HR.,create_ticket,create_ticket,create_ticket,True,1,0.5433889627456665,0.5433889627456665,create_ticket;generate_report;process_refund;provision_vm;escalate_to_human,0.54338896;0.42250571;0.41347367;0.39947718;0.39248475
Standard,217,Can you open an incident ticket for staging-db-02?,create_ticket,create_ticket,create_ticket,True,1,0.37780579924583435,0.37780579924583435,create_ticket;db_write;generate_report;provision_vm;escalate_to_human,0.37780580;0.31157431;0.28129902;0.26106158;0.25742531
Standard,218,Can you file a case for Charlie?,create_ticket,create_ticket,escalate_to_human,False,2,0.4139067530632019,0.3705986738204956,escalate_to_human;create_ticket;generate_report;provision_vm;send_notification,0.41390675;0.37059867;0.30632147;0.30504319;0.27828872
Standard,219,Can you create an incident ticket for Eve?,create_ticket,create_ticket,create_ticket,True,1,0.4340088963508606,0.4340088963508606,create_ticket;escalate_to_human;generate_report;provision_vm;log_audit_event,0.43400890;0.37127280;0.35911664;0.33765331;0.30967268
Standard,220,Can you log a helpdesk issue for Grace?,create_ticket,create_ticket,create_ticket,True,1,0.4712742269039154,0.4712742269039154,create_ticket;log_audit_event;generate_report;process_refund;provision_vm,0.47127423;0.44615084;0.37710816;0.36615151;0.35288617
Standard,221,Can you raise an incident for auth-svc-04?,create_ticket,create_ticket,create_ticket,True,1,0.4229210913181305,0.4229210913181305,create_ticket;escalate_to_human;provision_vm;generate_report;reset_password,0.42292109;0.38639513;0.37075728;0.35332009;0.33557239
Standard,222,Can you submit a ticket for Bob?,create_ticket,create_ticket,create_ticket,True,1,0.4561860263347626,0.4561860263347626,create_ticket;escalate_to_human;generate_report;provision_vm;send_notification,0.45618603;0.30306670;0.29135704;0.28068802;0.24310100
Standard,223,Can you open a tracking case for HR?,create_ticket,create_ticket,escalate_to_human,False,2,0.3866610527038574,0.35859915614128113,escalate_to_human;create_ticket;generate_report;provision_vm;send_notification,0.38666105;0.35859916;0.33185706;0.32885611;0.28610384
Standard,224,Can you create a support issue for Finance?,create_ticket,create_ticket,create_ticket,True,1,0.537643551826477,0.537643551826477,create_ticket;generate_report;provision_vm;process_refund;escalate_to_human,0.53764355;0.35674798;0.34837008;0.30788383;0.30238745
Standard,225,Could you open an incident ticket for cdn-edge-06 for me?,create_ticket,create_ticket,create_ticket,True,1,0.44090208411216736,0.44090208411216736,create_ticket;generate_report;provision_vm;escalate_to_human;log_audit_event,0.44090208;0.32813805;0.30519897;0.28823918;0.27574554
Standard,226,Could you file a bug for payment-api-03 for me?,create_ticket,create_ticket,create_ticket,True,1,0.5057596564292908,0.5057596564292908,create_ticket;provision_vm;generate_report;send_notification;process_refund,0.50575966;0.43995348;0.42473966;0.38782984;0.38312939
Standard,227,Could you create an incident ticket for Diana for me?,create_ticket,create_ticket,create_ticket,True,1,0.4691212773323059,0.4691212773323059,create_ticket;generate_report;escalate_to_human;provision_vm;db_write,0.46912128;0.38694254;0.36880004;0.35087362;0.32001171
Standard,228,Could you log a helpdesk issue for Frank for me?,create_ticket,create_ticket,create_ticket,True,1,0.6023346185684204,0.6023346185684204,create_ticket;generate_report;log_audit_event;process_refund;provision_vm,0.60233462;0.51085705;0.48660791;0.47632819;0.47404078
Standard,229,Could you raise an incident for payment-api-03 for me?,create_ticket,create_ticket,create_ticket,True,1,0.4889335632324219,0.4889335632324219,create_ticket;escalate_to_human;provision_vm;generate_report;process_refund,0.48893356;0.40064397;0.39974168;0.39138135;0.35608494
Standard,230,Could you submit a ticket for host auth-svc-04 for me?,create_ticket,create_ticket,create_ticket,True,1,0.43977436423301697,0.43977436423301697,create_ticket;generate_report;provision_vm;log_audit_event;reset_password,0.43977436;0.32149825;0.31409881;0.30936128;0.30785412
Standard,231,Could you open a tracking issue for ml-infer-05 for me?,create_ticket,create_ticket,generate_report,False,5,0.39697903394699097,0.3562358021736145,generate_report;db_write;send_notification;provision_vm;create_ticket,0.39697903;0.37413952;0.36791384;0.36568564;0.35623580
Standard,232,Could you create a service request for auth-svc-04 for me?,create_ticket,create_ticket,quarantine_system,False,2,0.31620749831199646,0.31304609775543213,quarantine_system;create_ticket;process_refund;log_audit_event;generate_report,0.31620750;0.31304610;0.29487270;0.28433546;0.28297824
Standard,233,I need you to open an incident ticket for prod-web-01.,create_ticket,create_ticket,create_ticket,True,1,0.54664146900177,0.54664146900177,create_ticket;generate_report;provision_vm;log_audit_event;process_refund,0.54664147;0.44344538;0.42523706;0.39700979;0.39479375
Standard,234,I need you to file a case for Bob.,create_ticket,create_ticket,escalate_to_human,False,2,0.4307754635810852,0.3982684016227722,escalate_to_human;create_ticket;generate_report;send_notification;provision_vm,0.43077546;0.39826840;0.32296866;0.31470150;0.31460279
Standard,235,I need you to create an incident ticket for Bob.,create_ticket,create_ticket,create_ticket,True,1,0.5050955414772034,0.5050955414772034,create_ticket;generate_report;escalate_to_human;provision_vm;process_refund,0.50509554;0.38926768;0.38416204;0.37171897;0.33476025
Standard,236,I need you to log a helpdesk issue for Engineering.,create_ticket,create_ticket,create_ticket,True,1,0.5574390888214111,0.5574390888214111,create_ticket;log_audit_event;generate_report;process_refund;provision_vm,0.55743909;0.47300246;0.46470642;0.45931208;0.43410400
Standard,237,I need you to raise a service request for Marketing.,create_ticket,create_ticket,restart_service,False,6,0.34435874223709106,0.2961152195930481,restart_service;quarantine_system;process_refund;check_status;send_notification,0.34435874;0.34059799;0.33940682;0.32292095;0.31356832
Standard,238,I need you to submit a ticket for Alice.,create_ticket,create_ticket,create_ticket,True,1,0.4672752022743225,0.4672752022743225,create_ticket;escalate_to_human;generate_report;provision_vm;send_notification,0.46727520;0.40644497;0.34189025;0.31847674;0.29782155
Standard,239,I need you to open a service desk case for Eve.,create_ticket,create_ticket,escalate_to_human,False,8,0.35359007120132446,0.2775590121746063,escalate_to_human;quarantine_system;generate_report;db_write;provision_vm,0.35359007;0.33777142;0.33735478;0.33041969;0.32663056
Standard,240,I need you to create a tracking issue for Eve.,create_ticket,create_ticket,generate_report,False,5,0.42274191975593567,0.38032281398773193,generate_report;provision_vm;db_write;send_notification;create_ticket,0.42274192;0.41967896;0.41919482;0.40675071;0.38032281
Standard,241,We should open a support ticket for Bob.,create_ticket,create_ticket,create_ticket,True,1,0.39520692825317383,0.39520692825317383,create_ticket;generate_report;process_refund;log_audit_event;provision_vm,0.39520693;0.21363339;0.20643660;0.20091248;0.18970795
Standard,242,We should file a case for the HR team.,create_ticket,create_ticket,escalate_to_human,False,2,0.40900346636772156,0.3617970049381256,escalate_to_human;create_ticket;generate_report;send_notification;provision_vm,0.40900347;0.36179700;0.31976503;0.29847825;0.28868338
Standard,243,We should create a support case for staging-db-02.,create_ticket,create_ticket,db_write,False,2,0.4075939655303955,0.3576998710632324,db_write;create_ticket;generate_report;db_read;send_notification,0.40759397;0.35769987;0.34032467;0.31308973;0.31137431
Standard,244,We should log an issue against prod-web-01.,create_ticket,create_ticket,create_ticket,True,1,0.47909361124038696,0.47909361124038696,create_ticket;log_audit_event;generate_report;provision_vm;process_refund,0.47909361;0.45382676;0.44862771;0.41394657;0.40631914
Standard,245,We should raise an incident for cdn-edge-06.,create_ticket,create_ticket,create_ticket,True,1,0.35603854060173035,0.35603854060173035,create_ticket;escalate_to_human;provision_vm;generate_report;process_refund,0.35603854;0.31672108;0.31229106;0.31160322;0.27417964
Standard,246,We should submit a ticket for the Engineering group.,create_ticket,create_ticket,create_ticket,True,1,0.3879658579826355,0.3879658579826355,create_ticket;send_notification;generate_report;provision_vm;log_audit_event,0.38796586;0.35146639;0.34937617;0.32458448;0.31014338
Standard,247,We should open a service desk case for Alice.,create_ticket,create_ticket,escalate_to_human,False,3,0.38085541129112244,0.22483931481838226,escalate_to_human;provision_vm;create_ticket;send_notification;generate_report,0.38085541;0.22533560;0.22483931;0.22261469;0.21655305
Standard,248,We should create a service request for prod-web-01.,create_ticket,create_ticket,quarantine_system,False,4,0.4367903172969818,0.3916914463043213,quarantine_system;process_refund;generate_report;create_ticket;provision_vm,0.43679032;0.40679079;0.39371315;0.39169145;0.38960597
Standard,249,Let's open a support ticket for Grace.,create_ticket,create_ticket,create_ticket,True,1,0.35007330775260925,0.35007330775260925,create_ticket;log_audit_event;generate_report;update_subscription;provision_vm,0.35007331;0.19256648;0.17657050;0.17576785;0.16600674
Standard,250,Let's file a case for the Marketing team.,create_ticket,create_ticket,escalate_to_human,False,3,0.43284982442855835,0.368313193321228,escalate_to_human;send_notification;create_ticket;provision_vm;generate_report,0.43284982;0.37982696;0.36831319;0.36525136;0.34463605
Standard,251,Let's create an incident ticket for Alice.,create_ticket,create_ticket,create_ticket,True,1,0.4412592351436615,0.4412592351436615,create_ticket;escalate_to_human;provision_vm;generate_report;send_notification,0.44125924;0.43085194;0.31834924;0.31652290;0.26259473
Standard,252,Let's log an issue against ml-infer-05.,create_ticket,create_ticket,log_audit_event,False,3,0.41651439666748047,0.3423037827014923,log_audit_event;generate_report;create_ticket;process_refund;db_write,0.41651440;0.38706496;0.34230378;0.34089231;0.32393023
Standard,253,Let's raise a support request on behalf of Bob.,create_ticket,create_ticket,create_ticket,True,1,0.3996870815753937,0.3996870815753937,create_ticket;escalate_to_human;process_refund;generate_report;send_notification,0.39968708;0.27601188;0.25255686;0.24733470;0.24215502
Standard,254,Let's submit a ticket for Charlie.,create_ticket,create_ticket,create_ticket,True,1,0.4296327829360962,0.4296327829360962,create_ticket;generate_report;escalate_to_human;provision_vm;process_refund,0.42963278;0.31289488;0.30019909;0.29471424;0.27021345
Standard,255,Let's open a tracking issue for cdn-edge-06.,create_ticket,create_ticket,create_ticket,True,1,0.37819311022758484,0.37819311022758484,create_ticket;provision_vm;generate_report;send_notification;escalate_to_human,0.37819311;0.32076639;0.31286266;0.31121558;0.27896482
Standard,256,Let's create a support issue for Legal.,create_ticket,create_ticket,create_ticket,True,1,0.5266239047050476,0.5266239047050476,create_ticket;escalate_to_human;generate_report;provision_vm;process_refund,0.52662390;0.35584179;0.32039231;0.30858427;0.29259825
Standard,257,Kindly open an incident ticket for staging-db-02.,create_ticket,create_ticket,create_ticket,True,1,0.3746105432510376,0.3746105432510376,create_ticket;db_write;generate_report;escalate_to_human;process_refund,0.37461054;0.28741810;0.26350147;0.25601864;0.24211870
Standard,258,Kindly file a case for the HR team.,create_ticket,create_ticket,escalate_to_human,False,2,0.45456746220588684,0.40895316004753113,escalate_to_human;create_ticket;generate_report;send_notification;provision_vm,0.45456746;0.40895316;0.34314260;0.33237112;0.31784680
Standard,259,Kindly create an incident ticket for Bob.,create_ticket,create_ticket,create_ticket,True,1,0.45011669397354126,0.45011669397354126,create_ticket;escalate_to_human;generate_report;provision_vm;process_refund,0.45011669;0.33314797;0.29983380;0.29451221;0.27398026
Standard,260,Kindly log an issue against cdn-edge-06.,create_ticket,create_ticket,create_ticket,True,1,0.3821293115615845,0.3821293115615845,create_ticket;log_audit_event;generate_report;process_refund;provision_vm,0.38212931;0.32340825;0.27696425;0.26277664;0.26165470
Standard,261,Kindly raise an incident for ml-infer-05.,create_ticket,create_ticket,generate_report,False,2,0.36577466130256653,0.3475249409675598,generate_report;create_ticket;process_refund;provision_vm;escalate_to_human,0.36577466;0.34752494;0.34454659;0.34134290;0.33922178
Standard,262,Kindly submit a ticket for host ml-infer-05.,create_ticket,create_ticket,create_ticket,True,1,0.38288527727127075,0.38288527727127075,create_ticket;generate_report;provision_vm;send_notification;process_refund,0.38288528;0.34779111;0.32886666;0.32458323;0.31567812
Standard,263,Kindly open a tracking case for Legal.,create_ticket,create_ticket,create_ticket,True,1,0.41620585322380066,0.41620585322380066,create_ticket;escalate_to_human;provision_vm;generate_report;send_notification,0.41620585;0.41207939;0.26223397;0.25641984;0.23561966
Standard,264,Kindly create a service request for staging-db-02.,create_ticket,create_ticket,db_write,False,9,0.3468400537967682,0.19030438363552094,db_write;db_read;restart_service;check_status;quarantine_system,0.34684005;0.30937961;0.25987321;0.22058813;0.21485133
Standard,265,"When you have a moment, open a support ticket for Grace.",create_ticket,create_ticket,create_ticket,True,1,0.3583381175994873,0.3583381175994873,create_ticket;log_audit_event;process_refund;provision_vm;generate_report,0.35833812;0.22825551;0.18683973;0.17187761;0.17102592
Standard,266,"When you have a moment, file a case for Diana.",create_ticket,create_ticket,escalate_to_human,False,2,0.3948509693145752,0.3035757839679718,escalate_to_human;create_ticket;generate_report;provision_vm;quarantine_system,0.39485097;0.30357578;0.27113605;0.26394978;0.25450483
Standard,267,"When you have a moment, create an incident ticket for Grace.",create_ticket,create_ticket,create_ticket,True,1,0.35565152764320374,0.35565152764320374,create_ticket;escalate_to_human;provision_vm;generate_report;process_refund,0.35565153;0.29045126;0.25255856;0.23220280;0.22054939
Standard,268,notify the Legal team.,send_notification,send_notification,escalate_to_human,False,2,0.42694321274757385,0.3355643153190613,escalate_to_human;send_notification;create_ticket;provision_vm;generate_report,0.42694321;0.33556432;0.31809080;0.27282524;0.25837475
Standard,269,send an alert to Finance.,send_notification,send_notification,generate_report,False,2,0.33364561200141907,0.33132490515708923,generate_report;send_notification;create_ticket;provision_vm;escalate_to_human,0.33364561;0.33132491;0.32431406;0.32146472;0.31869781
Standard,270,email the update to Engineering.,send_notification,send_notification,provision_vm,False,4,0.4723691940307617,0.4248991906642914,provision_vm;quarantine_system;generate_report;send_notification;escalate_to_human,0.47236919;0.44732508;0.43781924;0.42489919;0.41200551
Standard,271,send a heads-up to Alice.,send_notification,send_notification,escalate_to_human,False,4,0.41076910495758057,0.19821639358997345,escalate_to_human;create_ticket;provision_vm;send_notification;update_subscription,0.41076910;0.24894573;0.21953128;0.19821639;0.18135223
Standard,272,push a notification to Legal.,send_notification,send_notification,escalate_to_human,False,2,0.3113049566745758,0.296692818403244,escalate_to_human;send_notification;create_ticket;provision_vm;quarantine_system,0.31130496;0.29669282;0.28797093;0.24912758;0.22306162
Standard,273,forward the update to Charlie.,send_notification,send_notification,escalate_to_human,False,5,0.43592551350593567,0.3891632556915283,escalate_to_human;provision_vm;quarantine_system;generate_report;send_notification,0.43592551;0.43055603;0.42368793;0.39770484;0.38916326
Standard,274,alert Legal.,send_notification,send_notification,escalate_to_human,False,2,0.4410257339477539,0.3439026474952698,escalate_to_human;send_notification;generate_report;quarantine_system;log_audit_event,0.44102573;0.34390265;0.32059637;0.31980619;0.31860378
Standard,275,drop a message to the Legal team.,send_notification,send_notification,escalate_to_human,False,3,0.43370938301086426,0.3461780846118927,escalate_to_human;create_ticket;send_notification;provision_vm;generate_report,0.43370938;0.35386324;0.34617808;0.28796068;0.26938188
Standard,276,Please send an update to Diana.,send_notification,send_notification,generate_report,False,4,0.446206271648407,0.4024006128311157,generate_report;provision_vm;escalate_to_human;send_notification;db_write,0.44620627;0.42713991;0.42370898;0.40240061;0.39780569
Standard,277,Please notify Frank.,send_notification,send_notification,send_notification,True,1,0.44605085253715515,0.44605085253715515,send_notification;provision_vm;escalate_to_human;generate_report;quarantine_system,0.44605085;0.40827039;0.39992106;0.39019123;0.39018416
Standard,278,Please email the update to Engineering.,send_notification,send_notification,provision_vm,False,4,0.48209717869758606,0.43902280926704407,provision_vm;generate_report;quarantine_system;send_notification;process_refund,0.48209718;0.46941754;0.45325187;0.43902281;0.42686495
Standard,279,Please send a heads-up to Engineering.,send_notification,send_notification,provision_vm,False,6,0.3839230239391327,0.3602156341075897,provision_vm;create_ticket;quarantine_system;generate_report;escalate_to_human,0.38392302;0.37946776;0.37860635;0.37802035;0.36978155
Standard,280,Please push a notification to Diana.,send_notification,send_notification,send_notification,True,1,0.3943442702293396,0.3943442702293396,send_notification;provision_vm;generate_report;quarantine_system;escalate_to_human,0.39434427;0.36604947;0.35983717;0.35824078;0.35217300
Standard,281,Please forward the latest update to Marketing.,send_notification,send_notification,provision_vm,False,2,0.41164353489875793,0.40597110986709595,provision_vm;send_notification;escalate_to_human;quarantine_system;generate_report,0.41164353;0.40597111;0.40468439;0.39498493;0.37889770
Standard,282,Please alert Engineering.,send_notification,send_notification,quarantine_system,False,4,0.43841058015823364,0.40689772367477417,quarantine_system;escalate_to_human;generate_report;send_notification;provision_vm,0.43841058;0.42179379;0.41110963;0.40689772;0.40328830
Standard,283,Please drop a message to Bob.,send_notification,send_notification,send_notification,True,1,0.36400914192199707,0.36400914192199707,send_notification;escalate_to_human;quarantine_system;generate_report;provision_vm,0.36400914;0.33022982;0.31933925;0.31245300;0.30149639
Standard,284,Can you send an update to Bob?,send_notification,send_notification,provision_vm,False,2,0.4509682059288025,0.44061142206192017,provision_vm;send_notification;escalate_to_human;generate_report;quarantine_system,0.45096821;0.44061142;0.43502098;0.42358556;0.40925854
Standard,285,Can you send an alert to Finance?,send_notification,send_notification,send_notification,True,1,0.3751612603664398,0.3751612603664398,send_notification;generate_report;provision_vm;log_audit_event;quarantine_system,0.37516126;0.36956853;0.35820490;0.35400090;0.34718534
Standard,286,Can you email the update to HR?,send_notification,send_notification,generate_report,False,3,0.48671096563339233,0.4623495638370514,generate_report;provision_vm;send_notification;quarantine_system;escalate_to_human,0.48671097;0.47486234;0.46234956;0.44290671;0.44207552
Standard,287,Can you send a heads-up to Diana?,send_notification,send_notification,escalate_to_human,False,5,0.3948814570903778,0.32610493898391724,escalate_to_human;provision_vm;generate_report;create_ticket;send_notification,0.39488146;0.34048221;0.33863047;0.33766097;0.32610494
Standard,288,Can you push a notification to Bob?,send_notification,send_notification,send_notification,True,1,0.3889455795288086,0.3889455795288086,send_notification;quarantine_system;provision_vm;escalate_to_human;generate_report,0.38894558;0.35423589;0.35350421;0.32037905;0.29855826
Standard,289,Can you forward the latest update to Legal?,send_notification,send_notification,escalate_to_human,False,6,0.45279136300086975,0.40091657638549805,escalate_to_human;create_ticket;provision_vm;update_subscription;generate_report,0.45279136;0.44208333;0.43756628;0.42222631;0.41338503
Standard,290,Can you alert Bob?,send_notification,send_notification,quarantine_system,False,3,0.3873307406902313,0.35430729389190674,quarantine_system;escalate_to_human;send_notification;scan_malware;provision_vm,0.38733074;0.37796727;0.35430729;0.33196691;0.32695705
Standard,291,Can you drop a message to Charlie?,send_notification,send_notification,send_notification,True,1,0.4456849992275238,0.4456849992275238,send_notification;quarantine_system;escalate_to_human;provision_vm;generate_report,0.44568500;0.42639506;0.41815710;0.40387663;0.37655586
Standard,292,Could you notify the Finance team for me?,send_notification,send_notification,send_notification,True,1,0.3957592844963074,0.3957592844963074,send_notification;generate_report;provision_vm;create_ticket;quarantine_system,0.39575928;0.34973076;0.34143418;0.32069454;0.29744935
Standard,293,Could you notify Grace for me?,send_notification,send_notification,send_notification,True,1,0.2936941683292389,0.2936941683292389,send_notification;update_subscription;log_audit_event;provision_vm;generate_report,0.29369417;0.28480709;0.23660350;0.23190840;0.22743887
Standard,294,Could you email Alice the latest status for me?,send_notification,send_notification,escalate_to_human,False,2,0.43820711970329285,0.40997686982154846,escalate_to_human;send_notification;log_audit_event;generate_report;provision_vm,0.43820712;0.40997687;0.39207262;0.38971964;0.34596351
Standard,295,Could you send a heads-up to Diana for me?,send_notification,send_notification,escalate_to_human,False,3,0.37872475385665894,0.3531864285469055,escalate_to_human;generate_report;send_notification;create_ticket;provision_vm,0.37872475;0.37724638;0.35318643;0.34703484;0.34147033
Standard,296,Could you push a notification to Grace for me?,send_notification,send_notification,send_notification,True,1,0.36994031071662903,0.36994031071662903,send_notification;provision_vm;update_subscription;generate_report;quarantine_system,0.36994031;0.32647797;0.29939455;0.29773039;0.29549879
Standard,297,Could you forward the latest update to HR for me?,send_notification,send_notification,generate_report,False,2,0.48722922801971436,0.4675867259502411,generate_report;send_notification;provision_vm;escalate_to_human;create_ticket,0.48722923;0.46758673;0.46625885;0.45151147;0.43497628
Standard,298,Could you alert Engineering for me?,send_notification,send_notification,quarantine_system,False,2,0.40478515625,0.4027877449989319,quarantine_system;send_notification;escalate_to_human;generate_report;log_audit_event,0.40478516;0.40278774;0.39065501;0.38780373;0.38268295
Standard,299,Could you drop a message to the Engineering team for me?,send_notification,send_notification,send_notification,True,1,0.49827703833580017,0.49827703833580017,send_notification;provision_vm;generate_report;escalate_to_human;quarantine_system,0.49827704;0.44938329;0.44243765;0.44053417;0.44009072
Standard,300,I need you to send an update to Frank.,send_notification,send_notification,send_notification,True,1,0.5288558602333069,0.5288558602333069,send_notification;provision_vm;generate_report;create_ticket;escalate_to_human,0.52885586;0.52635783;0.52252626;0.49273098;0.48716643
Standard,301,I need you to notify Eve.,send_notification,send_notification,send_notification,True,1,0.2987561821937561,0.2987561821937561,send_notification;escalate_to_human;log_audit_event;generate_report;quarantine_system,0.29875618;0.29779366;0.27647948;0.25439385;0.25378141
Standard,302,I need you to email Alice the latest status.,send_notification,send_notification,escalate_to_human,False,2,0.4681103229522705,0.41757699847221375,escalate_to_human;send_notification;generate_report;log_audit_event;provision_vm,0.46811032;0.41757700;0.39062902;0.38604710;0.36560518
Standard,303,I need you to send a heads-up to Finance.,send_notification,send_notification,create_ticket,False,6,0.3758038580417633,0.27725616097450256,create_ticket;generate_report;provision_vm;db_write;update_subscription,0.37580386;0.34293762;0.31542972;0.29600832;0.27853853
Standard,304,I need you to push a notification to Bob.,send_notification,send_notification,send_notification,True,1,0.4143025577068329,0.4143025577068329,send_notification;quarantine_system;provision_vm;generate_report;escalate_to_human,0.41430256;0.37886032;0.35313830;0.33506456;0.32571471
Standard,305,I need you to forward the update to Diana.,send_notification,send_notification,generate_report,False,4,0.5239941477775574,0.4743732213973999,generate_report;escalate_to_human;provision_vm;send_notification;process_refund,0.52399415;0.51762778;0.51563281;0.47437322;0.46457258
Standard,306,I need you to alert Legal.,send_notification,send_notification,escalate_to_human,False,2,0.4686010777950287,0.3915065824985504,escalate_to_human;send_notification;generate_report;create_ticket;log_audit_event,0.46860108;0.39150658;0.37574384;0.37570387;0.35386577
Standard,307,I need you to drop a message to Diana.,send_notification,send_notification,send_notification,True,1,0.4688134491443634,0.4688134491443634,send_notification;generate_report;escalate_to_human;provision_vm;quarantine_system,0.46881345;0.45784432;0.44734627;0.42737049;0.41410747
Standard,308,We should send an update to Grace.,send_notification,send_notification,update_subscription,False,5,0.30079030990600586,0.23856237530708313,update_subscription;provision_vm;reset_password;generate_report;send_notification,0.30079031;0.26159340;0.24752775;0.24728730;0.23856238
Standard,309,We should notify Diana.,send_notification,send_notification,escalate_to_human,False,2,0.291467547416687,0.26610067486763,escalate_to_human;send_notification;generate_report;quarantine_system;provision_vm,0.29146755;0.26610067;0.25405419;0.25268841;0.23839617
Standard,310,We should email Alice the latest status.,send_notification,send_notification,escalate_to_human,False,2,0.40513479709625244,0.33097055554389954,escalate_to_human;send_notification;log_audit_event;generate_report;provision_vm,0.40513480;0.33097056;0.30454513;0.30121270;0.26240939
Standard,311,We should send a heads-up to Bob.,send_notification,send_notification,escalate_to_human,False,6,0.2314165085554123,0.18542343378067017,escalate_to_human;quarantine_system;create_ticket;provision_vm;generate_report,0.23141651;0.22400638;0.21514010;0.19209756;0.19182654
Standard,312,We should push a notification to Diana.,send_notification,send_notification,send_notification,True,1,0.3485598564147949,0.3485598564147949,send_notification;quarantine_system;generate_report;provision_vm;escalate_to_human,0.34855986;0.32327294;0.31373629;0.30890495;0.29314929
Standard,313,We should forward the latest update to Engineering.,send_notification,send_notification,provision_vm,False,5,0.4807245135307312,0.44068610668182373,provision_vm;quarantine_system;generate_report;escalate_to_human;send_notification,0.48072451;0.46741855;0.45872459;0.44838572;0.44068611
Standard,314,We should alert Legal.,send_notification,send_notification,escalate_to_human,False,2,0.32570022344589233,0.27201858162879944,escalate_to_human;send_notification;log_audit_event;generate_report;quarantine_system,0.32570022;0.27201858;0.25328466;0.25153747;0.24292752
Standard,315,We should drop a message to the Marketing team.,send_notification,send_notification,send_notification,True,1,0.3379402458667755,0.3379402458667755,send_notification;quarantine_system;escalate_to_human;provision_vm;generate_report,0.33794025;0.27651468;0.26951644;0.26219669;0.25392789
Standard,316,Let's send an update to Grace.,send_notification,send_notification,update_subscription,False,5,0.3144921362400055,0.2551020085811615,update_subscription;provision_vm;reset_password;generate_report;send_notification,0.31449214;0.27788994;0.27048230;0.25577369;0.25510201
Standard,317,Let's notify Grace.,send_notification,send_notification,send_notification,True,1,0.20097503066062927,0.20097503066062927,send_notification;update_subscription;escalate_to_human;provision_vm;quarantine_system,0.20097503;0.19363587;0.18291056;0.17884003;0.17530192
Standard,318,Let's email Diana the latest status.,send_notification,send_notification,escalate_to_human,False,3,0.40649545192718506,0.389535516500473,escalate_to_human;generate_report;send_notification;log_audit_event;quarantine_system,0.40649545;0.40154591;0.38953552;0.37850383;0.35482877
Standard,319,Let's send a heads-up to Charlie.,send_notification,send_notification,quarantine_system,False,5,0.310121089220047,0.26706621050834656,quarantine_system;escalate_to_human;provision_vm;create_ticket;send_notification,0.31012109;0.30433542;0.28197995;0.27741313;0.26706621
Standard,320,Let's push a notification to Diana.,send_notification,send_notification,send_notification,True,1,0.3711386024951935,0.3711386024951935,send_notification;provision_vm;escalate_to_human;quarantine_system;generate_report,0.37113860;0.34252271;0.33719397;0.33631387;0.32685578
Standard,321,Let's forward the latest update to HR.,send_notification,send_notification,escalate_to_human,False,6,0.4203055202960968,0.367230087518692,escalate_to_human;generate_report;process_refund;provision_vm;quarantine_system,0.42030552;0.41049474;0.39341843;0.39122438;0.38867459
Standard,322,Let's alert Frank.,send_notification,send_notification,escalate_to_human,False,2,0.429023802280426,0.42890286445617676,escalate_to_human;send_notification;quarantine_system;provision_vm;generate_report,0.42902380;0.42890286;0.41905913;0.41473773;0.39856610
Standard,323,Let's drop a message to Frank.,send_notification,send_notification,send_notification,True,1,0.4487342834472656,0.4487342834472656,send_notification;escalate_to_human;provision_vm;quarantine_system;generate_report,0.44873428;0.40412101;0.38869408;0.37445313;0.37282699
Standard,324,Kindly notify the Finance team.,send_notification,send_notification,send_notification,True,1,0.38673481345176697,0.38673481345176697,send_notification;provision_vm;generate_report;create_ticket;escalate_to_human,0.38673481;0.36878195;0.36510035;0.34498429;0.33715007
Standard,325,Kindly send an alert to Finance.,send_notification,send_notification,generate_report,False,3,0.39244407415390015,0.35918623208999634,generate_report;log_audit_event;send_notification;provision_vm;create_ticket,0.39244407;0.36587372;0.35918623;0.35130897;0.34980717
Standard,326,Kindly email Charlie the latest status.,send_notification,send_notification,quarantine_system,False,2,0.39190158247947693,0.3798856735229492,quarantine_system;send_notification;log_audit_event;generate_report;escalate_to_human,0.39190158;0.37988567;0.37621245;0.37036046;0.35771936
Standard,327,Kindly send a heads-up to Bob.,send_notification,send_notification,escalate_to_human,False,7,0.34012457728385925,0.2684776484966278,escalate_to_human;create_ticket;quarantine_system;provision_vm;generate_report,0.34012458;0.32942390;0.29431251;0.29150456;0.27537724
Standard,328,Kindly push a notification to Alice.,send_notification,send_notification,escalate_to_human,False,2,0.41398388147354126,0.35114482045173645,escalate_to_human;send_notification;provision_vm;create_ticket;generate_report,0.41398388;0.35114482;0.31516907;0.28859508;0.27823761
Standard,329,Kindly forward the latest update to HR.,send_notification,send_notification,escalate_to_human,False,6,0.4497077167034149,0.41883695125579834,escalate_to_human;generate_report;process_refund;provision_vm;quarantine_system,0.44970772;0.44571856;0.43961051;0.43584764;0.41950396
Standard,330,Kindly alert Frank.,send_notification,send_notification,escalate_to_human,False,2,0.4976522624492645,0.4824279844760895,escalate_to_human;send_notification;provision_vm;quarantine_system;generate_report,0.49765226;0.48242798;0.47118667;0.46663168;0.44699717
Standard,331,Kindly drop a message to Eve.,send_notification,send_notification,send_notification,True,1,0.3595738708972931,0.3595738708972931,send_notification;escalate_to_human;generate_report;quarantine_system;provision_vm,0.35957387;0.34589145;0.31023642;0.30473697;0.30313504
Standard,332,"When you have a moment, notify the Engineering team.",send_notification,send_notification,quarantine_system,False,2,0.39129552245140076,0.3767516613006592,quarantine_system;send_notification;escalate_to_human;provision_vm;process_refund,0.39129552;0.37675166;0.36853844;0.33850369;0.32571462
Standard,333,"When you have a moment, send an alert to Engineering.",send_notification,send_notification,quarantine_system,False,2,0.38665637373924255,0.35546496510505676,quarantine_system;send_notification;escalate_to_human;log_audit_event;generate_report,0.38665637;0.35546497;0.34892818;0.32651338;0.32420185
Standard,334,"When you have a moment, email the update to Engineering.",send_notification,send_notification,quarantine_system,False,4,0.4533691108226776,0.4193989634513855,quarantine_system;provision_vm;generate_report;send_notification;process_refund,0.45336911;0.44871053;0.42698926;0.41939896;0.41334683
Standard,335,isolate ml-infer-05 from the network.,quarantine_system,quarantine_system,scan_malware,False,2,0.2638956308364868,0.18932382762432098,scan_malware;quarantine_system;generate_report;send_notification;provision_vm,0.26389563;0.18932383;0.18499359;0.17497569;0.16184753
Standard,336,quarantine host auth-svc-04.,quarantine_system,quarantine_system,scan_malware,False,3,0.3475490212440491,0.2359078824520111,scan_malware;reset_password;quarantine_system;provision_vm;escalate_to_human,0.34754902;0.25175524;0.23590788;0.21310790;0.21235044
Standard,337,take ml-infer-05 off the network.,quarantine_system,quarantine_system,scan_malware,False,2,0.2877484858036041,0.27096083760261536,scan_malware;quarantine_system;send_notification;generate_report;provision_vm,0.28774849;0.27096084;0.24681780;0.24407957;0.23908201
Standard,338,contain ml-infer-05 immediately.,quarantine_system,quarantine_system,scan_malware,False,2,0.30509650707244873,0.3039722442626953,scan_malware;quarantine_system;generate_report;send_notification;process_refund,0.30509651;0.30397224;0.28761107;0.28628612;0.27957880
Standard,339,segment staging-db-02 from the rest of the environment.,quarantine_system,quarantine_system,db_write,False,7,0.32178381085395813,0.19984184205532074,db_write;db_read;send_notification;provision_vm;check_status,0.32178381;0.32113817;0.21526861;0.20391986;0.20148484
Standard,340,pull prod-web-01 out of production.,quarantine_system,quarantine_system,quarantine_system,True,1,0.4056214392185211,0.4056214392185211,quarantine_system;provision_vm;generate_report;process_refund;scan_malware,0.40562144;0.39700186;0.39548740;0.37709543;0.36978531
Standard,341,lock down ml-infer-05.,quarantine_system,quarantine_system,scan_malware,False,4,0.3136574625968933,0.2792333662509918,scan_malware;generate_report;provision_vm;quarantine_system;db_write,0.31365746;0.29598746;0.29091430;0.27923337;0.27811870
Standard,342,move prod-web-01 into quarantine.,quarantine_system,quarantine_system,scan_malware,False,3,0.48592934012413025,0.375932902097702,scan_malware;provision_vm;quarantine_system;generate_report;escalate_to_human,0.48592934;0.38987333;0.37593290;0.34233639;0.32817250
Standard,343,Please isolate staging-db-02 from the network.,quarantine_system,quarantine_system,db_write,False,4,0.295596718788147,0.24407242238521576,db_write;db_read;scan_malware;quarantine_system;provision_vm,0.29559672;0.29422474;0.27560884;0.24407242;0.23793484
Standard,344,Please quarantine host prod-web-01.,quarantine_system,quarantine_system,scan_malware,False,2,0.5245926380157471,0.4052342474460602,scan_malware;quarantine_system;provision_vm;generate_report;send_notification,0.52459264;0.40523425;0.39298210;0.35115579;0.34660712
Standard,345,Please take ml-infer-05 off the network.,quarantine_system,quarantine_system,scan_malware,False,2,0.3599288761615753,0.33828672766685486,scan_malware;quarantine_system;generate_report;send_notification;provision_vm,0.35992888;0.33828673;0.33282363;0.31972834;0.31416184
Standard,346,Please contain prod-web-01 immediately.,quarantine_system,quarantine_system,generate_report,False,3,0.48763614892959595,0.4844309091567993,generate_report;provision_vm;quarantine_system;scan_malware;process_refund,0.48763615;0.48583335;0.48443091;0.46926543;0.45691961
Standard,347,Please segment cdn-edge-06 from the rest of the environment.,quarantine_system,quarantine_system,provision_vm,False,2,0.3473181426525116,0.3318917751312256,provision_vm;quarantine_system;send_notification;create_ticket;generate_report,0.34731814;0.33189178;0.32805026;0.30485246;0.30405992
Standard,348,Please pull staging-db-02 out of production.,quarantine_system,quarantine_system,db_write,False,8,0.39925330877304077,0.23826704919338226,db_write;db_read;generate_report;send_notification;restart_service,0.39925331;0.34487396;0.27615407;0.25507119;0.25248000
Standard,349,Please lock down auth-svc-04.,quarantine_system,quarantine_system,reset_password,False,4,0.3755139708518982,0.2520968019962311,reset_password;scan_malware;provision_vm;quarantine_system;create_ticket,0.37551397;0.31192276;0.26924342;0.25209680;0.23089239
Standard,350,Please move prod-web-01 into quarantine.,quarantine_system,quarantine_system,scan_malware,False,3,0.49962443113327026,0.4083063304424286,scan_malware;provision_vm;quarantine_system;generate_report;escalate_to_human,0.49962443;0.42849499;0.40830633;0.39077675;0.37016362
Standard,351,Can you isolate staging-db-02 from the network?,quarantine_system,quarantine_system,db_write,False,5,0.31060221791267395,0.23126423358917236,db_write;db_read;scan_malware;provision_vm;quarantine_system,0.31060222;0.30948988;0.26689428;0.23299240;0.23126423
Standard,352,Can you quarantine host ml-infer-05?,quarantine_system,quarantine_system,scan_malware,False,2,0.48198816180229187,0.3305387794971466,scan_malware;quarantine_system;provision_vm;send_notification;generate_report,0.48198816;0.33053878;0.32196736;0.29236358;0.28294531
Standard,353,Can you take ml-infer-05 off the network?,quarantine_system,quarantine_system,scan_malware,False,2,0.34415966272354126,0.2995815575122833,scan_malware;quarantine_system;generate_report;provision_vm;db_write,0.34415966;0.29958156;0.28942367;0.28340188;0.28125405
Standard,354,Can you contain ml-infer-05 immediately?,quarantine_system,quarantine_system,scan_malware,False,3,0.3655531704425812,0.3298919200897217,scan_malware;generate_report;quarantine_system;db_write;provision_vm,0.36555317;0.33456558;0.32989192;0.32556924;0.31787705
Standard,355,Can you segment prod-web-01 from the rest of the environment?,quarantine_system,quarantine_system,scan_malware,False,3,0.4251883327960968,0.4214251935482025,scan_malware;provision_vm;quarantine_system;generate_report;send_notification,0.42518833;0.42448592;0.42142519;0.38792738;0.38022989
Standard,356,Can you pull auth-svc-04 out of production?,quarantine_system,quarantine_system,reset_password,False,3,0.3387564420700073,0.3175584375858307,reset_password;provision_vm;quarantine_system;scan_malware;generate_report,0.33875644;0.31982958;0.31755844;0.31387711;0.30454546
Standard,357,Can you lock down cdn-edge-06?,quarantine_system,quarantine_system,provision_vm,False,4,0.37803900241851807,0.32429197430610657,provision_vm;scan_malware;create_ticket;quarantine_system;generate_report,0.37803900;0.36677334;0.34409416;0.32429197;0.30812606
Standard,358,Can you move ml-infer-05 into quarantine?,quarantine_system,quarantine_system,scan_malware,False,3,0.45294395089149475,0.33555442094802856,scan_malware;provision_vm;quarantine_system;generate_report;db_write,0.45294395;0.36189398;0.33555442;0.33421099;0.32305965
Standard,359,Could you isolate ml-infer-05 from the network for me?,quarantine_system,quarantine_system,scan_malware,False,2,0.3890416622161865,0.3196173906326294,scan_malware;quarantine_system;generate_report;provision_vm;send_notification,0.38904166;0.31961739;0.31680539;0.30056587;0.29891625
Standard,360,Could you quarantine host ml-infer-05 for me?,quarantine_system,quarantine_system,scan_malware,False,2,0.5241838693618774,0.37727874517440796,scan_malware;quarantine_system;provision_vm;send_notification;generate_report,0.52418387;0.37727875;0.36789018;0.35704452;0.34477690
Standard,361,Could you take payment-api-03 off the network for me?,quarantine_system,quarantine_system,provision_vm,False,2,0.43139219284057617,0.4182300567626953,provision_vm;quarantine_system;generate_report;update_subscription;scan_malware,0.43139219;0.41823006;0.40421847;0.39345607;0.39099249
Standard,362,Could you contain payment-api-03 immediately for me?,quarantine_system,quarantine_system,generate_report,False,4,0.4305327534675598,0.41162109375,generate_report;provision_vm;create_ticket;quarantine_system;send_notification,0.43053275;0.42785978;0.41635603;0.41162109;0.40982419
Standard,363,Could you segment staging-db-02 from the rest of the environment for me?,quarantine_system,quarantine_system,db_write,False,6,0.42650365829467773,0.32660919427871704,db_write;db_read;send_notification;provision_vm;generate_report,0.42650366;0.41739464;0.36419821;0.34432712;0.33889079
Standard,364,Could you pull cdn-edge-06 out of production for me?,quarantine_system,quarantine_system,db_write,False,6,0.33668380975723267,0.2960905432701111,db_write;generate_report;provision_vm;send_notification;create_ticket,0.33668381;0.32938430;0.32613569;0.31489676;0.30652708
Standard,365,Could you lock down cdn-edge-06 for me?,quarantine_system,quarantine_system,provision_vm,False,6,0.3648073673248291,0.2974017560482025,provision_vm;scan_malware;create_ticket;generate_report;send_notification,0.36480737;0.35943785;0.35059962;0.32305405;0.31087270
Standard,366,Could you move payment-api-03 into quarantine for me?,quarantine_system,quarantine_system,scan_malware,False,3,0.478157639503479,0.4125491678714752,scan_malware;provision_vm;quarantine_system;generate_report;escalate_to_human,0.47815764;0.45761883;0.41254917;0.40852082;0.38208887
Standard,367,I need you to isolate staging-db-02 from the network.,quarantine_system,quarantine_system,db_write,False,3,0.3599368929862976,0.29636678099632263,db_write;db_read;quarantine_system;provision_vm;scan_malware,0.35993689;0.35274225;0.29636678;0.29386398;0.29164004
Standard,368,I need you to quarantine host payment-api-03.,quarantine_system,quarantine_system,scan_malware,False,2,0.4804898798465729,0.41910359263420105,scan_malware;quarantine_system;provision_vm;send_notification;generate_report,0.48048988;0.41910359;0.41391903;0.36124608;0.35861346
Standard,369,I need you to take auth-svc-04 off the network.,quarantine_system,quarantine_system,quarantine_system,True,1,0.3725115954875946,0.3725115954875946,quarantine_system;provision_vm;scan_malware;reset_password;generate_report,0.37251160;0.36104771;0.34386602;0.34034684;0.33379778
Standard,370,I need you to contain staging-db-02 immediately.,quarantine_system,quarantine_system,db_write,False,6,0.4362058937549591,0.34202197194099426,db_write;db_read;generate_report;provision_vm;send_notification,0.43620589;0.38353899;0.35753122;0.35551777;0.35014671
Standard,371,I need you to segment cdn-edge-06 from the rest of the environment.,quarantine_system,quarantine_system,provision_vm,False,3,0.363112211227417,0.3401434123516083,provision_vm;send_notification;quarantine_system;create_ticket;generate_report,0.36311221;0.34555575;0.34014341;0.31386241;0.31036627
Standard,372,I need you to pull cdn-edge-06 out of production.,quarantine_system,quarantine_system,provision_vm,False,5,0.3518114984035492,0.3255787193775177,provision_vm;generate_report;db_write;send_notification;quarantine_system,0.35181150;0.33910203;0.33575138;0.32792032;0.32557872
Standard,373,I need you to lock down payment-api-03.,quarantine_system,quarantine_system,provision_vm,False,4,0.4395134747028351,0.39548495411872864,provision_vm;create_ticket;generate_report;quarantine_system;process_refund,0.43951347;0.42133248;0.39680099;0.39548495;0.38730788
Standard,374,I need you to move auth-svc-04 into quarantine.,quarantine_system,quarantine_system,scan_malware,False,3,0.4415234625339508,0.36602839827537537,scan_malware;provision_vm;quarantine_system;reset_password;generate_report,0.44152346;0.38523433;0.36602840;0.36181322;0.33186352
Standard,375,We should isolate payment-api-03 from the network.,quarantine_system,quarantine_system,quarantine_system,True,1,0.39093339443206787,0.39093339443206787,quarantine_system;provision_vm;generate_report;scan_malware;escalate_to_human,0.39093339;0.38857174;0.36767429;0.35235870;0.34543777
Standard,376,We should quarantine host prod-web-01.,quarantine_system,quarantine_system,scan_malware,False,2,0.48513805866241455,0.3643263876438141,scan_malware;quarantine_system;provision_vm;generate_report;send_notification,0.48513806;0.36432639;0.34488750;0.31551939;0.29890889
Standard,377,We should take prod-web-01 off the network.,quarantine_system,quarantine_system,scan_malware,False,2,0.39374953508377075,0.38490748405456543,scan_malware;quarantine_system;provision_vm;generate_report;process_refund,0.39374954;0.38490748;0.37414384;0.37064752;0.33310664
Standard,378,We should contain auth-svc-04 immediately.,quarantine_system,quarantine_system,quarantine_system,True,1,0.3248072862625122,0.3248072862625122,quarantine_system;scan_malware;reset_password;provision_vm;generate_report,0.32480729;0.32149091;0.32090947;0.29539809;0.29429778
Standard,379,We should segment ml-infer-05 from the rest of the environment.,quarantine_system,quarantine_system,send_notification,False,2,0.3500461280345917,0.3420194983482361,send_notification;quarantine_system;generate_report;provision_vm;scan_malware,0.35004613;0.34201950;0.31602699;0.30174556;0.29978681
Standard,380,We should pull ml-infer-05 out of production.,quarantine_system,quarantine_system,generate_report,False,3,0.3351922035217285,0.3183693587779999,generate_report;db_write;quarantine_system;process_refund;provision_vm,0.33519220;0.33362460;0.31836936;0.30820936;0.29930738
Standard,381,We should lock down prod-web-01.,quarantine_system,quarantine_system,scan_malware,False,4,0.43967506289482117,0.3901578187942505,scan_malware;provision_vm;generate_report;quarantine_system;reset_password,0.43967506;0.39904362;0.39283082;0.39015782;0.36477065
Standard,382,We should move ml-infer-05 into quarantine.,quarantine_system,quarantine_system,scan_malware,False,4,0.39832934737205505,0.29237762093544006,scan_malware;provision_vm;generate_report;quarantine_system;send_notification,0.39832935;0.30697823;0.29428500;0.29237762;0.27638471
Standard,383,Let's isolate staging-db-02 from the network.,quarantine_system,quarantine_system,db_write,False,4,0.3480207622051239,0.2924576699733734,db_write;db_read;generate_report;quarantine_system;provision_vm,0.34802076;0.31538165;0.29708412;0.29245767;0.29050088
Standard,384,Let's quarantine host ml-infer-05.,quarantine_system,quarantine_system,scan_malware,False,2,0.444959431886673,0.34467369318008423,scan_malware;quarantine_system;send_notification;provision_vm;generate_report,0.44495943;0.34467369;0.33055300;0.33013654;0.30505502
Standard,385,Let's take payment-api-03 off the network.,quarantine_system,quarantine_system,provision_vm,False,2,0.3973523676395416,0.3953162133693695,provision_vm;quarantine_system;generate_report;process_refund;update_subscription,0.39735237;0.39531621;0.36698818;0.36205789;0.36193517
Standard,386,Let's contain staging-db-02 immediately.,quarantine_system,quarantine_system,db_write,False,6,0.40976202487945557,0.3352150619029999,db_write;generate_report;provision_vm;db_read;send_notification,0.40976202;0.35940215;0.34396130;0.34319937;0.34024575
Standard,387,Let's segment prod-web-01 from the rest of the environment.,quarantine_system,quarantine_system,quarantine_system,True,1,0.46285340189933777,0.46285340189933777,quarantine_system;provision_vm;generate_report;scan_malware;process_refund,0.46285340;0.45191714;0.42718691;0.42424527;0.41680741
Standard,388,Let's pull staging-db-02 out of production.,quarantine_system,quarantine_system,db_write,False,9,0.3747956156730652,0.22952914237976074,db_write;db_read;restart_service;generate_report;send_notification,0.37479562;0.31772986;0.26570949;0.25757387;0.24149948
Standard,389,Let's lock down payment-api-03.,quarantine_system,quarantine_system,provision_vm,False,5,0.407277911901474,0.36895737051963806,provision_vm;create_ticket;generate_report;process_refund;quarantine_system,0.40727791;0.40064949;0.37588707;0.37053397;0.36895737
Standard,390,Let's move payment-api-03 into quarantine.,quarantine_system,quarantine_system,scan_malware,False,3,0.42088159918785095,0.38791894912719727,scan_malware;provision_vm;quarantine_system;escalate_to_human;generate_report,0.42088160;0.41808093;0.38791895;0.37536326;0.35940155
Standard,391,Kindly isolate staging-db-02 from the network.,quarantine_system,quarantine_system,db_read,False,4,0.2542226314544678,0.19552989304065704,db_read;scan_malware;db_write;quarantine_system;provision_vm,0.25422263;0.24632519;0.24508002;0.19552989;0.17881839
Standard,392,Kindly quarantine host auth-svc-04.,quarantine_system,quarantine_system,scan_malware,False,3,0.3548431992530823,0.23222242295742035,scan_malware;reset_password;quarantine_system;escalate_to_human;provision_vm,0.35484320;0.25148660;0.23222242;0.22034703;0.20852162
Standard,393,Kindly take ml-infer-05 off the network.,quarantine_system,quarantine_system,scan_malware,False,2,0.33700767159461975,0.3055744171142578,scan_malware;quarantine_system;generate_report;send_notification;provision_vm,0.33700767;0.30557442;0.28658399;0.27716243;0.27439666
Standard,394,Kindly contain cdn-edge-06 immediately.,quarantine_system,quarantine_system,create_ticket,False,5,0.33841782808303833,0.3088715076446533,create_ticket;provision_vm;generate_report;send_notification;quarantine_system,0.33841783;0.32906890;0.32288435;0.31955558;0.30887151
Standard,395,Kindly segment payment-api-03 from the rest of the environment.,quarantine_system,quarantine_system,create_ticket,False,4,0.31645074486732483,0.2807149887084961,create_ticket;provision_vm;process_refund;quarantine_system;generate_report,0.31645074;0.29357156;0.28377187;0.28071499;0.26309767
Standard,396,Kindly pull ml-infer-05 out of production.,quarantine_system,quarantine_system,db_write,False,2,0.29152926802635193,0.27287453413009644,db_write;quarantine_system;generate_report;process_refund;scan_malware,0.29152927;0.27287453;0.27142838;0.25767955;0.25618890
Standard,397,Kindly lock down cdn-edge-06.,quarantine_system,quarantine_system,scan_malware,False,4,0.32266858220100403,0.2692644000053406,scan_malware;provision_vm;create_ticket;quarantine_system;escalate_to_human,0.32266858;0.32176647;0.31579295;0.26926440;0.26914266
Standard,398,Kindly move ml-infer-05 into quarantine.,quarantine_system,quarantine_system,scan_malware,False,3,0.4432908296585083,0.32350972294807434,scan_malware;provision_vm;quarantine_system;generate_report;send_notification,0.44329083;0.33909059;0.32350972;0.31582177;0.30197239
Standard,399,"When you have a moment, isolate prod-web-01 from the network.",quarantine_system,quarantine_system,quarantine_system,True,1,0.43698304891586304,0.43698304891586304,quarantine_system;scan_malware;provision_vm;generate_report;escalate_to_human,0.43698305;0.42829186;0.40831742;0.38923427;0.37330306
Standard,400,"When you have a moment, quarantine host cdn-edge-06.",quarantine_system,quarantine_system,scan_malware,False,2,0.43703076243400574,0.36670634150505066,scan_malware;quarantine_system;provision_vm;send_notification;escalate_to_human,0.43703076;0.36670634;0.33861962;0.31503350;0.31126383
Standard,401,"When you have a moment, take ml-infer-05 off the network.",quarantine_system,quarantine_system,quarantine_system,True,1,0.33118936419487,0.33118936419487,quarantine_system;scan_malware;generate_report;send_notification;provision_vm,0.33118936;0.29808477;0.29400063;0.29382816;0.28245893
Standard,402,run a malware scan on payment-api-03.,scan_malware,scan_malware,scan_malware,True,1,0.4273734390735626,0.4273734390735626,scan_malware;quarantine_system;provision_vm;escalate_to_human;log_audit_event,0.42737344;0.29119262;0.23244032;0.20578188;0.17662854
Standard,403,scan cdn-edge-06 for malicious files.,scan_malware,scan_malware,scan_malware,True,1,0.35995495319366455,0.35995495319366455,scan_malware;quarantine_system;escalate_to_human;provision_vm;log_audit_event,0.35995495;0.17232795;0.14612229;0.13438880;0.11914564
Standard,404,check prod-web-01 for indicators of compromise.,scan_malware,scan_malware,log_audit_event,False,8,0.4188959002494812,0.33153921365737915,log_audit_event;quarantine_system;send_notification;generate_report;create_ticket,0.41889590;0.36463130;0.36392331;0.34814566;0.34482253
Standard,405,inspect staging-db-02 for malware activity.,scan_malware,scan_malware,scan_malware,True,1,0.41096022725105286,0.41096022725105286,scan_malware;quarantine_system;db_read;db_write;log_audit_event,0.41096023;0.22371057;0.20115325;0.19330716;0.18713805
Standard,406,perform a threat scan on payment-api-03.,scan_malware,scan_malware,scan_malware,True,1,0.3663221597671509,0.3663221597671509,scan_malware;quarantine_system;escalate_to_human;provision_vm;log_audit_event,0.36632216;0.24312149;0.21806270;0.20959958;0.18793409
Standard,407,sweep prod-web-01 for infections.,scan_malware,scan_malware,scan_malware,True,1,0.318063884973526,0.318063884973526,scan_malware;quarantine_system;escalate_to_human;provision_vm;generate_report,0.31806388;0.24645664;0.23776954;0.21505696;0.19439955
Standard,408,scan prod-web-01 for suspicious artifacts.,scan_malware,scan_malware,scan_malware,True,1,0.4003089666366577,0.4003089666366577,scan_malware;quarantine_system;log_audit_event;escalate_to_human;provision_vm,0.40030897;0.27939701;0.22742672;0.22154309;0.21369526
Standard,409,run an IOC check against cdn-edge-06.,scan_malware,scan_malware,quarantine_system,False,4,0.2735993564128876,0.24438588321208954,quarantine_system;send_notification;check_status;scan_malware;provision_vm,0.27359936;0.25976440;0.24908324;0.24438588;0.23949867
Standard,410,Please run a malware scan on ml-infer-05.,scan_malware,scan_malware,scan_malware,True,1,0.5443576574325562,0.5443576574325562,scan_malware;quarantine_system;provision_vm;generate_report;send_notification,0.54435766;0.37722582;0.32638523;0.29889604;0.29559916
Standard,411,Please scan staging-db-02 for malicious files.,scan_malware,scan_malware,scan_malware,True,1,0.3891323208808899,0.3891323208808899,scan_malware;db_read;quarantine_system;db_write;provision_vm,0.38913232;0.19710191;0.18423286;0.18166275;0.15395162
Standard,412,Please check payment-api-03 for indicators of compromise.,scan_malware,scan_malware,log_audit_event,False,10,0.37134459614753723,0.22230413556098938,log_audit_event;create_ticket;send_notification;generate_report;provision_vm,0.37134460;0.34172550;0.32383618;0.31070355;0.31008670
Standard,413,Please inspect ml-infer-05 for malware activity.,scan_malware,scan_malware,scan_malware,True,1,0.5263071060180664,0.5263071060180664,scan_malware;quarantine_system;log_audit_event;provision_vm;generate_report,0.52630711;0.36840785;0.34674773;0.30301544;0.29106820
Standard,414,Please perform a threat scan on staging-db-02.,scan_malware,scan_malware,scan_malware,True,1,0.37783077359199524,0.37783077359199524,scan_malware;db_write;quarantine_system;provision_vm;db_read,0.37783077;0.22637498;0.22016105;0.21238658;0.20685007
Standard,415,Please sweep cdn-edge-06 for infections.,scan_malware,scan_malware,scan_malware,True,1,0.19603726267814636,0.19603726267814636,scan_malware;escalate_to_human;quarantine_system;provision_vm;send_notification,0.19603726;0.19262651;0.13257228;0.13085996;0.10349160
Standard,416,Please scan payment-api-03 for suspicious artifacts.,scan_malware,scan_malware,scan_malware,True,1,0.3209397494792938,0.3209397494792938,scan_malware;quarantine_system;log_audit_event;escalate_to_human;provision_vm,0.32093975;0.24146891;0.21731788;0.21375445;0.20546518
Standard,417,Please run an IOC check against staging-db-02.,scan_malware,scan_malware,db_write,False,9,0.35493898391723633,0.20973816514015198,db_write;db_read;check_status;restart_service;send_notification,0.35493898;0.30009654;0.25440091;0.25172400;0.23622049
Standard,418,Can you run a malware scan on cdn-edge-06?,scan_malware,scan_malware,scan_malware,True,1,0.4380941689014435,0.4380941689014435,scan_malware;quarantine_system;provision_vm;send_notification;log_audit_event,0.43809417;0.26855505;0.23054479;0.19089727;0.18908811
Standard,419,Can you scan cdn-edge-06 for malicious files?,scan_malware,scan_malware,scan_malware,True,1,0.3950982987880707,0.3950982987880707,scan_malware;quarantine_system;escalate_to_human;provision_vm;log_audit_event,0.39509830;0.21435511;0.19221430;0.18536866;0.16537280
Standard,420,Can you check payment-api-03 for indicators of compromise?,scan_malware,scan_malware,log_audit_event,False,10,0.35611605644226074,0.20059199631214142,log_audit_event;check_status;create_ticket;send_notification;quarantine_system,0.35611606;0.30954480;0.29622447;0.28481659;0.27849463
Standard,421,Can you inspect ml-infer-05 for malware activity?,scan_malware,scan_malware,scan_malware,True,1,0.4924713969230652,0.4924713969230652,scan_malware;log_audit_event;quarantine_system;provision_vm;generate_report,0.49247140;0.32123744;0.31354633;0.24728762;0.24188915
Standard,422,Can you perform a threat scan on auth-svc-04?,scan_malware,scan_malware,scan_malware,True,1,0.36351722478866577,0.36351722478866577,scan_malware;reset_password;escalate_to_human;quarantine_system;log_audit_event,0.36351722;0.20625907;0.20055535;0.19792934;0.17842601
Standard,423,Can you sweep payment-api-03 for infections?,scan_malware,scan_malware,scan_malware,True,1,0.2455233335494995,0.2455233335494995,scan_malware;escalate_to_human;quarantine_system;provision_vm;log_audit_event,0.24552333;0.21722321;0.17752422;0.16354387;0.15124692
Standard,424,Can you scan prod-web-01 for suspicious artifacts?,scan_malware,scan_malware,scan_malware,True,1,0.4306187629699707,0.4306187629699707,scan_malware;quarantine_system;escalate_to_human;log_audit_event;provision_vm,0.43061876;0.30654913;0.26088041;0.25609040;0.25531662
Standard,425,Can you run an IOC check against cdn-edge-06?,scan_malware,scan_malware,send_notification,False,4,0.3017326295375824,0.2717096209526062,send_notification;quarantine_system;check_status;scan_malware;provision_vm,0.30173263;0.30153406;0.28848079;0.27170962;0.26864725
Standard,426,Could you run a malware scan on auth-svc-04 for me?,scan_malware,scan_malware,scan_malware,True,1,0.44699424505233765,0.44699424505233765,scan_malware;quarantine_system;reset_password;log_audit_event;provision_vm,0.44699425;0.27039078;0.26063582;0.23385327;0.21418695
Standard,427,Could you scan payment-api-03 for malicious files for me?,scan_malware,scan_malware,scan_malware,True,1,0.4551834464073181,0.4551834464073181,scan_malware;quarantine_system;log_audit_event;provision_vm;escalate_to_human,0.45518345;0.28096408;0.25418562;0.23788446;0.22758611
Standard,428,Could you check prod-web-01 for indicators of compromise for me?,scan_malware,scan_malware,log_audit_event,False,5,0.435213178396225,0.37990424036979675,log_audit_event;send_notification;quarantine_system;generate_report;scan_malware,0.43521318;0.39438066;0.39323828;0.38842633;0.37990424
Standard,429,Could you inspect prod-web-01 for malware activity for me?,scan_malware,scan_malware,scan_malware,True,1,0.5165414214134216,0.5165414214134216,scan_malware;quarantine_system;log_audit_event;generate_report;provision_vm,0.51654142;0.38895866;0.37084958;0.33240181;0.33216166
Standard,430,Could you perform a threat scan on payment-api-03 for me?,scan_malware,scan_malware,scan_malware,True,1,0.44546812772750854,0.44546812772750854,scan_malware;quarantine_system;provision_vm;escalate_to_human;log_audit_event,0.44546813;0.32989451;0.31235400;0.30972850;0.28216732
Standard,431,Could you sweep cdn-edge-06 for infections for me?,scan_malware,scan_malware,scan_malware,True,1,0.26661187410354614,0.26661187410354614,scan_malware;escalate_to_human;quarantine_system;provision_vm;send_notification,0.26661187;0.18684620;0.16691753;0.15581822;0.13016102
Standard,432,Could you scan payment-api-03 for suspicious artifacts for me?,scan_malware,scan_malware,scan_malware,True,1,0.34227994084358215,0.34227994084358215,scan_malware;quarantine_system;log_audit_event;provision_vm;escalate_to_human,0.34227994;0.25094968;0.24550915;0.20750009;0.20520918
Standard,433,Could you run an IOC check against staging-db-02 for me?,scan_malware,scan_malware,db_write,False,7,0.3707897961139679,0.22126992046833038,db_write;db_read;check_status;send_notification;generate_report,0.37078980;0.32192606;0.26989838;0.25336522;0.25178358
Standard,434,I need you to run a malware scan on cdn-edge-06.,scan_malware,scan_malware,scan_malware,True,1,0.46821969747543335,0.46821969747543335,scan_malware;quarantine_system;provision_vm;send_notification;generate_report,0.46821970;0.34531081;0.30560949;0.27733174;0.26290968
Standard,435,I need you to scan auth-svc-04 for malicious files.,scan_malware,scan_malware,scan_malware,True,1,0.4114078879356384,0.4114078879356384,scan_malware;quarantine_system;reset_password;log_audit_event;provision_vm,0.41140789;0.23847641;0.22478040;0.22313954;0.19116643
Standard,436,I need you to check ml-infer-05 for indicators of compromise.,scan_malware,scan_malware,log_audit_event,False,9,0.4053921103477478,0.30742135643959045,log_audit_event;send_notification;generate_report;quarantine_system;check_status,0.40539211;0.37121952;0.36083806;0.35407126;0.35175636
Standard,437,I need you to inspect cdn-edge-06 for malware activity.,scan_malware,scan_malware,scan_malware,True,1,0.4672641158103943,0.4672641158103943,scan_malware;quarantine_system;log_audit_event;provision_vm;generate_report,0.46726412;0.34339285;0.30685383;0.29614246;0.26889455
Standard,438,I need you to perform a threat scan on auth-svc-04.,scan_malware,scan_malware,scan_malware,True,1,0.39356791973114014,0.39356791973114014,scan_malware;quarantine_system;log_audit_event;provision_vm;reset_password,0.39356792;0.26121920;0.23750220;0.22767156;0.22547610
Standard,439,I need you to sweep ml-infer-05 for infections.,scan_malware,scan_malware,scan_malware,True,1,0.28068795800209045,0.28068795800209045,scan_malware;quarantine_system;provision_vm;generate_report;send_notification,0.28068796;0.21920522;0.19233811;0.19228213;0.18275435
Standard,440,I need you to scan prod-web-01 for suspicious artifacts.,scan_malware,scan_malware,scan_malware,True,1,0.45405587553977966,0.45405587553977966,scan_malware;quarantine_system;provision_vm;generate_report;log_audit_event,0.45405588;0.34531909;0.29577121;0.29350987;0.29059994
Standard,441,I need you to run an IOC check against prod-web-01.,scan_malware,scan_malware,quarantine_system,False,2,0.43256065249443054,0.3949403762817383,quarantine_system;scan_malware;process_refund;generate_report;send_notification,0.43256065;0.39494038;0.38986218;0.38967031;0.38529605
Standard,442,We should run a malware scan on prod-web-01.,scan_malware,scan_malware,scan_malware,True,1,0.5106409788131714,0.5106409788131714,scan_malware;quarantine_system;provision_vm;generate_report;send_notification,0.51064098;0.37759498;0.32522601;0.30494800;0.27188724
Standard,443,We should scan cdn-edge-06 for malicious files.,scan_malware,scan_malware,scan_malware,True,1,0.38480502367019653,0.38480502367019653,scan_malware;quarantine_system;provision_vm;escalate_to_human;generate_report,0.38480502;0.22028774;0.19209580;0.18961363;0.16638142
Standard,444,We should check staging-db-02 for indicators of compromise.,scan_malware,scan_malware,check_status,False,12,0.2983524203300476,0.17767253518104553,check_status;db_write;log_audit_event;send_notification;db_read,0.29835242;0.29695758;0.28950652;0.28842509;0.27050185
Standard,445,We should inspect ml-infer-05 for malware activity.,scan_malware,scan_malware,scan_malware,True,1,0.5000468492507935,0.5000468492507935,scan_malware;quarantine_system;log_audit_event;provision_vm;generate_report,0.50004685;0.34434143;0.33129361;0.27819297;0.27304325
Standard,446,We should perform a threat scan on prod-web-01.,scan_malware,scan_malware,scan_malware,True,1,0.5023967027664185,0.5023967027664185,scan_malware;quarantine_system;provision_vm;generate_report;escalate_to_human,0.50239670;0.36163414;0.32881793;0.30545092;0.30467725
Standard,447,We should sweep payment-api-03 for infections.,scan_malware,scan_malware,escalate_to_human,False,2,0.2154817134141922,0.21506324410438538,escalate_to_human;scan_malware;quarantine_system;provision_vm;generate_report,0.21548171;0.21506324;0.18919896;0.16982979;0.14162797
Standard,448,We should scan ml-infer-05 for suspicious artifacts.,scan_malware,scan_malware,scan_malware,True,1,0.3182479441165924,0.3182479441165924,scan_malware;quarantine_system;log_audit_event;send_notification;generate_report,0.31824794;0.22309734;0.21257532;0.20549810;0.19131176
Standard,449,We should run an IOC check against ml-infer-05.,scan_malware,scan_malware,send_notification,False,3,0.31163927912712097,0.3041474521160126,send_notification;quarantine_system;scan_malware;generate_report;process_refund,0.31163928;0.31119579;0.30414745;0.29948100;0.27650714
Standard,450,Let's run a malware scan on staging-db-02.,scan_malware,scan_malware,scan_malware,True,1,0.4572482407093048,0.4572482407093048,scan_malware;quarantine_system;provision_vm;db_write;generate_report,0.45724824;0.28183404;0.23747174;0.23493467;0.21423370
Standard,451,Let's scan auth-svc-04 for malicious files.,scan_malware,scan_malware,scan_malware,True,1,0.38530293107032776,0.38530293107032776,scan_malware;quarantine_system;log_audit_event;reset_password;escalate_to_human,0.38530293;0.21861771;0.20216042;0.19955544;0.18873131
Standard,452,Let's check staging-db-02 for indicators of compromise.,scan_malware,scan_malware,check_status,False,12,0.334663987159729,0.17946553230285645,check_status;db_write;send_notification;db_read;log_audit_event,0.33466399;0.32423267;0.31880483;0.30506018;0.28545368
Standard,453,Let's inspect prod-web-01 for malware activity.,scan_malware,scan_malware,scan_malware,True,1,0.5121056437492371,0.5121056437492371,scan_malware;quarantine_system;log_audit_event;provision_vm;generate_report,0.51210564;0.41925356;0.37083381;0.36107445;0.35283571
Standard,454,Let's perform a threat scan on payment-api-03.,scan_malware,scan_malware,scan_malware,True,1,0.4126361310482025,0.4126361310482025,scan_malware;quarantine_system;escalate_to_human;provision_vm;log_audit_event,0.41263613;0.32048503;0.28921327;0.28884175;0.27009696
Standard,455,Let's sweep payment-api-03 for infections.,scan_malware,scan_malware,escalate_to_human,False,3,0.26679378747940063,0.2051379233598709,escalate_to_human;quarantine_system;scan_malware;provision_vm;log_audit_event,0.26679379;0.20869872;0.20513792;0.20213376;0.18547040
Standard,456,Let's scan prod-web-01 for suspicious artifacts.,scan_malware,scan_malware,scan_malware,True,1,0.4115033745765686,0.4115033745765686,scan_malware;quarantine_system;log_audit_event;generate_report;provision_vm,0.41150337;0.31593943;0.26771417;0.26373991;0.25937214
Standard,457,Let's run an IOC check against payment-api-03.,scan_malware,scan_malware,quarantine_system,False,10,0.353607177734375,0.2625945806503296,quarantine_system;log_audit_event;process_refund;send_notification;generate_report,0.35360718;0.32978708;0.32666141;0.32622305;0.32437316
Standard,458,Kindly run a malware scan on staging-db-02.,scan_malware,scan_malware,scan_malware,True,1,0.43502044677734375,0.43502044677734375,scan_malware;quarantine_system;db_write;provision_vm;db_read,0.43502045;0.24829179;0.21038647;0.20401378;0.18765427
Standard,459,Kindly scan cdn-edge-06 for malicious files.,scan_malware,scan_malware,scan_malware,True,1,0.37908196449279785,0.37908196449279785,scan_malware;quarantine_system;escalate_to_human;provision_vm;log_audit_event,0.37908196;0.18803470;0.16262574;0.15582334;0.13917729
Standard,460,Kindly check staging-db-02 for indicators of compromise.,scan_malware,scan_malware,db_write,False,12,0.28649187088012695,0.168949693441391,db_write;db_read;log_audit_event;check_status;send_notification,0.28649187;0.27597398;0.27442831;0.27060923;0.23563604
Standard,461,Kindly inspect cdn-edge-06 for malware activity.,scan_malware,scan_malware,scan_malware,True,1,0.40265342593193054,0.40265342593193054,scan_malware;quarantine_system;log_audit_event;provision_vm;generate_report,0.40265343;0.26069915;0.23932755;0.20977807;0.17765947
Standard,462,Kindly perform a threat scan on prod-web-01.,scan_malware,scan_malware,scan_malware,True,1,0.5073837041854858,0.5073837041854858,scan_malware;quarantine_system;provision_vm;escalate_to_human;generate_report,0.50738370;0.33975801;0.31958723;0.29958338;0.27981892
Standard,463,Kindly sweep payment-api-03 for infections.,scan_malware,scan_malware,escalate_to_human,False,2,0.18216076493263245,0.16633914411067963,escalate_to_human;scan_malware;quarantine_system;create_ticket;log_audit_event,0.18216076;0.16633914;0.11307253;0.10677934;0.10230997
Standard,464,Kindly scan ml-infer-05 for suspicious artifacts.,scan_malware,scan_malware,scan_malware,True,1,0.3110729455947876,0.3110729455947876,scan_malware;quarantine_system;log_audit_event;send_notification;generate_report,0.31107295;0.18265036;0.17135011;0.15707654;0.13886927
Standard,465,Kindly run an IOC check against auth-svc-04.,scan_malware,scan_malware,quarantine_system,False,2,0.20934583246707916,0.20902197062969208,quarantine_system;scan_malware;log_audit_event;restart_service;check_status,0.20934583;0.20902197;0.20898333;0.20718774;0.17879340
Standard,466,"When you have a moment, run a malware scan on ml-infer-05.",scan_malware,scan_malware,scan_malware,True,1,0.4999672472476959,0.4999672472476959,scan_malware;quarantine_system;provision_vm;log_audit_event;generate_report,0.49996725;0.35587126;0.28563187;0.27413487;0.25911266
Standard,467,"When you have a moment, scan cdn-edge-06 for malicious files.",scan_malware,scan_malware,scan_malware,True,1,0.40801191329956055,0.40801191329956055,scan_malware;quarantine_system;escalate_to_human;provision_vm;log_audit_event,0.40801191;0.25860143;0.21320748;0.20548268;0.19698796
Standard,468,"When you have a moment, check staging-db-02 for indicators of compromise.",scan_malware,scan_malware,log_audit_event,False,12,0.33783599734306335,0.19421377778053284,log_audit_event;check_status;send_notification;db_read;db_write,0.33783600;0.33729368;0.29590702;0.28809094;0.27794382
Standard,469,generate a report for Finance.,generate_report,generate_report,db_write,False,3,0.3389429748058319,0.2928465008735657,db_write;create_ticket;generate_report;provision_vm;process_refund,0.33894297;0.31756404;0.29284650;0.26882431;0.26418504
Standard,470,compile a summary for Finance.,generate_report,generate_report,db_write,False,2,0.38239625096321106,0.3576812446117401,db_write;generate_report;create_ticket;provision_vm;db_read,0.38239625;0.35768124;0.35114136;0.32912087;0.32818416
Standard,471,create the analytics report for Legal.,generate_report,generate_report,create_ticket,False,2,0.2960120141506195,0.28966787457466125,create_ticket;generate_report;log_audit_event;db_read;send_notification,0.29601201;0.28966787;0.28924322;0.28871053;0.28501728
Standard,472,produce a compliance report for Engineering.,generate_report,generate_report,create_ticket,False,4,0.37378990650177,0.29996588826179504,create_ticket;process_refund;provision_vm;generate_report;quarantine_system,0.37378991;0.30758777;0.30590484;0.29996589;0.29342639
Standard,473,put together a performance summary for Finance.,generate_report,generate_report,db_write,False,3,0.34892037510871887,0.34357911348342896,db_write;process_refund;generate_report;create_ticket;db_read,0.34892038;0.34687707;0.34357911;0.34132615;0.32461759
Standard,474,build a report package for Marketing.,generate_report,generate_report,provision_vm,False,7,0.28007662296295166,0.2536202669143677,provision_vm;process_refund;send_notification;db_write;create_ticket,0.28007662;0.27909574;0.27091485;0.27063096;0.26030326
Standard,475,prepare the reporting bundle for Legal.,generate_report,generate_report,create_ticket,False,5,0.28688788414001465,0.22917084395885468,create_ticket;escalate_to_human;update_subscription;send_notification;generate_report,0.28688788;0.24824522;0.24229179;0.23822813;0.22917084
Standard,476,draft a metrics report for Finance.,generate_report,generate_report,db_write,False,2,0.31447693705558777,0.28413259983062744,db_write;generate_report;process_refund;send_notification;create_ticket,0.31447694;0.28413260;0.28258532;0.27823171;0.26326776
Standard,477,Please generate a diagnostics report for payment-api-03.,generate_report,generate_report,log_audit_event,False,7,0.3415135443210602,0.28372135758399963,log_audit_event;check_status;create_ticket;quarantine_system;process_refund,0.34151354;0.33269671;0.33230534;0.30858564;0.29508647
Standard,478,Please compile a summary for Finance.,generate_report,generate_report,db_write,False,2,0.4199659526348114,0.40852072834968567,db_write;generate_report;create_ticket;provision_vm;process_refund,0.41996595;0.40852073;0.37138683;0.36602360;0.36355338
Standard,479,Please create the analytics report for Engineering.,generate_report,generate_report,generate_report,True,1,0.40386486053466797,0.40386486053466797,generate_report;db_write;process_refund;provision_vm;log_audit_event,0.40386486;0.40314239;0.40232626;0.39089450;0.39026925
Standard,480,Please produce a compliance report for Legal.,generate_report,generate_report,create_ticket,False,4,0.4316595792770386,0.33013615012168884,create_ticket;escalate_to_human;process_refund;generate_report;provision_vm,0.43165958;0.33853754;0.33578300;0.33013615;0.31876898
Standard,481,Please put together a performance summary for Engineering.,generate_report,generate_report,process_refund,False,3,0.432620108127594,0.41162896156311035,process_refund;quarantine_system;generate_report;provision_vm;send_notification,0.43262011;0.41529867;0.41162896;0.39576495;0.38887161
Standard,482,Please build an operations summary for auth-svc-04.,generate_report,generate_report,log_audit_event,False,2,0.37756916880607605,0.34539854526519775,log_audit_event;generate_report;send_notification;quarantine_system;create_ticket,0.37756917;0.34539855;0.33130679;0.32332793;0.32073709
Standard,483,Please prepare the reporting bundle for Finance.,generate_report,generate_report,generate_report,True,1,0.28816649317741394,0.28816649317741394,generate_report;update_subscription;check_status;db_write;provision_vm,0.28816649;0.27914494;0.27506000;0.27021927;0.26691958
Standard,484,Please draft a metrics report for Finance.,generate_report,generate_report,db_write,False,2,0.33993929624557495,0.32667991518974304,db_write;generate_report;process_refund;send_notification;log_audit_event,0.33993930;0.32667992;0.32586738;0.30777076;0.30269039
Standard,485,Can you generate a report for Legal?,generate_report,generate_report,create_ticket,False,3,0.4226278066635132,0.36078935861587524,create_ticket;escalate_to_human;generate_report;send_notification;provision_vm,0.42262781;0.38845086;0.36078936;0.33822688;0.33439106
Standard,486,Can you compile a health summary for payment-api-03?,generate_report,generate_report,generate_report,True,1,0.430411159992218,0.430411159992218,generate_report;provision_vm;create_ticket;db_write;send_notification,0.43041116;0.41490605;0.41048515;0.40576601;0.39695245
Standard,487,Can you create an analytics report for payment-api-03?,generate_report,generate_report,db_read,False,3,0.3524591624736786,0.3102019429206848,db_read;db_write;generate_report;create_ticket;log_audit_event,0.35245916;0.33753833;0.31020194;0.30573058;0.30391419
Standard,488,Can you produce a compliance report for Finance?,generate_report,generate_report,create_ticket,False,3,0.3577658534049988,0.29862186312675476,create_ticket;db_write;generate_report;db_read;log_audit_event,0.35776585;0.35536921;0.29862186;0.29732603;0.28616515
Standard,489,Can you put together a performance summary for Engineering?,generate_report,generate_report,process_refund,False,2,0.43983194231987,0.4395016133785248,process_refund;generate_report;send_notification;provision_vm;create_ticket,0.43983194;0.43950161;0.43116221;0.42275316;0.42162651
Standard,490,Can you build an operations summary for cdn-edge-06?,generate_report,generate_report,generate_report,True,1,0.4498816132545471,0.4498816132545471,generate_report;send_notification;db_write;create_ticket;provision_vm,0.44988161;0.44119981;0.43527558;0.42818943;0.41750786
Standard,491,Can you prepare the reporting bundle for Legal?,generate_report,generate_report,create_ticket,False,2,0.35625192523002625,0.2991560697555542,create_ticket;generate_report;provision_vm;update_subscription;send_notification,0.35625193;0.29915607;0.28249684;0.28156987;0.28151947
Standard,492,Can you draft a metrics report for Marketing?,generate_report,generate_report,db_write,False,5,0.3512652516365051,0.31613239645957947,db_write;send_notification;process_refund;provision_vm;generate_report,0.35126525;0.34632376;0.33707768;0.32007706;0.31613240
Standard,493,Could you generate a diagnostics report for payment-api-03 for me?,generate_report,generate_report,create_ticket,False,5,0.3658137619495392,0.3281860947608948,create_ticket;log_audit_event;check_status;send_notification;generate_report,0.36581376;0.35731509;0.34601387;0.33003148;0.32818609
Standard,494,Could you compile a summary for Engineering for me?,generate_report,generate_report,generate_report,True,1,0.47260382771492004,0.47260382771492004,generate_report;provision_vm;create_ticket;send_notification;process_refund,0.47260383;0.45338342;0.44715670;0.44340155;0.41849288
Standard,495,Could you create the analytics report for Marketing for me?,generate_report,generate_report,db_read,False,4,0.3623945116996765,0.34384942054748535,db_read;db_write;send_notification;generate_report;provision_vm,0.36239451;0.36106917;0.34969315;0.34384942;0.32707724
Standard,496,Could you produce a compliance report for Marketing for me?,generate_report,generate_report,create_ticket,False,4,0.32986053824424744,0.30515044927597046,create_ticket;process_refund;send_notification;generate_report;check_status,0.32986054;0.31413943;0.31382504;0.30515045;0.30081573
Standard,497,Could you put together a performance summary for HR for me?,generate_report,generate_report,process_refund,False,2,0.3917260468006134,0.3915764391422272,process_refund;generate_report;check_status;send_notification;create_ticket,0.39172605;0.39157644;0.35849455;0.35680985;0.35378736
Standard,498,Could you build a report package for Legal for me?,generate_report,generate_report,create_ticket,False,2,0.4397110939025879,0.37445396184921265,create_ticket;generate_report;escalate_to_human;send_notification;provision_vm,0.43971109;0.37445396;0.36441976;0.34903449;0.34577173
Standard,499,Could you prepare the reporting bundle for HR for me?,generate_report,generate_report,generate_report,True,1,0.35842666029930115,0.35842666029930115,generate_report;send_notification;create_ticket;check_status;process_refund,0.35842666;0.33218974;0.32689586;0.32304054;0.29772380
Standard,500,Could you draft a metrics report for Marketing for me?,generate_report,generate_report,send_notification,False,4,0.3715692460536957,0.3465724587440491,send_notification;process_refund;db_write;generate_report;provision_vm,0.37156925;0.35240680;0.34877625;0.34657246;0.32947493
Standard,501,I need you to generate a diagnostics report for prod-web-01.,generate_report,generate_report,quarantine_system,False,3,0.42875421047210693,0.40734466910362244,quarantine_system;scan_malware;generate_report;create_ticket;process_refund,0.42875421;0.41101035;0.40734467;0.40508020;0.39750218
Standard,502,I need you to compile a health summary for prod-web-01.,generate_report,generate_report,generate_report,True,1,0.5146382451057434,0.5146382451057434,generate_report;provision_vm;quarantine_system;process_refund;send_notification,0.51463825;0.49332660;0.48726448;0.48120978;0.47666717
Standard,503,I need you to create the analytics report for Marketing.,generate_report,generate_report,db_read,False,4,0.39968591928482056,0.36766788363456726,db_read;db_write;process_refund;generate_report;send_notification,0.39968592;0.38643125;0.37657055;0.36766788;0.36428210
Standard,504,I need you to produce a compliance report for Finance.,generate_report,generate_report,create_ticket,False,3,0.38032516837120056,0.3227720260620117,create_ticket;db_write;generate_report;provision_vm;process_refund,0.38032517;0.34410658;0.32277203;0.29892638;0.29836112
Standard,505,I need you to put together a performance summary for HR.,generate_report,generate_report,process_refund,False,2,0.44848087430000305,0.436774343252182,process_refund;generate_report;quarantine_system;send_notification;check_status,0.44848087;0.43677434;0.39286220;0.39216989;0.39098358
Standard,506,I need you to build an operations summary for payment-api-03.,generate_report,generate_report,create_ticket,False,2,0.43249163031578064,0.42997753620147705,create_ticket;generate_report;process_refund;provision_vm;send_notification,0.43249163;0.42997754;0.41337872;0.41210285;0.41086328
Standard,507,I need you to prepare the reporting bundle for Engineering.,generate_report,generate_report,generate_report,True,1,0.4067140817642212,0.4067140817642212,generate_report;send_notification;provision_vm;db_write;create_ticket,0.40671408;0.38439715;0.37990478;0.37979996;0.37295055
Standard,508,I need you to draft a metrics report for HR.,generate_report,generate_report,process_refund,False,2,0.36372292041778564,0.363055557012558,process_refund;generate_report;send_notification;log_audit_event;quarantine_system,0.36372292;0.36305556;0.34028900;0.32228160;0.31865114
Standard,509,We should generate a report for Legal.,generate_report,generate_report,create_ticket,False,3,0.3925569951534271,0.33311471343040466,create_ticket;escalate_to_human;generate_report;provision_vm;process_refund,0.39255700;0.36151955;0.33311471;0.29937029;0.29761472
Standard,510,We should compile a summary for Marketing.,generate_report,generate_report,update_subscription,False,2,0.35232222080230713,0.3486381769180298,update_subscription;generate_report;send_notification;provision_vm;process_refund,0.35232222;0.34863818;0.34387958;0.33321330;0.33038673
Standard,511,We should create an analytics report for cdn-edge-06.,generate_report,generate_report,send_notification,False,2,0.32609784603118896,0.3175431191921234,send_notification;generate_report;log_audit_event;check_status;db_write,0.32609785;0.31754312;0.31615269;0.30802152;0.29687563
Standard,512,We should produce a compliance report for Marketing.,generate_report,generate_report,process_refund,False,5,0.28108906745910645,0.2486741840839386,process_refund;send_notification;check_status;quarantine_system;generate_report,0.28108907;0.26468936;0.25843164;0.25127175;0.24867418
Standard,513,We should put together a performance summary for Legal.,generate_report,generate_report,create_ticket,False,2,0.4235498309135437,0.3985021114349365,create_ticket;generate_report;process_refund;send_notification;escalate_to_human,0.42354983;0.39850211;0.37261096;0.36547130;0.34239435
Standard,514,We should build an operations summary for ml-infer-05.,generate_report,generate_report,generate_report,True,1,0.4338304400444031,0.4338304400444031,generate_report;send_notification;db_write;process_refund;quarantine_system,0.43383044;0.42483726;0.40102062;0.39390072;0.39063469
Standard,515,We should prepare the reporting bundle for Engineering.,generate_report,generate_report,generate_report,True,1,0.3081270158290863,0.3081270158290863,generate_report;quarantine_system;send_notification;provision_vm;process_refund,0.30812702;0.29913601;0.29376370;0.28638560;0.28530428
Standard,516,We should draft a metrics report for Legal.,generate_report,generate_report,send_notification,False,3,0.3138195872306824,0.2979046404361725,send_notification;process_refund;generate_report;escalate_to_human;create_ticket,0.31381959;0.29805541;0.29790464;0.29723018;0.29059586
Standard,517,Let's generate a report for HR.,generate_report,generate_report,generate_report,True,1,0.3892749845981598,0.3892749845981598,generate_report;process_refund;quarantine_system;send_notification;provision_vm,0.38927498;0.38850498;0.34376067;0.34152612;0.33715203
Standard,518,Let's compile a summary for Finance.,generate_report,generate_report,generate_report,True,1,0.4044555723667145,0.4044555723667145,generate_report;db_write;create_ticket;provision_vm;process_refund,0.40445557;0.39218467;0.37246299;0.36603951;0.35850289
Standard,519,Let's create the analytics report for Marketing.,generate_report,generate_report,process_refund,False,2,0.36995309591293335,0.34081071615219116,process_refund;generate_report;send_notification;db_write;quarantine_system,0.36995310;0.34081072;0.33943659;0.33543888;0.33235347
Standard,520,Let's produce a compliance report for Engineering.,generate_report,generate_report,create_ticket,False,3,0.4436929225921631,0.4190060794353485,create_ticket;process_refund;generate_report;provision_vm;quarantine_system,0.44369292;0.42032850;0.41900608;0.41739440;0.40790761
Standard,521,Let's put together a performance summary for Legal.,generate_report,generate_report,create_ticket,False,2,0.45079052448272705,0.4092257022857666,create_ticket;generate_report;process_refund;escalate_to_human;send_notification,0.45079052;0.40922570;0.39928260;0.38187283;0.37315074
Standard,522,Let's build a report package for Engineering.,generate_report,generate_report,generate_report,True,1,0.4474797546863556,0.4474797546863556,generate_report;process_refund;create_ticket;provision_vm;quarantine_system,0.44747975;0.44464281;0.44410512;0.43875945;0.43428016
Standard,523,Let's prepare the reporting bundle for HR.,generate_report,generate_report,generate_report,True,1,0.2927568554878235,0.2927568554878235,generate_report;check_status;process_refund;send_notification;update_subscription,0.29275686;0.27517331;0.27090001;0.26212591;0.25284293
Standard,524,Let's draft a metrics report for HR.,generate_report,generate_report,process_refund,False,2,0.33699172735214233,0.3231489658355713,process_refund;generate_report;send_notification;quarantine_system;log_audit_event,0.33699173;0.32314897;0.30642533;0.29209152;0.27948955
Standard,525,Kindly generate a diagnostics report for cdn-edge-06.,generate_report,generate_report,check_status,False,8,0.262519508600235,0.17742405831813812,check_status;create_ticket;quarantine_system;log_audit_event;send_notification,0.26251951;0.24755321;0.20408478;0.20158708;0.20017898
Standard,526,Kindly compile a summary for Finance.,generate_report,generate_report,db_write,False,2,0.37639373540878296,0.34570741653442383,db_write;generate_report;create_ticket;db_read;process_refund,0.37639374;0.34570742;0.33695742;0.31407654;0.31317312
Standard,527,Kindly create the analytics report for Marketing.,generate_report,generate_report,process_refund,False,4,0.3094819188117981,0.26323115825653076,process_refund;db_read;db_write;generate_report;send_notification,0.30948192;0.30614474;0.28701183;0.26323116;0.26307935
Standard,528,Kindly produce a compliance report for Legal.,generate_report,generate_report,create_ticket,False,4,0.40155962109565735,0.2700781226158142,create_ticket;process_refund;escalate_to_human;generate_report;log_audit_event,0.40155962;0.29597118;0.29089746;0.27007812;0.26374859
Standard,529,Kindly put together a performance summary for Engineering.,generate_report,generate_report,process_refund,False,3,0.39783668518066406,0.36770784854888916,process_refund;quarantine_system;generate_report;send_notification;provision_vm,0.39783669;0.37372088;0.36770785;0.35145634;0.34931594
Standard,530,Kindly build a report package for Marketing.,generate_report,generate_report,process_refund,False,6,0.2771846354007721,0.2449442595243454,process_refund;create_ticket;db_write;send_notification;provision_vm,0.27718464;0.25852722;0.25843179;0.25264916;0.25233144
Standard,531,Kindly prepare the reporting bundle for HR.,generate_report,generate_report,check_status,False,3,0.29572203755378723,0.28514569997787476,check_status;process_refund;generate_report;send_notification;quarantine_system,0.29572204;0.29145071;0.28514570;0.26903257;0.24430875
Standard,532,Kindly draft a metrics report for Engineering.,generate_report,generate_report,process_refund,False,5,0.3255075514316559,0.29670652747154236,process_refund;send_notification;quarantine_system;log_audit_event;generate_report,0.32550755;0.31778938;0.31685951;0.29928902;0.29670653
Standard,533,"When you have a moment, generate a report for HR.",generate_report,generate_report,log_audit_event,False,3,0.33070310950279236,0.30011698603630066,log_audit_event;process_refund;generate_report;quarantine_system;send_notification,0.33070311;0.32977384;0.30011699;0.29792485;0.28593427
Standard,534,"When you have a moment, compile a summary for Marketing.",generate_report,generate_report,process_refund,False,5,0.36772850155830383,0.3361470103263855,process_refund;send_notification;quarantine_system;provision_vm;generate_report,0.36772850;0.34755492;0.34347862;0.33950689;0.33614701
Standard,535,"When you have a moment, create an analytics report for cdn-edge-06.",generate_report,generate_report,log_audit_event,False,6,0.33071568608283997,0.26618343591690063,log_audit_event;check_status;send_notification;db_read;process_refund,0.33071569;0.32875222;0.28636700;0.27981558;0.27338216
Standard,536,refund transaction #42017.,process_refund,process_refund,create_ticket,False,4,0.3726338744163513,0.32934078574180603,create_ticket;provision_vm;db_write;process_refund;generate_report,0.37263387;0.36364189;0.33032450;0.32934079;0.31992236
Standard,537,process the refund for Charlie.,process_refund,process_refund,create_ticket,False,5,0.28998568654060364,0.2530980706214905,create_ticket;escalate_to_human;provision_vm;quarantine_system;process_refund,0.28998569;0.27510899;0.26914984;0.26307189;0.25309807
Standard,538,return the money to Diana.,process_refund,process_refund,escalate_to_human,False,7,0.20455995202064514,0.1240808516740799,escalate_to_human;create_ticket;provision_vm;restart_service;db_write,0.20455995;0.17360003;0.16098773;0.14207932;0.13496703
Standard,539,credit Frank's account.,process_refund,process_refund,update_subscription,False,9,0.4654783606529236,0.26970407366752625,update_subscription;provision_vm;reset_password;send_notification;generate_report,0.46547836;0.36068761;0.32733351;0.31240702;0.31230962
Standard,540,reverse the payment for Charlie.,process_refund,process_refund,escalate_to_human,False,7,0.31575191020965576,0.2080402970314026,escalate_to_human;provision_vm;create_ticket;quarantine_system;generate_report,0.31575191;0.27875990;0.27449369;0.26208872;0.21771094
Standard,541,send Eve a payout reversal.,process_refund,process_refund,escalate_to_human,False,9,0.3089078664779663,0.1533145159482956,escalate_to_human;send_notification;provision_vm;generate_report;quarantine_system,0.30890787;0.22455086;0.21711533;0.21307801;0.19016559
Standard,542,refund the charge for Bob.,process_refund,process_refund,create_ticket,False,5,0.24325773119926453,0.17218363285064697,create_ticket;provision_vm;escalate_to_human;restart_service;process_refund,0.24325773;0.21314035;0.21234821;0.19923756;0.17218363
Standard,543,put the refund through for Bob.,process_refund,process_refund,escalate_to_human,False,5,0.29970303177833557,0.19766461849212646,escalate_to_human;create_ticket;provision_vm;generate_report;process_refund,0.29970303;0.29747277;0.25959423;0.20799090;0.19766462
Standard,544,Please refund transaction #42017.,process_refund,process_refund,provision_vm,False,4,0.3791498839855194,0.34201449155807495,provision_vm;create_ticket;generate_report;process_refund;db_write,0.37914988;0.37875429;0.34617904;0.34201449;0.33526108
Standard,545,Please process the refund for Frank.,process_refund,process_refund,create_ticket,False,5,0.42730218172073364,0.3563331961631775,create_ticket;provision_vm;escalate_to_human;generate_report;process_refund,0.42730218;0.40334529;0.39118022;0.37358502;0.35633320
Standard,546,Please return the money to Frank.,process_refund,process_refund,create_ticket,False,9,0.29354214668273926,0.20500189065933228,create_ticket;escalate_to_human;provision_vm;update_subscription;quarantine_system,0.29354215;0.28133774;0.27573887;0.24375501;0.22790003
Standard,547,Please issue the refund linked to #60122.,process_refund,process_refund,create_ticket,False,4,0.4732438325881958,0.39592012763023376,create_ticket;provision_vm;generate_report;process_refund;escalate_to_human,0.47324383;0.44559723;0.40001822;0.39592013;0.36099547
Standard,548,Please reverse the payment for Bob.,process_refund,process_refund,escalate_to_human,False,8,0.3041330575942993,0.18521438539028168,escalate_to_human;create_ticket;provision_vm;quarantine_system;generate_report,0.30413306;0.25383496;0.24760467;0.21827742;0.20566426
Standard,549,Please send Eve a payout reversal.,process_refund,process_refund,escalate_to_human,False,9,0.32876056432724,0.17854765057563782,escalate_to_human;generate_report;send_notification;provision_vm;quarantine_system,0.32876056;0.25232503;0.25051197;0.23634663;0.21035947
Standard,550,Please refund the charge for Eve.,process_refund,process_refund,provision_vm,False,8,0.2565770149230957,0.20327560603618622,provision_vm;update_subscription;escalate_to_human;generate_report;db_write,0.25657701;0.24659806;0.24164297;0.22603978;0.21982709
Standard,551,Please put the refund through for Charlie.,process_refund,process_refund,create_ticket,False,6,0.351799875497818,0.29203635454177856,create_ticket;escalate_to_human;provision_vm;generate_report;quarantine_system,0.35179988;0.34563702;0.34482500;0.31928286;0.30975017
Standard,552,Can you refund transaction #42017?,process_refund,process_refund,provision_vm,False,4,0.3744283616542816,0.3372003138065338,provision_vm;create_ticket;db_write;process_refund;generate_report,0.37442836;0.36784133;0.34281373;0.33720031;0.32292736
Standard,553,Can you process the refund for Eve?,process_refund,process_refund,db_write,False,6,0.3590681552886963,0.25549396872520447,db_write;generate_report;provision_vm;escalate_to_human;log_audit_event,0.35906816;0.29281005;0.28799972;0.27925107;0.26846579
Standard,554,Can you process a refund for #10234?,process_refund,process_refund,create_ticket,False,5,0.3995529115200043,0.3404155969619751,create_ticket;db_write;provision_vm;generate_report;process_refund,0.39955291;0.37048656;0.35458562;0.34343439;0.34041560
Standard,555,Can you credit Charlie's account?,process_refund,process_refund,update_subscription,False,11,0.41389861702919006,0.2788426876068115,update_subscription;provision_vm;scan_malware;reset_password;quarantine_system,0.41389862;0.36370844;0.33827600;0.33744261;0.33457267
Standard,556,Can you reverse the payment for Charlie?,process_refund,process_refund,escalate_to_human,False,8,0.336730033159256,0.24337951838970184,escalate_to_human;provision_vm;create_ticket;quarantine_system;generate_report,0.33673003;0.32597372;0.30663240;0.29628769;0.26113015
Standard,557,Can you send Bob a payout reversal?,process_refund,process_refund,escalate_to_human,False,7,0.3539271354675293,0.23826351761817932,escalate_to_human;create_ticket;provision_vm;send_notification;quarantine_system,0.35392714;0.32274571;0.29518586;0.27953595;0.26430863
Standard,558,Can you refund the charge for Diana?,process_refund,process_refund,provision_vm,False,7,0.27663126587867737,0.2185940444469452,provision_vm;create_ticket;db_write;escalate_to_human;generate_report,0.27663127;0.26330140;0.25530437;0.22981974;0.22522657
Standard,559,Can you put the refund through for Grace?,process_refund,process_refund,create_ticket,False,7,0.339954137802124,0.23314307630062103,create_ticket;provision_vm;escalate_to_human;update_subscription;generate_report,0.33995414;0.32023686;0.28549746;0.26576784;0.25565249
Standard,560,Could you issue a refund to Eve for me?,process_refund,process_refund,provision_vm,False,7,0.3445194661617279,0.27253618836402893,provision_vm;create_ticket;db_write;escalate_to_human;generate_report,0.34451947;0.34356132;0.33186603;0.31927916;0.31781834
Standard,561,Could you process the refund for Eve for me?,process_refund,process_refund,db_write,False,8,0.3725283145904541,0.2669333219528198,db_write;generate_report;provision_vm;escalate_to_human;create_ticket,0.37252831;0.33476683;0.30673426;0.29870182;0.28565648
Standard,562,Could you return the money to Frank for me?,process_refund,process_refund,create_ticket,False,8,0.33922040462493896,0.22694148123264313,create_ticket;escalate_to_human;provision_vm;generate_report;update_subscription,0.33922040;0.32876357;0.30736879;0.27776411;0.26585335
Standard,563,Could you credit Charlie's account for me?,process_refund,process_refund,update_subscription,False,9,0.42026299238204956,0.29704761505126953,update_subscription;provision_vm;scan_malware;reset_password;send_notification,0.42026299;0.38102928;0.37696046;0.36672327;0.36408684
Standard,564,Could you reverse the payment for Diana for me?,process_refund,process_refund,escalate_to_human,False,9,0.36899298429489136,0.2685222327709198,escalate_to_human;provision_vm;generate_report;create_ticket;db_write,0.36899298;0.35096553;0.33724287;0.33260673;0.33001831
Standard,565,Could you send Diana a payout reversal for me?,process_refund,process_refund,escalate_to_human,False,8,0.39792144298553467,0.27776259183883667,escalate_to_human;create_ticket;generate_report;provision_vm;send_notification,0.39792144;0.36467835;0.35977221;0.34362191;0.34297687
Standard,566,Could you refund the charge for Frank for me?,process_refund,process_refund,create_ticket,False,7,0.39327672123908997,0.28561675548553467,create_ticket;provision_vm;update_subscription;escalate_to_human;generate_report,0.39327672;0.38194478;0.34495559;0.34423152;0.32541043
Standard,567,Could you put the refund through for Bob for me?,process_refund,process_refund,create_ticket,False,6,0.35674750804901123,0.24568043649196625,create_ticket;escalate_to_human;provision_vm;generate_report;send_notification,0.35674751;0.33157113;0.32060713;0.30563870;0.27271882
Standard,568,I need you to refund transaction #53698.,process_refund,process_refund,provision_vm,False,5,0.426191508769989,0.3842470049858093,provision_vm;db_write;create_ticket;generate_report;process_refund,0.42619151;0.41481811;0.40670875;0.39744020;0.38424700
Standard,569,I need you to process the refund for Diana.,process_refund,process_refund,db_write,False,7,0.37725386023521423,0.30623283982276917,db_write;db_read;create_ticket;generate_report;provision_vm,0.37725386;0.34664127;0.32996374;0.32784468;0.31462526
Standard,570,I need you to process a refund for #60122.,process_refund,process_refund,create_ticket,False,4,0.40087535977363586,0.38039538264274597,create_ticket;provision_vm;generate_report;process_refund;db_write,0.40087536;0.39178097;0.38713816;0.38039538;0.36967450
Standard,571,I need you to issue the refund linked to #20891.,process_refund,process_refund,create_ticket,False,4,0.5891239643096924,0.46730247139930725,create_ticket;provision_vm;generate_report;process_refund;db_write,0.58912396;0.52366596;0.48609892;0.46730247;0.44275463
Standard,572,I need you to reverse the payment for Frank.,process_refund,process_refund,escalate_to_human,False,8,0.4437703490257263,0.33118587732315063,escalate_to_human;create_ticket;provision_vm;send_notification;generate_report,0.44377035;0.42864490;0.42821455;0.39174941;0.38481462
Standard,573,I need you to return the funds for #10234.,process_refund,process_refund,create_ticket,False,5,0.38181963562965393,0.3242512345314026,create_ticket;provision_vm;generate_report;db_write;process_refund,0.38181964;0.35819799;0.34230435;0.33757904;0.32425123
Standard,574,I need you to undo the charge associated with #31450.,process_refund,process_refund,provision_vm,False,4,0.5033175945281982,0.4379340410232544,provision_vm;generate_report;create_ticket;process_refund;quarantine_system,0.50331759;0.45039320;0.44031715;0.43793404;0.42919490
Standard,575,I need you to put the refund through for Eve.,process_refund,process_refund,db_write,False,7,0.39311712980270386,0.2999884784221649,db_write;generate_report;escalate_to_human;provision_vm;create_ticket,0.39311713;0.37058100;0.36300144;0.36151868;0.32838875
Standard,576,We should refund transaction #60122.,process_refund,process_refund,provision_vm,False,4,0.3266047239303589,0.2968662977218628,provision_vm;create_ticket;generate_report;process_refund;update_subscription,0.32660472;0.31138137;0.30406013;0.29686630;0.28846523
Standard,577,We should reverse the charge tied to #60122.,process_refund,process_refund,provision_vm,False,6,0.41742783784866333,0.3510352671146393,provision_vm;escalate_to_human;generate_report;quarantine_system;send_notification,0.41742784;0.37421972;0.36401820;0.36214700;0.35244355
Standard,578,We should return the money to Eve.,process_refund,process_refund,db_write,False,9,0.109837107360363,0.050235357135534286,db_write;restart_service;escalate_to_human;generate_report;provision_vm,0.10983711;0.10598884;0.08685871;0.07578164;0.07555609
Standard,579,We should credit Charlie's account.,process_refund,process_refund,update_subscription,False,9,0.35824909806251526,0.2238902449607849,update_subscription;provision_vm;quarantine_system;scan_malware;generate_report,0.35824910;0.29519096;0.29361963;0.28751424;0.27461234
Standard,580,We should reverse the payment for Grace.,process_refund,process_refund,update_subscription,False,8,0.19404298067092896,0.11950821429491043,update_subscription;provision_vm;escalate_to_human;create_ticket;reset_password,0.19404298;0.17954926;0.17228216;0.15744497;0.15319474
Standard,581,We should send Grace a payout reversal.,process_refund,process_refund,update_subscription,False,9,0.19987896084785461,0.12977801263332367,update_subscription;escalate_to_human;provision_vm;send_notification;generate_report,0.19987896;0.17867190;0.17435443;0.16276149;0.15907778
Standard,582,We should refund the charge for Bob.,process_refund,process_refund,create_ticket,False,5,0.2101989984512329,0.1748080998659134,create_ticket;provision_vm;escalate_to_human;restart_service;process_refund,0.21019900;0.20333289;0.19328186;0.19272141;0.17480810
Standard,583,We should put the refund through for Frank.,process_refund,process_refund,create_ticket,False,8,0.3939228355884552,0.291279673576355,create_ticket;provision_vm;escalate_to_human;generate_report;update_subscription,0.39392284;0.37316939;0.36019021;0.33936206;0.30892119
Standard,584,Let's refund transaction #31450.,process_refund,process_refund,create_ticket,False,6,0.3909912705421448,0.31610652804374695,create_ticket;db_write;provision_vm;generate_report;send_notification,0.39099127;0.37160027;0.37043780;0.35078713;0.32001257
Standard,585,Let's process the refund for Bob.,process_refund,process_refund,restart_service,False,3,0.27526208758354187,0.2359977513551712,restart_service;create_ticket;process_refund;escalate_to_human;provision_vm,0.27526209;0.26852676;0.23599775;0.23575477;0.22544874
Standard,586,Let's process a refund for #20891.,process_refund,process_refund,create_ticket,False,3,0.4405257999897003,0.38762885332107544,create_ticket;provision_vm;process_refund;generate_report;escalate_to_human,0.44052580;0.39964738;0.38762885;0.38729417;0.34572875
Standard,587,Let's credit Bob's account.,process_refund,process_refund,update_subscription,False,7,0.3718249797821045,0.24237491190433502,update_subscription;reset_password;provision_vm;quarantine_system;generate_report,0.37182498;0.34095541;0.29319519;0.26983348;0.26275903
Standard,588,Let's reverse the payment for Alice.,process_refund,process_refund,escalate_to_human,False,8,0.40160056948661804,0.1832842081785202,escalate_to_human;create_ticket;provision_vm;update_subscription;generate_report,0.40160057;0.27460989;0.26880682;0.24920689;0.23437890
Standard,589,Let's send Alice a payout reversal.,process_refund,process_refund,escalate_to_human,False,8,0.41055136919021606,0.1954203099012375,escalate_to_human;create_ticket;provision_vm;send_notification;generate_report,0.41055137;0.28068000;0.26199681;0.24922499;0.24798143
Standard,590,Let's undo the charge associated with #20891.,process_refund,process_refund,provision_vm,False,4,0.4780997335910797,0.4397106170654297,provision_vm;create_ticket;generate_report;process_refund;update_subscription,0.47809973;0.46677989;0.44680342;0.43971062;0.41266567
Standard,591,Let's put the refund through for Diana.,process_refund,process_refund,create_ticket,False,6,0.318677693605423,0.26260992884635925,create_ticket;escalate_to_human;provision_vm;generate_report;db_write,0.31867769;0.31558341;0.29802755;0.27919233;0.26679978
Standard,592,Kindly issue a refund to Eve.,process_refund,process_refund,escalate_to_human,False,6,0.3370390832424164,0.27151384949684143,escalate_to_human;create_ticket;provision_vm;db_write;generate_report,0.33703908;0.32561401;0.31596941;0.28301182;0.27325276
Standard,593,Kindly process the refund for Grace.,process_refund,process_refund,create_ticket,False,5,0.2655251622200012,0.218595951795578,create_ticket;escalate_to_human;restart_service;provision_vm;process_refund,0.26552516;0.24019685;0.22402045;0.22041801;0.21859595
Standard,594,Kindly process a refund for #10234.,process_refund,process_refund,create_ticket,False,3,0.40734443068504333,0.3528842031955719,create_ticket;restart_service;process_refund;provision_vm;generate_report,0.40734443;0.36799681;0.35288420;0.33589727;0.33125332
Standard,595,Kindly credit Diana's account.,process_refund,process_refund,db_read,False,8,0.3297848105430603,0.2677912414073944,db_read;db_write;generate_report;provision_vm;update_subscription,0.32978481;0.30942732;0.30318183;0.30008936;0.29647407
Standard,596,Kindly credit back the payment for #42017.,process_refund,process_refund,update_subscription,False,4,0.3992440402507782,0.36680009961128235,update_subscription;provision_vm;create_ticket;process_refund;generate_report,0.39924404;0.39121622;0.37164330;0.36680010;0.35853878
Standard,597,Kindly send Frank a payout reversal.,process_refund,process_refund,escalate_to_human,False,8,0.3969523012638092,0.25873002409935,escalate_to_human;create_ticket;provision_vm;send_notification;generate_report,0.39695230;0.38181335;0.34946606;0.34525466;0.32403448
Standard,598,Kindly refund the charge for Eve.,process_refund,process_refund,escalate_to_human,False,7,0.27287015318870544,0.22061556577682495,escalate_to_human;provision_vm;update_subscription;restart_service;generate_report,0.27287015;0.26364160;0.23810560;0.23183450;0.22784349
Standard,599,Kindly put the refund through for Bob.,process_refund,process_refund,create_ticket,False,5,0.3406578004360199,0.25511434674263,create_ticket;escalate_to_human;provision_vm;generate_report;process_refund,0.34065780;0.33045900;0.29145613;0.26554447;0.25511435
Standard,600,"When you have a moment, refund transaction #60122.",process_refund,process_refund,provision_vm,False,2,0.3644222915172577,0.3585032820701599,provision_vm;process_refund;generate_report;create_ticket;update_subscription,0.36442229;0.35850328;0.33500844;0.32812315;0.31837490
Standard,601,"When you have a moment, reverse the charge tied to #60122.",process_refund,process_refund,provision_vm,False,3,0.44912612438201904,0.40722450613975525,provision_vm;quarantine_system;process_refund;escalate_to_human;generate_report,0.44912612;0.41584030;0.40722451;0.40320799;0.37095019
Standard,602,"When you have a moment, return the money to Diana.",process_refund,process_refund,escalate_to_human,False,2,0.18056760728359222,0.16457507014274597,escalate_to_human;process_refund;quarantine_system;restart_service;provision_vm,0.18056761;0.16457507;0.16034488;0.15960348;0.15602286
Standard,603,update Diana's subscription plan.,update_subscription,update_subscription,update_subscription,True,1,0.44166576862335205,0.44166576862335205,update_subscription;provision_vm;generate_report;process_refund;create_ticket,0.44166577;0.21628626;0.19456115;0.17376138;0.15726531
Standard,604,change Diana's billing tier.,update_subscription,update_subscription,update_subscription,True,1,0.3897548317909241,0.3897548317909241,update_subscription;provision_vm;process_refund;generate_report;send_notification,0.38975483;0.26449823;0.23461938;0.23438138;0.21059552
Standard,605,switch Bob to a different plan.,update_subscription,update_subscription,update_subscription,True,1,0.28395935893058777,0.28395935893058777,update_subscription;provision_vm;create_ticket;quarantine_system;process_refund,0.28395936;0.18645161;0.16800417;0.15139377;0.14226282
Standard,606,modify Bob's subscription.,update_subscription,update_subscription,update_subscription,True,1,0.3783375322818756,0.3783375322818756,update_subscription;provision_vm;reset_password;quarantine_system;escalate_to_human,0.37833753;0.19826861;0.14878364;0.14430808;0.14272766
Standard,607,adjust Frank's account plan.,update_subscription,update_subscription,update_subscription,True,1,0.5396600365638733,0.5396600365638733,update_subscription;provision_vm;reset_password;send_notification;create_ticket,0.53966004;0.34079254;0.30285498;0.28588361;0.28190646
Standard,608,move Frank to the new billing plan.,update_subscription,update_subscription,update_subscription,True,1,0.4831046164035797,0.4831046164035797,update_subscription;provision_vm;create_ticket;generate_report;send_notification,0.48310462;0.31238583;0.28944162;0.26341790;0.26119089
Standard,609,revise Alice's subscription tier.,update_subscription,update_subscription,update_subscription,True,1,0.33950260281562805,0.33950260281562805,update_subscription;escalate_to_human;provision_vm;process_refund;send_notification,0.33950260;0.15545890;0.11958128;0.09150747;0.09142002
Standard,610,change the plan on Grace's account.,update_subscription,update_subscription,update_subscription,True,1,0.46073219180107117,0.46073219180107117,update_subscription;reset_password;provision_vm;quarantine_system;create_ticket,0.46073219;0.25957233;0.24943936;0.16759895;0.16606066
Standard,611,Please update Grace's subscription plan.,update_subscription,update_subscription,update_subscription,True,1,0.43796783685684204,0.43796783685684204,update_subscription;reset_password;provision_vm;send_notification;generate_report,0.43796784;0.18592495;0.15553318;0.11513233;0.11506152
Standard,612,Please change Grace's billing tier.,update_subscription,update_subscription,update_subscription,True,1,0.4260551631450653,0.4260551631450653,update_subscription;provision_vm;reset_password;generate_report;process_refund,0.42605516;0.20896308;0.20850831;0.16766050;0.16586713
Standard,613,Please switch Alice to a different plan.,update_subscription,update_subscription,update_subscription,True,1,0.3708557188510895,0.3708557188510895,update_subscription;escalate_to_human;provision_vm;generate_report;create_ticket,0.37085572;0.25331596;0.23569636;0.19530952;0.19351372
Standard,614,Please modify Grace's subscription.,update_subscription,update_subscription,update_subscription,True,1,0.45331108570098877,0.45331108570098877,update_subscription;reset_password;provision_vm;generate_report;send_notification,0.45331109;0.29167601;0.26188338;0.19236894;0.18844073
Standard,615,Please adjust Diana's account plan.,update_subscription,update_subscription,update_subscription,True,1,0.4855869710445404,0.4855869710445404,update_subscription;provision_vm;reset_password;generate_report;send_notification,0.48558697;0.32014447;0.30053475;0.29217583;0.26753846
Standard,616,Please move Bob to the new billing plan.,update_subscription,update_subscription,update_subscription,True,1,0.4031703770160675,0.4031703770160675,update_subscription;provision_vm;create_ticket;generate_report;reset_password,0.40317038;0.22739632;0.20129271;0.19567762;0.18760811
Standard,617,Please revise Bob's subscription tier.,update_subscription,update_subscription,update_subscription,True,1,0.31324687600135803,0.31324687600135803,update_subscription;process_refund;check_status;quarantine_system;provision_vm,0.31324688;0.12323922;0.11903317;0.11457210;0.10613110
Standard,618,Please change the plan on Frank's account.,update_subscription,update_subscription,update_subscription,True,1,0.54201740026474,0.54201740026474,update_subscription;provision_vm;send_notification;generate_report;create_ticket,0.54201740;0.38909900;0.33593193;0.33169928;0.32078934
Standard,619,Can you update Eve's subscription plan?,update_subscription,update_subscription,update_subscription,True,1,0.4788013696670532,0.4788013696670532,update_subscription;provision_vm;reset_password;generate_report;send_notification,0.47880137;0.21894787;0.18604426;0.18263112;0.16713396
Standard,620,Can you change Diana's billing tier?,update_subscription,update_subscription,update_subscription,True,1,0.459710955619812,0.459710955619812,update_subscription;provision_vm;generate_report;process_refund;db_write,0.45971096;0.33945233;0.31641132;0.30412841;0.28789425
Standard,621,Can you switch Alice to a different plan?,update_subscription,update_subscription,update_subscription,True,1,0.4406012296676636,0.4406012296676636,update_subscription;provision_vm;escalate_to_human;create_ticket;generate_report,0.44060123;0.31881657;0.28226748;0.26874316;0.26348183
Standard,622,Can you modify Eve's subscription?,update_subscription,update_subscription,update_subscription,True,1,0.4716939628124237,0.4716939628124237,update_subscription;provision_vm;generate_report;send_notification;reset_password,0.47169396;0.30064213;0.24298164;0.23875418;0.23716418
Standard,623,Can you adjust Bob's account plan?,update_subscription,update_subscription,update_subscription,True,1,0.5066444873809814,0.5066444873809814,update_subscription;reset_password;provision_vm;generate_report;create_ticket,0.50664449;0.32949379;0.28484219;0.22614263;0.22118004
Standard,624,Can you move Grace to the new billing plan?,update_subscription,update_subscription,update_subscription,True,1,0.5053796768188477,0.5053796768188477,update_subscription;provision_vm;reset_password;generate_report;create_ticket,0.50537968;0.28730118;0.26329839;0.23308611;0.22531269
Standard,625,Can you revise Alice's subscription tier?,update_subscription,update_subscription,update_subscription,True,1,0.39460813999176025,0.39460813999176025,update_subscription;provision_vm;escalate_to_human;process_refund;generate_report,0.39460814;0.17829177;0.16852015;0.14505801;0.14445108
Standard,626,Can you change the plan on Diana's account?,update_subscription,update_subscription,update_subscription,True,1,0.54643315076828,0.54643315076828,update_subscription;provision_vm;generate_report;reset_password;process_refund,0.54643315;0.41892990;0.37096044;0.34972900;0.33515203
Standard,627,Could you update Bob's subscription plan for me?,update_subscription,update_subscription,update_subscription,True,1,0.4830224812030792,0.4830224812030792,update_subscription;provision_vm;reset_password;generate_report;send_notification,0.48302248;0.25346544;0.23342922;0.22301877;0.22174147
Standard,628,Could you change Grace's billing tier for me?,update_subscription,update_subscription,update_subscription,True,1,0.4774567186832428,0.4774567186832428,update_subscription;provision_vm;reset_password;send_notification;generate_report,0.47745672;0.27098808;0.25358868;0.24010833;0.23623465
Standard,629,Could you switch Eve to a different plan for me?,update_subscription,update_subscription,update_subscription,True,1,0.33007198572158813,0.33007198572158813,update_subscription;provision_vm;generate_report;send_notification;db_write,0.33007199;0.25199872;0.24760342;0.22332180;0.22094534
Standard,630,Could you modify Eve's subscription for me?,update_subscription,update_subscription,update_subscription,True,1,0.4801141619682312,0.4801141619682312,update_subscription;provision_vm;send_notification;generate_report;reset_password,0.48011416;0.33880675;0.30600512;0.30581585;0.27826092
Standard,631,Could you adjust Eve's account plan for me?,update_subscription,update_subscription,update_subscription,True,1,0.5018910765647888,0.5018910765647888,update_subscription;reset_password;provision_vm;generate_report;send_notification,0.50189108;0.33032173;0.30143502;0.28274372;0.28058890
Standard,632,Could you move Charlie to the new billing plan for me?,update_subscription,update_subscription,update_subscription,True,1,0.5093040466308594,0.5093040466308594,update_subscription;provision_vm;generate_report;create_ticket;send_notification,0.50930405;0.36819035;0.34242940;0.32944566;0.32792941
Standard,633,Could you revise Grace's subscription tier for me?,update_subscription,update_subscription,update_subscription,True,1,0.4289007782936096,0.4289007782936096,update_subscription;provision_vm;reset_password;generate_report;send_notification,0.42890078;0.18257590;0.17551193;0.17066920;0.16868618
Standard,634,Could you change the plan on Diana's account for me?,update_subscription,update_subscription,update_subscription,True,1,0.5313566327095032,0.5313566327095032,update_subscription;provision_vm;generate_report;send_notification;reset_password,0.53135663;0.43007922;0.39754882;0.37021619;0.34217757
Standard,635,I need you to update Eve's subscription plan.,update_subscription,update_subscription,update_subscription,True,1,0.4760241210460663,0.4760241210460663,update_subscription;provision_vm;generate_report;send_notification;process_refund,0.47602412;0.25197911;0.22805654;0.22655511;0.20147692
Standard,636,I need you to change Grace's billing tier.,update_subscription,update_subscription,update_subscription,True,1,0.4719935655593872,0.4719935655593872,update_subscription;provision_vm;reset_password;send_notification;generate_report,0.47199357;0.26968130;0.23903820;0.22598261;0.22514158
Standard,637,I need you to switch Frank to a different plan.,update_subscription,update_subscription,update_subscription,True,1,0.4548649489879608,0.4548649489879608,update_subscription;provision_vm;generate_report;create_ticket;send_notification,0.45486495;0.36300513;0.32967067;0.32638702;0.32430109
Standard,638,I need you to modify Eve's subscription.,update_subscription,update_subscription,update_subscription,True,1,0.4813062250614166,0.4813062250614166,update_subscription;provision_vm;generate_report;send_notification;quarantine_system,0.48130623;0.35372454;0.31443405;0.31190524;0.29623157
Standard,639,I need you to adjust Diana's account plan.,update_subscription,update_subscription,update_subscription,True,1,0.5189120173454285,0.5189120173454285,update_subscription;provision_vm;generate_report;reset_password;send_notification,0.51891202;0.35722122;0.33727986;0.32050505;0.31154373
Standard,640,I need you to move Grace to the new billing plan.,update_subscription,update_subscription,update_subscription,True,1,0.5017648339271545,0.5017648339271545,update_subscription;provision_vm;reset_password;generate_report;send_notification,0.50176483;0.28366333;0.25105679;0.24265432;0.22602536
Standard,641,I need you to revise Eve's subscription tier.,update_subscription,update_subscription,update_subscription,True,1,0.36813420057296753,0.36813420057296753,update_subscription;generate_report;process_refund;send_notification;provision_vm,0.36813420;0.18073514;0.18068035;0.18044850;0.17693500
Standard,642,I need you to change the plan on Diana's account.,update_subscription,update_subscription,update_subscription,True,1,0.5233116149902344,0.5233116149902344,update_subscription;provision_vm;generate_report;send_notification;process_refund,0.52331161;0.41372198;0.38671634;0.34554908;0.34490237
Standard,643,We should update Bob's subscription plan.,update_subscription,update_subscription,update_subscription,True,1,0.37563008069992065,0.37563008069992065,update_subscription;provision_vm;reset_password;quarantine_system;process_refund,0.37563008;0.14963289;0.13342094;0.12577493;0.12043123
Standard,644,We should change Frank's billing tier.,update_subscription,update_subscription,update_subscription,True,1,0.4284493625164032,0.4284493625164032,update_subscription;provision_vm;send_notification;generate_report;quarantine_system,0.42844936;0.28243178;0.26088881;0.25534195;0.24844053
Standard,645,We should switch Grace to a different plan.,update_subscription,update_subscription,update_subscription,True,1,0.3489554524421692,0.3489554524421692,update_subscription;provision_vm;reset_password;generate_report;process_refund,0.34895545;0.16315897;0.15884754;0.12762699;0.11213234
Standard,646,We should modify Diana's subscription.,update_subscription,update_subscription,update_subscription,True,1,0.38643887639045715,0.38643887639045715,update_subscription;provision_vm;generate_report;process_refund;quarantine_system,0.38643888;0.27607384;0.25890478;0.22677681;0.22363837
Standard,647,We should adjust Diana's account plan.,update_subscription,update_subscription,update_subscription,True,1,0.45025449991226196,0.45025449991226196,update_subscription;provision_vm;reset_password;generate_report;send_notification,0.45025450;0.28318503;0.26865512;0.26802936;0.23705527
Standard,648,We should move Charlie to the new billing plan.,update_subscription,update_subscription,update_subscription,True,1,0.42266136407852173,0.42266136407852173,update_subscription;provision_vm;quarantine_system;generate_report;process_refund,0.42266136;0.27910334;0.25437137;0.25418830;0.24022421
Standard,649,We should revise Grace's subscription tier.,update_subscription,update_subscription,update_subscription,True,1,0.34125271439552307,0.34125271439552307,update_subscription;reset_password;provision_vm;process_refund;generate_report,0.34125271;0.11077733;0.09137495;0.07795284;0.06903169
Standard,650,We should change the plan on Bob's account.,update_subscription,update_subscription,update_subscription,True,1,0.41255155205726624,0.41255155205726624,update_subscription;reset_password;provision_vm;quarantine_system;generate_report,0.41255155;0.25305513;0.25109684;0.22298110;0.21302077
Standard,651,Let's update Grace's subscription plan.,update_subscription,update_subscription,update_subscription,True,1,0.42658987641334534,0.42658987641334534,update_subscription;reset_password;provision_vm;generate_report;send_notification,0.42658988;0.17231674;0.14862928;0.10788560;0.10571463
Standard,652,Let's change Frank's billing tier.,update_subscription,update_subscription,update_subscription,True,1,0.43970343470573425,0.43970343470573425,update_subscription;provision_vm;generate_report;send_notification;quarantine_system,0.43970343;0.29706407;0.27185130;0.26790395;0.25697467
Standard,653,Let's switch Charlie to a different plan.,update_subscription,update_subscription,update_subscription,True,1,0.3327579200267792,0.3327579200267792,update_subscription;provision_vm;quarantine_system;generate_report;process_refund,0.33275792;0.28625166;0.26640165;0.24849287;0.23866455
Standard,654,Let's modify Grace's subscription.,update_subscription,update_subscription,update_subscription,True,1,0.43965500593185425,0.43965500593185425,update_subscription;reset_password;provision_vm;generate_report;send_notification,0.43965501;0.25305507;0.23232089;0.16621736;0.16246535
Standard,655,Let's adjust Grace's account plan.,update_subscription,update_subscription,update_subscription,True,1,0.4626239240169525,0.4626239240169525,update_subscription;reset_password;provision_vm;generate_report;send_notification,0.46262392;0.29837209;0.19958027;0.15024938;0.13802759
Standard,656,Let's move Eve to the new billing plan.,update_subscription,update_subscription,update_subscription,True,1,0.3888437747955322,0.3888437747955322,update_subscription;provision_vm;generate_report;process_refund;reset_password,0.38884377;0.22909363;0.22121236;0.18913510;0.18713576
Standard,657,Let's revise Diana's subscription tier.,update_subscription,update_subscription,update_subscription,True,1,0.3555019795894623,0.3555019795894623,update_subscription;process_refund;generate_report;provision_vm;quarantine_system,0.35550198;0.19199730;0.18599612;0.17200316;0.15540272
Standard,658,Let's change the plan on Charlie's account.,update_subscription,update_subscription,update_subscription,True,1,0.4495195150375366,0.4495195150375366,update_subscription;provision_vm;reset_password;quarantine_system;generate_report,0.44951952;0.31683576;0.28857839;0.28508696;0.27281141
Standard,659,Kindly update Diana's subscription plan.,update_subscription,update_subscription,update_subscription,True,1,0.46355026960372925,0.46355026960372925,update_subscription;provision_vm;generate_report;process_refund;send_notification,0.46355027;0.25991863;0.24991727;0.22448444;0.21255325
Standard,660,Kindly change Alice's billing tier.,update_subscription,update_subscription,update_subscription,True,1,0.4281854033470154,0.4281854033470154,update_subscription;escalate_to_human;provision_vm;create_ticket;generate_report,0.42818540;0.28754163;0.27406341;0.24012688;0.23286684
Standard,661,Kindly switch Frank to a different plan.,update_subscription,update_subscription,update_subscription,True,1,0.43602561950683594,0.43602561950683594,update_subscription;provision_vm;create_ticket;send_notification;generate_report,0.43602562;0.35183334;0.32591736;0.30657849;0.30181843
Standard,662,Kindly modify Bob's subscription.,update_subscription,update_subscription,update_subscription,True,1,0.4205170273780823,0.4205170273780823,update_subscription;provision_vm;reset_password;create_ticket;send_notification,0.42051703;0.29180524;0.24867694;0.23660715;0.23358765
Standard,663,Kindly adjust Charlie's account plan.,update_subscription,update_subscription,update_subscription,True,1,0.4733167886734009,0.4733167886734009,update_subscription;provision_vm;reset_password;send_notification;quarantine_system,0.47331679;0.30039117;0.30025178;0.25958806;0.25647482
Standard,664,Kindly move Charlie to the new billing plan.,update_subscription,update_subscription,update_subscription,True,1,0.43934017419815063,0.43934017419815063,update_subscription;provision_vm;create_ticket;generate_report;process_refund,0.43934017;0.29081890;0.27250195;0.25554502;0.24756926
Standard,665,Kindly revise Charlie's subscription tier.,update_subscription,update_subscription,update_subscription,True,1,0.3693101108074188,0.3693101108074188,update_subscription;quarantine_system;process_refund;provision_vm;send_notification,0.36931011;0.18507642;0.18370430;0.17853534;0.17241140
Standard,666,Kindly change the plan on Eve's account.,update_subscription,update_subscription,update_subscription,True,1,0.44575685262680054,0.44575685262680054,update_subscription;provision_vm;reset_password;generate_report;send_notification,0.44575685;0.30373028;0.28327569;0.25077423;0.24928799
Standard,667,"When you have a moment, update Alice's subscription plan.",update_subscription,update_subscription,update_subscription,True,1,0.4222724437713623,0.4222724437713623,update_subscription;provision_vm;escalate_to_human;process_refund;generate_report,0.42227244;0.20869350;0.19651105;0.16333520;0.16210389
Standard,668,"When you have a moment, change Bob's billing tier.",update_subscription,update_subscription,update_subscription,True,1,0.36090171337127686,0.36090171337127686,update_subscription;quarantine_system;provision_vm;process_refund;send_notification,0.36090171;0.20882735;0.20665260;0.19841774;0.17349932
Standard,669,"When you have a moment, switch Bob to a different plan.",update_subscription,update_subscription,update_subscription,True,1,0.2794952094554901,0.2794952094554901,update_subscription;quarantine_system;provision_vm;process_refund;escalate_to_human,0.27949521;0.20298666;0.19982173;0.18742684;0.16747099
Standard,670,provision a new VM for Finance.,provision_vm,provision_vm,update_subscription,False,3,0.3325084447860718,0.2603420913219452,update_subscription;create_ticket;provision_vm;send_notification;generate_report,0.33250844;0.26267254;0.26034209;0.25945419;0.23574521
Standard,671,spin up a virtual machine for Legal.,provision_vm,provision_vm,escalate_to_human,False,4,0.21219277381896973,0.14913827180862427,escalate_to_human;scan_malware;quarantine_system;provision_vm;update_subscription,0.21219277;0.17610486;0.16922720;0.14913827;0.13198750
Standard,672,launch a new instance for Finance.,provision_vm,provision_vm,provision_vm,True,1,0.3412352502346039,0.3412352502346039,provision_vm;db_write;process_refund;create_ticket;generate_report,0.34123525;0.31069803;0.30378264;0.29967499;0.29510722
Standard,673,create a server for Finance.,provision_vm,provision_vm,db_write,False,4,0.30264800786972046,0.22502745687961578,db_write;db_read;create_ticket;provision_vm;generate_report,0.30264801;0.24895222;0.22869419;0.22502746;0.22473252
Standard,674,stand up a VM for Engineering.,provision_vm,provision_vm,quarantine_system,False,5,0.19565679132938385,0.15747955441474915,quarantine_system;send_notification;update_subscription;scan_malware;provision_vm,0.19565679;0.17904781;0.17856932;0.15917321;0.15747955
Standard,675,deploy a fresh virtual machine for Legal.,provision_vm,provision_vm,quarantine_system,False,2,0.2652324140071869,0.25634852051734924,quarantine_system;provision_vm;restart_service;escalate_to_human;create_ticket,0.26523241;0.25634852;0.25089249;0.24237643;0.23887186
Standard,676,bring up a compute instance for Marketing.,provision_vm,provision_vm,process_refund,False,4,0.317487895488739,0.30915483832359314,process_refund;send_notification;db_write;provision_vm;quarantine_system,0.31748790;0.31485629;0.31209236;0.30915484;0.30548990
Standard,677,allocate a new VM to HR.,provision_vm,provision_vm,update_subscription,False,3,0.3473104238510132,0.3166325092315674,update_subscription;process_refund;provision_vm;quarantine_system;generate_report,0.34731042;0.32124761;0.31663251;0.31248581;0.30455244
Standard,678,Please provision a new VM for Legal.,provision_vm,provision_vm,update_subscription,False,4,0.40378737449645996,0.3474285900592804,update_subscription;send_notification;create_ticket;provision_vm;process_refund,0.40378737;0.37080136;0.36663559;0.34742859;0.33401820
Standard,679,Please spin up a virtual machine for Engineering.,provision_vm,provision_vm,scan_malware,False,3,0.31968432664871216,0.23091675341129303,scan_malware;quarantine_system;provision_vm;send_notification;escalate_to_human,0.31968433;0.27901459;0.23091675;0.20823853;0.20125246
Standard,680,Please launch a new instance for Finance.,provision_vm,provision_vm,provision_vm,True,1,0.3647523522377014,0.3647523522377014,provision_vm;generate_report;process_refund;db_write;send_notification,0.36475235;0.35836121;0.34785137;0.34207702;0.33830160
Standard,681,Please create a server for Legal.,provision_vm,provision_vm,send_notification,False,5,0.3491167426109314,0.32620877027511597,send_notification;generate_report;create_ticket;escalate_to_human;provision_vm,0.34911674;0.34648576;0.33884633;0.33760706;0.32620877
Standard,682,Please stand up a VM for Legal.,provision_vm,provision_vm,update_subscription,False,6,0.3044184446334839,0.2237294465303421,update_subscription;escalate_to_human;create_ticket;send_notification;generate_report,0.30441844;0.29204676;0.26240006;0.24904835;0.23695251
Standard,683,Please deploy a fresh virtual machine for HR.,provision_vm,provision_vm,restart_service,False,4,0.3609025478363037,0.28279995918273926,restart_service;quarantine_system;process_refund;provision_vm;generate_report,0.36090255;0.33172044;0.32382840;0.28279996;0.27445510
Standard,684,Please bring up a compute instance for Engineering.,provision_vm,provision_vm,generate_report,False,3,0.4173752963542938,0.41279029846191406,generate_report;db_write;provision_vm;process_refund;quarantine_system,0.41737530;0.41544113;0.41279030;0.41201356;0.40772298
Standard,685,Please allocate a new VM to HR.,provision_vm,provision_vm,update_subscription,False,4,0.38374707102775574,0.34768956899642944,update_subscription;process_refund;generate_report;provision_vm;quarantine_system,0.38374707;0.36492094;0.35935330;0.34768957;0.34744501
Standard,686,Can you provision a new VM for Legal?,provision_vm,provision_vm,update_subscription,False,4,0.4033970534801483,0.3575056493282318,update_subscription;create_ticket;send_notification;provision_vm;quarantine_system,0.40339705;0.37260708;0.36313525;0.35750565;0.33315587
Standard,687,Can you spin up a virtual machine for Legal?,provision_vm,provision_vm,scan_malware,False,4,0.24866749346256256,0.2214292734861374,scan_malware;escalate_to_human;quarantine_system;provision_vm;update_subscription,0.24866749;0.24843869;0.24219716;0.22142927;0.19436105
Standard,688,Can you launch a new instance for Engineering?,provision_vm,provision_vm,provision_vm,True,1,0.4109184443950653,0.4109184443950653,provision_vm;quarantine_system;scan_malware;send_notification;generate_report,0.41091844;0.39447257;0.36843702;0.36804318;0.35832402
Standard,689,Can you create a server for Marketing?,provision_vm,provision_vm,scan_malware,False,5,0.27321580052375793,0.25236445665359497,scan_malware;db_write;quarantine_system;send_notification;provision_vm,0.27321580;0.26923379;0.26610827;0.26030117;0.25236446
Standard,690,Can you stand up a VM for Marketing?,provision_vm,provision_vm,update_subscription,False,6,0.2047680765390396,0.1013360470533371,update_subscription;check_status;send_notification;quarantine_system;scan_malware,0.20476808;0.15346308;0.14573157;0.13646241;0.10276216
Standard,691,Can you deploy a fresh virtual machine for Legal?,provision_vm,provision_vm,quarantine_system,False,2,0.28171417117118835,0.28151804208755493,quarantine_system;provision_vm;scan_malware;create_ticket;escalate_to_human,0.28171417;0.28151804;0.26641503;0.26606065;0.24292712
Standard,692,Can you bring up a compute instance for Legal?,provision_vm,provision_vm,escalate_to_human,False,3,0.462504118680954,0.41498494148254395,escalate_to_human;create_ticket;provision_vm;send_notification;generate_report,0.46250412;0.41552994;0.41498494;0.41331077;0.40306142
Standard,693,Can you allocate a new VM to HR?,provision_vm,provision_vm,update_subscription,False,2,0.40830928087234497,0.36729735136032104,update_subscription;provision_vm;process_refund;generate_report;quarantine_system,0.40830928;0.36729735;0.36656985;0.36519480;0.36209670
Standard,694,Could you provision a new VM for HR for me?,provision_vm,provision_vm,send_notification,False,6,0.3739416301250458,0.3409459888935089,send_notification;generate_report;update_subscription;create_ticket;process_refund,0.37394163;0.36929962;0.36851233;0.35385889;0.34894839
Standard,695,Could you spin up a virtual machine for HR for me?,provision_vm,provision_vm,quarantine_system,False,6,0.24931681156158447,0.20966379344463348,quarantine_system;scan_malware;send_notification;reset_password;generate_report,0.24931681;0.24621089;0.22017497;0.21593145;0.21565357
Standard,696,Could you launch a new instance for Finance for me?,provision_vm,provision_vm,db_write,False,2,0.38127967715263367,0.37875252962112427,db_write;provision_vm;generate_report;send_notification;create_ticket,0.38127968;0.37875253;0.37474397;0.36526969;0.34272885
Standard,697,Could you create a server for Legal for me?,provision_vm,provision_vm,send_notification,False,4,0.36030545830726624,0.3253342807292938,send_notification;generate_report;create_ticket;provision_vm;scan_malware,0.36030546;0.35139993;0.34842178;0.32533428;0.31578729
Standard,698,Could you stand up a VM for Finance for me?,provision_vm,provision_vm,update_subscription,False,5,0.26612749695777893,0.1916189193725586,update_subscription;generate_report;send_notification;create_ticket;provision_vm,0.26612750;0.22849223;0.22761595;0.22167905;0.19161892
Standard,699,Could you deploy a fresh virtual machine for Marketing for me?,provision_vm,provision_vm,restart_service,False,5,0.2994984984397888,0.2610747516155243,restart_service;quarantine_system;scan_malware;send_notification;provision_vm,0.29949850;0.28775781;0.27459252;0.26239732;0.26107475
Standard,700,Could you bring up a compute instance for Legal for me?,provision_vm,provision_vm,escalate_to_human,False,5,0.4795866310596466,0.4403388202190399,escalate_to_human;send_notification;create_ticket;generate_report;provision_vm,0.47958663;0.45166314;0.44885099;0.44562745;0.44033882
Standard,701,Could you allocate a new VM to Legal for me?,provision_vm,provision_vm,update_subscription,False,4,0.4453620910644531,0.39785104990005493,update_subscription;create_ticket;generate_report;provision_vm;send_notification,0.44536209;0.41218162;0.40079138;0.39785105;0.39674553
Standard,702,I need you to provision a new VM for Legal.,provision_vm,provision_vm,update_subscription,False,4,0.43941518664360046,0.41747862100601196,update_subscription;send_notification;create_ticket;provision_vm;generate_report,0.43941519;0.43372506;0.42821273;0.41747862;0.39959639
Standard,703,I need you to spin up a virtual machine for Marketing.,provision_vm,provision_vm,quarantine_system,False,4,0.2762954831123352,0.2225157469511032,quarantine_system;scan_malware;send_notification;provision_vm;update_subscription,0.27629548;0.25312555;0.23257354;0.22251575;0.22037916
Standard,704,I need you to launch a new instance for Finance.,provision_vm,provision_vm,provision_vm,True,1,0.43763354420661926,0.43763354420661926,provision_vm;db_write;generate_report;process_refund;send_notification,0.43763354;0.42185387;0.41427371;0.40771139;0.39872366
Standard,705,I need you to create a server for Legal.,provision_vm,provision_vm,generate_report,False,4,0.39698150753974915,0.3750667870044708,generate_report;send_notification;create_ticket;provision_vm;quarantine_system,0.39698151;0.39245653;0.38847545;0.37506679;0.37056035
Standard,706,I need you to stand up a VM for Finance.,provision_vm,provision_vm,update_subscription,False,5,0.3390659987926483,0.25815415382385254,update_subscription;generate_report;send_notification;create_ticket;provision_vm,0.33906600;0.28892043;0.26870966;0.26799449;0.25815415
Standard,707,I need you to deploy a fresh virtual machine for HR.,provision_vm,provision_vm,restart_service,False,4,0.4046187996864319,0.36776137351989746,restart_service;quarantine_system;process_refund;provision_vm;generate_report,0.40461880;0.40118080;0.40042502;0.36776137;0.35256380
Standard,708,I need you to bring up a compute instance for HR.,provision_vm,provision_vm,generate_report,False,5,0.4626040458679199,0.4220823645591736,generate_report;process_refund;quarantine_system;send_notification;provision_vm,0.46260405;0.45755735;0.43516096;0.43324059;0.42208236
Standard,709,I need you to allocate a new VM to Engineering.,provision_vm,provision_vm,provision_vm,True,1,0.45791658759117126,0.45791658759117126,provision_vm;quarantine_system;generate_report;send_notification;process_refund,0.45791659;0.44603330;0.43274763;0.42730829;0.42061058
Standard,710,We should provision a new VM for Legal.,provision_vm,provision_vm,update_subscription,False,3,0.3575662076473236,0.3069103956222534,update_subscription;send_notification;provision_vm;create_ticket;quarantine_system,0.35756621;0.31659999;0.30691040;0.30322027;0.29869387
Standard,711,We should spin up a virtual machine for HR.,provision_vm,provision_vm,quarantine_system,False,7,0.21590669453144073,0.15082085132598877,quarantine_system;scan_malware;generate_report;process_refund;reset_password,0.21590669;0.17973755;0.16585794;0.16216388;0.15683484
Standard,712,We should launch a new instance for HR.,provision_vm,provision_vm,process_refund,False,4,0.38721469044685364,0.36475232243537903,process_refund;generate_report;quarantine_system;provision_vm;send_notification,0.38721469;0.38187078;0.37855765;0.36475232;0.34636956
Standard,713,We should create a server for Engineering.,provision_vm,provision_vm,quarantine_system,False,6,0.36671093106269836,0.3330325484275818,quarantine_system;scan_malware;generate_report;send_notification;db_write,0.36671093;0.36526844;0.33977413;0.33743015;0.33307609
Standard,714,We should stand up a VM for Engineering.,provision_vm,provision_vm,quarantine_system,False,6,0.24053800106048584,0.19896899163722992,quarantine_system;send_notification;update_subscription;generate_report;scan_malware,0.24053800;0.23026638;0.22612002;0.20979625;0.20281537
Standard,715,We should deploy a fresh virtual machine for Legal.,provision_vm,provision_vm,quarantine_system,False,2,0.2776748538017273,0.2632724642753601,quarantine_system;provision_vm;restart_service;process_refund;escalate_to_human,0.27767485;0.26327246;0.25916874;0.25650844;0.23956072
Standard,716,We should bring up a compute instance for Legal.,provision_vm,provision_vm,escalate_to_human,False,5,0.4461739659309387,0.37488484382629395,escalate_to_human;generate_report;create_ticket;send_notification;provision_vm,0.44617397;0.38765350;0.38706845;0.38162369;0.37488484
Standard,717,We should allocate a new VM to Finance.,provision_vm,provision_vm,update_subscription,False,2,0.37207332253456116,0.3204149305820465,update_subscription;provision_vm;generate_report;process_refund;quarantine_system,0.37207332;0.32041493;0.31675985;0.29997680;0.29375479
Standard,718,Let's provision a new VM for Marketing.,provision_vm,provision_vm,update_subscription,False,4,0.34596773982048035,0.28651365637779236,update_subscription;send_notification;quarantine_system;provision_vm;process_refund,0.34596774;0.32959288;0.30602631;0.28651366;0.28345883
Standard,719,Let's spin up a virtual machine for Legal.,provision_vm,provision_vm,escalate_to_human,False,4,0.26370230317115784,0.19629086554050446,escalate_to_human;quarantine_system;scan_malware;provision_vm;create_ticket,0.26370230;0.21194169;0.19656163;0.19629087;0.18163633
Standard,720,Let's launch a new instance for Marketing.,provision_vm,provision_vm,provision_vm,True,1,0.32999011874198914,0.32999011874198914,provision_vm;send_notification;quarantine_system;restart_service;process_refund,0.32999012;0.32969609;0.32585925;0.31874433;0.31669104
Standard,721,Let's create a server for Finance.,provision_vm,provision_vm,db_write,False,3,0.36109018325805664,0.32428333163261414,db_write;generate_report;provision_vm;send_notification;quarantine_system,0.36109018;0.32687879;0.32428333;0.30216649;0.29607341
Standard,722,Let's stand up a VM for Legal.,provision_vm,provision_vm,update_subscription,False,7,0.28117334842681885,0.19498276710510254,update_subscription;escalate_to_human;create_ticket;send_notification;generate_report,0.28117335;0.25193667;0.24209177;0.21883079;0.20133094
Standard,723,Let's deploy a fresh virtual machine for Marketing.,provision_vm,provision_vm,restart_service,False,4,0.3566676378250122,0.24760165810585022,restart_service;quarantine_system;process_refund;provision_vm;send_notification,0.35666764;0.28803831;0.25667509;0.24760166;0.24401970
Standard,724,Let's bring up a compute instance for Legal.,provision_vm,provision_vm,escalate_to_human,False,4,0.4726196825504303,0.3840295970439911,escalate_to_human;create_ticket;generate_report;provision_vm;send_notification,0.47261968;0.40114075;0.38760588;0.38402960;0.37910613
Standard,725,Let's allocate a new VM to Marketing.,provision_vm,provision_vm,update_subscription,False,3,0.3565588593482971,0.28666725754737854,update_subscription;quarantine_system;provision_vm;process_refund;send_notification,0.35655886;0.29338163;0.28666726;0.28237140;0.28119847
Standard,726,Kindly provision a new VM for Legal.,provision_vm,provision_vm,create_ticket,False,6,0.3557424545288086,0.30644288659095764,create_ticket;update_subscription;send_notification;escalate_to_human;process_refund,0.35574245;0.35147187;0.33672374;0.30924428;0.30690363
Standard,727,Kindly spin up a virtual machine for Marketing.,provision_vm,provision_vm,scan_malware,False,6,0.18099793791770935,0.09905333071947098,scan_malware;quarantine_system;update_subscription;restart_service;send_notification,0.18099794;0.15498139;0.12063555;0.11914346;0.10343193
Standard,728,Kindly launch a new instance for Engineering.,provision_vm,provision_vm,provision_vm,True,1,0.4140765070915222,0.4140765070915222,provision_vm;quarantine_system;process_refund;send_notification;generate_report,0.41407651;0.41245076;0.40301901;0.38856888;0.38404179
Standard,729,Kindly create a server for Legal.,provision_vm,provision_vm,create_ticket,False,5,0.32003253698349,0.26420077681541443,create_ticket;escalate_to_human;generate_report;send_notification;provision_vm,0.32003254;0.29692528;0.28891104;0.28746793;0.26420078
Standard,730,Kindly stand up a VM for Engineering.,provision_vm,provision_vm,quarantine_system,False,5,0.2699265778064728,0.22653716802597046,quarantine_system;scan_malware;send_notification;process_refund;provision_vm,0.26992658;0.25200957;0.24744971;0.22992572;0.22653717
Standard,731,Kindly deploy a fresh virtual machine for HR.,provision_vm,provision_vm,restart_service,False,5,0.3523470163345337,0.25970444083213806,restart_service;quarantine_system;process_refund;scan_malware;provision_vm,0.35234702;0.30843687;0.30179954;0.26897594;0.25970444
Standard,732,Kindly bring up a compute instance for Engineering.,provision_vm,provision_vm,process_refund,False,4,0.4018653631210327,0.386801540851593,process_refund;generate_report;db_write;provision_vm;quarantine_system,0.40186536;0.39173856;0.39074677;0.38680154;0.38535058
Standard,733,Kindly allocate a new VM to Finance.,provision_vm,provision_vm,update_subscription,False,3,0.33780473470687866,0.2731998860836029,update_subscription;create_ticket;provision_vm;generate_report;process_refund,0.33780473;0.28399867;0.27319989;0.26317087;0.26085749
Standard,734,"When you have a moment, provision a new VM for Engineering.",provision_vm,provision_vm,quarantine_system,False,3,0.38849076628685,0.3515446186065674,quarantine_system;process_refund;provision_vm;send_notification;update_subscription,0.38849077;0.35782331;0.35154462;0.35058513;0.31417745
Standard,735,"When you have a moment, spin up a virtual machine for Engineering.",provision_vm,provision_vm,quarantine_system,False,4,0.28516530990600586,0.21063849329948425,quarantine_system;scan_malware;escalate_to_human;provision_vm;process_refund,0.28516531;0.26557264;0.21582781;0.21063849;0.19746938
Standard,736,"When you have a moment, launch a new instance for Engineering.",provision_vm,provision_vm,quarantine_system,False,2,0.4206767976284027,0.40608659386634827,quarantine_system;provision_vm;process_refund;send_notification;generate_report,0.42067680;0.40608659;0.40112883;0.36444137;0.35071230
Standard,737,restart the service on staging-db-02.,restart_service,restart_service,restart_service,True,1,0.5253596901893616,0.5253596901893616,restart_service;db_write;process_refund;db_read;quarantine_system,0.52535969;0.31735587;0.27765813;0.23856704;0.23742640
Standard,738,reboot staging-db-02.,restart_service,restart_service,restart_service,True,1,0.41502249240875244,0.41502249240875244,restart_service;db_write;process_refund;db_read;provision_vm,0.41502249;0.31276366;0.22466438;0.22130835;0.21267943
Standard,739,bounce the service running on prod-web-01.,restart_service,restart_service,restart_service,True,1,0.4560074210166931,0.4560074210166931,restart_service;quarantine_system;process_refund;check_status;provision_vm,0.45600742;0.42991978;0.37302449;0.36454558;0.35315901
Standard,740,cycle ml-infer-05.,restart_service,restart_service,send_notification,False,11,0.20528970658779144,0.14817534387111664,send_notification;quarantine_system;scan_malware;db_write;process_refund,0.20528971;0.20270248;0.19827896;0.18618323;0.18248755
Standard,741,restart staging-db-02's service process.,restart_service,restart_service,restart_service,True,1,0.5197306275367737,0.5197306275367737,restart_service;db_write;process_refund;db_read;quarantine_system,0.51973063;0.31093428;0.26441050;0.24044962;0.21671402
Standard,742,bring the service on staging-db-02 back up.,restart_service,restart_service,restart_service,True,1,0.43418556451797485,0.43418556451797485,restart_service;db_write;db_read;process_refund;quarantine_system,0.43418556;0.34442687;0.30243385;0.26182932;0.26117909
Standard,743,reload the service hosted on staging-db-02.,restart_service,restart_service,restart_service,True,1,0.49189725518226624,0.49189725518226624,restart_service;db_write;process_refund;db_read;quarantine_system,0.49189726;0.29746497;0.23992524;0.21129486;0.19520187
Standard,744,perform a service restart on auth-svc-04.,restart_service,restart_service,restart_service,True,1,0.54347163438797,0.54347163438797,restart_service;process_refund;quarantine_system;reset_password;provision_vm,0.54347163;0.24655095;0.21951486;0.18576583;0.18145546
Standard,745,Please restart the service on cdn-edge-06.,restart_service,restart_service,restart_service,True,1,0.5053955316543579,0.5053955316543579,restart_service;process_refund;quarantine_system;provision_vm;check_status,0.50539553;0.35654879;0.32867730;0.31079933;0.30595550
Standard,746,Please reboot prod-web-01.,restart_service,restart_service,restart_service,True,1,0.47348707914352417,0.47348707914352417,restart_service;process_refund;provision_vm;quarantine_system;generate_report,0.47348708;0.40253469;0.39268425;0.38776407;0.34205219
Standard,747,Please bounce the service running on ml-infer-05.,restart_service,restart_service,restart_service,True,1,0.3846595585346222,0.3846595585346222,restart_service;quarantine_system;send_notification;process_refund;check_status,0.38465956;0.37552178;0.34293365;0.34126231;0.33076406
Standard,748,Please cycle staging-db-02.,restart_service,restart_service,db_write,False,4,0.4092409610748291,0.27079856395721436,db_write;db_read;send_notification;restart_service;provision_vm,0.40924096;0.34812945;0.29136381;0.27079856;0.26940858
Standard,749,Please restart cdn-edge-06's service process.,restart_service,restart_service,restart_service,True,1,0.4926394522190094,0.4926394522190094,restart_service;process_refund;quarantine_system;check_status;provision_vm,0.49263945;0.34422225;0.31355354;0.30768287;0.28889844
Standard,750,Please bring the service on payment-api-03 back up.,restart_service,restart_service,restart_service,True,1,0.42769724130630493,0.42769724130630493,restart_service;process_refund;quarantine_system;provision_vm;generate_report,0.42769724;0.41824445;0.41582382;0.39701125;0.35309595
Standard,751,Please reload the service hosted on payment-api-03.,restart_service,restart_service,restart_service,True,1,0.48401597142219543,0.48401597142219543,restart_service;process_refund;quarantine_system;provision_vm;create_ticket,0.48401597;0.36873859;0.31770474;0.31515259;0.30026719
Standard,752,Please perform a service restart on staging-db-02.,restart_service,restart_service,restart_service,True,1,0.5176236033439636,0.5176236033439636,restart_service;db_write;process_refund;db_read;check_status,0.51762360;0.31752467;0.26183355;0.23893926;0.23375140
Standard,753,Can you restart the service on ml-infer-05?,restart_service,restart_service,restart_service,True,1,0.5739952921867371,0.5739952921867371,restart_service;process_refund;quarantine_system;db_write;provision_vm,0.57399529;0.37291822;0.34721997;0.31493017;0.31338558
Standard,754,Can you reboot ml-infer-05?,restart_service,restart_service,restart_service,True,1,0.47349679470062256,0.47349679470062256,restart_service;process_refund;provision_vm;quarantine_system;db_write,0.47349679;0.37822372;0.37156481;0.36658931;0.35155463
Standard,755,Can you bounce the service running on cdn-edge-06?,restart_service,restart_service,restart_service,True,1,0.37953901290893555,0.37953901290893555,restart_service;quarantine_system;check_status;provision_vm;send_notification,0.37953901;0.34437507;0.34350207;0.30589816;0.29816759
Standard,756,Can you cycle cdn-edge-06?,restart_service,restart_service,provision_vm,False,11,0.32629865407943726,0.21825160086154938,provision_vm;quarantine_system;send_notification;scan_malware;generate_report,0.32629865;0.30485913;0.29431030;0.27608550;0.27338818
Standard,757,Can you restart prod-web-01's service process?,restart_service,restart_service,restart_service,True,1,0.6079888343811035,0.6079888343811035,restart_service;process_refund;quarantine_system;provision_vm;check_status,0.60798883;0.42760852;0.41196102;0.35672641;0.30943060
Standard,758,Can you bring the service on staging-db-02 back up?,restart_service,restart_service,restart_service,True,1,0.4043159484863281,0.4043159484863281,restart_service;db_write;db_read;check_status;process_refund,0.40431595;0.35965088;0.34772009;0.27531964;0.26169401
Standard,759,Can you reload the service hosted on payment-api-03?,restart_service,restart_service,restart_service,True,1,0.4604133069515228,0.4604133069515228,restart_service;process_refund;quarantine_system;provision_vm;create_ticket,0.46041331;0.34510711;0.30534071;0.30371279;0.27843553
Standard,760,Can you perform a service restart on prod-web-01?,restart_service,restart_service,restart_service,True,1,0.5923677086830139,0.5923677086830139,restart_service;process_refund;quarantine_system;provision_vm;generate_report,0.59236771;0.39944744;0.38573927;0.34915105;0.29495481
Standard,761,Could you restart the service on ml-infer-05 for me?,restart_service,restart_service,restart_service,True,1,0.5665467977523804,0.5665467977523804,restart_service;process_refund;quarantine_system;db_write;provision_vm,0.56654680;0.40391859;0.38092753;0.35671791;0.35121122
Standard,762,Could you reboot prod-web-01 for me?,restart_service,restart_service,restart_service,True,1,0.4461216330528259,0.4461216330528259,restart_service;provision_vm;process_refund;quarantine_system;generate_report,0.44612163;0.44123238;0.42303368;0.42187932;0.39040154
Standard,763,Could you bounce the service running on payment-api-03 for me?,restart_service,restart_service,quarantine_system,False,5,0.4283110797405243,0.36896562576293945,quarantine_system;check_status;process_refund;provision_vm;restart_service,0.42831108;0.41136009;0.38816521;0.37746105;0.36896563
Standard,764,Could you cycle ml-infer-05 for me?,restart_service,restart_service,scan_malware,False,11,0.3571409583091736,0.21694315969944,scan_malware;db_write;send_notification;quarantine_system;generate_report,0.35714096;0.34392101;0.33512673;0.33490983;0.32428607
Standard,765,Could you restart cdn-edge-06's service process for me?,restart_service,restart_service,restart_service,True,1,0.5579971671104431,0.5579971671104431,restart_service;process_refund;quarantine_system;provision_vm;check_status,0.55799717;0.37140018;0.34813738;0.31637013;0.31370628
Standard,766,Could you bring the service on auth-svc-04 back up for me?,restart_service,restart_service,restart_service,True,1,0.437587171792984,0.437587171792984,restart_service;process_refund;quarantine_system;provision_vm;generate_report,0.43758717;0.36728990;0.36554635;0.34559348;0.32108089
Standard,767,Could you reload the service hosted on auth-svc-04 for me?,restart_service,restart_service,restart_service,True,1,0.5182831287384033,0.5182831287384033,restart_service;process_refund;quarantine_system;provision_vm;create_ticket,0.51828313;0.34379634;0.30673218;0.30242056;0.26398620
Standard,768,Could you perform a service restart on cdn-edge-06 for me?,restart_service,restart_service,restart_service,True,1,0.5463155508041382,0.5463155508041382,restart_service;process_refund;quarantine_system;provision_vm;db_write,0.54631555;0.33989814;0.32391497;0.30753532;0.29127637
Standard,769,I need you to restart the service on staging-db-02.,restart_service,restart_service,restart_service,True,1,0.5430196523666382,0.5430196523666382,restart_service;db_write;process_refund;quarantine_system;db_read,0.54301965;0.33888280;0.29644963;0.25652319;0.25095293
Standard,770,I need you to reboot prod-web-01.,restart_service,restart_service,restart_service,True,1,0.4829437732696533,0.4829437732696533,restart_service;process_refund;provision_vm;quarantine_system;generate_report,0.48294377;0.42291778;0.41496709;0.41117039;0.35926437
Standard,771,I need you to bounce the service running on ml-infer-05.,restart_service,restart_service,quarantine_system,False,4,0.4183163642883301,0.374575674533844,quarantine_system;send_notification;process_refund;restart_service;generate_report,0.41831636;0.38901493;0.37747765;0.37457567;0.36947668
Standard,772,I need you to cycle cdn-edge-06.,restart_service,restart_service,provision_vm,False,13,0.35778263211250305,0.2138698399066925,provision_vm;send_notification;quarantine_system;generate_report;db_write,0.35778263;0.34388784;0.33818316;0.31057701;0.30072659
Standard,773,I need you to restart cdn-edge-06's service process.,restart_service,restart_service,restart_service,True,1,0.5601127743721008,0.5601127743721008,restart_service;process_refund;quarantine_system;provision_vm;check_status,0.56011277;0.38130042;0.35631761;0.32470882;0.31493932
Standard,774,I need you to bring the service on staging-db-02 back up.,restart_service,restart_service,restart_service,True,1,0.4180881977081299,0.4180881977081299,restart_service;db_write;db_read;check_status;quarantine_system,0.41808820;0.40298209;0.37522906;0.32303900;0.30869752
Standard,775,I need you to reload the service hosted on prod-web-01.,restart_service,restart_service,restart_service,True,1,0.5575223565101624,0.5575223565101624,restart_service;process_refund;quarantine_system;provision_vm;create_ticket,0.55752236;0.43606183;0.40198064;0.38828680;0.34207657
Standard,776,I need you to perform a service restart on cdn-edge-06.,restart_service,restart_service,restart_service,True,1,0.5679476261138916,0.5679476261138916,restart_service;process_refund;quarantine_system;provision_vm;check_status,0.56794763;0.35331425;0.33339489;0.31108263;0.28749365
Standard,777,We should restart the service on payment-api-03.,restart_service,restart_service,restart_service,True,1,0.5433990359306335,0.5433990359306335,restart_service;process_refund;quarantine_system;provision_vm;check_status,0.54339904;0.41161421;0.37402150;0.34300840;0.31352052
Standard,778,We should reboot cdn-edge-06.,restart_service,restart_service,restart_service,True,1,0.36632755398750305,0.36632755398750305,restart_service;provision_vm;process_refund;quarantine_system;send_notification,0.36632755;0.28699389;0.27906781;0.27302772;0.23973423
Standard,779,We should bounce the service running on ml-infer-05.,restart_service,restart_service,restart_service,True,1,0.3366454839706421,0.3366454839706421,restart_service;quarantine_system;send_notification;process_refund;generate_report,0.33664548;0.33362776;0.30385870;0.30033156;0.29489836
Standard,780,We should cycle prod-web-01.,restart_service,restart_service,quarantine_system,False,12,0.42443153262138367,0.25688865780830383,quarantine_system;generate_report;scan_malware;provision_vm;process_refund,0.42443153;0.40865669;0.40785310;0.40678883;0.38295132
Standard,781,We should restart ml-infer-05's service process.,restart_service,restart_service,restart_service,True,1,0.5347044467926025,0.5347044467926025,restart_service;process_refund;quarantine_system;provision_vm;generate_report,0.53470445;0.38508570;0.35626313;0.30343366;0.28684247
Standard,782,We should bring the service on prod-web-01 back up.,restart_service,restart_service,restart_service,True,1,0.4480338394641876,0.4480338394641876,restart_service;quarantine_system;process_refund;provision_vm;generate_report,0.44803384;0.44584754;0.43754813;0.41008842;0.40917295
Standard,783,We should reload the service hosted on payment-api-03.,restart_service,restart_service,restart_service,True,1,0.49796921014785767,0.49796921014785767,restart_service;process_refund;quarantine_system;provision_vm;create_ticket,0.49796921;0.40444073;0.35938951;0.34872270;0.30828670
Standard,784,We should perform a service restart on ml-infer-05.,restart_service,restart_service,restart_service,True,1,0.5310214161872864,0.5310214161872864,restart_service;process_refund;quarantine_system;db_write;provision_vm,0.53102142;0.36309978;0.34919867;0.31892398;0.29920319
Standard,785,Let's restart the service on auth-svc-04.,restart_service,restart_service,restart_service,True,1,0.5725217461585999,0.5725217461585999,restart_service;process_refund;quarantine_system;provision_vm;reset_password,0.57252175;0.32956228;0.28985822;0.25183359;0.23966984
Standard,786,Let's reboot cdn-edge-06.,restart_service,restart_service,restart_service,True,1,0.40319594740867615,0.40319594740867615,restart_service;provision_vm;process_refund;quarantine_system;send_notification,0.40319595;0.30457249;0.29670939;0.28161818;0.26164261
Standard,787,Let's bounce the service running on payment-api-03.,restart_service,restart_service,quarantine_system,False,3,0.4260323643684387,0.39304062724113464,quarantine_system;check_status;restart_service;process_refund;provision_vm,0.42603236;0.40409333;0.39304063;0.39295477;0.36833283
Standard,788,Let's cycle prod-web-01.,restart_service,restart_service,quarantine_system,False,11,0.45447081327438354,0.30060654878616333,quarantine_system;provision_vm;generate_report;send_notification;process_refund,0.45447081;0.44704285;0.43644905;0.42910510;0.42522800
Standard,789,Let's restart ml-infer-05's service process.,restart_service,restart_service,restart_service,True,1,0.5648121237754822,0.5648121237754822,restart_service;process_refund;quarantine_system;provision_vm;db_write,0.56481212;0.39524785;0.36023489;0.30962452;0.29055578
Standard,790,Let's bring the service on prod-web-01 back up.,restart_service,restart_service,restart_service,True,1,0.4856424629688263,0.4856424629688263,restart_service;quarantine_system;process_refund;provision_vm;generate_report,0.48564246;0.46333274;0.45452750;0.42917240;0.41747156
Standard,791,Let's reload the service hosted on auth-svc-04.,restart_service,restart_service,restart_service,True,1,0.5230700373649597,0.5230700373649597,restart_service;process_refund;quarantine_system;provision_vm;reset_password,0.52307004;0.30410597;0.25341672;0.23277248;0.21390581
Standard,792,Let's perform a service restart on auth-svc-04.,restart_service,restart_service,restart_service,True,1,0.5515326261520386,0.5515326261520386,restart_service;process_refund;quarantine_system;provision_vm;reset_password,0.55153263;0.29299846;0.27440271;0.22785790;0.21768419
Standard,793,Kindly restart the service on prod-web-01.,restart_service,restart_service,restart_service,True,1,0.5875515341758728,0.5875515341758728,restart_service;process_refund;quarantine_system;provision_vm;create_ticket,0.58755153;0.44225937;0.40010765;0.36633641;0.31939501
Standard,794,Kindly reboot auth-svc-04.,restart_service,restart_service,restart_service,True,1,0.4089082181453705,0.4089082181453705,restart_service;reset_password;process_refund;provision_vm;quarantine_system,0.40890822;0.30426618;0.22985840;0.18717240;0.18464503
Standard,795,Kindly bounce the service running on payment-api-03.,restart_service,restart_service,quarantine_system,False,2,0.352974534034729,0.3490869402885437,quarantine_system;restart_service;process_refund;check_status;provision_vm,0.35297453;0.34908694;0.32127517;0.31529287;0.29191670
Standard,796,Kindly cycle cdn-edge-06.,restart_service,restart_service,provision_vm,False,10,0.26848846673965454,0.1932356357574463,provision_vm;quarantine_system;send_notification;create_ticket;scan_malware,0.26848847;0.25901237;0.25254145;0.23445065;0.22223549
Standard,797,Kindly restart auth-svc-04's service process.,restart_service,restart_service,restart_service,True,1,0.5152644515037537,0.5152644515037537,restart_service;process_refund;quarantine_system;reset_password;provision_vm,0.51526445;0.26316079;0.22036400;0.21430069;0.17594448
Standard,798,Kindly bring the service on cdn-edge-06 back up.,restart_service,restart_service,restart_service,True,1,0.3831682503223419,0.3831682503223419,restart_service;process_refund;quarantine_system;provision_vm;check_status,0.38316825;0.28566858;0.28544340;0.27540624;0.26975334
Standard,799,Kindly reload the service hosted on staging-db-02.,restart_service,restart_service,restart_service,True,1,0.47287172079086304,0.47287172079086304,restart_service;db_write;process_refund;db_read;check_status,0.47287172;0.27503157;0.23022656;0.20573612;0.18021850
Standard,800,Kindly perform a service restart on auth-svc-04.,restart_service,restart_service,restart_service,True,1,0.5356637835502625,0.5356637835502625,restart_service;process_refund;quarantine_system;reset_password;provision_vm,0.53566378;0.24730758;0.21615371;0.17784396;0.17160471
Standard,801,"When you have a moment, restart the service on staging-db-02.",restart_service,restart_service,restart_service,True,1,0.5153762102127075,0.5153762102127075,restart_service;db_write;process_refund;quarantine_system;db_read,0.51537621;0.32141122;0.31407377;0.27574214;0.24309158
Standard,802,"When you have a moment, reboot cdn-edge-06.",restart_service,restart_service,restart_service,True,1,0.41787251830101013,0.41787251830101013,restart_service;process_refund;quarantine_system;provision_vm;send_notification,0.41787252;0.32953396;0.31700552;0.31517208;0.25673035
Standard,803,"When you have a moment, bounce the service running on ml-infer-05.",restart_service,restart_service,quarantine_system,False,2,0.3890066146850586,0.36316215991973877,quarantine_system;restart_service;process_refund;check_status;send_notification,0.38900661;0.36316216;0.35213268;0.34457028;0.32617682
Standard,804,check the status of cdn-edge-06.,check_status,check_status,check_status,True,1,0.330329567193985,0.330329567193985,check_status;send_notification;create_ticket;quarantine_system;generate_report,0.33032957;0.30238098;0.29104730;0.28418323;0.28101373
Standard,805,verify whether payment-api-03 is healthy.,check_status,check_status,check_status,True,1,0.2599686086177826,0.2599686086177826,check_status;quarantine_system;send_notification;log_audit_event;process_refund,0.25996861;0.18733099;0.17413408;0.16311453;0.13923360
Standard,806,see if ml-infer-05 is up.,check_status,check_status,quarantine_system,False,2,0.281072199344635,0.2797698676586151,quarantine_system;check_status;db_read;log_audit_event;scan_malware,0.28107220;0.27976987;0.26821193;0.26712316;0.26509318
Standard,807,inspect the current state of ml-infer-05.,check_status,check_status,log_audit_event,False,4,0.3073858320713043,0.2697080671787262,log_audit_event;scan_malware;quarantine_system;check_status;db_read,0.30738583;0.28276920;0.27350116;0.26970807;0.26265737
Standard,808,look into auth-svc-04's health.,check_status,check_status,quarantine_system,False,11,0.2925760746002197,0.1849512904882431,quarantine_system;reset_password;log_audit_event;scan_malware;process_refund,0.29257607;0.27743798;0.27683252;0.26124489;0.25360140
Standard,809,confirm that auth-svc-04 is running normally.,check_status,check_status,reset_password,False,5,0.24626339972019196,0.21763789653778076,reset_password;log_audit_event;restart_service;quarantine_system;check_status,0.24626340;0.23104668;0.22193174;0.22115961;0.21763790
Standard,810,check whether cdn-edge-06 is operational.,check_status,check_status,check_status,True,1,0.3727765381336212,0.3727765381336212,check_status;send_notification;quarantine_system;create_ticket;process_refund,0.37277654;0.30011389;0.28983617;0.25950542;0.25410235
Standard,811,review the status of ml-infer-05.,check_status,check_status,generate_report,False,8,0.24408386647701263,0.20890769362449646,generate_report;log_audit_event;db_write;scan_malware;process_refund,0.24408387;0.24063098;0.23726334;0.22841080;0.22765358
Standard,812,Please check the status of payment-api-03.,check_status,check_status,check_status,True,1,0.3950330913066864,0.3950330913066864,check_status;log_audit_event;process_refund;quarantine_system;send_notification,0.39503309;0.34875280;0.34411126;0.34385362;0.33480588
Standard,813,Please verify whether staging-db-02 is healthy.,check_status,check_status,db_write,False,3,0.28203365206718445,0.2102857083082199,db_write;db_read;check_status;restart_service;send_notification,0.28203365;0.26263982;0.21028571;0.20724554;0.17441897
Standard,814,Please see if prod-web-01 is up.,check_status,check_status,quarantine_system,False,9,0.4484637379646301,0.3531024158000946,quarantine_system;generate_report;provision_vm;process_refund;send_notification,0.44846374;0.44067091;0.42835361;0.42043993;0.41625661
Standard,815,Please inspect the current state of payment-api-03.,check_status,check_status,check_status,True,1,0.4041280746459961,0.4041280746459961,check_status;log_audit_event;quarantine_system;process_refund;generate_report,0.40412807;0.39480442;0.38716558;0.38404775;0.36751348
Standard,816,Please look into auth-svc-04's health.,check_status,check_status,quarantine_system,False,12,0.30798935890197754,0.1939406841993332,quarantine_system;reset_password;log_audit_event;scan_malware;process_refund,0.30798936;0.30542496;0.29578885;0.28069824;0.27545309
Standard,817,Please confirm that staging-db-02 is running normally.,check_status,check_status,db_read,False,3,0.37412717938423157,0.3231562674045563,db_read;db_write;check_status;restart_service;send_notification,0.37412718;0.33801621;0.32315627;0.24153358;0.23199722
Standard,818,Please check whether auth-svc-04 is operational.,check_status,check_status,log_audit_event,False,2,0.3167974650859833,0.3055711090564728,log_audit_event;check_status;quarantine_system;process_refund;send_notification,0.31679747;0.30557111;0.28293198;0.26859012;0.26095492
Standard,819,Please review the status of ml-infer-05.,check_status,check_status,generate_report,False,10,0.30646514892578125,0.24745188653469086,generate_report;db_write;log_audit_event;scan_malware;process_refund,0.30646515;0.29467741;0.29339156;0.28556746;0.28201580
Standard,820,Can you check the status of ml-infer-05?,check_status,check_status,log_audit_event,False,2,0.33616265654563904,0.33176904916763306,log_audit_event;check_status;quarantine_system;db_write;generate_report,0.33616266;0.33176905;0.30542484;0.30135268;0.30000696
Standard,821,Can you verify whether cdn-edge-06 is healthy?,check_status,check_status,check_status,True,1,0.2557933032512665,0.2557933032512665,check_status;send_notification;quarantine_system;restart_service;generate_report,0.25579330;0.19680882;0.18038335;0.17896557;0.15100931
Standard,822,Can you see if auth-svc-04 is up?,check_status,check_status,log_audit_event,False,4,0.2894105613231659,0.22860266268253326,log_audit_event;quarantine_system;reset_password;check_status;process_refund,0.28941056;0.23207863;0.23144022;0.22860266;0.20857584
Standard,823,Can you inspect the current state of payment-api-03?,check_status,check_status,check_status,True,1,0.38729721307754517,0.38729721307754517,check_status;log_audit_event;quarantine_system;process_refund;create_ticket,0.38729721;0.38601658;0.34944728;0.33030659;0.31752026
Standard,824,Can you look into prod-web-01's health?,check_status,check_status,quarantine_system,False,12,0.44407981634140015,0.3003057837486267,quarantine_system;generate_report;scan_malware;process_refund;provision_vm,0.44407982;0.43195245;0.41872403;0.41470480;0.40421581
Standard,825,Can you confirm that auth-svc-04 is running normally?,check_status,check_status,log_audit_event,False,3,0.28035908937454224,0.24685914814472198,log_audit_event;reset_password;check_status;restart_service;quarantine_system,0.28035909;0.24895388;0.24685915;0.23084456;0.22992064
Standard,826,Can you check whether payment-api-03 is operational?,check_status,check_status,check_status,True,1,0.4083598852157593,0.4083598852157593,check_status;log_audit_event;quarantine_system;process_refund;send_notification,0.40835989;0.35101697;0.34719655;0.31429273;0.28745610
Standard,827,Can you review the status of auth-svc-04?,check_status,check_status,log_audit_event,False,2,0.3206115961074829,0.290009081363678,log_audit_event;check_status;quarantine_system;process_refund;create_ticket,0.32061160;0.29000908;0.25256455;0.23750062;0.22868137
Standard,828,Could you check the status of staging-db-02 for me?,check_status,check_status,db_write,False,3,0.3980775475502014,0.3499097228050232,db_write;db_read;check_status;generate_report;send_notification,0.39807755;0.39786363;0.34990972;0.27946055;0.27930436
Standard,829,Could you verify whether payment-api-03 is healthy for me?,check_status,check_status,check_status,True,1,0.3215124309062958,0.3215124309062958,check_status;quarantine_system;send_notification;generate_report;log_audit_event,0.32151243;0.24924864;0.24877231;0.23415692;0.23122990
Standard,830,Could you see if payment-api-03 is up for me?,check_status,check_status,check_status,True,1,0.35676810145378113,0.35676810145378113,check_status;log_audit_event;send_notification;quarantine_system;generate_report,0.35676810;0.35361764;0.33730581;0.33529046;0.33329406
Standard,831,Could you inspect the current state of payment-api-03 for me?,check_status,check_status,check_status,True,1,0.4171571135520935,0.4171571135520935,check_status;log_audit_event;quarantine_system;generate_report;process_refund,0.41715711;0.41175365;0.37854230;0.36615616;0.36572251
Standard,832,Could you look into ml-infer-05's health for me?,check_status,check_status,generate_report,False,10,0.3415163457393646,0.22557859122753143,generate_report;db_write;quarantine_system;send_notification;scan_malware,0.34151635;0.33663279;0.31297562;0.31087098;0.30612424
Standard,833,Could you confirm that cdn-edge-06 is running normally for me?,check_status,check_status,check_status,True,1,0.32500651478767395,0.32500651478767395,check_status;send_notification;quarantine_system;log_audit_event;generate_report,0.32500651;0.25019291;0.24129002;0.23872377;0.22163858
Standard,834,Could you check whether payment-api-03 is operational for me?,check_status,check_status,check_status,True,1,0.4380684196949005,0.4380684196949005,check_status;log_audit_event;quarantine_system;process_refund;send_notification,0.43806842;0.39360139;0.38818142;0.37034640;0.36045349
Standard,835,Could you review the status of ml-infer-05 for me?,check_status,check_status,generate_report,False,4,0.3408066928386688,0.3220696449279785,generate_report;db_write;log_audit_event;check_status;send_notification,0.34080669;0.33585393;0.33415222;0.32206964;0.31690150
Standard,836,I need you to check the status of ml-infer-05.,check_status,check_status,db_write,False,6,0.37241145968437195,0.35972264409065247,db_write;quarantine_system;log_audit_event;generate_report;send_notification,0.37241146;0.36692077;0.36407843;0.36163923;0.36093190
Standard,837,I need you to verify whether staging-db-02 is healthy.,check_status,check_status,db_write,False,3,0.345427006483078,0.26912131905555725,db_write;db_read;check_status;restart_service;send_notification,0.34542701;0.32495636;0.26912132;0.23046874;0.22400522
Standard,838,I need you to see if staging-db-02 is up.,check_status,check_status,db_read,False,3,0.39771568775177,0.3172309994697571,db_read;db_write;check_status;send_notification;generate_report,0.39771569;0.39170888;0.31723100;0.27734601;0.27257940
Standard,839,I need you to inspect the current state of cdn-edge-06.,check_status,check_status,check_status,True,1,0.3820634186267853,0.3820634186267853,check_status;quarantine_system;create_ticket;send_notification;provision_vm,0.38206342;0.35129848;0.34451953;0.33806375;0.33543247
Standard,840,I need you to look into auth-svc-04's health.,check_status,check_status,quarantine_system,False,11,0.37823939323425293,0.2677498161792755,quarantine_system;reset_password;process_refund;log_audit_event;generate_report,0.37823939;0.34054413;0.33936816;0.33717838;0.33244374
Standard,841,I need you to confirm that ml-infer-05 is running normally.,check_status,check_status,quarantine_system,False,2,0.3742201626300812,0.36138635873794556,quarantine_system;check_status;scan_malware;log_audit_event;generate_report,0.37422016;0.36138636;0.35426167;0.34946832;0.34777886
Standard,842,I need you to check whether staging-db-02 is operational.,check_status,check_status,db_read,False,3,0.38779205083847046,0.3546094596385956,db_read;db_write;check_status;send_notification;quarantine_system,0.38779205;0.38175043;0.35460946;0.26706752;0.25931349
Standard,843,I need you to review the status of cdn-edge-06.,check_status,check_status,check_status,True,1,0.3626895546913147,0.3626895546913147,check_status;create_ticket;send_notification;generate_report;quarantine_system,0.36268955;0.33878309;0.33574897;0.32081392;0.31346714
Standard,844,We should check the status of auth-svc-04.,check_status,check_status,log_audit_event,False,2,0.31596270203590393,0.27714693546295166,log_audit_event;check_status;quarantine_system;process_refund;generate_report,0.31596270;0.27714694;0.27433422;0.24975280;0.24036014
Standard,845,We should verify whether cdn-edge-06 is healthy.,check_status,check_status,check_status,True,1,0.20305097103118896,0.20305097103118896,check_status;send_notification;quarantine_system;restart_service;generate_report,0.20305097;0.19803432;0.19301577;0.19021730;0.17003562
Standard,846,We should see if cdn-edge-06 is up.,check_status,check_status,send_notification,False,4,0.26151999831199646,0.23844268918037415,send_notification;generate_report;quarantine_system;check_status;log_audit_event,0.26152000;0.25411001;0.24064867;0.23844269;0.23671508
Standard,847,We should inspect the current state of auth-svc-04.,check_status,check_status,log_audit_event,False,5,0.36221298575401306,0.2814401388168335,log_audit_event;quarantine_system;scan_malware;process_refund;check_status,0.36221299;0.32079768;0.28866485;0.28831610;0.28144014
Standard,848,We should look into auth-svc-04's health.,check_status,check_status,quarantine_system,False,13,0.3275882303714752,0.19191598892211914,quarantine_system;log_audit_event;process_refund;generate_report;escalate_to_human,0.32758823;0.30500269;0.28764346;0.28649026;0.28033286
Standard,849,We should confirm that prod-web-01 is running normally.,check_status,check_status,quarantine_system,False,7,0.4401859641075134,0.38052913546562195,quarantine_system;scan_malware;generate_report;log_audit_event;process_refund,0.44018596;0.40817386;0.39885575;0.39776787;0.38927355
Standard,850,We should check whether payment-api-03 is operational.,check_status,check_status,check_status,True,1,0.4357914924621582,0.4357914924621582,check_status;quarantine_system;log_audit_event;process_refund;send_notification,0.43579149;0.40107822;0.37951380;0.37325269;0.36129904
Standard,851,We should review the status of staging-db-02.,check_status,check_status,db_write,False,3,0.35919979214668274,0.29700344800949097,db_write;db_read;check_status;restart_service;generate_report,0.35919979;0.32475045;0.29700345;0.24832147;0.24692124
Standard,852,Let's check the status of auth-svc-04.,check_status,check_status,log_audit_event,False,2,0.32297107577323914,0.2954748272895813,log_audit_event;check_status;quarantine_system;process_refund;generate_report,0.32297108;0.29547483;0.27223268;0.26258981;0.25133315
Standard,853,Let's verify whether cdn-edge-06 is healthy.,check_status,check_status,check_status,True,1,0.22803334891796112,0.22803334891796112,check_status;send_notification;quarantine_system;restart_service;generate_report,0.22803335;0.21023381;0.20099272;0.19702335;0.18246832
Standard,854,Let's see if staging-db-02 is up.,check_status,check_status,db_write,False,3,0.36929750442504883,0.2998863160610199,db_write;db_read;check_status;send_notification;generate_report,0.36929750;0.36305973;0.29988632;0.27583480;0.27100039
Standard,855,Let's inspect the current state of payment-api-03.,check_status,check_status,check_status,True,1,0.4253752529621124,0.4253752529621124,check_status;quarantine_system;log_audit_event;process_refund;generate_report,0.42537525;0.41405523;0.41163161;0.40595847;0.39047939
Standard,856,Let's look into cdn-edge-06's health.,check_status,check_status,quarantine_system,False,8,0.29005685448646545,0.23026050627231598,quarantine_system;send_notification;generate_report;provision_vm;process_refund,0.29005685;0.28249374;0.28045911;0.27133328;0.25870490
Standard,857,Let's confirm that ml-infer-05 is running normally.,check_status,check_status,quarantine_system,False,2,0.33640384674072266,0.3312705159187317,quarantine_system;check_status;generate_report;log_audit_event;scan_malware,0.33640385;0.33127052;0.32001734;0.31797022;0.31755617
Standard,858,Let's check whether payment-api-03 is operational.,check_status,check_status,check_status,True,1,0.451131671667099,0.451131671667099,check_status;quarantine_system;process_refund;log_audit_event;send_notification,0.45113167;0.41412306;0.39255273;0.38490701;0.38336325
Standard,859,Let's review the status of auth-svc-04.,check_status,check_status,log_audit_event,False,7,0.3156179189682007,0.2480791062116623,log_audit_event;quarantine_system;process_refund;generate_report;reset_password,0.31561792;0.26840618;0.26651832;0.26627418;0.25438920
Standard,860,Kindly check the status of ml-infer-05.,check_status,check_status,log_audit_event,False,2,0.3088264465332031,0.29352736473083496,log_audit_event;check_status;quarantine_system;scan_malware;generate_report,0.30882645;0.29352736;0.28640813;0.28561905;0.28548768
Standard,861,Kindly verify whether payment-api-03 is healthy.,check_status,check_status,check_status,True,1,0.28994306921958923,0.28994306921958923,check_status;quarantine_system;send_notification;log_audit_event;generate_report,0.28994307;0.25838849;0.24208610;0.23258950;0.22327484
Standard,862,Kindly see if auth-svc-04 is up.,check_status,check_status,reset_password,False,11,0.2746978998184204,0.19289344549179077,reset_password;log_audit_event;quarantine_system;process_refund;scan_malware,0.27469790;0.25647014;0.24612802;0.23475817;0.21872443
Standard,863,Kindly inspect the current state of cdn-edge-06.,check_status,check_status,check_status,True,1,0.3436388373374939,0.3436388373374939,check_status;create_ticket;quarantine_system;log_audit_event;process_refund,0.34363884;0.29610142;0.29309949;0.28890505;0.27834338
Standard,864,Kindly look into ml-infer-05's health.,check_status,check_status,quarantine_system,False,10,0.3070111572742462,0.221816748380661,quarantine_system;send_notification;process_refund;generate_report;db_write,0.30701116;0.30160642;0.30154395;0.29969224;0.27369276
Standard,865,Kindly confirm that payment-api-03 is running normally.,check_status,check_status,check_status,True,1,0.367829829454422,0.367829829454422,check_status;quarantine_system;log_audit_event;process_refund;provision_vm,0.36782983;0.36199829;0.33403018;0.32793003;0.31589532
Standard,866,Kindly check whether payment-api-03 is operational.,check_status,check_status,check_status,True,1,0.39999711513519287,0.39999711513519287,check_status;log_audit_event;quarantine_system;process_refund;send_notification,0.39999712;0.35677937;0.35404155;0.33984825;0.31101429
Standard,867,Kindly review the status of cdn-edge-06.,check_status,check_status,create_ticket,False,2,0.27225708961486816,0.2659263610839844,create_ticket;check_status;generate_report;send_notification;quarantine_system,0.27225709;0.26592636;0.23274647;0.23144379;0.22289023
Standard,868,"When you have a moment, check the status of auth-svc-04.",check_status,check_status,log_audit_event,False,3,0.3386404514312744,0.2884465754032135,log_audit_event;quarantine_system;check_status;process_refund;send_notification,0.33864045;0.28866455;0.28844658;0.27010366;0.23754573
Standard,869,"When you have a moment, verify whether payment-api-03 is healthy.",check_status,check_status,check_status,True,1,0.3085848391056061,0.3085848391056061,check_status;quarantine_system;log_audit_event;send_notification;process_refund,0.30858484;0.28457046;0.25767136;0.24420944;0.23215939
Standard,870,"When you have a moment, see if payment-api-03 is up.",check_status,check_status,check_status,True,1,0.35158470273017883,0.35158470273017883,check_status;quarantine_system;log_audit_event;process_refund;send_notification,0.35158470;0.33973259;0.33045849;0.31784016;0.29844892
Standard,871,escalate Alice's case to a human agent.,escalate_to_human,escalate_to_human,escalate_to_human,True,1,0.5236092209815979,0.5236092209815979,escalate_to_human;provision_vm;create_ticket;send_notification;quarantine_system,0.52360922;0.24453484;0.23747538;0.23504181;0.22127168
Standard,872,get a human involved for Frank.,escalate_to_human,escalate_to_human,escalate_to_human,True,1,0.4877965450286865,0.4877965450286865,escalate_to_human;create_ticket;send_notification;provision_vm;generate_report,0.48779655;0.35344824;0.31603587;0.31374317;0.30083627
Standard,873,route Bob's issue to the on-call engineer.,escalate_to_human,escalate_to_human,escalate_to_human,True,1,0.40613818168640137,0.40613818168640137,escalate_to_human;create_ticket;provision_vm;quarantine_system;process_refund,0.40613818;0.36461315;0.34216821;0.31765634;0.30145910
Standard,874,route the issue to the Marketing manager.,escalate_to_human,escalate_to_human,provision_vm,False,2,0.3658219873905182,0.3347364366054535,provision_vm;escalate_to_human;create_ticket;process_refund;quarantine_system,0.36582199;0.33473644;0.33120877;0.31551242;0.31425807
Standard,875,wake up the on-call for prod-web-01.,escalate_to_human,escalate_to_human,quarantine_system,False,2,0.36447960138320923,0.3336580991744995,quarantine_system;escalate_to_human;provision_vm;process_refund;generate_report,0.36447960;0.33365810;0.33292115;0.32527912;0.31334081
Standard,876,hand the cdn-edge-06 case to an engineer.,escalate_to_human,escalate_to_human,escalate_to_human,True,1,0.3908851444721222,0.3908851444721222,escalate_to_human;create_ticket;provision_vm;send_notification;generate_report,0.39088514;0.36298454;0.32926711;0.29487360;0.27112067
Standard,877,escalate this issue for Eve to the support team.,escalate_to_human,escalate_to_human,escalate_to_human,True,1,0.4219292998313904,0.4219292998313904,escalate_to_human;create_ticket;send_notification;provision_vm;generate_report,0.42192930;0.35268086;0.32973775;0.32789099;0.31564736
Standard,878,bring a Finance manager into the loop.,escalate_to_human,escalate_to_human,provision_vm,False,5,0.22596198320388794,0.1870073825120926,provision_vm;create_ticket;update_subscription;generate_report;escalate_to_human,0.22596198;0.21733029;0.20108594;0.19432452;0.18700738
Standard,879,Please escalate Bob's case to a human agent.,escalate_to_human,escalate_to_human,escalate_to_human,True,1,0.497100293636322,0.497100293636322,escalate_to_human;quarantine_system;provision_vm;create_ticket;send_notification,0.49710029;0.28588775;0.26687562;0.26517284;0.26456794
Standard,880,Please get a human involved for Bob.,escalate_to_human,escalate_to_human,escalate_to_human,True,1,0.45317980647087097,0.45317980647087097,escalate_to_human;create_ticket;quarantine_system;generate_report;provision_vm,0.45317981;0.30775928;0.28990707;0.28330770;0.26889351
Standard,881,Please route the cdn-edge-06 incident to a live responder.,escalate_to_human,escalate_to_human,escalate_to_human,True,1,0.43289709091186523,0.43289709091186523,escalate_to_human;create_ticket;provision_vm;generate_report;send_notification,0.43289709;0.41368833;0.37265253;0.35063294;0.33093673
Standard,882,Please hand Diana's request to a live agent.,escalate_to_human,escalate_to_human,escalate_to_human,True,1,0.42556315660476685,0.42556315660476685,escalate_to_human;generate_report;provision_vm;send_notification;create_ticket,0.42556316;0.34324357;0.33852339;0.33782059;0.32840192
Standard,883,Please send Charlie's case for human review.,escalate_to_human,escalate_to_human,escalate_to_human,True,1,0.5175392031669617,0.5175392031669617,escalate_to_human;send_notification;quarantine_system;generate_report;provision_vm,0.51753920;0.35800371;0.34732929;0.33700761;0.32655621
Standard,884,Please loop in a manager for Frank.,escalate_to_human,escalate_to_human,provision_vm,False,4,0.35762909054756165,0.3229404091835022,provision_vm;send_notification;quarantine_system;escalate_to_human;generate_report,0.35762909;0.34593609;0.33894733;0.32294041;0.31884134
Standard,885,Please escalate this issue for Eve to the support team.,escalate_to_human,escalate_to_human,escalate_to_human,True,1,0.4372013807296753,0.4372013807296753,escalate_to_human;create_ticket;send_notification;generate_report;provision_vm,0.43720138;0.35999206;0.34970662;0.34266469;0.34096605
Standard,886,Please transfer Grace's case to a person.,escalate_to_human,escalate_to_human,escalate_to_human,True,1,0.4177013635635376,0.4177013635635376,escalate_to_human;create_ticket;provision_vm;send_notification;update_subscription,0.41770136;0.32358596;0.29904169;0.27227223;0.26906875
Standard,887,Can you escalate the issue on ml-infer-05 to the on-call engineer?,escalate_to_human,escalate_to_human,escalate_to_human,True,1,0.4221022129058838,0.4221022129058838,escalate_to_human;provision_vm;quarantine_system;send_notification;generate_report,0.42210221;0.40911433;0.38172302;0.37958920;0.37111378
Standard,888,Can you get a human involved for Eve?,escalate_to_human,escalate_to_human,escalate_to_human,True,1,0.4329323470592499,0.4329323470592499,escalate_to_human;generate_report;send_notification;provision_vm;quarantine_system,0.43293235;0.30309403;0.30171317;0.28813672;0.28567833
Standard,889,Can you route Charlie's issue to the on-call engineer?,escalate_to_human,escalate_to_human,escalate_to_human,True,1,0.4538160562515259,0.4538160562515259,escalate_to_human;provision_vm;create_ticket;quarantine_system;send_notification,0.45381606;0.43268478;0.42975029;0.41885328;0.37267408
Standard,890,Can you send the prod-web-01 issue for human handling?,escalate_to_human,escalate_to_human,escalate_to_human,True,1,0.5819619297981262,0.5819619297981262,escalate_to_human;create_ticket;generate_report;provision_vm;send_notification,0.58196193;0.52208036;0.50810355;0.50337380;0.48069450
Standard,891,Can you send Grace's case for human review?,escalate_to_human,escalate_to_human,escalate_to_human,True,1,0.5367276668548584,0.5367276668548584,escalate_to_human;send_notification;generate_report;create_ticket;provision_vm,0.53672767;0.36035538;0.34113562;0.33897120;0.33867332
Standard,892,Can you loop in a manager for Bob?,escalate_to_human,escalate_to_human,quarantine_system,False,4,0.34042075276374817,0.29902559518814087,quarantine_system;provision_vm;send_notification;escalate_to_human;generate_report,0.34042075;0.33700621;0.33420089;0.29902560;0.28964841
Standard,893,Can you escalate this issue for Charlie to the support team?,escalate_to_human,escalate_to_human,create_ticket,False,2,0.4729434847831726,0.4620899558067322,create_ticket;escalate_to_human;provision_vm;send_notification;generate_report,0.47294348;0.46208996;0.39948350;0.37968782;0.36933535
Standard,894,Can you transfer Bob's case to a person?,escalate_to_human,escalate_to_human,escalate_to_human,True,1,0.4667789041996002,0.4667789041996002,escalate_to_human;create_ticket;provision_vm;generate_report;send_notification,0.46677890;0.32807374;0.31552762;0.29478526;0.29429847
Standard,895,Could you escalate Bob's case to a human agent for me?,escalate_to_human,escalate_to_human,escalate_to_human,True,1,0.5287376046180725,0.5287376046180725,escalate_to_human;create_ticket;send_notification;quarantine_system;provision_vm,0.52873760;0.32102281;0.31816643;0.31220469;0.31044847
Standard,896,Could you get a human involved for Charlie for me?,escalate_to_human,escalate_to_human,escalate_to_human,True,1,0.44520118832588196,0.44520118832588196,escalate_to_human;create_ticket;generate_report;send_notification;quarantine_system,0.44520119;0.34189951;0.34096894;0.34095979;0.33136520
Standard,897,Could you route Alice's issue to the on-call engineer for me?,escalate_to_human,escalate_to_human,escalate_to_human,True,1,0.5258488059043884,0.5258488059043884,escalate_to_human;create_ticket;provision_vm;send_notification;generate_report,0.52584881;0.44405675;0.44325140;0.40008512;0.39362723
Standard,898,Could you route the issue to the HR manager for me?,escalate_to_human,escalate_to_human,create_ticket,False,4,0.4433944523334503,0.3939804136753082,create_ticket;provision_vm;generate_report;escalate_to_human;process_refund,0.44339445;0.41938889;0.40450507;0.39398041;0.39009833
Standard,899,Could you send Bob's case for human review for me?,escalate_to_human,escalate_to_human,escalate_to_human,True,1,0.4954588711261749,0.4954588711261749,escalate_to_human;send_notification;generate_report;create_ticket;provision_vm,0.49545887;0.37196943;0.36286750;0.34626302;0.32372656
Standard,900,Could you escalate the request to someone in Marketing for me?,escalate_to_human,escalate_to_human,escalate_to_human,True,1,0.41119351983070374,0.41119351983070374,escalate_to_human;send_notification;create_ticket;provision_vm;quarantine_system,0.41119352;0.32352778;0.31641772;0.30520415;0.27747393
Standard,901,Could you escalate this issue for Alice to the support team for me?,escalate_to_human,escalate_to_human,escalate_to_human,True,1,0.5071484446525574,0.5071484446525574,escalate_to_human;create_ticket;provision_vm;send_notification;generate_report,0.50714844;0.46533617;0.38072407;0.37383711;0.36052948
Standard,902,Could you loop in a human for the prod-web-01 incident for me?,escalate_to_human,escalate_to_human,escalate_to_human,True,1,0.5771430134773254,0.5771430134773254,escalate_to_human;generate_report;provision_vm;create_ticket;send_notification,0.57714301;0.48463404;0.48038006;0.46786952;0.46468946
Standard,903,I need you to escalate Eve's case to a human agent.,escalate_to_human,escalate_to_human,escalate_to_human,True,1,0.5745001435279846,0.5745001435279846,escalate_to_human;send_notification;provision_vm;quarantine_system;generate_report,0.57450014;0.35401478;0.34340948;0.34273902;0.33648819
Standard,904,I need you to get a human involved for Charlie.,escalate_to_human,escalate_to_human,escalate_to_human,True,1,0.47806504368782043,0.47806504368782043,escalate_to_human;quarantine_system;generate_report;create_ticket;send_notification,0.47806504;0.37683591;0.36777064;0.36557326;0.36078191
Standard,905,I need you to route Frank's issue to the on-call engineer.,escalate_to_human,escalate_to_human,provision_vm,False,3,0.5327215194702148,0.5155028700828552,provision_vm;create_ticket;escalate_to_human;send_notification;quarantine_system,0.53272152;0.53063595;0.51550287;0.49054301;0.48461074
Standard,906,I need you to hand Bob's request to a live agent.,escalate_to_human,escalate_to_human,escalate_to_human,True,1,0.41647374629974365,0.41647374629974365,escalate_to_human;send_notification;create_ticket;quarantine_system;generate_report,0.41647375;0.38069621;0.37782589;0.36892530;0.35852790
Standard,907,I need you to get the Legal team lead involved.,escalate_to_human,escalate_to_human,escalate_to_human,True,1,0.48008546233177185,0.48008546233177185,escalate_to_human;create_ticket;generate_report;send_notification;provision_vm,0.48008546;0.45534360;0.38453585;0.37028539;0.36984551
Standard,908,I need you to loop in a manager for Alice.,escalate_to_human,escalate_to_human,escalate_to_human,True,1,0.4207940399646759,0.4207940399646759,escalate_to_human;provision_vm;send_notification;quarantine_system;generate_report,0.42079404;0.40490219;0.39768317;0.36794272;0.36697230
Standard,909,I need you to escalate this issue for Grace to the support team.,escalate_to_human,escalate_to_human,create_ticket,False,2,0.419676274061203,0.4084489941596985,create_ticket;escalate_to_human;provision_vm;send_notification;generate_report,0.41967627;0.40844899;0.37407103;0.35477161;0.34220442
Standard,910,I need you to transfer Alice's case to a person.,escalate_to_human,escalate_to_human,escalate_to_human,True,1,0.5464019179344177,0.5464019179344177,escalate_to_human;create_ticket;provision_vm;generate_report;send_notification,0.54640192;0.38615915;0.38516396;0.37721130;0.37335122
Standard,911,We should escalate Eve's case to a human agent.,escalate_to_human,escalate_to_human,escalate_to_human,True,1,0.4892134964466095,0.4892134964466095,escalate_to_human;send_notification;quarantine_system;provision_vm;generate_report,0.48921350;0.26039124;0.25456363;0.24959727;0.24471404
Standard,912,We should get a human involved for Charlie.,escalate_to_human,escalate_to_human,escalate_to_human,True,1,0.4077640473842621,0.4077640473842621,escalate_to_human;quarantine_system;generate_report;create_ticket;send_notification,0.40776405;0.32045695;0.29108489;0.28458953;0.28396356
Standard,913,We should route the auth-svc-04 incident to a live responder.,escalate_to_human,escalate_to_human,escalate_to_human,True,1,0.4415510296821594,0.4415510296821594,escalate_to_human;create_ticket;provision_vm;generate_report;quarantine_system,0.44155103;0.38708425;0.36230493;0.34938833;0.33608243
Standard,914,We should hand Diana's request to a live agent.,escalate_to_human,escalate_to_human,escalate_to_human,True,1,0.37265896797180176,0.37265896797180176,escalate_to_human;generate_report;quarantine_system;send_notification;provision_vm,0.37265897;0.29787695;0.29494581;0.29415742;0.28495285
Standard,915,We should send Diana's case for human review.,escalate_to_human,escalate_to_human,escalate_to_human,True,1,0.5058043003082275,0.5058043003082275,escalate_to_human;generate_report;send_notification;quarantine_system;provision_vm,0.50580430;0.32971743;0.32734215;0.29864767;0.29749307
Standard,916,We should loop in a manager for Charlie.,escalate_to_human,escalate_to_human,quarantine_system,False,6,0.3071621060371399,0.23648138344287872,quarantine_system;provision_vm;send_notification;generate_report;process_refund,0.30716211;0.26031524;0.25610098;0.24815644;0.23669252
Standard,917,We should escalate this issue for Bob to the support team.,escalate_to_human,escalate_to_human,escalate_to_human,True,1,0.3941638469696045,0.3941638469696045,escalate_to_human;create_ticket;provision_vm;generate_report;send_notification,0.39416385;0.39015746;0.31724891;0.30591446;0.30208877
Standard,918,We should bring a Engineering manager into the loop.,escalate_to_human,escalate_to_human,quarantine_system,False,3,0.34846511483192444,0.32312697172164917,quarantine_system;provision_vm;escalate_to_human;generate_report;process_refund,0.34846511;0.33825162;0.32312697;0.31665179;0.30020109
Standard,919,Let's escalate Charlie's case to a human agent.,escalate_to_human,escalate_to_human,escalate_to_human,True,1,0.5046224594116211,0.5046224594116211,escalate_to_human;quarantine_system;provision_vm;send_notification;generate_report,0.50462246;0.32668701;0.30611560;0.29995954;0.27743113
Standard,920,Let's get a human involved for Grace.,escalate_to_human,escalate_to_human,escalate_to_human,True,1,0.35215678811073303,0.35215678811073303,escalate_to_human;create_ticket;provision_vm;generate_report;quarantine_system,0.35215679;0.24870385;0.24300784;0.23327376;0.22546652
Standard,921,Let's route Diana's issue to the on-call engineer.,escalate_to_human,escalate_to_human,escalate_to_human,True,1,0.4642592966556549,0.4642592966556549,escalate_to_human;provision_vm;create_ticket;generate_report;quarantine_system,0.46425930;0.40018052;0.38446084;0.37092447;0.36973187
Standard,922,Let's hand Alice's request to a live agent.,escalate_to_human,escalate_to_human,escalate_to_human,True,1,0.4314638376235962,0.4314638376235962,escalate_to_human;create_ticket;provision_vm;send_notification;generate_report,0.43146384;0.27163437;0.26714686;0.25629288;0.24225378
Standard,923,Let's send Grace's case for human review.,escalate_to_human,escalate_to_human,escalate_to_human,True,1,0.4825518727302551,0.4825518727302551,escalate_to_human;send_notification;generate_report;quarantine_system;provision_vm,0.48255187;0.30196616;0.27940565;0.27590898;0.27210742
Standard,924,Let's loop in a manager for Alice.,escalate_to_human,escalate_to_human,escalate_to_human,True,1,0.38054147362709045,0.38054147362709045,escalate_to_human;provision_vm;send_notification;quarantine_system;update_subscription,0.38054147;0.31837589;0.29416183;0.28419608;0.27475750
Standard,925,Let's escalate the alert on auth-svc-04 to a person.,escalate_to_human,escalate_to_human,escalate_to_human,True,1,0.48352378606796265,0.48352378606796265,escalate_to_human;send_notification;provision_vm;quarantine_system;generate_report,0.48352379;0.35269648;0.33221817;0.33203289;0.30780825
Standard,926,Let's transfer Alice's case to a person.,escalate_to_human,escalate_to_human,escalate_to_human,True,1,0.5207623243331909,0.5207623243331909,escalate_to_human;create_ticket;provision_vm;send_notification;generate_report,0.52076232;0.33235830;0.30851758;0.29599509;0.28654400
Standard,927,Kindly escalate Eve's case to a human agent.,escalate_to_human,escalate_to_human,escalate_to_human,True,1,0.5368130207061768,0.5368130207061768,escalate_to_human;send_notification;quarantine_system;provision_vm;generate_report,0.53681302;0.28160584;0.27552733;0.27190456;0.25935301
Standard,928,Kindly get a human involved for Frank.,escalate_to_human,escalate_to_human,escalate_to_human,True,1,0.545586347579956,0.545586347579956,escalate_to_human;create_ticket;provision_vm;generate_report;send_notification,0.54558635;0.42787912;0.38699454;0.38415629;0.38399190
Standard,929,Kindly route Frank's issue to the on-call engineer.,escalate_to_human,escalate_to_human,create_ticket,False,2,0.49158966541290283,0.4909527003765106,create_ticket;escalate_to_human;provision_vm;send_notification;quarantine_system,0.49158967;0.49095270;0.48679644;0.44389981;0.44096944
Standard,930,Kindly hand Alice's request to a live agent.,escalate_to_human,escalate_to_human,escalate_to_human,True,1,0.46491751074790955,0.46491751074790955,escalate_to_human;create_ticket;provision_vm;send_notification;generate_report,0.46491751;0.32253310;0.30161512;0.29422018;0.27758741
Standard,931,Kindly send Bob's case for human review.,escalate_to_human,escalate_to_human,escalate_to_human,True,1,0.5298880934715271,0.5298880934715271,escalate_to_human;send_notification;create_ticket;generate_report;quarantine_system,0.52988809;0.34736821;0.32839713;0.32380569;0.31736156
Standard,932,Kindly loop in a manager for Bob.,escalate_to_human,escalate_to_human,quarantine_system,False,2,0.29332107305526733,0.2869888246059418,quarantine_system;escalate_to_human;send_notification;provision_vm;process_refund,0.29332107;0.28698882;0.28651336;0.28017601;0.26337796
Standard,933,Kindly escalate this issue for Charlie to the support team.,escalate_to_human,escalate_to_human,create_ticket,False,2,0.5030533671379089,0.4765469431877136,create_ticket;escalate_to_human;provision_vm;send_notification;quarantine_system,0.50305337;0.47654694;0.44089460;0.41915646;0.41842511
Standard,934,Kindly transfer Alice's case to a person.,escalate_to_human,escalate_to_human,escalate_to_human,True,1,0.5131798982620239,0.5131798982620239,escalate_to_human;create_ticket;provision_vm;send_notification;generate_report,0.51317990;0.33925477;0.31391317;0.29769376;0.29343206
Standard,935,"When you have a moment, escalate Bob's case to a human agent.",escalate_to_human,escalate_to_human,escalate_to_human,True,1,0.5032658576965332,0.5032658576965332,escalate_to_human;quarantine_system;send_notification;provision_vm;create_ticket,0.50326586;0.31283113;0.27935821;0.27638850;0.26336309
Standard,936,"When you have a moment, get a human to review the problem on prod-web-01.",escalate_to_human,escalate_to_human,escalate_to_human,True,1,0.5592101216316223,0.5592101216316223,escalate_to_human;quarantine_system;generate_report;provision_vm;process_refund,0.55921012;0.50423229;0.49445310;0.48622513;0.47607833
Standard,937,"When you have a moment, route Eve's issue to the on-call engineer.",escalate_to_human,escalate_to_human,escalate_to_human,True,1,0.40423280000686646,0.40423280000686646,escalate_to_human;quarantine_system;provision_vm;process_refund;send_notification,0.40423280;0.37220722;0.37131324;0.34369090;0.33907700
Standard,938,log the event under the audit record for Legal.,log_audit_event,log_audit_event,log_audit_event,True,1,0.3814680278301239,0.3814680278301239,log_audit_event;check_status;create_ticket;db_read;db_write,0.38146803;0.28062835;0.24445340;0.23787779;0.22591150
Standard,939,record the activity tied to #53698.,log_audit_event,log_audit_event,generate_report,False,5,0.41703248023986816,0.39220327138900757,generate_report;db_write;process_refund;db_read;log_audit_event,0.41703248;0.41678715;0.41084498;0.39709288;0.39220327
Standard,940,write an audit entry for the HR group.,log_audit_event,log_audit_event,log_audit_event,True,1,0.3198322355747223,0.3198322355747223,log_audit_event;send_notification;check_status;generate_report;quarantine_system,0.31983224;0.27351552;0.23649502;0.23350337;0.22934887
Standard,941,capture ml-infer-05's event in the audit log.,log_audit_event,log_audit_event,log_audit_event,True,1,0.32847774028778076,0.32847774028778076,log_audit_event;db_write;db_read;scan_malware;generate_report,0.32847774;0.21643323;0.21085158;0.19711012;0.19585645
Standard,942,store an audit record for staging-db-02.,log_audit_event,log_audit_event,db_read,False,9,0.3939770460128784,0.10106252878904343,db_read;db_write;check_status;generate_report;send_notification,0.39397705;0.38501796;0.18034166;0.15027033;0.13223206
Standard,943,add Grace's action to the audit log.,log_audit_event,log_audit_event,log_audit_event,True,1,0.3271499276161194,0.3271499276161194,log_audit_event;reset_password;generate_report;quarantine_system;process_refund,0.32714993;0.22100112;0.20237096;0.20093673;0.19397494
Standard,944,document the event for HR in the audit log.,log_audit_event,log_audit_event,log_audit_event,True,1,0.38672763109207153,0.38672763109207153,log_audit_event;check_status;generate_report;process_refund;db_read,0.38672763;0.28064793;0.24065402;0.23248954;0.23091789
Standard,945,create a trail entry for auth-svc-04.,log_audit_event,log_audit_event,reset_password,False,2,0.3281288146972656,0.2879984974861145,reset_password;log_audit_event;generate_report;create_ticket;provision_vm,0.32812881;0.28799850;0.26349965;0.25856185;0.25081602
Standard,946,Please log an audit event for auth-svc-04.,log_audit_event,log_audit_event,log_audit_event,True,1,0.3616558611392975,0.3616558611392975,log_audit_event;reset_password;scan_malware;check_status;quarantine_system,0.36165586;0.20913054;0.20150064;0.19464070;0.18176024
Standard,947,Please record a compliance event for Legal.,log_audit_event,log_audit_event,create_ticket,False,2,0.4598200023174286,0.36794596910476685,create_ticket;log_audit_event;generate_report;escalate_to_human;process_refund,0.45982000;0.36794597;0.36422914;0.35549131;0.34077007
Standard,948,Please write a compliance entry for payment-api-03.,log_audit_event,log_audit_event,create_ticket,False,5,0.4721924364566803,0.3881142735481262,create_ticket;generate_report;provision_vm;process_refund;log_audit_event,0.47219244;0.42539597;0.42021170;0.40126321;0.38811427
Standard,949,Please capture Grace's activity in the compliance log.,log_audit_event,log_audit_event,log_audit_event,True,1,0.43852460384368896,0.43852460384368896,log_audit_event;reset_password;generate_report;process_refund;update_subscription,0.43852460;0.34569034;0.32804105;0.30482379;0.28117654
Standard,950,Please store an audit record for ml-infer-05.,log_audit_event,log_audit_event,db_write,False,6,0.4445597231388092,0.2725411355495453,db_write;db_read;generate_report;send_notification;scan_malware,0.44455972;0.39853850;0.31850249;0.27869171;0.27629235
Standard,951,Please add a compliance record for Legal.,log_audit_event,log_audit_event,create_ticket,False,9,0.4766596257686615,0.3301756680011749,create_ticket;generate_report;escalate_to_human;provision_vm;process_refund,0.47665963;0.40658557;0.40120968;0.40009296;0.38831410
Standard,952,Please document the action taken on payment-api-03.,log_audit_event,log_audit_event,create_ticket,False,7,0.4533308744430542,0.3895103633403778,create_ticket;provision_vm;quarantine_system;process_refund;generate_report,0.45333087;0.41369125;0.40847167;0.40833485;0.40615460
Standard,953,Please create a compliance log entry for Eve.,log_audit_event,log_audit_event,log_audit_event,True,1,0.4779394865036011,0.4779394865036011,log_audit_event;generate_report;db_write;create_ticket;process_refund,0.47793949;0.39451328;0.37196314;0.34526038;0.34048352
Standard,954,Can you log an audit event for #53698?,log_audit_event,log_audit_event,log_audit_event,True,1,0.4698653817176819,0.4698653817176819,log_audit_event;generate_report;db_write;process_refund;quarantine_system,0.46986538;0.36250484;0.34338799;0.32807904;0.31361967
Standard,955,Can you record a compliance event for Engineering?,log_audit_event,log_audit_event,create_ticket,False,3,0.4361587464809418,0.3852204978466034,create_ticket;generate_report;log_audit_event;db_write;provision_vm,0.43615875;0.38814527;0.38522050;0.38088182;0.36926189
Standard,956,Can you write an audit entry for Eve?,log_audit_event,log_audit_event,db_write,False,2,0.3609481751918793,0.356873482465744,db_write;log_audit_event;generate_report;send_notification;db_read,0.36094818;0.35687348;0.31353584;0.30410135;0.30084905
Standard,957,Can you capture the Engineering event in the audit trail?,log_audit_event,log_audit_event,log_audit_event,True,1,0.37960460782051086,0.37960460782051086,log_audit_event;generate_report;scan_malware;quarantine_system;send_notification,0.37960461;0.33263239;0.31836620;0.31763706;0.30701709
Standard,958,Can you store an audit record for Grace?,log_audit_event,log_audit_event,db_write,False,3,0.3119737505912781,0.20406827330589294,db_write;db_read;log_audit_event;generate_report;reset_password,0.31197375;0.30550843;0.20406827;0.19948930;0.18360968
Standard,959,Can you add Bob's action to the audit log?,log_audit_event,log_audit_event,log_audit_event,True,1,0.4099406599998474,0.4099406599998474,log_audit_event;quarantine_system;generate_report;provision_vm;process_refund,0.40994066;0.33291477;0.32982749;0.29645044;0.29608405
Standard,960,Can you document the action taken on staging-db-02?,log_audit_event,log_audit_event,db_write,False,11,0.4464537501335144,0.2677728831768036,db_write;db_read;generate_report;check_status;send_notification,0.44645375;0.42870975;0.34424955;0.34060013;0.33211783
Standard,961,Can you create an audit trail entry for #31450?,log_audit_event,log_audit_event,db_write,False,5,0.38083553314208984,0.34214043617248535,db_write;generate_report;db_read;send_notification;log_audit_event,0.38083553;0.37081724;0.36469609;0.35780197;0.34214044
Standard,962,Could you log an audit event for cdn-edge-06 for me?,log_audit_event,log_audit_event,log_audit_event,True,1,0.42339178919792175,0.42339178919792175,log_audit_event;check_status;generate_report;db_write;create_ticket,0.42339179;0.31968981;0.30986866;0.29067343;0.28213236
Standard,963,Could you record a compliance event for Engineering for me?,log_audit_event,log_audit_event,create_ticket,False,3,0.47229301929473877,0.4278280436992645,create_ticket;generate_report;log_audit_event;db_write;send_notification,0.47229302;0.43331012;0.42782804;0.41388771;0.39227900
Standard,964,Could you write an audit entry for the Finance group for me?,log_audit_event,log_audit_event,send_notification,False,2,0.3458903729915619,0.3423977792263031,send_notification;log_audit_event;db_write;generate_report;quarantine_system,0.34589037;0.34239778;0.33835712;0.31298479;0.26658043
Standard,965,Could you capture staging-db-02's event in the audit log for me?,log_audit_event,log_audit_event,db_write,False,3,0.36753061413764954,0.3395178020000458,db_write;db_read;log_audit_event;check_status;generate_report,0.36753061;0.36300409;0.33951780;0.27490035;0.26302326
Standard,966,Could you store an audit record for staging-db-02 for me?,log_audit_event,log_audit_event,db_read,False,7,0.45462295413017273,0.18405090272426605,db_read;db_write;generate_report;check_status;send_notification,0.45462295;0.45035416;0.24631907;0.23819847;0.20897324
Standard,967,Could you add Eve's action to the audit log for me?,log_audit_event,log_audit_event,log_audit_event,True,1,0.4693971574306488,0.4693971574306488,log_audit_event;generate_report;db_write;quarantine_system;provision_vm,0.46939716;0.38191697;0.36969149;0.34541658;0.32582906
Standard,968,Could you document the event for Alice in the audit trail for me?,log_audit_event,log_audit_event,log_audit_event,True,1,0.38423892855644226,0.38423892855644226,log_audit_event;escalate_to_human;generate_report;send_notification;create_ticket,0.38423893;0.38038629;0.33897316;0.32828030;0.31783843
Standard,969,Could you create a trail entry for staging-db-02 for me?,log_audit_event,log_audit_event,db_write,False,11,0.45673760771751404,0.24198652803897858,db_write;db_read;generate_report;send_notification;provision_vm,0.45673761;0.42750272;0.34956369;0.34528700;0.30731609
Standard,970,I need you to log an audit event for prod-web-01.,log_audit_event,log_audit_event,log_audit_event,True,1,0.47769761085510254,0.47769761085510254,log_audit_event;generate_report;quarantine_system;scan_malware;create_ticket,0.47769761;0.36760348;0.35413435;0.35239774;0.33898729
Standard,971,I need you to record a compliance event for Legal.,log_audit_event,log_audit_event,create_ticket,False,3,0.4702761471271515,0.37300240993499756,create_ticket;generate_report;log_audit_event;send_notification;db_write,0.47027615;0.38666207;0.37300241;0.35947537;0.35918400
Standard,972,I need you to write a compliance entry for #42017.,log_audit_event,log_audit_event,generate_report,False,9,0.5204501152038574,0.4152787923812866,generate_report;send_notification;create_ticket;provision_vm;process_refund,0.52045012;0.50891751;0.50312150;0.50158346;0.49959427
Standard,973,I need you to capture the event associated with #60122.,log_audit_event,log_audit_event,generate_report,False,8,0.5041840076446533,0.4271737039089203,generate_report;provision_vm;send_notification;process_refund;quarantine_system,0.50418401;0.49792704;0.48623529;0.48089233;0.46161446
Standard,974,I need you to store an audit record for Eve.,log_audit_event,log_audit_event,db_write,False,4,0.45451971888542175,0.2841320335865021,db_write;db_read;generate_report;log_audit_event;send_notification,0.45451972;0.39531741;0.31130189;0.28413203;0.26800430
Standard,975,I need you to add an audit log entry for auth-svc-04.,log_audit_event,log_audit_event,log_audit_event,True,1,0.3458523750305176,0.3458523750305176,log_audit_event;reset_password;check_status;scan_malware;quarantine_system,0.34585238;0.23702604;0.22006416;0.19973111;0.19901863
Standard,976,I need you to document the event for Charlie in the audit trail.,log_audit_event,log_audit_event,log_audit_event,True,1,0.41999679803848267,0.41999679803848267,log_audit_event;generate_report;send_notification;quarantine_system;check_status,0.41999680;0.39918095;0.38311702;0.37844574;0.37170833
Standard,977,I need you to create a trail entry for prod-web-01.,log_audit_event,log_audit_event,generate_report,False,9,0.4405321776866913,0.3657131493091583,generate_report;provision_vm;send_notification;create_ticket;scan_malware,0.44053218;0.42799315;0.41123128;0.40881667;0.39832059
Standard,978,We should log an audit event for payment-api-03.,log_audit_event,log_audit_event,log_audit_event,True,1,0.4369843900203705,0.4369843900203705,log_audit_event;check_status;quarantine_system;generate_report;create_ticket,0.43698439;0.33093357;0.29963204;0.27853397;0.27100900
Standard,979,We should record the activity tied to #60122.,log_audit_event,log_audit_event,generate_report,False,4,0.39828529953956604,0.35647282004356384,generate_report;process_refund;db_write;log_audit_event;quarantine_system,0.39828530;0.38683316;0.36222595;0.35647282;0.35100204
Standard,980,We should write a compliance entry for cdn-edge-06.,log_audit_event,log_audit_event,create_ticket,False,10,0.392390638589859,0.29804086685180664,create_ticket;send_notification;generate_report;provision_vm;quarantine_system,0.39239064;0.37687290;0.37513468;0.36922562;0.33785912
Standard,981,We should capture auth-svc-04's event in the audit log.,log_audit_event,log_audit_event,log_audit_event,True,1,0.3392103910446167,0.3392103910446167,log_audit_event;check_status;reset_password;scan_malware;quarantine_system,0.33921039;0.20685206;0.18971206;0.18043716;0.17992917
Standard,982,We should store an audit record for Frank.,log_audit_event,log_audit_event,db_write,False,13,0.336248517036438,0.1938180774450302,db_write;db_read;generate_report;send_notification;quarantine_system,0.33624852;0.31297556;0.29853287;0.27875590;0.26620546
Standard,983,We should add Bob's action to the audit log.,log_audit_event,log_audit_event,log_audit_event,True,1,0.38190802931785583,0.38190802931785583,log_audit_event;quarantine_system;generate_report;check_status;process_refund,0.38190803;0.31831598;0.30811155;0.29846582;0.28218091
Standard,984,We should document the event linked to #31450.,log_audit_event,log_audit_event,generate_report,False,8,0.5243601202964783,0.4479507803916931,generate_report;create_ticket;send_notification;provision_vm;process_refund,0.52436012;0.50508940;0.49677637;0.48908007;0.48082396
Standard,985,We should create an audit trail entry for HR.,log_audit_event,log_audit_event,log_audit_event,True,1,0.31785792112350464,0.31785792112350464,log_audit_event;check_status;generate_report;quarantine_system;db_read,0.31785792;0.27347240;0.26586843;0.26151094;0.24826016
Standard,986,Let's log Frank's action in the audit trail.,log_audit_event,log_audit_event,log_audit_event,True,1,0.43172335624694824,0.43172335624694824,log_audit_event;generate_report;escalate_to_human;create_ticket;quarantine_system,0.43172336;0.37608752;0.35756710;0.34419444;0.33599129
Standard,987,Let's record an audit event for Diana.,log_audit_event,log_audit_event,db_write,False,4,0.36972928047180176,0.2995637357234955,db_write;db_read;generate_report;log_audit_event;escalate_to_human,0.36972928;0.33921587;0.31667647;0.29956374;0.29050472
Standard,988,Let's write an audit entry for Alice.,log_audit_event,log_audit_event,escalate_to_human,False,6,0.42338189482688904,0.29932260513305664,escalate_to_human;generate_report;send_notification;db_write;provision_vm,0.42338189;0.33021957;0.32970163;0.30678973;0.30174434
Standard,989,Let's capture ml-infer-05's event in the audit log.,log_audit_event,log_audit_event,log_audit_event,True,1,0.4147253930568695,0.4147253930568695,log_audit_event;generate_report;db_write;quarantine_system;scan_malware,0.41472539;0.32268426;0.30858472;0.28606132;0.28405079
Standard,990,Let's store an audit record for staging-db-02.,log_audit_event,log_audit_event,db_write,False,6,0.4398690462112427,0.19751958549022675,db_write;db_read;check_status;generate_report;send_notification,0.43986905;0.43094140;0.25484961;0.23804024;0.21195972
Standard,991,Let's add #31450 to the audit log.,log_audit_event,log_audit_event,generate_report,False,2,0.43638747930526733,0.4277723729610443,generate_report;log_audit_event;db_write;provision_vm;process_refund,0.43638748;0.42777237;0.40831497;0.39586648;0.39161587
Standard,992,Let's document the event for Grace in the audit trail.,log_audit_event,log_audit_event,log_audit_event,True,1,0.3707929253578186,0.3707929253578186,log_audit_event;generate_report;check_status;process_refund;send_notification,0.37079293;0.29387715;0.28517291;0.26583025;0.26445255
Standard,993,Let's create an audit trail entry for #20891.,log_audit_event,log_audit_event,generate_report,False,3,0.4028826355934143,0.3653806447982788,generate_report;send_notification;log_audit_event;db_write;provision_vm,0.40288264;0.36770234;0.36538064;0.35917380;0.35593095
Standard,994,Kindly log an audit event for #10234.,log_audit_event,log_audit_event,log_audit_event,True,1,0.45755288004875183,0.45755288004875183,log_audit_event;generate_report;db_write;create_ticket;process_refund,0.45755288;0.32228547;0.30443341;0.30404446;0.30056036
Standard,995,Kindly record an audit event for Alice.,log_audit_event,log_audit_event,escalate_to_human,False,2,0.33045467734336853,0.309946745634079,escalate_to_human;log_audit_event;db_write;generate_report;create_ticket,0.33045468;0.30994675;0.28065825;0.25211769;0.24632661
Standard,996,Kindly write an audit entry for Bob.,log_audit_event,log_audit_event,log_audit_event,True,1,0.28733301162719727,0.28733301162719727,log_audit_event;escalate_to_human;quarantine_system;generate_report;check_status,0.28733301;0.27670097;0.26753512;0.26630265;0.26298293
Standard,997,Kindly capture Grace's activity in the compliance log.,log_audit_event,log_audit_event,log_audit_event,True,1,0.41513311862945557,0.41513311862945557,log_audit_event;reset_password;generate_report;process_refund;create_ticket,0.41513312;0.31295362;0.28797066;0.28265330;0.25320157
Standard,998,Kindly store an audit record for payment-api-03.,log_audit_event,log_audit_event,db_read,False,4,0.344592809677124,0.22193479537963867,db_read;db_write;check_status;log_audit_event;generate_report,0.34459281;0.30630031;0.23472798;0.22193480;0.20394243
Standard,999,Kindly add an audit log entry for ml-infer-05.,log_audit_event,log_audit_event,log_audit_event,True,1,0.4098004996776581,0.4098004996776581,log_audit_event;db_write;db_read;scan_malware;generate_report,0.40980050;0.33825153;0.31412762;0.30734098;0.30690485
Standard,1000,Kindly document the event for HR in the audit log.,log_audit_event,log_audit_event,log_audit_event,True,1,0.4212910234928131,0.4212910234928131,log_audit_event;check_status;process_refund;generate_report;quarantine_system,0.42129102;0.27772310;0.27661335;0.27073851;0.25593743
Standard,1001,Kindly create a compliance log entry for Charlie.,log_audit_event,log_audit_event,log_audit_event,True,1,0.4730618894100189,0.4730618894100189,log_audit_event;create_ticket;generate_report;process_refund;quarantine_system,0.47306189;0.41341937;0.40835661;0.37824449;0.35260358
Standard,1002,"When you have a moment, log an audit event for auth-svc-04.",log_audit_event,log_audit_event,log_audit_event,True,1,0.357724130153656,0.357724130153656,log_audit_event;check_status;quarantine_system;scan_malware;process_refund,0.35772413;0.18807930;0.18524387;0.17371120;0.15457904
Standard,1003,"When you have a moment, record the incident involving prod-web-01 in the audit trail.",log_audit_event,log_audit_event,log_audit_event,True,1,0.42357179522514343,0.42357179522514343,log_audit_event;generate_report;quarantine_system;escalate_to_human;process_refund,0.42357180;0.40419352;0.40125009;0.38625306;0.37716311
Standard,1004,"When you have a moment, write an audit entry for the Legal group.",log_audit_event,log_audit_event,log_audit_event,True,1,0.3381091058254242,0.3381091058254242,log_audit_event;send_notification;escalate_to_human;check_status;generate_report,0.33810911;0.28495842;0.25027317;0.23127438;0.22289197
