condition,row_index,query,ground_truth_raw,ground_truth_tool,predicted_tool,correct,rank,top1_cosine,ground_truth_cosine,top5_tools,top5_cosines,source_row_id,generation_type,confusable_with
Confusable,0,Query payment-api-03 to see if it's still alive.,check_status,check_status,check_status,True,1,0.25329384207725525,0.25329384207725525,check_status;db_read;log_audit_event;process_refund;quarantine_system,0.25329384;0.22059490;0.21425317;0.20023714;0.19786985,-1,confusable_intent,query_database
Confusable,1,Look up how staging-db-02 is performing.,check_status,check_status,db_read,False,3,0.3953436017036438,0.2871999144554138,db_read;db_write;check_status;generate_report;send_notification,0.39534360;0.37830526;0.28719991;0.24118370;0.23657072,-1,confusable_intent,query_database
Confusable,2,Scan payment-api-03 -- is it healthy?,check_status,check_status,scan_malware,False,4,0.18233969807624817,0.10285044461488724,scan_malware;log_audit_event;quarantine_system;check_status;escalate_to_human,0.18233970;0.10787115;0.10289060;0.10285044;0.07630759,-1,confusable_intent,scan_malware
Confusable,3,Look up how cdn-edge-06 is performing.,check_status,check_status,check_status,True,1,0.3058267831802368,0.3058267831802368,check_status;log_audit_event;process_refund;generate_report;db_read,0.30582678;0.27381134;0.26125449;0.26062411;0.26055464,-1,confusable_intent,query_database
Confusable,4,Query auth-svc-04 to see if it's still alive.,check_status,check_status,log_audit_event,False,4,0.19967935979366302,0.14671669900417328,log_audit_event;restart_service;reset_password;check_status;quarantine_system,0.19967936;0.17793310;0.17371976;0.14671670;0.14398436,-1,confusable_intent,query_database
Confusable,5,Look up how auth-svc-04 is performing.,check_status,check_status,log_audit_event,False,6,0.28856581449508667,0.22161729633808136,log_audit_event;reset_password;quarantine_system;scan_malware;process_refund,0.28856581;0.24949372;0.24349335;0.23583561;0.22822878,-1,confusable_intent,query_database
Confusable,6,Look up how prod-web-01 is performing.,check_status,check_status,quarantine_system,False,7,0.42922499775886536,0.36754223704338074,quarantine_system;log_audit_event;scan_malware;generate_report;process_refund,0.42922500;0.41724983;0.41701201;0.41476500;0.41033736,-1,confusable_intent,query_database
Confusable,7,Look up how payment-api-03 is performing.,check_status,check_status,check_status,True,1,0.3399493992328644,0.3399493992328644,check_status;log_audit_event;quarantine_system;process_refund;db_read,0.33994940;0.33909002;0.32093433;0.30651131;0.29330567,-1,confusable_intent,query_database
Confusable,8,Look up how ml-infer-05 is performing.,check_status,check_status,log_audit_event,False,6,0.3198153078556061,0.2816851735115051,log_audit_event;db_read;process_refund;quarantine_system;generate_report,0.31981531;0.30360940;0.29488578;0.29138011;0.28473189,-1,confusable_intent,query_database
Confusable,9,Scan auth-svc-04 -- is it healthy?,check_status,check_status,scan_malware,False,9,0.2145797312259674,0.023701917380094528,scan_malware;reset_password;log_audit_event;quarantine_system;escalate_to_human,0.21457973;0.13493668;0.10914746;0.08570846;0.07003643,-1,confusable_intent,scan_malware
Confusable,10,Query prod-web-01 to see if it's still alive.,check_status,check_status,quarantine_system,False,8,0.34346798062324524,0.2770102024078369,quarantine_system;scan_malware;process_refund;db_read;log_audit_event,0.34346798;0.33205739;0.32380837;0.31141013;0.30422041,-1,confusable_intent,query_database
Confusable,11,Scan staging-db-02 -- is it healthy?,check_status,check_status,db_read,False,4,0.1187385767698288,0.03485392406582832,db_read;db_write;scan_malware;check_status;restart_service,0.11873858;0.11371402;0.07717762;0.03485392;0.02522696,-1,confusable_intent,scan_malware
Confusable,12,Query staging-db-02 to see if it's still alive.,check_status,check_status,db_read,False,3,0.32517239451408386,0.20398852229118347,db_read;db_write;check_status;restart_service;generate_report,0.32517239;0.29365629;0.20398852;0.18001555;0.14248449,-1,confusable_intent,query_database
Confusable,13,Scan ml-infer-05 -- is it healthy?,check_status,check_status,scan_malware,False,9,0.1809115707874298,0.0379229411482811,scan_malware;db_write;log_audit_event;quarantine_system;send_notification,0.18091157;0.09785617;0.07166342;0.07014073;0.06566570,-1,confusable_intent,scan_malware
Confusable,14,Scan prod-web-01 -- is it healthy?,check_status,check_status,scan_malware,False,10,0.3619065582752228,0.1309974193572998,scan_malware;quarantine_system;generate_report;log_audit_event;send_notification,0.36190656;0.23981458;0.19037995;0.17874998;0.17231905,-1,confusable_intent,scan_malware
Confusable,15,Query ml-infer-05 to see if it's still alive.,check_status,check_status,db_read,False,5,0.26958560943603516,0.21944351494312286,db_read;db_write;quarantine_system;process_refund;check_status,0.26958561;0.23652405;0.22294869;0.22044319;0.21944351,-1,confusable_intent,query_database
Confusable,16,Scan cdn-edge-06 -- is it healthy?,check_status,check_status,scan_malware,False,2,0.1298825889825821,0.06994740664958954,scan_malware;check_status;quarantine_system;escalate_to_human;send_notification,0.12988259;0.06994741;0.04867508;0.04710098;0.04094424,-1,confusable_intent,scan_malware
Confusable,17,Query cdn-edge-06 to see if it's still alive.,check_status,check_status,check_status,True,1,0.321816086769104,0.321816086769104,check_status;db_read;quarantine_system;process_refund;send_notification,0.32181609;0.27935842;0.27615651;0.25923735;0.25709972,-1,confusable_intent,query_database
Confusable,18,Scan payment-api-03 -- is it healthy?,check_status,check_status,scan_malware,False,4,0.18233969807624817,0.10285044461488724,scan_malware;log_audit_event;quarantine_system;check_status;escalate_to_human,0.18233970;0.10787115;0.10289060;0.10285044;0.07630759,-1,confusable_intent,scan_malware
Confusable,19,Scan prod-web-01 -- is it healthy?,check_status,check_status,scan_malware,False,10,0.3619065582752228,0.1309974193572998,scan_malware;quarantine_system;generate_report;log_audit_event;send_notification,0.36190656;0.23981458;0.19037995;0.17874998;0.17231905,-1,confusable_intent,scan_malware
Confusable,20,Query cdn-edge-06 to see if it's still alive.,check_status,check_status,check_status,True,1,0.321816086769104,0.321816086769104,check_status;db_read;quarantine_system;process_refund;send_notification,0.32181609;0.27935842;0.27615651;0.25923735;0.25709972,-1,confusable_intent,query_database
Confusable,21,Look up how cdn-edge-06 is performing.,check_status,check_status,check_status,True,1,0.3058267831802368,0.3058267831802368,check_status;log_audit_event;process_refund;generate_report;db_read,0.30582678;0.27381134;0.26125449;0.26062411;0.26055464,-1,confusable_intent,query_database
Confusable,22,Scan prod-web-01 -- is it healthy?,check_status,check_status,scan_malware,False,10,0.3619065582752228,0.1309974193572998,scan_malware;quarantine_system;generate_report;log_audit_event;send_notification,0.36190656;0.23981458;0.19037995;0.17874998;0.17231905,-1,confusable_intent,scan_malware
Confusable,23,Scan cdn-edge-06 -- is it healthy?,check_status,check_status,scan_malware,False,2,0.1298825889825821,0.06994740664958954,scan_malware;check_status;quarantine_system;escalate_to_human;send_notification,0.12988259;0.06994741;0.04867508;0.04710098;0.04094424,-1,confusable_intent,scan_malware
Confusable,24,Look up how prod-web-01 is performing.,check_status,check_status,quarantine_system,False,7,0.42922499775886536,0.36754223704338074,quarantine_system;log_audit_event;scan_malware;generate_report;process_refund,0.42922500;0.41724983;0.41701201;0.41476500;0.41033736,-1,confusable_intent,query_database
Confusable,25,Scan payment-api-03 -- is it healthy?,check_status,check_status,scan_malware,False,4,0.18233969807624817,0.10285044461488724,scan_malware;log_audit_event;quarantine_system;check_status;escalate_to_human,0.18233970;0.10787115;0.10289060;0.10285044;0.07630759,-1,confusable_intent,scan_malware
Confusable,26,Query payment-api-03 to see if it's still alive.,check_status,check_status,check_status,True,1,0.25329384207725525,0.25329384207725525,check_status;db_read;log_audit_event;process_refund;quarantine_system,0.25329384;0.22059490;0.21425317;0.20023714;0.19786985,-1,confusable_intent,query_database
Confusable,27,Scan cdn-edge-06 -- is it healthy?,check_status,check_status,scan_malware,False,2,0.1298825889825821,0.06994740664958954,scan_malware;check_status;quarantine_system;escalate_to_human;send_notification,0.12988259;0.06994741;0.04867508;0.04710098;0.04094424,-1,confusable_intent,scan_malware
Confusable,28,Query payment-api-03 to see if it's still alive.,check_status,check_status,check_status,True,1,0.25329384207725525,0.25329384207725525,check_status;db_read;log_audit_event;process_refund;quarantine_system,0.25329384;0.22059490;0.21425317;0.20023714;0.19786985,-1,confusable_intent,query_database
Confusable,29,Query prod-web-01 to see if it's still alive.,check_status,check_status,quarantine_system,False,8,0.34346798062324524,0.2770102024078369,quarantine_system;scan_malware;process_refund;db_read;log_audit_event,0.34346798;0.33205739;0.32380837;0.31141013;0.30422041,-1,confusable_intent,query_database
Confusable,30,Notify the team by creating a formal issue for cdn-edge-06.,create_ticket,create_ticket,send_notification,False,2,0.443569540977478,0.4106052815914154,send_notification;create_ticket;escalate_to_human;provision_vm;generate_report,0.44356954;0.41060528;0.40774089;0.38899335;0.36352277,-1,confusable_intent,send_notification
Confusable,31,Log Diana's complaint so we can follow up.,create_ticket,create_ticket,create_ticket,True,1,0.4317694306373596,0.4317694306373596,create_ticket;escalate_to_human;log_audit_event;generate_report;process_refund,0.43176943;0.42745987;0.42056438;0.41593581;0.40430644,-1,confusable_intent,log_audit_event
Confusable,32,Log Frank's complaint so we can follow up.,create_ticket,create_ticket,create_ticket,True,1,0.49464383721351624,0.49464383721351624,create_ticket;escalate_to_human;generate_report;process_refund;provision_vm,0.49464384;0.43667766;0.43294418;0.41928780;0.41608170,-1,confusable_intent,log_audit_event
Confusable,33,Send a record of this problem to the tracking system.,create_ticket,create_ticket,db_write,False,4,0.4306879937648773,0.38404762744903564,db_write;provision_vm;generate_report;create_ticket;escalate_to_human,0.43068799;0.39831519;0.38793936;0.38404763;0.37301743,-1,confusable_intent,send_notification
Confusable,34,Notify the team by creating a formal issue for ml-infer-05.,create_ticket,create_ticket,send_notification,False,6,0.46474045515060425,0.34599676728248596,send_notification;escalate_to_human;generate_report;provision_vm;quarantine_system,0.46474046;0.41762528;0.39220971;0.38452151;0.37770924,-1,confusable_intent,send_notification
Confusable,35,Notify the team by creating a formal issue for payment-api-03.,create_ticket,create_ticket,create_ticket,True,1,0.41698870062828064,0.41698870062828064,create_ticket;send_notification;escalate_to_human;provision_vm;quarantine_system,0.41698870;0.41610888;0.41210946;0.37422144;0.35187286,-1,confusable_intent,send_notification
Confusable,36,Log Grace's complaint so we can follow up.,create_ticket,create_ticket,create_ticket,True,1,0.3752838373184204,0.3752838373184204,create_ticket;log_audit_event;escalate_to_human;process_refund;generate_report,0.37528384;0.35373071;0.33772811;0.33463651;0.32060227,-1,confusable_intent,log_audit_event
Confusable,37,Notify the team by creating a formal issue for staging-db-02.,create_ticket,create_ticket,send_notification,False,5,0.3762759864330292,0.30377787351608276,send_notification;db_write;escalate_to_human;provision_vm;create_ticket,0.37627599;0.35878605;0.32207775;0.30863389;0.30377787,-1,confusable_intent,send_notification
Confusable,38,Notify the team by creating a formal issue for auth-svc-04.,create_ticket,create_ticket,escalate_to_human,False,3,0.34970179200172424,0.3196139633655548,escalate_to_human;send_notification;create_ticket;provision_vm;quarantine_system,0.34970179;0.33686021;0.31961396;0.29297173;0.27855179,-1,confusable_intent,send_notification
Confusable,39,Notify the team by creating a formal issue for prod-web-01.,create_ticket,create_ticket,send_notification,False,3,0.4898819029331207,0.4745742678642273,send_notification;escalate_to_human;create_ticket;provision_vm;generate_report,0.48988190;0.47965816;0.47457427;0.45818880;0.44520399,-1,confusable_intent,send_notification
Confusable,40,Log Charlie's complaint so we can follow up.,create_ticket,create_ticket,create_ticket,True,1,0.4253762662410736,0.4253762662410736,create_ticket;log_audit_event;escalate_to_human;generate_report;process_refund,0.42537627;0.41101095;0.40905148;0.39131939;0.38990954,-1,confusable_intent,log_audit_event
Confusable,41,Log Eve's complaint so we can follow up.,create_ticket,create_ticket,log_audit_event,False,5,0.4263805150985718,0.3457002341747284,log_audit_event;escalate_to_human;generate_report;process_refund;create_ticket,0.42638052;0.37238717;0.36277166;0.35270223;0.34570023,-1,confusable_intent,log_audit_event
Confusable,42,Log Bob's complaint so we can follow up.,create_ticket,create_ticket,create_ticket,True,1,0.42868614196777344,0.42868614196777344,create_ticket;log_audit_event;escalate_to_human;process_refund;generate_report,0.42868614;0.39810330;0.38830763;0.37401173;0.36318621,-1,confusable_intent,log_audit_event
Confusable,43,Log Alice's complaint so we can follow up.,create_ticket,create_ticket,escalate_to_human,False,2,0.4580267369747162,0.4040820896625519,escalate_to_human;create_ticket;log_audit_event;generate_report;process_refund,0.45802674;0.40408209;0.37254590;0.34765044;0.33283764,-1,confusable_intent,log_audit_event
Confusable,44,Log Bob's complaint so we can follow up.,create_ticket,create_ticket,create_ticket,True,1,0.42868614196777344,0.42868614196777344,create_ticket;log_audit_event;escalate_to_human;process_refund;generate_report,0.42868614;0.39810330;0.38830763;0.37401173;0.36318621,-1,confusable_intent,log_audit_event
Confusable,45,Log Diana's complaint so we can follow up.,create_ticket,create_ticket,create_ticket,True,1,0.4317694306373596,0.4317694306373596,create_ticket;escalate_to_human;log_audit_event;generate_report;process_refund,0.43176943;0.42745987;0.42056438;0.41593581;0.40430644,-1,confusable_intent,log_audit_event
Confusable,46,Log Eve's complaint so we can follow up.,create_ticket,create_ticket,log_audit_event,False,5,0.4263805150985718,0.3457002341747284,log_audit_event;escalate_to_human;generate_report;process_refund;create_ticket,0.42638052;0.37238717;0.36277166;0.35270223;0.34570023,-1,confusable_intent,log_audit_event
Confusable,47,Notify the team by creating a formal issue for cdn-edge-06.,create_ticket,create_ticket,send_notification,False,2,0.443569540977478,0.4106052815914154,send_notification;create_ticket;escalate_to_human;provision_vm;generate_report,0.44356954;0.41060528;0.40774089;0.38899335;0.36352277,-1,confusable_intent,send_notification
Confusable,48,Send a record of this problem to the tracking system.,create_ticket,create_ticket,db_write,False,4,0.4306879937648773,0.38404762744903564,db_write;provision_vm;generate_report;create_ticket;escalate_to_human,0.43068799;0.39831519;0.38793936;0.38404763;0.37301743,-1,confusable_intent,send_notification
Confusable,49,Send a record of this problem to the tracking system.,create_ticket,create_ticket,db_write,False,4,0.4306879937648773,0.38404762744903564,db_write;provision_vm;generate_report;create_ticket;escalate_to_human,0.43068799;0.39831519;0.38793936;0.38404763;0.37301743,-1,confusable_intent,send_notification
Confusable,50,Notify the team by creating a formal issue for cdn-edge-06.,create_ticket,create_ticket,send_notification,False,2,0.443569540977478,0.4106052815914154,send_notification;create_ticket;escalate_to_human;provision_vm;generate_report,0.44356954;0.41060528;0.40774089;0.38899335;0.36352277,-1,confusable_intent,send_notification
Confusable,51,Notify the team by creating a formal issue for auth-svc-04.,create_ticket,create_ticket,escalate_to_human,False,3,0.34970179200172424,0.3196139633655548,escalate_to_human;send_notification;create_ticket;provision_vm;quarantine_system,0.34970179;0.33686021;0.31961396;0.29297173;0.27855179,-1,confusable_intent,send_notification
Confusable,52,Log Charlie's complaint so we can follow up.,create_ticket,create_ticket,create_ticket,True,1,0.4253762662410736,0.4253762662410736,create_ticket;log_audit_event;escalate_to_human;generate_report;process_refund,0.42537627;0.41101095;0.40905148;0.39131939;0.38990954,-1,confusable_intent,log_audit_event
Confusable,53,Log Frank's complaint so we can follow up.,create_ticket,create_ticket,create_ticket,True,1,0.49464383721351624,0.49464383721351624,create_ticket;escalate_to_human;generate_report;process_refund;provision_vm,0.49464384;0.43667766;0.43294418;0.41928780;0.41608170,-1,confusable_intent,log_audit_event
Confusable,54,Send a record of this problem to the tracking system.,create_ticket,create_ticket,db_write,False,4,0.4306879937648773,0.38404762744903564,db_write;provision_vm;generate_report;create_ticket;escalate_to_human,0.43068799;0.39831519;0.38793936;0.38404763;0.37301743,-1,confusable_intent,send_notification
Confusable,55,Send a record of this problem to the tracking system.,create_ticket,create_ticket,db_write,False,4,0.4306879937648773,0.38404762744903564,db_write;provision_vm;generate_report;create_ticket;escalate_to_human,0.43068799;0.39831519;0.38793936;0.38404763;0.37301743,-1,confusable_intent,send_notification
Confusable,56,Send a record of this problem to the tracking system.,create_ticket,create_ticket,db_write,False,4,0.4306879937648773,0.38404762744903564,db_write;provision_vm;generate_report;create_ticket;escalate_to_human,0.43068799;0.39831519;0.38793936;0.38404763;0.37301743,-1,confusable_intent,send_notification
Confusable,57,Send a record of this problem to the tracking system.,create_ticket,create_ticket,db_write,False,4,0.4306879937648773,0.38404762744903564,db_write;provision_vm;generate_report;create_ticket;escalate_to_human,0.43068799;0.39831519;0.38793936;0.38404763;0.37301743,-1,confusable_intent,send_notification
Confusable,58,Send a record of this problem to the tracking system.,create_ticket,create_ticket,db_write,False,4,0.4306879937648773,0.38404762744903564,db_write;provision_vm;generate_report;create_ticket;escalate_to_human,0.43068799;0.39831519;0.38793936;0.38404763;0.37301743,-1,confusable_intent,send_notification
Confusable,59,Send a record of this problem to the tracking system.,create_ticket,create_ticket,db_write,False,4,0.4306879937648773,0.38404762744903564,db_write;provision_vm;generate_report;create_ticket;escalate_to_human,0.43068799;0.39831519;0.38793936;0.38404763;0.37301743,-1,confusable_intent,send_notification
Confusable,60,Notify a manager that Frank's case needs attention.,escalate_to_human,escalate_to_human,escalate_to_human,True,1,0.4638496935367584,0.4638496935367584,escalate_to_human;send_notification;create_ticket;provision_vm;quarantine_system,0.46384969;0.38776782;0.36994421;0.35707310;0.34941104,-1,confusable_intent,send_notification
Confusable,61,Send this to a real person for Frank.,escalate_to_human,escalate_to_human,escalate_to_human,True,1,0.4791150689125061,0.4791150689125061,escalate_to_human;send_notification;provision_vm;create_ticket;generate_report,0.47911507;0.38060614;0.37049392;0.34499750;0.34337121,-1,confusable_intent,send_notification
Confusable,62,Create an escalation path for Frank.,escalate_to_human,escalate_to_human,escalate_to_human,True,1,0.47427496314048767,0.47427496314048767,escalate_to_human;provision_vm;create_ticket;send_notification;generate_report,0.47427496;0.40712553;0.39388454;0.37982374;0.36291710,-1,confusable_intent,create_ticket
Confusable,63,Send this to a real person for Alice.,escalate_to_human,escalate_to_human,escalate_to_human,True,1,0.4594973623752594,0.4594973623752594,escalate_to_human;send_notification;provision_vm;create_ticket;generate_report,0.45949736;0.26329422;0.25826201;0.23947868;0.23927617,-1,confusable_intent,send_notification
Confusable,64,Send this to a real person for Eve.,escalate_to_human,escalate_to_human,escalate_to_human,True,1,0.39614570140838623,0.39614570140838623,escalate_to_human;send_notification;provision_vm;generate_report;quarantine_system,0.39614570;0.24927279;0.22048476;0.21848324;0.20955175,-1,confusable_intent,send_notification
Confusable,65,Create an escalation path for Diana.,escalate_to_human,escalate_to_human,escalate_to_human,True,1,0.44138914346694946,0.44138914346694946,escalate_to_human;provision_vm;generate_report;send_notification;quarantine_system,0.44138914;0.36900452;0.35206956;0.33618054;0.33400917,-1,confusable_intent,create_ticket
Confusable,66,Send this to a real person for Bob.,escalate_to_human,escalate_to_human,escalate_to_human,True,1,0.4063760042190552,0.4063760042190552,escalate_to_human;send_notification;provision_vm;quarantine_system;create_ticket,0.40637600;0.27463126;0.26186526;0.25375715;0.24762115,-1,confusable_intent,send_notification
Confusable,67,Create an escalation path for Bob.,escalate_to_human,escalate_to_human,escalate_to_human,True,1,0.398734986782074,0.398734986782074,escalate_to_human;provision_vm;create_ticket;quarantine_system;send_notification,0.39873499;0.30795068;0.29066047;0.28857937;0.28413630,-1,confusable_intent,create_ticket
Confusable,68,Create an escalation path for Alice.,escalate_to_human,escalate_to_human,escalate_to_human,True,1,0.5094215273857117,0.5094215273857117,escalate_to_human;provision_vm;create_ticket;send_notification;generate_report,0.50942153;0.35917270;0.32855296;0.32591042;0.32176805,-1,confusable_intent,create_ticket
Confusable,69,Send this to a real person for Grace.,escalate_to_human,escalate_to_human,escalate_to_human,True,1,0.3068598210811615,0.3068598210811615,escalate_to_human;provision_vm;send_notification;quarantine_system;generate_report,0.30685982;0.20767757;0.19848527;0.18612251;0.17105097,-1,confusable_intent,send_notification
Confusable,70,Notify a manager that Diana's case needs attention.,escalate_to_human,escalate_to_human,escalate_to_human,True,1,0.4381100833415985,0.4381100833415985,escalate_to_human;send_notification;generate_report;quarantine_system;provision_vm,0.43811008;0.31156012;0.30043074;0.29632062;0.29280278,-1,confusable_intent,send_notification
Confusable,71,Notify a manager that Grace's case needs attention.,escalate_to_human,escalate_to_human,escalate_to_human,True,1,0.33639952540397644,0.33639952540397644,escalate_to_human;send_notification;provision_vm;quarantine_system;create_ticket,0.33639953;0.24174444;0.22299911;0.21765563;0.21479137,-1,confusable_intent,send_notification
Confusable,72,Notify a manager that Bob's case needs attention.,escalate_to_human,escalate_to_human,escalate_to_human,True,1,0.39336955547332764,0.39336955547332764,escalate_to_human;send_notification;quarantine_system;create_ticket;provision_vm,0.39336956;0.28040797;0.27924702;0.25292996;0.24620561,-1,confusable_intent,send_notification
Confusable,73,Notify a manager that Eve's case needs attention.,escalate_to_human,escalate_to_human,escalate_to_human,True,1,0.4400976896286011,0.4400976896286011,escalate_to_human;send_notification;quarantine_system;generate_report;provision_vm,0.44009769;0.31825954;0.29300162;0.27148774;0.26556778,-1,confusable_intent,send_notification
Confusable,74,Notify a manager that Charlie's case needs attention.,escalate_to_human,escalate_to_human,escalate_to_human,True,1,0.43359699845314026,0.43359699845314026,escalate_to_human;quarantine_system;send_notification;provision_vm;create_ticket,0.43359700;0.34442884;0.32914555;0.30407029;0.30153692,-1,confusable_intent,send_notification
Confusable,75,Create an escalation path for Eve.,escalate_to_human,escalate_to_human,escalate_to_human,True,1,0.40319326519966125,0.40319326519966125,escalate_to_human;provision_vm;generate_report;send_notification;quarantine_system,0.40319327;0.33902687;0.32410482;0.32193506;0.31058487,-1,confusable_intent,create_ticket
Confusable,76,Create an escalation path for Grace.,escalate_to_human,escalate_to_human,escalate_to_human,True,1,0.36531567573547363,0.36531567573547363,escalate_to_human;provision_vm;quarantine_system;create_ticket;update_subscription,0.36531568;0.31381181;0.28602964;0.28389749;0.27343962,-1,confusable_intent,create_ticket
Confusable,77,Send this to a real person for Diana.,escalate_to_human,escalate_to_human,escalate_to_human,True,1,0.4036402106285095,0.4036402106285095,escalate_to_human;provision_vm;generate_report;send_notification;db_write,0.40364021;0.28694487;0.28127667;0.27721077;0.25941178,-1,confusable_intent,send_notification
Confusable,78,Notify a manager that Alice's case needs attention.,escalate_to_human,escalate_to_human,escalate_to_human,True,1,0.4689114987850189,0.4689114987850189,escalate_to_human;send_notification;provision_vm;create_ticket;quarantine_system,0.46891150;0.27414227;0.24975653;0.24891698;0.23179096,-1,confusable_intent,send_notification
Confusable,79,Send this to a real person for Charlie.,escalate_to_human,escalate_to_human,escalate_to_human,True,1,0.41124579310417175,0.41124579310417175,escalate_to_human;quarantine_system;send_notification;provision_vm;generate_report,0.41124579;0.30897951;0.30160549;0.29765576;0.27598694,-1,confusable_intent,send_notification
Confusable,80,Notify a manager that Diana's case needs attention.,escalate_to_human,escalate_to_human,escalate_to_human,True,1,0.4381100833415985,0.4381100833415985,escalate_to_human;send_notification;generate_report;quarantine_system;provision_vm,0.43811008;0.31156012;0.30043074;0.29632062;0.29280278,-1,confusable_intent,send_notification
Confusable,81,Create an escalation path for Charlie.,escalate_to_human,escalate_to_human,escalate_to_human,True,1,0.4208003282546997,0.4208003282546997,escalate_to_human;quarantine_system;provision_vm;send_notification;generate_report,0.42080033;0.35147184;0.34603298;0.31977475;0.31361881,-1,confusable_intent,create_ticket
Confusable,82,Notify a manager that Diana's case needs attention.,escalate_to_human,escalate_to_human,escalate_to_human,True,1,0.4381100833415985,0.4381100833415985,escalate_to_human;send_notification;generate_report;quarantine_system;provision_vm,0.43811008;0.31156012;0.30043074;0.29632062;0.29280278,-1,confusable_intent,send_notification
Confusable,83,Notify a manager that Charlie's case needs attention.,escalate_to_human,escalate_to_human,escalate_to_human,True,1,0.43359699845314026,0.43359699845314026,escalate_to_human;quarantine_system;send_notification;provision_vm;create_ticket,0.43359700;0.34442884;0.32914555;0.30407029;0.30153692,-1,confusable_intent,send_notification
Confusable,84,Create an escalation path for Bob.,escalate_to_human,escalate_to_human,escalate_to_human,True,1,0.398734986782074,0.398734986782074,escalate_to_human;provision_vm;create_ticket;quarantine_system;send_notification,0.39873499;0.30795068;0.29066047;0.28857937;0.28413630,-1,confusable_intent,create_ticket
Confusable,85,Create an escalation path for Eve.,escalate_to_human,escalate_to_human,escalate_to_human,True,1,0.40319326519966125,0.40319326519966125,escalate_to_human;provision_vm;generate_report;send_notification;quarantine_system,0.40319327;0.33902687;0.32410482;0.32193506;0.31058487,-1,confusable_intent,create_ticket
Confusable,86,Notify a manager that Eve's case needs attention.,escalate_to_human,escalate_to_human,escalate_to_human,True,1,0.4400976896286011,0.4400976896286011,escalate_to_human;send_notification;quarantine_system;generate_report;provision_vm,0.44009769;0.31825954;0.29300162;0.27148774;0.26556778,-1,confusable_intent,send_notification
Confusable,87,Send this to a real person for Charlie.,escalate_to_human,escalate_to_human,escalate_to_human,True,1,0.41124579310417175,0.41124579310417175,escalate_to_human;quarantine_system;send_notification;provision_vm;generate_report,0.41124579;0.30897951;0.30160549;0.29765576;0.27598694,-1,confusable_intent,send_notification
Confusable,88,Send this to a real person for Frank.,escalate_to_human,escalate_to_human,escalate_to_human,True,1,0.4791150391101837,0.4791150391101837,escalate_to_human;send_notification;provision_vm;create_ticket;generate_report,0.47911504;0.38060614;0.37049395;0.34499753;0.34337118,-1,confusable_intent,send_notification
Confusable,89,Send this to a real person for Bob.,escalate_to_human,escalate_to_human,escalate_to_human,True,1,0.4063760042190552,0.4063760042190552,escalate_to_human;send_notification;provision_vm;quarantine_system;create_ticket,0.40637600;0.27463126;0.26186526;0.25375715;0.24762115,-1,confusable_intent,send_notification
Confusable,90,Log the quarterly metrics into a document.,generate_report,generate_report,db_write,False,4,0.3067462146282196,0.216567724943161,db_write;log_audit_event;db_read;generate_report;process_refund,0.30674621;0.27761012;0.26916990;0.21656772;0.21257253,-1,confusable_intent,log_audit_event
Confusable,91,Pull the data and compile findings for Marketing.,generate_report,generate_report,db_read,False,8,0.3729310631752014,0.22369274497032166,db_read;db_write;check_status;send_notification;process_refund,0.37293106;0.29293099;0.27851650;0.26992366;0.24097261,-1,confusable_intent,query_database
Confusable,92,Query the system and put together a summary for HR.,generate_report,generate_report,db_read,False,5,0.34045177698135376,0.2631556987762451,db_read;db_write;check_status;process_refund;generate_report,0.34045178;0.29312605;0.28055778;0.26422498;0.26315570,-1,confusable_intent,query_database
Confusable,93,Query the system and put together a summary for Finance.,generate_report,generate_report,db_write,False,3,0.411992609500885,0.2842719852924347,db_write;db_read;generate_report;check_status;process_refund,0.41199261;0.39902350;0.28427199;0.26749751;0.25667459,-1,confusable_intent,query_database
Confusable,94,Pull the data and compile findings for Engineering.,generate_report,generate_report,db_read,False,4,0.368600994348526,0.31231439113616943,db_read;db_write;send_notification;generate_report;provision_vm,0.36860099;0.36788332;0.32215640;0.31231439;0.30959636,-1,confusable_intent,query_database
Confusable,95,Query the system and put together a summary for Marketing.,generate_report,generate_report,db_read,False,7,0.33137261867523193,0.22954952716827393,db_read;db_write;check_status;send_notification;process_refund,0.33137262;0.31729129;0.25930747;0.25427103;0.24904789,-1,confusable_intent,query_database
Confusable,96,Pull the data and compile findings for HR.,generate_report,generate_report,db_read,False,2,0.37124937772750854,0.30367669463157654,db_read;generate_report;check_status;log_audit_event;process_refund,0.37124938;0.30367669;0.30155051;0.28857720;0.28450519,-1,confusable_intent,query_database
Confusable,97,Query the system and put together a summary for Legal.,generate_report,generate_report,db_write,False,4,0.36793574690818787,0.34042468667030334,db_write;create_ticket;db_read;generate_report;escalate_to_human,0.36793575;0.35995236;0.35530660;0.34042469;0.33902004,-1,confusable_intent,query_database
Confusable,98,Pull the data and compile findings for Legal.,generate_report,generate_report,db_read,False,6,0.34177014231681824,0.2815094590187073,db_read;escalate_to_human;db_write;create_ticket;send_notification,0.34177014;0.31934071;0.31534857;0.29479069;0.28370228,-1,confusable_intent,query_database
Confusable,99,Query the system and put together a summary for Engineering.,generate_report,generate_report,db_write,False,5,0.40694931149482727,0.32185229659080505,db_write;db_read;quarantine_system;send_notification;generate_report,0.40694931;0.36703321;0.34122857;0.32355365;0.32185230,-1,confusable_intent,query_database
Confusable,100,Pull the data and compile findings for HR.,generate_report,generate_report,db_read,False,2,0.37124937772750854,0.30367669463157654,db_read;generate_report;check_status;log_audit_event;process_refund,0.37124938;0.30367669;0.30155051;0.28857720;0.28450519,-1,confusable_intent,query_database
Confusable,101,Pull the data and compile findings for Finance.,generate_report,generate_report,db_read,False,4,0.430742084980011,0.2915929853916168,db_read;db_write;check_status;generate_report;send_notification,0.43074208;0.38382211;0.30921304;0.29159299;0.27571487,-1,confusable_intent,query_database
Confusable,102,Pull the data and compile findings for HR.,generate_report,generate_report,db_read,False,2,0.37124937772750854,0.30367669463157654,db_read;generate_report;check_status;log_audit_event;process_refund,0.37124938;0.30367669;0.30155051;0.28857720;0.28450519,-1,confusable_intent,query_database
Confusable,103,Log the quarterly metrics into a document.,generate_report,generate_report,db_write,False,4,0.3067462146282196,0.216567724943161,db_write;log_audit_event;db_read;generate_report;process_refund,0.30674621;0.27761012;0.26916990;0.21656772;0.21257253,-1,confusable_intent,log_audit_event
Confusable,104,Query the system and put together a summary for HR.,generate_report,generate_report,db_read,False,5,0.34045177698135376,0.2631556987762451,db_read;db_write;check_status;process_refund;generate_report,0.34045178;0.29312605;0.28055778;0.26422498;0.26315570,-1,confusable_intent,query_database
Confusable,105,Log the quarterly metrics into a document.,generate_report,generate_report,db_write,False,4,0.3067462146282196,0.216567724943161,db_write;log_audit_event;db_read;generate_report;process_refund,0.30674621;0.27761012;0.26916990;0.21656772;0.21257253,-1,confusable_intent,log_audit_event
Confusable,106,Query the system and put together a summary for Legal.,generate_report,generate_report,db_write,False,4,0.36793574690818787,0.34042468667030334,db_write;create_ticket;db_read;generate_report;escalate_to_human,0.36793575;0.35995236;0.35530660;0.34042469;0.33902004,-1,confusable_intent,query_database
Confusable,107,Log the quarterly metrics into a document.,generate_report,generate_report,db_write,False,4,0.3067462146282196,0.216567724943161,db_write;log_audit_event;db_read;generate_report;process_refund,0.30674621;0.27761012;0.26916990;0.21656772;0.21257253,-1,confusable_intent,log_audit_event
Confusable,108,Log the quarterly metrics into a document.,generate_report,generate_report,db_write,False,4,0.3067462146282196,0.216567724943161,db_write;log_audit_event;db_read;generate_report;process_refund,0.30674621;0.27761012;0.26916990;0.21656772;0.21257253,-1,confusable_intent,log_audit_event
Confusable,109,Query the system and put together a summary for Finance.,generate_report,generate_report,db_write,False,3,0.411992609500885,0.2842719852924347,db_write;db_read;generate_report;check_status;process_refund,0.41199261;0.39902350;0.28427199;0.26749751;0.25667459,-1,confusable_intent,query_database
Confusable,110,Pull the data and compile findings for Legal.,generate_report,generate_report,db_read,False,6,0.34177014231681824,0.2815094590187073,db_read;escalate_to_human;db_write;create_ticket;send_notification,0.34177014;0.31934071;0.31534857;0.29479069;0.28370228,-1,confusable_intent,query_database
Confusable,111,Log the quarterly metrics into a document.,generate_report,generate_report,db_write,False,4,0.3067462146282196,0.216567724943161,db_write;log_audit_event;db_read;generate_report;process_refund,0.30674621;0.27761012;0.26916990;0.21656772;0.21257253,-1,confusable_intent,log_audit_event
Confusable,112,Pull the data and compile findings for HR.,generate_report,generate_report,db_read,False,2,0.37124937772750854,0.30367669463157654,db_read;generate_report;check_status;log_audit_event;process_refund,0.37124938;0.30367669;0.30155051;0.28857720;0.28450519,-1,confusable_intent,query_database
Confusable,113,Log the quarterly metrics into a document.,generate_report,generate_report,db_write,False,4,0.3067462146282196,0.216567724943161,db_write;log_audit_event;db_read;generate_report;process_refund,0.30674621;0.27761012;0.26916990;0.21656772;0.21257253,-1,confusable_intent,log_audit_event
Confusable,114,Pull the data and compile findings for Legal.,generate_report,generate_report,db_read,False,6,0.34177014231681824,0.2815094590187073,db_read;escalate_to_human;db_write;create_ticket;send_notification,0.34177014;0.31934071;0.31534857;0.29479069;0.28370228,-1,confusable_intent,query_database
Confusable,115,Query the system and put together a summary for HR.,generate_report,generate_report,db_read,False,5,0.34045177698135376,0.2631556987762451,db_read;db_write;check_status;process_refund;generate_report,0.34045178;0.29312605;0.28055778;0.26422498;0.26315570,-1,confusable_intent,query_database
Confusable,116,Query the system and put together a summary for Legal.,generate_report,generate_report,db_write,False,4,0.36793574690818787,0.34042468667030334,db_write;create_ticket;db_read;generate_report;escalate_to_human,0.36793575;0.35995236;0.35530660;0.34042469;0.33902004,-1,confusable_intent,query_database
Confusable,117,Pull the data and compile findings for Legal.,generate_report,generate_report,db_read,False,6,0.34177014231681824,0.2815094590187073,db_read;escalate_to_human;db_write;create_ticket;send_notification,0.34177014;0.31934071;0.31534857;0.29479069;0.28370228,-1,confusable_intent,query_database
Confusable,118,Pull the data and compile findings for Engineering.,generate_report,generate_report,db_read,False,4,0.368600994348526,0.31231439113616943,db_read;db_write;send_notification;generate_report;provision_vm,0.36860099;0.36788332;0.32215640;0.31231439;0.30959636,-1,confusable_intent,query_database
Confusable,119,Query the system and put together a summary for Finance.,generate_report,generate_report,db_write,False,3,0.411992609500885,0.2842719852924347,db_write;db_read;generate_report;check_status;process_refund,0.41199261;0.39902350;0.28427199;0.26749751;0.25667459,-1,confusable_intent,query_database
Confusable,120,File a record of what happened with payment-api-03.,log_audit_event,log_audit_event,db_write,False,4,0.36344999074935913,0.3245372176170349,db_write;db_read;create_ticket;log_audit_event;process_refund,0.36344999;0.35999382;0.34693584;0.32453722;0.31619123,-1,confusable_intent,create_ticket
Confusable,121,File a record of what happened with cdn-edge-06.,log_audit_event,log_audit_event,db_write,False,9,0.3607921600341797,0.2862481474876404,db_write;create_ticket;db_read;generate_report;provision_vm,0.36079216;0.34055817;0.32710215;0.32451376;0.31043461,-1,confusable_intent,create_ticket
Confusable,122,Document the action taken on Charlie's account.,log_audit_event,log_audit_event,escalate_to_human,False,9,0.39208272099494934,0.2634187936782837,escalate_to_human;quarantine_system;provision_vm;create_ticket;generate_report,0.39208272;0.35722327;0.34798008;0.33513656;0.33122048,-1,confusable_intent,create_ticket
Confusable,123,Report the incident to the compliance trail.,log_audit_event,log_audit_event,create_ticket,False,7,0.4382445514202118,0.3042107820510864,create_ticket;escalate_to_human;process_refund;provision_vm;generate_report,0.43824455;0.37257376;0.35865247;0.35017484;0.32617876,-1,confusable_intent,generate_report
Confusable,124,File a record of what happened with prod-web-01.,log_audit_event,log_audit_event,db_write,False,7,0.446206271648407,0.3900383710861206,db_write;generate_report;create_ticket;provision_vm;quarantine_system,0.44620627;0.44204801;0.41857523;0.41514322;0.40618262,-1,confusable_intent,create_ticket
Confusable,125,Document the action taken on Alice's account.,log_audit_event,log_audit_event,escalate_to_human,False,8,0.44331929087638855,0.2525281608104706,escalate_to_human;update_subscription;provision_vm;create_ticket;send_notification,0.44331929;0.30559665;0.30129558;0.29358980;0.29023388,-1,confusable_intent,create_ticket
Confusable,126,Document the action taken on Frank's account.,log_audit_event,log_audit_event,escalate_to_human,False,11,0.46104520559310913,0.27797335386276245,escalate_to_human;create_ticket;provision_vm;update_subscription;send_notification,0.46104521;0.44387621;0.43336764;0.41946393;0.41107517,-1,confusable_intent,create_ticket
Confusable,127,Document the action taken on Bob's account.,log_audit_event,log_audit_event,escalate_to_human,False,10,0.3634657561779022,0.24736130237579346,escalate_to_human;quarantine_system;create_ticket;provision_vm;send_notification,0.36346576;0.30700457;0.30032605;0.29491958;0.29489005,-1,confusable_intent,create_ticket
Confusable,128,Document the action taken on Diana's account.,log_audit_event,log_audit_event,escalate_to_human,False,11,0.3769127130508423,0.26451754570007324,escalate_to_human;db_read;generate_report;provision_vm;create_ticket,0.37691271;0.35290697;0.34717095;0.33357283;0.32285815,-1,confusable_intent,create_ticket
Confusable,129,Document the action taken on Eve's account.,log_audit_event,log_audit_event,escalate_to_human,False,7,0.3897227644920349,0.28629499673843384,escalate_to_human;send_notification;provision_vm;generate_report;quarantine_system,0.38972276;0.31688306;0.31332266;0.31048590;0.30534801,-1,confusable_intent,create_ticket
Confusable,130,File a record of what happened with ml-infer-05.,log_audit_event,log_audit_event,db_write,False,4,0.42069220542907715,0.3139422535896301,db_write;db_read;generate_report;log_audit_event;process_refund,0.42069221;0.37289146;0.34193528;0.31394225;0.29838899,-1,confusable_intent,create_ticket
Confusable,131,File a record of what happened with auth-svc-04.,log_audit_event,log_audit_event,log_audit_event,True,1,0.3150598406791687,0.3150598406791687,log_audit_event;reset_password;db_write;process_refund;generate_report,0.31505984;0.28508970;0.28242666;0.26158768;0.26025969,-1,confusable_intent,create_ticket
Confusable,132,Document the action taken on Grace's account.,log_audit_event,log_audit_event,update_subscription,False,8,0.3339138329029083,0.23858827352523804,update_subscription;escalate_to_human;provision_vm;create_ticket;generate_report,0.33391383;0.30573112;0.28544194;0.27072850;0.26001495,-1,confusable_intent,create_ticket
Confusable,133,File a record of what happened with staging-db-02.,log_audit_event,log_audit_event,db_write,False,9,0.4141239821910858,0.17597149312496185,db_write;db_read;generate_report;check_status;restart_service,0.41412398;0.38429207;0.22562911;0.22342859;0.20611887,-1,confusable_intent,create_ticket
Confusable,134,Report the incident to the compliance trail.,log_audit_event,log_audit_event,create_ticket,False,7,0.43824446201324463,0.3042108714580536,create_ticket;escalate_to_human;process_refund;provision_vm;generate_report,0.43824446;0.37257373;0.35865244;0.35017481;0.32617882,-1,confusable_intent,generate_report
Confusable,135,File a record of what happened with ml-infer-05.,log_audit_event,log_audit_event,db_write,False,4,0.42069220542907715,0.3139422535896301,db_write;db_read;generate_report;log_audit_event;process_refund,0.42069221;0.37289146;0.34193528;0.31394225;0.29838899,-1,confusable_intent,create_ticket
Confusable,136,Report the incident to the compliance trail.,log_audit_event,log_audit_event,create_ticket,False,7,0.43824446201324463,0.3042108714580536,create_ticket;escalate_to_human;process_refund;provision_vm;generate_report,0.43824446;0.37257373;0.35865244;0.35017481;0.32617882,-1,confusable_intent,generate_report
Confusable,137,File a record of what happened with staging-db-02.,log_audit_event,log_audit_event,db_write,False,9,0.4141239821910858,0.17597149312496185,db_write;db_read;generate_report;check_status;restart_service,0.41412398;0.38429207;0.22562911;0.22342859;0.20611887,-1,confusable_intent,create_ticket
Confusable,138,Document the action taken on Frank's account.,log_audit_event,log_audit_event,escalate_to_human,False,11,0.4610452950000763,0.27797335386276245,escalate_to_human;create_ticket;provision_vm;update_subscription;send_notification,0.46104530;0.44387624;0.43336773;0.41946405;0.41107523,-1,confusable_intent,create_ticket
Confusable,139,Report the incident to the compliance trail.,log_audit_event,log_audit_event,create_ticket,False,7,0.43824446201324463,0.3042108714580536,create_ticket;escalate_to_human;process_refund;provision_vm;generate_report,0.43824446;0.37257373;0.35865244;0.35017481;0.32617882,-1,confusable_intent,generate_report
Confusable,140,Report the incident to the compliance trail.,log_audit_event,log_audit_event,create_ticket,False,7,0.43824446201324463,0.3042108714580536,create_ticket;escalate_to_human;process_refund;provision_vm;generate_report,0.43824446;0.37257373;0.35865244;0.35017481;0.32617882,-1,confusable_intent,generate_report
Confusable,141,Document the action taken on Grace's account.,log_audit_event,log_audit_event,update_subscription,False,8,0.3339138329029083,0.23858827352523804,update_subscription;escalate_to_human;provision_vm;create_ticket;generate_report,0.33391383;0.30573112;0.28544194;0.27072850;0.26001495,-1,confusable_intent,create_ticket
Confusable,142,File a record of what happened with ml-infer-05.,log_audit_event,log_audit_event,db_write,False,4,0.42069220542907715,0.3139422535896301,db_write;db_read;generate_report;log_audit_event;process_refund,0.42069221;0.37289146;0.34193528;0.31394225;0.29838899,-1,confusable_intent,create_ticket
Confusable,143,File a record of what happened with staging-db-02.,log_audit_event,log_audit_event,db_write,False,9,0.4141239821910858,0.17597149312496185,db_write;db_read;generate_report;check_status;restart_service,0.41412398;0.38429207;0.22562911;0.22342859;0.20611887,-1,confusable_intent,create_ticket
Confusable,144,Report the incident to the compliance trail.,log_audit_event,log_audit_event,create_ticket,False,7,0.43824446201324463,0.3042108714580536,create_ticket;escalate_to_human;process_refund;provision_vm;generate_report,0.43824446;0.37257373;0.35865244;0.35017481;0.32617882,-1,confusable_intent,generate_report
Confusable,145,File a record of what happened with auth-svc-04.,log_audit_event,log_audit_event,log_audit_event,True,1,0.3150598406791687,0.3150598406791687,log_audit_event;reset_password;db_write;process_refund;generate_report,0.31505984;0.28508970;0.28242666;0.26158768;0.26025969,-1,confusable_intent,create_ticket
Confusable,146,File a record of what happened with prod-web-01.,log_audit_event,log_audit_event,db_write,False,7,0.44620636105537415,0.3900383412837982,db_write;generate_report;create_ticket;provision_vm;quarantine_system,0.44620636;0.44204798;0.41857520;0.41514316;0.40618262,-1,confusable_intent,create_ticket
Confusable,147,File a record of what happened with ml-infer-05.,log_audit_event,log_audit_event,db_write,False,4,0.42069220542907715,0.3139422535896301,db_write;db_read;generate_report;log_audit_event;process_refund,0.42069221;0.37289146;0.34193528;0.31394225;0.29838899,-1,confusable_intent,create_ticket
Confusable,148,Document the action taken on Grace's account.,log_audit_event,log_audit_event,update_subscription,False,8,0.3339138329029083,0.23858827352523804,update_subscription;escalate_to_human;provision_vm;create_ticket;generate_report,0.33391383;0.30573112;0.28544194;0.27072850;0.26001495,-1,confusable_intent,create_ticket
Confusable,149,Document the action taken on Diana's account.,log_audit_event,log_audit_event,escalate_to_human,False,11,0.3769127130508423,0.26451754570007324,escalate_to_human;db_read;generate_report;provision_vm;create_ticket,0.37691271;0.35290697;0.34717095;0.33357283;0.32285815,-1,confusable_intent,create_ticket
Confusable,150,Charlie's subscription charge was wrong -- give them their money back.,process_refund,process_refund,update_subscription,False,5,0.2695811688899994,0.10016041249036789,update_subscription;create_ticket;provision_vm;escalate_to_human;process_refund,0.26958117;0.15616393;0.13978732;0.11500427;0.10016041,-1,confusable_intent,update_subscription
Confusable,151,Update Charlie's billing to reflect the returned amount.,process_refund,process_refund,update_subscription,False,6,0.3298940658569336,0.2243356853723526,update_subscription;provision_vm;create_ticket;quarantine_system;generate_report,0.32989407;0.27520838;0.25290444;0.24108012;0.23285246,-1,confusable_intent,update_database
Confusable,152,Adjust Bob's account balance after the error.,process_refund,process_refund,update_subscription,False,5,0.37995439767837524,0.22948026657104492,update_subscription;reset_password;provision_vm;create_ticket;process_refund,0.37995440;0.29259580;0.27069896;0.25209242;0.22948027,-1,confusable_intent,update_subscription
Confusable,153,Update Eve's billing to reflect the returned amount.,process_refund,process_refund,update_subscription,False,6,0.32563692331314087,0.17616890370845795,update_subscription;db_write;provision_vm;generate_report;quarantine_system,0.32563692;0.25261676;0.22519819;0.19917238;0.17639314,-1,confusable_intent,update_database
Confusable,154,Adjust Diana's account balance after the error.,process_refund,process_refund,update_subscription,False,6,0.377401202917099,0.27724677324295044,update_subscription;provision_vm;reset_password;db_write;generate_report,0.37740120;0.31154746;0.28857031;0.28375867;0.27995631,-1,confusable_intent,update_subscription
Confusable,155,Adjust Alice's account balance after the error.,process_refund,process_refund,update_subscription,False,7,0.3990303874015808,0.21025486290454865,update_subscription;escalate_to_human;provision_vm;reset_password;create_ticket,0.39903039;0.29488707;0.27323508;0.26839572;0.24697670,-1,confusable_intent,update_subscription
Confusable,156,Frank's subscription charge was wrong -- give them their money back.,process_refund,process_refund,update_subscription,False,6,0.3590262532234192,0.13137225806713104,update_subscription;create_ticket;provision_vm;escalate_to_human;generate_report,0.35902625;0.22366981;0.19287877;0.15646303;0.13205113,-1,confusable_intent,update_subscription
Confusable,157,Eve's subscription charge was wrong -- give them their money back.,process_refund,process_refund,update_subscription,False,5,0.25629591941833496,0.03609485179185867,update_subscription;provision_vm;escalate_to_human;create_ticket;process_refund,0.25629592;0.06904606;0.06028594;0.05193652;0.03609485,-1,confusable_intent,update_subscription
Confusable,158,Adjust Charlie's account balance after the error.,process_refund,process_refund,update_subscription,False,6,0.41081610321998596,0.27651533484458923,update_subscription;provision_vm;reset_password;create_ticket;quarantine_system,0.41081610;0.32497799;0.30299020;0.28908703;0.27734220,-1,confusable_intent,update_subscription
Confusable,159,Update Frank's billing to reflect the returned amount.,process_refund,process_refund,update_subscription,False,9,0.4179452955722809,0.26266488432884216,update_subscription;provision_vm;create_ticket;generate_report;send_notification,0.41794530;0.34057260;0.32821789;0.29222178;0.27898401,-1,confusable_intent,update_database
Confusable,160,Adjust Frank's account balance after the error.,process_refund,process_refund,update_subscription,False,6,0.5060897469520569,0.3301469683647156,update_subscription;provision_vm;create_ticket;reset_password;generate_report,0.50608975;0.40308338;0.36997715;0.34738576;0.33426684,-1,confusable_intent,update_subscription
Confusable,161,Grace's subscription charge was wrong -- give them their money back.,process_refund,process_refund,update_subscription,False,6,0.27516138553619385,0.010300572961568832,update_subscription;create_ticket;reset_password;provision_vm;escalate_to_human,0.27516139;0.09248178;0.07907520;0.07473247;0.04826503,-1,confusable_intent,update_subscription
Confusable,162,Adjust Grace's account balance after the error.,process_refund,process_refund,update_subscription,False,5,0.39464059472084045,0.16996057331562042,update_subscription;reset_password;provision_vm;create_ticket;process_refund,0.39464059;0.31297511;0.22785175;0.19078925;0.16996057,-1,confusable_intent,update_subscription
Confusable,163,Update Bob's billing to reflect the returned amount.,process_refund,process_refund,update_subscription,False,6,0.2769133448600769,0.14572003483772278,update_subscription;provision_vm;create_ticket;quarantine_system;escalate_to_human,0.27691334;0.19386943;0.17984875;0.14631012;0.14607869,-1,confusable_intent,update_database
Confusable,164,Bob's subscription charge was wrong -- give them their money back.,process_refund,process_refund,update_subscription,False,5,0.2488725781440735,0.07190152257680893,update_subscription;create_ticket;provision_vm;escalate_to_human;process_refund,0.24887258;0.14107789;0.10188991;0.08655952;0.07190152,-1,confusable_intent,update_subscription
Confusable,165,Update Grace's billing to reflect the returned amount.,process_refund,process_refund,update_subscription,False,5,0.3345612585544586,0.11482582241296768,update_subscription;provision_vm;reset_password;create_ticket;process_refund,0.33456126;0.18026246;0.15333323;0.14002955;0.11482582,-1,confusable_intent,update_database
Confusable,166,Update Alice's billing to reflect the returned amount.,process_refund,process_refund,update_subscription,False,7,0.3200128972530365,0.14418776333332062,update_subscription;escalate_to_human;provision_vm;create_ticket;db_write,0.32001290;0.24951418;0.21242715;0.19883060;0.17065255,-1,confusable_intent,update_database
Confusable,167,Diana's subscription charge was wrong -- give them their money back.,process_refund,process_refund,update_subscription,False,5,0.24278229475021362,0.08464419841766357,update_subscription;create_ticket;provision_vm;escalate_to_human;process_refund,0.24278229;0.13756250;0.11501092;0.09696127;0.08464420,-1,confusable_intent,update_subscription
Confusable,168,Alice's subscription charge was wrong -- give them their money back.,process_refund,process_refund,update_subscription,False,6,0.272188276052475,0.05354297533631325,update_subscription;escalate_to_human;create_ticket;provision_vm;generate_report,0.27218828;0.18316393;0.14714575;0.11242448;0.05748840,-1,confusable_intent,update_subscription
Confusable,169,Update Diana's billing to reflect the returned amount.,process_refund,process_refund,update_subscription,False,7,0.3050171136856079,0.23049061000347137,update_subscription;db_write;provision_vm;generate_report;create_ticket,0.30501711;0.27669689;0.25961280;0.24285232;0.24130282,-1,confusable_intent,update_database
Confusable,170,Adjust Eve's account balance after the error.,process_refund,process_refund,update_subscription,False,5,0.3743123412132263,0.22881339490413666,update_subscription;reset_password;provision_vm;db_write;process_refund,0.37431234;0.28513637;0.26714265;0.24089162;0.22881339,-1,confusable_intent,update_subscription
Confusable,171,Adjust Bob's account balance after the error.,process_refund,process_refund,update_subscription,False,5,0.37995439767837524,0.22948026657104492,update_subscription;reset_password;provision_vm;create_ticket;process_refund,0.37995440;0.29259580;0.27069896;0.25209242;0.22948027,-1,confusable_intent,update_subscription
Confusable,172,Eve's subscription charge was wrong -- give them their money back.,process_refund,process_refund,update_subscription,False,5,0.25629591941833496,0.03609485179185867,update_subscription;provision_vm;escalate_to_human;create_ticket;process_refund,0.25629592;0.06904606;0.06028594;0.05193652;0.03609485,-1,confusable_intent,update_subscription
Confusable,173,Update Eve's billing to reflect the returned amount.,process_refund,process_refund,update_subscription,False,6,0.32563692331314087,0.17616890370845795,update_subscription;db_write;provision_vm;generate_report;quarantine_system,0.32563692;0.25261676;0.22519819;0.19917238;0.17639314,-1,confusable_intent,update_database
Confusable,174,Update Alice's billing to reflect the returned amount.,process_refund,process_refund,update_subscription,False,7,0.3200128972530365,0.14418776333332062,update_subscription;escalate_to_human;provision_vm;create_ticket;db_write,0.32001290;0.24951418;0.21242715;0.19883060;0.17065255,-1,confusable_intent,update_database
Confusable,175,Frank's subscription charge was wrong -- give them their money back.,process_refund,process_refund,update_subscription,False,6,0.3590262532234192,0.13137225806713104,update_subscription;create_ticket;provision_vm;escalate_to_human;generate_report,0.35902625;0.22366981;0.19287877;0.15646303;0.13205113,-1,confusable_intent,update_subscription
Confusable,176,Frank's subscription charge was wrong -- give them their money back.,process_refund,process_refund,update_subscription,False,6,0.3590262532234192,0.13137225806713104,update_subscription;create_ticket;provision_vm;escalate_to_human;generate_report,0.35902625;0.22366981;0.19287877;0.15646303;0.13205113,-1,confusable_intent,update_subscription
Confusable,177,Alice's subscription charge was wrong -- give them their money back.,process_refund,process_refund,update_subscription,False,6,0.272188276052475,0.05354297533631325,update_subscription;escalate_to_human;create_ticket;provision_vm;generate_report,0.27218828;0.18316393;0.14714575;0.11242448;0.05748840,-1,confusable_intent,update_subscription
Confusable,178,Adjust Alice's account balance after the error.,process_refund,process_refund,update_subscription,False,7,0.3990303874015808,0.21025486290454865,update_subscription;escalate_to_human;provision_vm;reset_password;create_ticket,0.39903039;0.29488707;0.27323508;0.26839572;0.24697670,-1,confusable_intent,update_subscription
Confusable,179,Adjust Diana's account balance after the error.,process_refund,process_refund,update_subscription,False,6,0.377401202917099,0.27724677324295044,update_subscription;provision_vm;reset_password;db_write;generate_report,0.37740120;0.31154746;0.28857031;0.28375867;0.27995631,-1,confusable_intent,update_subscription
Confusable,180,Deploy a fresh system for Finance -- update the inventory too.,provision_vm,provision_vm,restart_service,False,3,0.436858206987381,0.3633575141429901,restart_service;db_write;provision_vm;process_refund;quarantine_system,0.43685821;0.43383893;0.36335751;0.34249267;0.34154513,-1,confusable_intent,update_database
Confusable,181,Set up another host -- the current cdn-edge-06 isn't cutting it.,provision_vm,provision_vm,provision_vm,True,1,0.3039546608924866,0.3039546608924866,provision_vm;create_ticket;send_notification;generate_report;quarantine_system,0.30395466;0.29981565;0.27255777;0.25078040;0.24351920,-1,confusable_intent,restart_service
Confusable,182,Deploy a fresh system for Legal -- update the inventory too.,provision_vm,provision_vm,restart_service,False,2,0.41469570994377136,0.3905371427536011,restart_service;provision_vm;db_write;quarantine_system;process_refund,0.41469571;0.39053714;0.37126175;0.37124810;0.37052679,-1,confusable_intent,update_database
Confusable,183,Set up another host -- the current ml-infer-05 isn't cutting it.,provision_vm,provision_vm,provision_vm,True,1,0.3067529797554016,0.3067529797554016,provision_vm;send_notification;generate_report;quarantine_system;db_write,0.30675298;0.30365387;0.28635910;0.28424269;0.28347465,-1,confusable_intent,restart_service
Confusable,184,Set up another host -- the current auth-svc-04 isn't cutting it.,provision_vm,provision_vm,create_ticket,False,2,0.25427281856536865,0.25312867760658264,create_ticket;provision_vm;reset_password;update_subscription;generate_report,0.25427282;0.25312868;0.23724802;0.23187527;0.22052601,-1,confusable_intent,restart_service
Confusable,185,Deploy a fresh system for Marketing -- update the inventory too.,provision_vm,provision_vm,restart_service,False,3,0.46540528535842896,0.361565500497818,restart_service;db_write;provision_vm;quarantine_system;process_refund,0.46540529;0.38451919;0.36156550;0.36063516;0.34771234,-1,confusable_intent,update_database
Confusable,186,Set up another host -- the current staging-db-02 isn't cutting it.,provision_vm,provision_vm,db_write,False,3,0.364644318819046,0.2599414885044098,db_write;db_read;provision_vm;generate_report;send_notification,0.36464432;0.29647052;0.25994149;0.24308519;0.24148208,-1,confusable_intent,restart_service
Confusable,187,Deploy a fresh system for Engineering -- update the inventory too.,provision_vm,provision_vm,restart_service,False,4,0.4786655306816101,0.4172322154045105,restart_service;db_write;quarantine_system;provision_vm;process_refund,0.47866553;0.44035637;0.41910225;0.41723222;0.39576811,-1,confusable_intent,update_database
Confusable,188,Restart the setup process for Marketing's new environment.,provision_vm,provision_vm,restart_service,False,3,0.5191211700439453,0.3343648910522461,restart_service;process_refund;provision_vm;quarantine_system;send_notification,0.51912117;0.34950894;0.33436489;0.32685208;0.24770942,-1,confusable_intent,restart_service
Confusable,189,Deploy a fresh system for HR -- update the inventory too.,provision_vm,provision_vm,restart_service,False,5,0.47358670830726624,0.3952011168003082,restart_service;process_refund;db_write;quarantine_system;provision_vm,0.47358671;0.41207817;0.40735856;0.40165398;0.39520112,-1,confusable_intent,update_database
Confusable,190,Restart the setup process for HR's new environment.,provision_vm,provision_vm,restart_service,False,4,0.4805578291416168,0.3324883282184601,restart_service;process_refund;quarantine_system;provision_vm;reset_password,0.48055783;0.36749408;0.33251244;0.33248833;0.29582733,-1,confusable_intent,restart_service
Confusable,191,Set up another host -- the current payment-api-03 isn't cutting it.,provision_vm,provision_vm,provision_vm,True,1,0.39742013812065125,0.39742013812065125,provision_vm;create_ticket;update_subscription;generate_report;quarantine_system,0.39742014;0.39216670;0.38212463;0.34232721;0.33803049,-1,confusable_intent,restart_service
Confusable,192,Restart the setup process for Finance's new environment.,provision_vm,provision_vm,restart_service,False,3,0.48037949204444885,0.34154853224754333,restart_service;process_refund;provision_vm;quarantine_system;db_write,0.48037949;0.35068733;0.34154853;0.30591202;0.30529389,-1,confusable_intent,restart_service
Confusable,193,Restart the setup process for Legal's new environment.,provision_vm,provision_vm,restart_service,False,3,0.46562740206718445,0.3698999583721161,restart_service;process_refund;provision_vm;quarantine_system;create_ticket,0.46562740;0.38059738;0.36989996;0.33783212;0.32978606,-1,confusable_intent,restart_service
Confusable,194,Set up another host -- the current prod-web-01 isn't cutting it.,provision_vm,provision_vm,provision_vm,True,1,0.41835567355155945,0.41835567355155945,provision_vm;create_ticket;generate_report;quarantine_system;send_notification,0.41835567;0.38885030;0.38810542;0.38237408;0.36109969,-1,confusable_intent,restart_service
Confusable,195,Restart the setup process for HR's new environment.,provision_vm,provision_vm,restart_service,False,4,0.4805578291416168,0.3324883282184601,restart_service;process_refund;quarantine_system;provision_vm;reset_password,0.48055783;0.36749408;0.33251244;0.33248833;0.29582733,-1,confusable_intent,restart_service
Confusable,196,Restart the setup process for Engineering's new environment.,provision_vm,provision_vm,restart_service,False,3,0.5205143094062805,0.3698866069316864,restart_service;process_refund;provision_vm;quarantine_system;reset_password,0.52051431;0.37174219;0.36988661;0.36627227;0.28491130,-1,confusable_intent,restart_service
Confusable,197,Set up another host -- the current payment-api-03 isn't cutting it.,provision_vm,provision_vm,provision_vm,True,1,0.39742013812065125,0.39742013812065125,provision_vm;create_ticket;update_subscription;generate_report;quarantine_system,0.39742014;0.39216670;0.38212463;0.34232721;0.33803049,-1,confusable_intent,restart_service
Confusable,198,Set up another host -- the current payment-api-03 isn't cutting it.,provision_vm,provision_vm,provision_vm,True,1,0.39742013812065125,0.39742013812065125,provision_vm;create_ticket;update_subscription;generate_report;quarantine_system,0.39742014;0.39216670;0.38212463;0.34232721;0.33803049,-1,confusable_intent,restart_service
Confusable,199,Deploy a fresh system for Marketing -- update the inventory too.,provision_vm,provision_vm,restart_service,False,3,0.46540528535842896,0.361565500497818,restart_service;db_write;provision_vm;quarantine_system;process_refund,0.46540529;0.38451919;0.36156550;0.36063516;0.34771234,-1,confusable_intent,update_database
Confusable,200,Set up another host -- the current staging-db-02 isn't cutting it.,provision_vm,provision_vm,db_write,False,3,0.364644318819046,0.2599414885044098,db_write;db_read;provision_vm;generate_report;send_notification,0.36464432;0.29647052;0.25994149;0.24308519;0.24148208,-1,confusable_intent,restart_service
Confusable,201,Set up another host -- the current cdn-edge-06 isn't cutting it.,provision_vm,provision_vm,provision_vm,True,1,0.3039546608924866,0.3039546608924866,provision_vm;create_ticket;send_notification;generate_report;quarantine_system,0.30395466;0.29981565;0.27255777;0.25078040;0.24351920,-1,confusable_intent,restart_service
Confusable,202,Deploy a fresh system for HR -- update the inventory too.,provision_vm,provision_vm,restart_service,False,5,0.47358670830726624,0.3952011168003082,restart_service;process_refund;db_write;quarantine_system;provision_vm,0.47358671;0.41207817;0.40735856;0.40165398;0.39520112,-1,confusable_intent,update_database
Confusable,203,Restart the setup process for HR's new environment.,provision_vm,provision_vm,restart_service,False,4,0.4805578291416168,0.3324883282184601,restart_service;process_refund;quarantine_system;provision_vm;reset_password,0.48055783;0.36749408;0.33251244;0.33248833;0.29582733,-1,confusable_intent,restart_service
Confusable,204,Set up another host -- the current payment-api-03 isn't cutting it.,provision_vm,provision_vm,provision_vm,True,1,0.39742013812065125,0.39742013812065125,provision_vm;create_ticket;update_subscription;generate_report;quarantine_system,0.39742014;0.39216670;0.38212463;0.34232721;0.33803049,-1,confusable_intent,restart_service
Confusable,205,Restart the setup process for Legal's new environment.,provision_vm,provision_vm,restart_service,False,3,0.46562740206718445,0.3698999583721161,restart_service;process_refund;provision_vm;quarantine_system;create_ticket,0.46562740;0.38059738;0.36989996;0.33783212;0.32978606,-1,confusable_intent,restart_service
Confusable,206,Set up another host -- the current ml-infer-05 isn't cutting it.,provision_vm,provision_vm,provision_vm,True,1,0.3067529797554016,0.3067529797554016,provision_vm;send_notification;generate_report;quarantine_system;db_write,0.30675298;0.30365387;0.28635910;0.28424269;0.28347465,-1,confusable_intent,restart_service
Confusable,207,Deploy a fresh system for Marketing -- update the inventory too.,provision_vm,provision_vm,restart_service,False,3,0.46540528535842896,0.361565500497818,restart_service;db_write;provision_vm;quarantine_system;process_refund,0.46540529;0.38451919;0.36156550;0.36063516;0.34771234,-1,confusable_intent,update_database
Confusable,208,Deploy a fresh system for Marketing -- update the inventory too.,provision_vm,provision_vm,restart_service,False,3,0.46540528535842896,0.361565500497818,restart_service;db_write;provision_vm;quarantine_system;process_refund,0.46540529;0.38451919;0.36156550;0.36063516;0.34771234,-1,confusable_intent,update_database
Confusable,209,Deploy a fresh system for Marketing -- update the inventory too.,provision_vm,provision_vm,restart_service,False,3,0.46540528535842896,0.361565500497818,restart_service;db_write;provision_vm;quarantine_system;process_refund,0.46540529;0.38451919;0.36156550;0.36063516;0.34771234,-1,confusable_intent,update_database
Confusable,210,Restart payment-api-03's isolation procedure.,quarantine_system,quarantine_system,process_refund,False,4,0.4313157796859741,0.391777902841568,process_refund;provision_vm;create_ticket;quarantine_system;restart_service,0.43131578;0.42125511;0.40830708;0.39177790;0.36882406,-1,confusable_intent,restart_service
Confusable,211,Scan and lock down prod-web-01 immediately.,quarantine_system,quarantine_system,scan_malware,False,2,0.48638612031936646,0.36788955330848694,scan_malware;quarantine_system;provision_vm;process_refund;generate_report,0.48638612;0.36788955;0.32430252;0.28460342;0.27807277,-1,confusable_intent,scan_malware
Confusable,212,cdn-edge-06 is infected -- shut down its connections.,quarantine_system,quarantine_system,scan_malware,False,2,0.3061186969280243,0.198927104473114,scan_malware;quarantine_system;restart_service;provision_vm;escalate_to_human,0.30611870;0.19892710;0.18491107;0.18445076;0.17107394,-1,confusable_intent,scan_malware
Confusable,213,Scan and lock down staging-db-02 immediately.,quarantine_system,quarantine_system,scan_malware,False,2,0.2947198748588562,0.2158859819173813,scan_malware;quarantine_system;db_write;provision_vm;db_read,0.29471987;0.21588598;0.20236592;0.18898897;0.17113566,-1,confusable_intent,scan_malware
Confusable,214,Scan and lock down payment-api-03 immediately.,quarantine_system,quarantine_system,scan_malware,False,2,0.3177189230918884,0.2353661209344864,scan_malware;quarantine_system;provision_vm;escalate_to_human;process_refund,0.31771892;0.23536612;0.20724224;0.17901802;0.16673784,-1,confusable_intent,scan_malware
Confusable,215,Restart prod-web-01's isolation procedure.,quarantine_system,quarantine_system,process_refund,False,2,0.4574769139289856,0.45459625124931335,process_refund;quarantine_system;provision_vm;restart_service;generate_report,0.45747691;0.45459625;0.44924924;0.43472365;0.40808904,-1,confusable_intent,restart_service
Confusable,216,ml-infer-05 is infected -- shut down its connections.,quarantine_system,quarantine_system,scan_malware,False,2,0.37156760692596436,0.23057836294174194,scan_malware;quarantine_system;provision_vm;restart_service;generate_report,0.37156761;0.23057836;0.19556254;0.17352454;0.15843610,-1,confusable_intent,scan_malware
Confusable,217,auth-svc-04 is infected -- shut down its connections.,quarantine_system,quarantine_system,scan_malware,False,4,0.30435851216316223,0.17711183428764343,scan_malware;restart_service;reset_password;quarantine_system;provision_vm,0.30435851;0.21266939;0.17790399;0.17711183;0.13937005,-1,confusable_intent,scan_malware
Confusable,218,staging-db-02 is infected -- shut down its connections.,quarantine_system,quarantine_system,scan_malware,False,3,0.29836010932922363,0.1790938526391983,scan_malware;restart_service;quarantine_system;db_write;provision_vm,0.29836011;0.22298802;0.17909385;0.17845936;0.14496341,-1,confusable_intent,scan_malware
Confusable,219,Scan and lock down cdn-edge-06 immediately.,quarantine_system,quarantine_system,scan_malware,False,2,0.3377702534198761,0.2301054745912552,scan_malware;quarantine_system;provision_vm;escalate_to_human;send_notification,0.33777025;0.23010547;0.21133809;0.18430789;0.15824069,-1,confusable_intent,scan_malware
Confusable,220,Restart auth-svc-04's isolation procedure.,quarantine_system,quarantine_system,reset_password,False,5,0.3851863145828247,0.31939423084259033,reset_password;restart_service;process_refund;provision_vm;quarantine_system,0.38518631;0.36881253;0.33486751;0.32501256;0.31939423,-1,confusable_intent,restart_service
Confusable,221,Scan and lock down ml-infer-05 immediately.,quarantine_system,quarantine_system,scan_malware,False,2,0.3292624056339264,0.22748327255249023,scan_malware;quarantine_system;provision_vm;generate_report;send_notification,0.32926241;0.22748327;0.18754473;0.18284601;0.17058598,-1,confusable_intent,scan_malware
Confusable,222,Restart cdn-edge-06's isolation procedure.,quarantine_system,quarantine_system,provision_vm,False,2,0.36006802320480347,0.3494415283203125,provision_vm;quarantine_system;restart_service;process_refund;create_ticket,0.36006802;0.34944153;0.34582794;0.34488675;0.33774069,-1,confusable_intent,restart_service
Confusable,223,Restart staging-db-02's isolation procedure.,quarantine_system,quarantine_system,restart_service,False,7,0.39598849415779114,0.2812829315662384,restart_service;db_write;process_refund;db_read;provision_vm,0.39598849;0.39444488;0.31666374;0.31562811;0.30444217,-1,confusable_intent,restart_service
Confusable,224,prod-web-01 is infected -- shut down its connections.,quarantine_system,quarantine_system,scan_malware,False,2,0.43911290168762207,0.32177281379699707,scan_malware;quarantine_system;provision_vm;restart_service;generate_report,0.43911290;0.32177281;0.28265896;0.24023771;0.23655666,-1,confusable_intent,scan_malware
Confusable,225,payment-api-03 is infected -- shut down its connections.,quarantine_system,quarantine_system,scan_malware,False,2,0.35778722167015076,0.25470873713493347,scan_malware;quarantine_system;provision_vm;restart_service;escalate_to_human,0.35778722;0.25470874;0.21931890;0.17808935;0.17392606,-1,confusable_intent,scan_malware
Confusable,226,Scan and lock down auth-svc-04 immediately.,quarantine_system,quarantine_system,scan_malware,False,3,0.2917269468307495,0.16062046587467194,scan_malware;reset_password;quarantine_system;provision_vm;escalate_to_human,0.29172695;0.22413582;0.16062047;0.11752240;0.11101877,-1,confusable_intent,scan_malware
Confusable,227,Restart ml-infer-05's isolation procedure.,quarantine_system,quarantine_system,process_refund,False,3,0.32701992988586426,0.3152371048927307,process_refund;restart_service;quarantine_system;generate_report;provision_vm,0.32701993;0.31921738;0.31523710;0.30670419;0.30523768,-1,confusable_intent,restart_service
Confusable,228,payment-api-03 is infected -- shut down its connections.,quarantine_system,quarantine_system,scan_malware,False,2,0.35778722167015076,0.25470873713493347,scan_malware;quarantine_system;provision_vm;restart_service;escalate_to_human,0.35778722;0.25470874;0.21931890;0.17808935;0.17392606,-1,confusable_intent,scan_malware
Confusable,229,Restart staging-db-02's isolation procedure.,quarantine_system,quarantine_system,restart_service,False,7,0.39598849415779114,0.2812829315662384,restart_service;db_write;process_refund;db_read;provision_vm,0.39598849;0.39444488;0.31666374;0.31562811;0.30444217,-1,confusable_intent,restart_service
Confusable,230,staging-db-02 is infected -- shut down its connections.,quarantine_system,quarantine_system,scan_malware,False,3,0.29836010932922363,0.1790938526391983,scan_malware;restart_service;quarantine_system;db_write;provision_vm,0.29836011;0.22298802;0.17909385;0.17845936;0.14496341,-1,confusable_intent,scan_malware
Confusable,231,auth-svc-04 is infected -- shut down its connections.,quarantine_system,quarantine_system,scan_malware,False,4,0.30435851216316223,0.17711183428764343,scan_malware;restart_service;reset_password;quarantine_system;provision_vm,0.30435851;0.21266939;0.17790399;0.17711183;0.13937005,-1,confusable_intent,scan_malware
Confusable,232,Scan and lock down payment-api-03 immediately.,quarantine_system,quarantine_system,scan_malware,False,2,0.3177189230918884,0.2353661209344864,scan_malware;quarantine_system;provision_vm;escalate_to_human;process_refund,0.31771892;0.23536612;0.20724224;0.17901802;0.16673784,-1,confusable_intent,scan_malware
Confusable,233,ml-infer-05 is infected -- shut down its connections.,quarantine_system,quarantine_system,scan_malware,False,2,0.37156760692596436,0.23057836294174194,scan_malware;quarantine_system;provision_vm;restart_service;generate_report,0.37156761;0.23057836;0.19556254;0.17352454;0.15843610,-1,confusable_intent,scan_malware
Confusable,234,Restart auth-svc-04's isolation procedure.,quarantine_system,quarantine_system,reset_password,False,5,0.3851863145828247,0.31939423084259033,reset_password;restart_service;process_refund;provision_vm;quarantine_system,0.38518631;0.36881253;0.33486751;0.32501256;0.31939423,-1,confusable_intent,restart_service
Confusable,235,Scan and lock down staging-db-02 immediately.,quarantine_system,quarantine_system,scan_malware,False,2,0.2947198748588562,0.2158859819173813,scan_malware;quarantine_system;db_write;provision_vm;db_read,0.29471987;0.21588598;0.20236592;0.18898897;0.17113566,-1,confusable_intent,scan_malware
Confusable,236,Restart auth-svc-04's isolation procedure.,quarantine_system,quarantine_system,reset_password,False,5,0.3851863145828247,0.31939423084259033,reset_password;restart_service;process_refund;provision_vm;quarantine_system,0.38518631;0.36881253;0.33486751;0.32501256;0.31939423,-1,confusable_intent,restart_service
Confusable,237,Restart cdn-edge-06's isolation procedure.,quarantine_system,quarantine_system,provision_vm,False,2,0.36006802320480347,0.3494415283203125,provision_vm;quarantine_system;restart_service;process_refund;create_ticket,0.36006802;0.34944153;0.34582794;0.34488675;0.33774069,-1,confusable_intent,restart_service
Confusable,238,Scan and lock down auth-svc-04 immediately.,quarantine_system,quarantine_system,scan_malware,False,3,0.2917269468307495,0.16062046587467194,scan_malware;reset_password;quarantine_system;provision_vm;escalate_to_human,0.29172695;0.22413582;0.16062047;0.11752240;0.11101877,-1,confusable_intent,scan_malware
Confusable,239,Scan and lock down prod-web-01 immediately.,quarantine_system,quarantine_system,scan_malware,False,2,0.48638612031936646,0.36788955330848694,scan_malware;quarantine_system;provision_vm;process_refund;generate_report,0.48638612;0.36788955;0.32430252;0.28460342;0.27807277,-1,confusable_intent,scan_malware
Confusable,240,I need a report of Grace's transactions from the database.,query_database,db_read,db_read,True,1,0.33897772431373596,0.33897772431373596,db_read;db_write;log_audit_event;generate_report;check_status,0.33897772;0.32234725;0.25711718;0.17463471;0.16115609,-1,confusable_intent,generate_report
Confusable,241,I want to check what we have on file for Frank.,query_database,db_read,db_read,True,1,0.4116692841053009,0.4116692841053009,db_read;check_status;send_notification;db_write;generate_report,0.41166928;0.39281130;0.38918087;0.37896147;0.37013572,-1,confusable_intent,check_status
Confusable,242,I want to check what we have on file for Alice.,query_database,db_read,db_read,True,1,0.3446621298789978,0.3446621298789978,db_read;log_audit_event;db_write;escalate_to_human;generate_report,0.34466213;0.31520569;0.30475372;0.27294573;0.26454628,-1,confusable_intent,check_status
Confusable,243,I need a report of Diana's transactions from the database.,query_database,db_read,db_read,True,1,0.4407583475112915,0.4407583475112915,db_read;db_write;log_audit_event;generate_report;process_refund,0.44075835;0.40767559;0.25160825;0.24947831;0.20906797,-1,confusable_intent,generate_report
Confusable,244,I want to check what we have on file for Grace.,query_database,db_read,log_audit_event,False,2,0.3194672763347626,0.30449745059013367,log_audit_event;db_read;check_status;db_write;generate_report,0.31946728;0.30449745;0.27626401;0.26872477;0.23652503,-1,confusable_intent,check_status
Confusable,245,Generate a list of all entries matching Frank.,query_database,db_read,db_read,True,1,0.27771270275115967,0.27771270275115967,db_read;db_write;generate_report;send_notification;quarantine_system,0.27771270;0.27671260;0.26836890;0.26778281;0.25741586,-1,confusable_intent,generate_report
Confusable,246,I need a report of Frank's transactions from the database.,query_database,db_read,db_read,True,1,0.4328424334526062,0.4328424334526062,db_read;db_write;generate_report;check_status;create_ticket,0.43284243;0.42215830;0.30324826;0.29105225;0.28829300,-1,confusable_intent,generate_report
Confusable,247,Can you verify the records for #42017 in the system?,query_database,db_read,db_read,True,1,0.47958892583847046,0.47958892583847046,db_read;db_write;check_status;send_notification;generate_report,0.47958893;0.45595813;0.40367436;0.35086000;0.33394834,-1,confusable_intent,check_status
Confusable,248,Generate a list of all entries matching Bob.,query_database,db_read,check_status,False,3,0.15966475009918213,0.15935960412025452,check_status;log_audit_event;db_read;scan_malware;quarantine_system,0.15966475;0.15940976;0.15935960;0.15713097;0.14809372,-1,confusable_intent,generate_report
Confusable,249,Can you verify the records for #53698 in the system?,query_database,db_read,db_read,True,1,0.48168668150901794,0.48168668150901794,db_read;db_write;check_status;generate_report;send_notification,0.48168668;0.42930898;0.34183452;0.30866498;0.30009064,-1,confusable_intent,check_status
Confusable,250,I want to check what we have on file for Diana.,query_database,db_read,db_read,True,1,0.4835280179977417,0.4835280179977417,db_read;db_write;generate_report;check_status;log_audit_event,0.48352802;0.41182587;0.32004252;0.31451702;0.31133750,-1,confusable_intent,check_status
Confusable,251,Can you verify the records for #31450 in the system?,query_database,db_read,db_read,True,1,0.45488783717155457,0.45488783717155457,db_read;db_write;check_status;send_notification;generate_report,0.45488784;0.42113245;0.36801499;0.31772202;0.30763063,-1,confusable_intent,check_status
Confusable,252,Can you verify the records for #60122 in the system?,query_database,db_read,db_read,True,1,0.4524061679840088,0.4524061679840088,db_read;db_write;check_status;send_notification;restart_service,0.45240617;0.39689809;0.36279118;0.29661515;0.28652114,-1,confusable_intent,check_status
Confusable,253,Generate a list of all entries matching Diana.,query_database,db_read,db_read,True,1,0.34718558192253113,0.34718558192253113,db_read;db_write;generate_report;log_audit_event;process_refund,0.34718558;0.30593780;0.24654648;0.23120673;0.21706164,-1,confusable_intent,generate_report
Confusable,254,I want to check what we have on file for Charlie.,query_database,db_read,db_read,True,1,0.3966161608695984,0.3966161608695984,db_read;check_status;db_write;log_audit_event;scan_malware,0.39661616;0.33965176;0.33918646;0.33258188;0.32960328,-1,confusable_intent,check_status
Confusable,255,I need a report of Charlie's transactions from the database.,query_database,db_read,db_read,True,1,0.39717820286750793,0.39717820286750793,db_read;db_write;log_audit_event;generate_report;check_status,0.39717820;0.36063322;0.26112071;0.23606111;0.22029160,-1,confusable_intent,generate_report
Confusable,256,I want to check what we have on file for Bob.,query_database,db_read,db_read,True,1,0.3533131182193756,0.3533131182193756,db_read;check_status;log_audit_event;send_notification;quarantine_system,0.35331312;0.32663366;0.28310448;0.27300772;0.26800042,-1,confusable_intent,check_status
Confusable,257,I need a report of Eve's transactions from the database.,query_database,db_read,db_write,False,2,0.37761390209198,0.36220377683639526,db_write;db_read;log_audit_event;generate_report;check_status,0.37761390;0.36220378;0.27112010;0.20112781;0.19363068,-1,confusable_intent,generate_report
Confusable,258,Generate a list of all entries matching Alice.,query_database,db_read,escalate_to_human,False,3,0.2125428467988968,0.15264105796813965,escalate_to_human;log_audit_event;db_read;db_write;update_subscription,0.21254285;0.18743786;0.15264106;0.15125582;0.14440428,-1,confusable_intent,generate_report
Confusable,259,Generate a list of all entries matching Grace.,query_database,db_read,log_audit_event,False,10,0.20757830142974854,0.11069799959659576,log_audit_event;reset_password;update_subscription;scan_malware;db_write,0.20757830;0.18361254;0.17580557;0.15285154;0.13037252,-1,confusable_intent,generate_report
Confusable,260,I want to check what we have on file for Eve.,query_database,db_read,db_read,True,1,0.3563942611217499,0.3563942611217499,db_read;db_write;log_audit_event;check_status;generate_report,0.35639426;0.35192516;0.33152398;0.30227304;0.26404461,-1,confusable_intent,check_status
Confusable,261,Generate a list of all entries matching Eve.,query_database,db_read,db_write,False,3,0.2269948571920395,0.1975627839565277,db_write;log_audit_event;db_read;scan_malware;generate_report,0.22699486;0.22128904;0.19756278;0.16057236;0.15248153,-1,confusable_intent,generate_report
Confusable,262,I need a report of Alice's transactions from the database.,query_database,db_read,db_read,True,1,0.3650129437446594,0.3650129437446594,db_read;db_write;log_audit_event;generate_report;create_ticket,0.36501294;0.35048848;0.27073559;0.21339805;0.18435498,-1,confusable_intent,generate_report
Confusable,263,Can you verify the records for #20891 in the system?,query_database,db_read,db_read,True,1,0.48366960883140564,0.48366960883140564,db_read;db_write;check_status;generate_report;send_notification,0.48366961;0.48041338;0.39670208;0.37845826;0.36391559,-1,confusable_intent,check_status
Confusable,264,Generate a list of all entries matching Charlie.,query_database,db_read,quarantine_system,False,3,0.2459961622953415,0.23595282435417175,quarantine_system;log_audit_event;db_read;scan_malware;generate_report,0.24599616;0.24524336;0.23595282;0.23592529;0.22622500,-1,confusable_intent,generate_report
Confusable,265,Can you verify the records for #10234 in the system?,query_database,db_read,db_read,True,1,0.48814207315444946,0.48814207315444946,db_read;db_write;check_status;send_notification;quarantine_system,0.48814207;0.43264839;0.40668589;0.32269126;0.30811545,-1,confusable_intent,check_status
Confusable,266,Generate a list of all entries matching Bob.,query_database,db_read,check_status,False,3,0.15966475009918213,0.15935960412025452,check_status;log_audit_event;db_read;scan_malware;quarantine_system,0.15966475;0.15940976;0.15935960;0.15713097;0.14809372,-1,confusable_intent,generate_report
Confusable,267,I need a report of Bob's transactions from the database.,query_database,db_read,db_read,True,1,0.3804052472114563,0.3804052472114563,db_read;db_write;log_audit_event;check_status;generate_report,0.38040525;0.29813620;0.22961238;0.22328012;0.18283382,-1,confusable_intent,generate_report
Confusable,268,Generate a list of all entries matching Bob.,query_database,db_read,check_status,False,3,0.15966475009918213,0.15935960412025452,check_status;log_audit_event;db_read;scan_malware;quarantine_system,0.15966475;0.15940976;0.15935960;0.15713097;0.14809372,-1,confusable_intent,generate_report
Confusable,269,I need a report of Diana's transactions from the database.,query_database,db_read,db_read,True,1,0.4407583475112915,0.4407583475112915,db_read;db_write;log_audit_event;generate_report;process_refund,0.44075835;0.40767559;0.25160825;0.24947831;0.20906797,-1,confusable_intent,generate_report
Confusable,270,Update Charlie's login so they can get back in.,reset_password,reset_password,reset_password,True,1,0.4873914420604706,0.4873914420604706,reset_password;provision_vm;quarantine_system;process_refund;scan_malware,0.48739144;0.29565987;0.28920814;0.28402054;0.27083018,-1,confusable_intent,update_database
Confusable,271,Frank's access needs to be fixed -- the system locked them out.,reset_password,reset_password,provision_vm,False,2,0.4444739520549774,0.4268876016139984,provision_vm;reset_password;generate_report;quarantine_system;process_refund,0.44447395;0.42688760;0.40663707;0.40565500;0.40119863,-1,confusable_intent,quarantine_system
Confusable,272,The system is blocking Grace -- fix their credentials.,reset_password,reset_password,reset_password,True,1,0.3792560398578644,0.3792560398578644,reset_password;scan_malware;provision_vm;update_subscription;quarantine_system,0.37925604;0.26948231;0.22218379;0.21321270;0.19991416,-1,confusable_intent,quarantine_system
Confusable,273,Update Diana's login so they can get back in.,reset_password,reset_password,reset_password,True,1,0.5004541873931885,0.5004541873931885,reset_password;generate_report;process_refund;provision_vm;quarantine_system,0.50045419;0.31605658;0.31570908;0.31484705;0.26825559,-1,confusable_intent,update_database
Confusable,274,Grace's access needs to be fixed -- the system locked them out.,reset_password,reset_password,reset_password,True,1,0.4048711359500885,0.4048711359500885,reset_password;provision_vm;scan_malware;update_subscription;process_refund,0.40487114;0.30751464;0.29393327;0.28621244;0.27460784,-1,confusable_intent,quarantine_system
Confusable,275,The system is blocking Bob -- fix their credentials.,reset_password,reset_password,reset_password,True,1,0.3924415111541748,0.3924415111541748,reset_password;scan_malware;quarantine_system;provision_vm;process_refund,0.39244151;0.33507425;0.27099779;0.26956707;0.23685430,-1,confusable_intent,quarantine_system
Confusable,276,Update Grace's login so they can get back in.,reset_password,reset_password,reset_password,True,1,0.5020706653594971,0.5020706653594971,reset_password;update_subscription;provision_vm;process_refund;generate_report,0.50207067;0.28123528;0.22233173;0.19915123;0.18134864,-1,confusable_intent,update_database
Confusable,277,The system is blocking Frank -- fix their credentials.,reset_password,reset_password,reset_password,True,1,0.4434116780757904,0.4434116780757904,reset_password;provision_vm;scan_malware;quarantine_system;escalate_to_human,0.44341168;0.38651699;0.38135397;0.35652611;0.34250465,-1,confusable_intent,quarantine_system
Confusable,278,Diana's access needs to be fixed -- the system locked them out.,reset_password,reset_password,provision_vm,False,2,0.37879782915115356,0.37325161695480347,provision_vm;reset_password;process_refund;generate_report;quarantine_system,0.37879783;0.37325162;0.37244710;0.36993614;0.35273072,-1,confusable_intent,quarantine_system
Confusable,279,Update Bob's login so they can get back in.,reset_password,reset_password,reset_password,True,1,0.4850162863731384,0.4850162863731384,reset_password;provision_vm;process_refund;update_subscription;quarantine_system,0.48501629;0.25174797;0.24936731;0.24451767;0.23040728,-1,confusable_intent,update_database
Confusable,280,The system is blocking Eve -- fix their credentials.,reset_password,reset_password,reset_password,True,1,0.34284061193466187,0.34284061193466187,reset_password;scan_malware;provision_vm;quarantine_system;process_refund,0.34284061;0.30738553;0.24987635;0.24816996;0.22789128,-1,confusable_intent,quarantine_system
Confusable,281,The system is blocking Charlie -- fix their credentials.,reset_password,reset_password,reset_password,True,1,0.375943660736084,0.375943660736084,reset_password;scan_malware;quarantine_system;provision_vm;escalate_to_human,0.37594366;0.37484512;0.31973439;0.30676666;0.27438208,-1,confusable_intent,quarantine_system
Confusable,282,The system is blocking Alice -- fix their credentials.,reset_password,reset_password,reset_password,True,1,0.3570990264415741,0.3570990264415741,reset_password;escalate_to_human;provision_vm;update_subscription;process_refund,0.35709903;0.34356678;0.28651202;0.26087290;0.24312939,-1,confusable_intent,quarantine_system
Confusable,283,The system is blocking Diana -- fix their credentials.,reset_password,reset_password,reset_password,True,1,0.3526030480861664,0.3526030480861664,reset_password;scan_malware;provision_vm;quarantine_system;escalate_to_human,0.35260305;0.32033131;0.31393182;0.28110719;0.27460855,-1,confusable_intent,quarantine_system
Confusable,284,Alice's access needs to be fixed -- the system locked them out.,reset_password,reset_password,reset_password,True,1,0.4019857943058014,0.4019857943058014,reset_password;provision_vm;escalate_to_human;process_refund;generate_report,0.40198579;0.36674747;0.35443097;0.34069833;0.33248219,-1,confusable_intent,quarantine_system
Confusable,285,Update Alice's login so they can get back in.,reset_password,reset_password,reset_password,True,1,0.48407620191574097,0.48407620191574097,reset_password;escalate_to_human;provision_vm;update_subscription;process_refund,0.48407620;0.30099583;0.28511301;0.28263056;0.25758070,-1,confusable_intent,update_database
Confusable,286,Eve's access needs to be fixed -- the system locked them out.,reset_password,reset_password,reset_password,True,1,0.35091087222099304,0.35091087222099304,reset_password;provision_vm;process_refund;quarantine_system;generate_report,0.35091087;0.31854451;0.31613934;0.31310534;0.31091827,-1,confusable_intent,quarantine_system
Confusable,287,Bob's access needs to be fixed -- the system locked them out.,reset_password,reset_password,reset_password,True,1,0.39879676699638367,0.39879676699638367,reset_password;process_refund;provision_vm;quarantine_system;scan_malware,0.39879677;0.33552578;0.33142701;0.33013803;0.31256029,-1,confusable_intent,quarantine_system
Confusable,288,Charlie's access needs to be fixed -- the system locked them out.,reset_password,reset_password,quarantine_system,False,3,0.38329586386680603,0.37482357025146484,quarantine_system;provision_vm;reset_password;process_refund;scan_malware,0.38329586;0.37651646;0.37482357;0.36429083;0.36404815,-1,confusable_intent,quarantine_system
Confusable,289,Update Frank's login so they can get back in.,reset_password,reset_password,reset_password,True,1,0.5178964734077454,0.5178964734077454,reset_password;provision_vm;update_subscription;generate_report;process_refund,0.51789647;0.36499059;0.35365582;0.33750537;0.32484946,-1,confusable_intent,update_database
Confusable,290,Update Eve's login so they can get back in.,reset_password,reset_password,reset_password,True,1,0.456305593252182,0.456305593252182,reset_password;provision_vm;process_refund;update_subscription;generate_report,0.45630559;0.24208750;0.24194334;0.23591538;0.22754353,-1,confusable_intent,update_database
Confusable,291,Diana's access needs to be fixed -- the system locked them out.,reset_password,reset_password,provision_vm,False,2,0.37879782915115356,0.37325161695480347,provision_vm;reset_password;process_refund;generate_report;quarantine_system,0.37879783;0.37325162;0.37244710;0.36993614;0.35273072,-1,confusable_intent,quarantine_system
Confusable,292,Frank's access needs to be fixed -- the system locked them out.,reset_password,reset_password,provision_vm,False,2,0.4444739520549774,0.4268876016139984,provision_vm;reset_password;generate_report;quarantine_system;process_refund,0.44447395;0.42688760;0.40663707;0.40565500;0.40119863,-1,confusable_intent,quarantine_system
Confusable,293,Eve's access needs to be fixed -- the system locked them out.,reset_password,reset_password,reset_password,True,1,0.35091087222099304,0.35091087222099304,reset_password;provision_vm;process_refund;quarantine_system;generate_report,0.35091087;0.31854451;0.31613934;0.31310534;0.31091827,-1,confusable_intent,quarantine_system
Confusable,294,Charlie's access needs to be fixed -- the system locked them out.,reset_password,reset_password,quarantine_system,False,3,0.38329586386680603,0.37482357025146484,quarantine_system;provision_vm;reset_password;process_refund;scan_malware,0.38329586;0.37651646;0.37482357;0.36429083;0.36404815,-1,confusable_intent,quarantine_system
Confusable,295,Frank's access needs to be fixed -- the system locked them out.,reset_password,reset_password,provision_vm,False,2,0.4444739520549774,0.4268876016139984,provision_vm;reset_password;generate_report;quarantine_system;process_refund,0.44447395;0.42688760;0.40663707;0.40565500;0.40119863,-1,confusable_intent,quarantine_system
Confusable,296,The system is blocking Charlie -- fix their credentials.,reset_password,reset_password,reset_password,True,1,0.375943660736084,0.375943660736084,reset_password;scan_malware;quarantine_system;provision_vm;escalate_to_human,0.37594366;0.37484512;0.31973439;0.30676666;0.27438208,-1,confusable_intent,quarantine_system
Confusable,297,Bob's access needs to be fixed -- the system locked them out.,reset_password,reset_password,reset_password,True,1,0.39879676699638367,0.39879676699638367,reset_password;process_refund;provision_vm;quarantine_system;scan_malware,0.39879677;0.33552578;0.33142701;0.33013803;0.31256029,-1,confusable_intent,quarantine_system
Confusable,298,Update Alice's login so they can get back in.,reset_password,reset_password,reset_password,True,1,0.48407620191574097,0.48407620191574097,reset_password;escalate_to_human;provision_vm;update_subscription;process_refund,0.48407620;0.30099583;0.28511301;0.28263056;0.25758070,-1,confusable_intent,update_database
Confusable,299,Update Grace's login so they can get back in.,reset_password,reset_password,reset_password,True,1,0.5020706653594971,0.5020706653594971,reset_password;update_subscription;provision_vm;process_refund;generate_report,0.50207067;0.28123528;0.22233173;0.19915123;0.18134864,-1,confusable_intent,update_database
Confusable,300,Bring auth-svc-04 back to life.,restart_service,restart_service,reset_password,False,2,0.3549351096153259,0.30424439907073975,reset_password;restart_service;quarantine_system;provision_vm;process_refund,0.35493511;0.30424440;0.27716544;0.27452701;0.27406955,-1,confusable_intent,provision_vm
Confusable,301,Provision a fresh start for prod-web-01.,restart_service,restart_service,provision_vm,False,11,0.4351038932800293,0.32240399718284607,provision_vm;quarantine_system;process_refund;generate_report;create_ticket,0.43510389;0.41547203;0.41527358;0.40966275;0.38473311,-1,confusable_intent,provision_vm
Confusable,302,Provision a fresh start for cdn-edge-06.,restart_service,restart_service,provision_vm,False,6,0.3471447825431824,0.295302152633667,provision_vm;quarantine_system;send_notification;process_refund;create_ticket,0.34714478;0.31767258;0.31177232;0.31072956;0.30108362,-1,confusable_intent,provision_vm
Confusable,303,The service on auth-svc-04 is failing -- isolate and reboot.,restart_service,restart_service,restart_service,True,1,0.4716457724571228,0.4716457724571228,restart_service;process_refund;quarantine_system;escalate_to_human;provision_vm,0.47164577;0.24113865;0.22602482;0.19163606;0.18269929,-1,confusable_intent,quarantine_system
Confusable,304,The service on ml-infer-05 is failing -- isolate and reboot.,restart_service,restart_service,restart_service,True,1,0.46768346428871155,0.46768346428871155,restart_service;process_refund;quarantine_system;provision_vm;check_status,0.46768346;0.31621885;0.30123115;0.25616345;0.23285821,-1,confusable_intent,quarantine_system
Confusable,305,The service on prod-web-01 is failing -- isolate and reboot.,restart_service,restart_service,restart_service,True,1,0.5340036749839783,0.5340036749839783,restart_service;process_refund;quarantine_system;provision_vm;create_ticket,0.53400367;0.40116104;0.39638630;0.34997588;0.33560547,-1,confusable_intent,quarantine_system
Confusable,306,Bring prod-web-01 back to life.,restart_service,restart_service,quarantine_system,False,10,0.4375912547111511,0.31833064556121826,quarantine_system;provision_vm;generate_report;process_refund;scan_malware,0.43759125;0.43194965;0.42733738;0.41398868;0.40498045,-1,confusable_intent,provision_vm
Confusable,307,Bring cdn-edge-06 back to life.,restart_service,restart_service,provision_vm,False,4,0.27741774916648865,0.2543925344944,provision_vm;quarantine_system;generate_report;restart_service;process_refund,0.27741775;0.26582533;0.26408622;0.25439253;0.25015122,-1,confusable_intent,provision_vm
Confusable,308,Provision a fresh start for auth-svc-04.,restart_service,restart_service,reset_password,False,2,0.351939857006073,0.31457558274269104,reset_password;restart_service;process_refund;provision_vm;quarantine_system,0.35193986;0.31457558;0.28350931;0.27909327;0.26867610,-1,confusable_intent,provision_vm
Confusable,309,The service on payment-api-03 is failing -- isolate and reboot.,restart_service,restart_service,restart_service,True,1,0.50258868932724,0.50258868932724,restart_service;process_refund;quarantine_system;provision_vm;create_ticket,0.50258869;0.37636396;0.35539991;0.33069241;0.32935736,-1,confusable_intent,quarantine_system
Confusable,310,Bring ml-infer-05 back to life.,restart_service,restart_service,generate_report,False,6,0.2969905138015747,0.26178187131881714,generate_report;quarantine_system;provision_vm;process_refund;db_write,0.29699051;0.28098011;0.28012961;0.27926102;0.27530009,-1,confusable_intent,provision_vm
Confusable,311,Bring staging-db-02 back to life.,restart_service,restart_service,db_write,False,2,0.3281099498271942,0.3043680489063263,db_write;restart_service;db_read;provision_vm;generate_report,0.32810995;0.30436805;0.25088707;0.24593391;0.24494271,-1,confusable_intent,provision_vm
Confusable,312,Provision a fresh start for ml-infer-05.,restart_service,restart_service,process_refund,False,8,0.3375737965106964,0.28786465525627136,process_refund;db_write;send_notification;generate_report;quarantine_system,0.33757380;0.33519980;0.33218026;0.33067441;0.32771555,-1,confusable_intent,provision_vm
Confusable,313,The service on staging-db-02 is failing -- isolate and reboot.,restart_service,restart_service,restart_service,True,1,0.47721603512763977,0.47721603512763977,restart_service;db_write;process_refund;check_status;quarantine_system,0.47721604;0.26292980;0.23785050;0.23072195;0.22551724,-1,confusable_intent,quarantine_system
Confusable,314,Provision a fresh start for payment-api-03.,restart_service,restart_service,provision_vm,False,9,0.3680117428302765,0.28134000301361084,provision_vm;process_refund;quarantine_system;create_ticket;update_subscription,0.36801174;0.36254284;0.34112781;0.33254245;0.31709653,-1,confusable_intent,provision_vm
Confusable,315,Bring payment-api-03 back to life.,restart_service,restart_service,provision_vm,False,9,0.37921616435050964,0.2740927040576935,provision_vm;process_refund;quarantine_system;update_subscription;generate_report,0.37921616;0.36964035;0.36023048;0.34049296;0.33733860,-1,confusable_intent,provision_vm
Confusable,316,Provision a fresh start for staging-db-02.,restart_service,restart_service,db_write,False,3,0.41869479417800903,0.31554338335990906,db_write;db_read;restart_service;provision_vm;process_refund,0.41869479;0.32497820;0.31554338;0.26292574;0.25331858,-1,confusable_intent,provision_vm
Confusable,317,The service on cdn-edge-06 is failing -- isolate and reboot.,restart_service,restart_service,restart_service,True,1,0.47035712003707886,0.47035712003707886,restart_service;process_refund;quarantine_system;create_ticket;provision_vm,0.47035712;0.29857603;0.29200867;0.27511463;0.26755092,-1,confusable_intent,quarantine_system
Confusable,318,Bring cdn-edge-06 back to life.,restart_service,restart_service,provision_vm,False,4,0.27741774916648865,0.2543925344944,provision_vm;quarantine_system;generate_report;restart_service;process_refund,0.27741775;0.26582533;0.26408622;0.25439253;0.25015122,-1,confusable_intent,provision_vm
Confusable,319,Bring auth-svc-04 back to life.,restart_service,restart_service,reset_password,False,2,0.3549351096153259,0.30424439907073975,reset_password;restart_service;quarantine_system;provision_vm;process_refund,0.35493511;0.30424440;0.27716544;0.27452701;0.27406955,-1,confusable_intent,provision_vm
Confusable,320,Provision a fresh start for staging-db-02.,restart_service,restart_service,db_write,False,3,0.41869479417800903,0.31554338335990906,db_write;db_read;restart_service;provision_vm;process_refund,0.41869479;0.32497820;0.31554338;0.26292574;0.25331858,-1,confusable_intent,provision_vm
Confusable,321,The service on prod-web-01 is failing -- isolate and reboot.,restart_service,restart_service,restart_service,True,1,0.5340036749839783,0.5340036749839783,restart_service;process_refund;quarantine_system;provision_vm;create_ticket,0.53400367;0.40116104;0.39638630;0.34997588;0.33560547,-1,confusable_intent,quarantine_system
Confusable,322,Provision a fresh start for ml-infer-05.,restart_service,restart_service,process_refund,False,8,0.3375737965106964,0.28786465525627136,process_refund;db_write;send_notification;generate_report;quarantine_system,0.33757380;0.33519980;0.33218026;0.33067441;0.32771555,-1,confusable_intent,provision_vm
Confusable,323,The service on auth-svc-04 is failing -- isolate and reboot.,restart_service,restart_service,restart_service,True,1,0.4716457724571228,0.4716457724571228,restart_service;process_refund;quarantine_system;escalate_to_human;provision_vm,0.47164577;0.24113865;0.22602482;0.19163606;0.18269929,-1,confusable_intent,quarantine_system
Confusable,324,Bring payment-api-03 back to life.,restart_service,restart_service,provision_vm,False,9,0.37921616435050964,0.2740927040576935,provision_vm;process_refund;quarantine_system;update_subscription;generate_report,0.37921616;0.36964035;0.36023048;0.34049296;0.33733860,-1,confusable_intent,provision_vm
Confusable,325,Bring payment-api-03 back to life.,restart_service,restart_service,provision_vm,False,9,0.37921616435050964,0.2740927040576935,provision_vm;process_refund;quarantine_system;update_subscription;generate_report,0.37921616;0.36964035;0.36023048;0.34049296;0.33733860,-1,confusable_intent,provision_vm
Confusable,326,The service on ml-infer-05 is failing -- isolate and reboot.,restart_service,restart_service,restart_service,True,1,0.46768346428871155,0.46768346428871155,restart_service;process_refund;quarantine_system;provision_vm;check_status,0.46768346;0.31621885;0.30123115;0.25616345;0.23285821,-1,confusable_intent,quarantine_system
Confusable,327,Bring payment-api-03 back to life.,restart_service,restart_service,provision_vm,False,9,0.37921616435050964,0.2740927040576935,provision_vm;process_refund;quarantine_system;update_subscription;generate_report,0.37921616;0.36964035;0.36023048;0.34049296;0.33733860,-1,confusable_intent,provision_vm
Confusable,328,The service on payment-api-03 is failing -- isolate and reboot.,restart_service,restart_service,restart_service,True,1,0.50258868932724,0.50258868932724,restart_service;process_refund;quarantine_system;provision_vm;create_ticket,0.50258869;0.37636396;0.35539991;0.33069241;0.32935736,-1,confusable_intent,quarantine_system
Confusable,329,Provision a fresh start for staging-db-02.,restart_service,restart_service,db_write,False,3,0.41869479417800903,0.31554338335990906,db_write;db_read;restart_service;provision_vm;process_refund,0.41869479;0.32497820;0.31554338;0.26292574;0.25331858,-1,confusable_intent,provision_vm
Confusable,330,Check cdn-edge-06 for anything suspicious.,scan_malware,scan_malware,scan_malware,True,1,0.30864423513412476,0.30864423513412476,scan_malware;quarantine_system;send_notification;check_status;escalate_to_human,0.30864424;0.22024864;0.19712433;0.19159806;0.17990339,-1,confusable_intent,check_status
Confusable,331,Check payment-api-03 for anything suspicious.,scan_malware,scan_malware,scan_malware,True,1,0.342556893825531,0.342556893825531,scan_malware;quarantine_system;log_audit_event;check_status;provision_vm,0.34255689;0.30935478;0.28093776;0.25658551;0.25399971,-1,confusable_intent,check_status
Confusable,332,Verify ml-infer-05's security posture.,scan_malware,scan_malware,scan_malware,True,1,0.3041023015975952,0.3041023015975952,scan_malware;log_audit_event;send_notification;quarantine_system;generate_report,0.30410230;0.16875559;0.16450050;0.16161889;0.14030132,-1,confusable_intent,check_status
Confusable,333,Check prod-web-01 for anything suspicious.,scan_malware,scan_malware,scan_malware,True,1,0.4902990758419037,0.4902990758419037,scan_malware;quarantine_system;provision_vm;log_audit_event;generate_report,0.49029908;0.37594315;0.30899176;0.29943100;0.29789218,-1,confusable_intent,check_status
Confusable,334,payment-api-03 looks compromised -- isolate and investigate.,scan_malware,scan_malware,scan_malware,True,1,0.37392154335975647,0.37392154335975647,scan_malware;quarantine_system;escalate_to_human;provision_vm;generate_report,0.37392154;0.27569443;0.26250827;0.26022944;0.22725369,-1,confusable_intent,quarantine_system
Confusable,335,Check auth-svc-04 for anything suspicious.,scan_malware,scan_malware,scan_malware,True,1,0.3184235095977783,0.3184235095977783,scan_malware;reset_password;quarantine_system;log_audit_event;escalate_to_human,0.31842351;0.22517750;0.22075786;0.21707644;0.16851935,-1,confusable_intent,check_status
Confusable,336,staging-db-02 looks compromised -- isolate and investigate.,scan_malware,scan_malware,scan_malware,True,1,0.27421727776527405,0.27421727776527405,scan_malware;db_read;db_write;escalate_to_human;quarantine_system,0.27421728;0.19065858;0.18634695;0.14144446;0.13865411,-1,confusable_intent,quarantine_system
Confusable,337,Check staging-db-02 for anything suspicious.,scan_malware,scan_malware,db_read,False,2,0.3112987279891968,0.2925044596195221,db_read;scan_malware;db_write;quarantine_system;check_status,0.31129873;0.29250446;0.27534071;0.22288018;0.22056136,-1,confusable_intent,check_status
Confusable,338,ml-infer-05 looks compromised -- isolate and investigate.,scan_malware,scan_malware,scan_malware,True,1,0.32652416825294495,0.32652416825294495,scan_malware;generate_report;quarantine_system;send_notification;provision_vm,0.32652417;0.18997492;0.18542862;0.18101069;0.17617092,-1,confusable_intent,quarantine_system
Confusable,339,Verify payment-api-03's security posture.,scan_malware,scan_malware,scan_malware,True,1,0.25202763080596924,0.25202763080596924,scan_malware;escalate_to_human;quarantine_system;log_audit_event;create_ticket,0.25202763;0.17542174;0.17326006;0.16389304;0.14599304,-1,confusable_intent,check_status
Confusable,340,prod-web-01 looks compromised -- isolate and investigate.,scan_malware,scan_malware,scan_malware,True,1,0.4877825379371643,0.4877825379371643,scan_malware;quarantine_system;provision_vm;generate_report;escalate_to_human,0.48778254;0.34634760;0.32181400;0.31086814;0.29050118,-1,confusable_intent,quarantine_system
Confusable,341,Verify auth-svc-04's security posture.,scan_malware,scan_malware,scan_malware,True,1,0.18967895209789276,0.18967895209789276,scan_malware;reset_password;log_audit_event;escalate_to_human;quarantine_system,0.18967895;0.15153500;0.12173482;0.11013036;0.09934770,-1,confusable_intent,check_status
Confusable,342,Check ml-infer-05 for anything suspicious.,scan_malware,scan_malware,scan_malware,True,1,0.34402352571487427,0.34402352571487427,scan_malware;quarantine_system;log_audit_event;check_status;send_notification,0.34402353;0.25235078;0.22930758;0.20560163;0.20493837,-1,confusable_intent,check_status
Confusable,343,Verify prod-web-01's security posture.,scan_malware,scan_malware,scan_malware,True,1,0.42648547887802124,0.42648547887802124,scan_malware;quarantine_system;generate_report;provision_vm;log_audit_event,0.42648548;0.31169957;0.26998517;0.26717269;0.26490018,-1,confusable_intent,check_status
Confusable,344,Verify staging-db-02's security posture.,scan_malware,scan_malware,scan_malware,True,1,0.20856375992298126,0.20856375992298126,scan_malware;db_read;db_write;check_status;quarantine_system,0.20856376;0.17678291;0.14579409;0.08330726;0.07742965,-1,confusable_intent,check_status
Confusable,345,cdn-edge-06 looks compromised -- isolate and investigate.,scan_malware,scan_malware,scan_malware,True,1,0.310573935508728,0.310573935508728,scan_malware;provision_vm;quarantine_system;escalate_to_human;send_notification,0.31057394;0.20065644;0.20033136;0.18705307;0.16759220,-1,confusable_intent,quarantine_system
Confusable,346,auth-svc-04 looks compromised -- isolate and investigate.,scan_malware,scan_malware,scan_malware,True,1,0.33412161469459534,0.33412161469459534,scan_malware;reset_password;quarantine_system;escalate_to_human;provision_vm,0.33412161;0.27207831;0.19901723;0.19184217;0.17711425,-1,confusable_intent,quarantine_system
Confusable,347,Verify cdn-edge-06's security posture.,scan_malware,scan_malware,scan_malware,True,1,0.243770033121109,0.243770033121109,scan_malware;quarantine_system;send_notification;escalate_to_human;log_audit_event,0.24377003;0.13730702;0.13327548;0.12253797;0.12110856,-1,confusable_intent,check_status
Confusable,348,Check staging-db-02 for anything suspicious.,scan_malware,scan_malware,db_read,False,2,0.3112987279891968,0.2925044596195221,db_read;scan_malware;db_write;quarantine_system;check_status,0.31129873;0.29250446;0.27534071;0.22288018;0.22056136,-1,confusable_intent,check_status
Confusable,349,auth-svc-04 looks compromised -- isolate and investigate.,scan_malware,scan_malware,scan_malware,True,1,0.33412161469459534,0.33412161469459534,scan_malware;reset_password;quarantine_system;escalate_to_human;provision_vm,0.33412161;0.27207831;0.19901723;0.19184217;0.17711425,-1,confusable_intent,quarantine_system
Confusable,350,Verify staging-db-02's security posture.,scan_malware,scan_malware,scan_malware,True,1,0.20856375992298126,0.20856375992298126,scan_malware;db_read;db_write;check_status;quarantine_system,0.20856376;0.17678291;0.14579409;0.08330726;0.07742965,-1,confusable_intent,check_status
Confusable,351,Verify payment-api-03's security posture.,scan_malware,scan_malware,scan_malware,True,1,0.25202763080596924,0.25202763080596924,scan_malware;escalate_to_human;quarantine_system;log_audit_event;create_ticket,0.25202763;0.17542174;0.17326006;0.16389304;0.14599304,-1,confusable_intent,check_status
Confusable,352,Verify ml-infer-05's security posture.,scan_malware,scan_malware,scan_malware,True,1,0.3041023015975952,0.3041023015975952,scan_malware;log_audit_event;send_notification;quarantine_system;generate_report,0.30410230;0.16875559;0.16450050;0.16161889;0.14030132,-1,confusable_intent,check_status
Confusable,353,Verify ml-infer-05's security posture.,scan_malware,scan_malware,scan_malware,True,1,0.3041023015975952,0.3041023015975952,scan_malware;log_audit_event;send_notification;quarantine_system;generate_report,0.30410230;0.16875559;0.16450050;0.16161889;0.14030132,-1,confusable_intent,check_status
Confusable,354,Verify payment-api-03's security posture.,scan_malware,scan_malware,scan_malware,True,1,0.25202763080596924,0.25202763080596924,scan_malware;escalate_to_human;quarantine_system;log_audit_event;create_ticket,0.25202763;0.17542174;0.17326006;0.16389304;0.14599304,-1,confusable_intent,check_status
Confusable,355,Check staging-db-02 for anything suspicious.,scan_malware,scan_malware,db_read,False,2,0.3112987279891968,0.2925044596195221,db_read;scan_malware;db_write;quarantine_system;check_status,0.31129873;0.29250446;0.27534071;0.22288018;0.22056136,-1,confusable_intent,check_status
Confusable,356,ml-infer-05 looks compromised -- isolate and investigate.,scan_malware,scan_malware,scan_malware,True,1,0.32652416825294495,0.32652416825294495,scan_malware;generate_report;quarantine_system;send_notification;provision_vm,0.32652417;0.18997492;0.18542862;0.18101069;0.17617092,-1,confusable_intent,quarantine_system
Confusable,357,cdn-edge-06 looks compromised -- isolate and investigate.,scan_malware,scan_malware,scan_malware,True,1,0.310573935508728,0.310573935508728,scan_malware;provision_vm;quarantine_system;escalate_to_human;send_notification,0.31057394;0.20065644;0.20033136;0.18705307;0.16759220,-1,confusable_intent,quarantine_system
Confusable,358,prod-web-01 looks compromised -- isolate and investigate.,scan_malware,scan_malware,scan_malware,True,1,0.4877825379371643,0.4877825379371643,scan_malware;quarantine_system;provision_vm;generate_report;escalate_to_human,0.48778254;0.34634760;0.32181400;0.31086814;0.29050118,-1,confusable_intent,quarantine_system
Confusable,359,Verify prod-web-01's security posture.,scan_malware,scan_malware,scan_malware,True,1,0.42648547887802124,0.42648547887802124,scan_malware;quarantine_system;generate_report;provision_vm;log_audit_event,0.42648548;0.31169957;0.26998517;0.26717269;0.26490018,-1,confusable_intent,check_status
Confusable,360,Create an alert for HR about the maintenance.,send_notification,send_notification,log_audit_event,False,4,0.325025737285614,0.3000747859477997,log_audit_event;check_status;quarantine_system;send_notification;process_refund,0.32502574;0.31088522;0.30993459;0.30007479;0.28135869,-1,confusable_intent,create_ticket
Confusable,361,Make sure Grace gets the update -- reach out to them.,send_notification,send_notification,provision_vm,False,2,0.305947870016098,0.2944939136505127,provision_vm;send_notification;update_subscription;escalate_to_human;quarantine_system,0.30594787;0.29449391;0.28753290;0.28349635;0.27859578,-1,confusable_intent,escalate_to_human
Confusable,362,Create an alert for Marketing about the maintenance.,send_notification,send_notification,check_status,False,3,0.28176945447921753,0.2783764600753784,check_status;quarantine_system;send_notification;log_audit_event;process_refund,0.28176945;0.28157526;0.27837646;0.26554072;0.25367701,-1,confusable_intent,create_ticket
Confusable,363,Escalate this message to Grace right away.,send_notification,send_notification,escalate_to_human,False,2,0.34870588779449463,0.253989577293396,escalate_to_human;send_notification;quarantine_system;update_subscription;provision_vm,0.34870589;0.25398958;0.24345943;0.24178188;0.22839592,-1,confusable_intent,escalate_to_human
Confusable,364,Make sure Frank gets the update -- reach out to them.,send_notification,send_notification,send_notification,True,1,0.4784030020236969,0.4784030020236969,send_notification;provision_vm;quarantine_system;escalate_to_human;generate_report,0.47840300;0.47823149;0.44380510;0.43989691;0.43717536,-1,confusable_intent,escalate_to_human
Confusable,365,Escalate this message to Frank right away.,send_notification,send_notification,escalate_to_human,False,2,0.49418210983276367,0.40324658155441284,escalate_to_human;send_notification;provision_vm;quarantine_system;generate_report,0.49418211;0.40324658;0.36798179;0.36344787;0.34061381,-1,confusable_intent,escalate_to_human
Confusable,366,Create an alert for Legal about the maintenance.,send_notification,send_notification,escalate_to_human,False,2,0.28537240624427795,0.2845895290374756,escalate_to_human;send_notification;create_ticket;log_audit_event;quarantine_system,0.28537241;0.28458953;0.28123915;0.26790380;0.25794697,-1,confusable_intent,create_ticket
Confusable,367,Make sure Alice gets the update -- reach out to them.,send_notification,send_notification,escalate_to_human,False,3,0.4853194057941437,0.38642728328704834,escalate_to_human;provision_vm;send_notification;generate_report;create_ticket,0.48531941;0.39673561;0.38642728;0.35674229;0.34571236,-1,confusable_intent,escalate_to_human
Confusable,368,Escalate this message to Bob right away.,send_notification,send_notification,escalate_to_human,False,3,0.4149329662322998,0.29913485050201416,escalate_to_human;quarantine_system;send_notification;provision_vm;process_refund,0.41493297;0.30128896;0.29913485;0.26741469;0.25081176,-1,confusable_intent,escalate_to_human
Confusable,369,Make sure Charlie gets the update -- reach out to them.,send_notification,send_notification,quarantine_system,False,3,0.4335501194000244,0.41676434874534607,quarantine_system;provision_vm;send_notification;generate_report;escalate_to_human,0.43355012;0.42653799;0.41676435;0.39133912;0.38895282,-1,confusable_intent,escalate_to_human
Confusable,370,Escalate this message to Eve right away.,send_notification,send_notification,escalate_to_human,False,2,0.40769609808921814,0.29000651836395264,escalate_to_human;send_notification;quarantine_system;provision_vm;generate_report,0.40769610;0.29000652;0.27182493;0.24675418;0.23285729,-1,confusable_intent,escalate_to_human
Confusable,371,Create an alert for Engineering about the maintenance.,send_notification,send_notification,quarantine_system,False,3,0.3598479926586151,0.3302493095397949,quarantine_system;log_audit_event;send_notification;process_refund;generate_report,0.35984799;0.34535864;0.33024931;0.31463355;0.30299670,-1,confusable_intent,create_ticket
Confusable,372,Escalate this message to Charlie right away.,send_notification,send_notification,escalate_to_human,False,3,0.43812480568885803,0.34188205003738403,escalate_to_human;quarantine_system;send_notification;provision_vm;generate_report,0.43812481;0.34865102;0.34188205;0.31059682;0.28671515,-1,confusable_intent,escalate_to_human
Confusable,373,Create an alert for Finance about the maintenance.,send_notification,send_notification,log_audit_event,False,3,0.3084546625614166,0.2917799651622772,log_audit_event;check_status;send_notification;quarantine_system;generate_report,0.30845466;0.30165836;0.29177997;0.28671032;0.28105077,-1,confusable_intent,create_ticket
Confusable,374,Make sure Bob gets the update -- reach out to them.,send_notification,send_notification,provision_vm,False,3,0.38515135645866394,0.38228684663772583,provision_vm;quarantine_system;send_notification;escalate_to_human;generate_report,0.38515136;0.38402203;0.38228685;0.36341971;0.34613085,-1,confusable_intent,escalate_to_human
Confusable,375,Escalate this message to Diana right away.,send_notification,send_notification,escalate_to_human,False,2,0.46484094858169556,0.3383581340312958,escalate_to_human;send_notification;quarantine_system;provision_vm;generate_report,0.46484095;0.33835813;0.32384324;0.31606302;0.31067431,-1,confusable_intent,escalate_to_human
Confusable,376,Make sure Eve gets the update -- reach out to them.,send_notification,send_notification,send_notification,True,1,0.34346526861190796,0.34346526861190796,send_notification;quarantine_system;provision_vm;escalate_to_human;generate_report,0.34346527;0.33890730;0.33180523;0.33022282;0.31516811,-1,confusable_intent,escalate_to_human
Confusable,377,Escalate this message to Alice right away.,send_notification,send_notification,escalate_to_human,False,2,0.5119233727455139,0.3101416230201721,escalate_to_human;send_notification;provision_vm;quarantine_system;generate_report,0.51192337;0.31014162;0.29656973;0.27355197;0.26491579,-1,confusable_intent,escalate_to_human
Confusable,378,Make sure Diana gets the update -- reach out to them.,send_notification,send_notification,provision_vm,False,3,0.4332236349582672,0.42017602920532227,provision_vm;generate_report;send_notification;escalate_to_human;quarantine_system,0.43322363;0.42376211;0.42017603;0.41648617;0.40732440,-1,confusable_intent,escalate_to_human
Confusable,379,Create an alert for Legal about the maintenance.,send_notification,send_notification,escalate_to_human,False,2,0.28537240624427795,0.2845895290374756,escalate_to_human;send_notification;create_ticket;log_audit_event;quarantine_system,0.28537241;0.28458953;0.28123915;0.26790380;0.25794697,-1,confusable_intent,create_ticket
Confusable,380,Create an alert for Engineering about the maintenance.,send_notification,send_notification,quarantine_system,False,3,0.3598479926586151,0.3302493095397949,quarantine_system;log_audit_event;send_notification;process_refund;generate_report,0.35984799;0.34535864;0.33024931;0.31463355;0.30299670,-1,confusable_intent,create_ticket
Confusable,381,Create an alert for Finance about the maintenance.,send_notification,send_notification,log_audit_event,False,3,0.3084546625614166,0.2917799651622772,log_audit_event;check_status;send_notification;quarantine_system;generate_report,0.30845466;0.30165836;0.29177997;0.28671032;0.28105077,-1,confusable_intent,create_ticket
Confusable,382,Make sure Bob gets the update -- reach out to them.,send_notification,send_notification,provision_vm,False,3,0.38515135645866394,0.38228684663772583,provision_vm;quarantine_system;send_notification;escalate_to_human;generate_report,0.38515136;0.38402203;0.38228685;0.36341971;0.34613085,-1,confusable_intent,escalate_to_human
Confusable,383,Escalate this message to Bob right away.,send_notification,send_notification,escalate_to_human,False,3,0.4149329662322998,0.29913485050201416,escalate_to_human;quarantine_system;send_notification;provision_vm;process_refund,0.41493297;0.30128896;0.29913485;0.26741469;0.25081176,-1,confusable_intent,escalate_to_human
Confusable,384,Create an alert for HR about the maintenance.,send_notification,send_notification,log_audit_event,False,4,0.3250257968902588,0.30007484555244446,log_audit_event;check_status;quarantine_system;send_notification;process_refund,0.32502580;0.31088522;0.30993474;0.30007485;0.28135878,-1,confusable_intent,create_ticket
Confusable,385,Escalate this message to Bob right away.,send_notification,send_notification,escalate_to_human,False,3,0.4149331748485565,0.2991349995136261,escalate_to_human;quarantine_system;send_notification;provision_vm;process_refund,0.41493317;0.30128902;0.29913500;0.26741475;0.25081182,-1,confusable_intent,escalate_to_human
Confusable,386,Create an alert for Marketing about the maintenance.,send_notification,send_notification,check_status,False,3,0.28176936507225037,0.27837637066841125,check_status;quarantine_system;send_notification;log_audit_event;process_refund,0.28176937;0.28157523;0.27837637;0.26554075;0.25367698,-1,confusable_intent,create_ticket
Confusable,387,Create an alert for Legal about the maintenance.,send_notification,send_notification,escalate_to_human,False,2,0.28537237644195557,0.2845894396305084,escalate_to_human;send_notification;create_ticket;log_audit_event;quarantine_system,0.28537238;0.28458944;0.28123915;0.26790377;0.25794697,-1,confusable_intent,create_ticket
Confusable,388,Create an alert for Engineering about the maintenance.,send_notification,send_notification,quarantine_system,False,3,0.35984790325164795,0.3302493393421173,quarantine_system;log_audit_event;send_notification;process_refund;generate_report,0.35984790;0.34535858;0.33024934;0.31463343;0.30299661,-1,confusable_intent,create_ticket
Confusable,389,Escalate this message to Charlie right away.,send_notification,send_notification,escalate_to_human,False,3,0.4381248950958252,0.3418821692466736,escalate_to_human;quarantine_system;send_notification;provision_vm;generate_report,0.43812490;0.34865102;0.34188217;0.31059691;0.28671518,-1,confusable_intent,escalate_to_human
Confusable,390,Reset the outdated values for Grace in the system.,update_database,db_write,restart_service,False,5,0.3180948495864868,0.24158930778503418,restart_service;provision_vm;update_subscription;reset_password;db_write,0.31809485;0.27224728;0.26259947;0.25096095;0.24158931,-1,confusable_intent,reset_password
Confusable,391,Log the corrected entry for Frank.,update_database,db_write,create_ticket,False,3,0.46601602435112,0.4461621344089508,create_ticket;generate_report;db_write;provision_vm;escalate_to_human,0.46601602;0.46325290;0.44616213;0.43829075;0.41409972,-1,confusable_intent,log_audit_event
Confusable,392,Log the corrected entry for Eve.,update_database,db_write,db_write,True,1,0.3861267566680908,0.3861267566680908,db_write;log_audit_event;generate_report;provision_vm;escalate_to_human,0.38612676;0.35986331;0.32982114;0.29074368;0.27201858,-1,confusable_intent,log_audit_event
Confusable,393,Record the new address for Alice in the system.,update_database,db_write,escalate_to_human,False,2,0.3952186703681946,0.3574645519256592,escalate_to_human;db_write;provision_vm;update_subscription;send_notification,0.39521867;0.35746455;0.33417806;0.30560908;0.30462366,-1,confusable_intent,log_audit_event
Confusable,394,Reset the outdated values for Diana in the system.,update_database,db_write,db_write,True,1,0.4270840585231781,0.4270840585231781,db_write;restart_service;provision_vm;process_refund;db_read,0.42708406;0.37165076;0.36208487;0.31980857;0.31533912,-1,confusable_intent,reset_password
Confusable,395,Log the corrected entry for Grace.,update_database,db_write,log_audit_event,False,5,0.3520544171333313,0.28123942017555237,log_audit_event;reset_password;generate_report;create_ticket;db_write,0.35205442;0.35142887;0.29914275;0.29506135;0.28123942,-1,confusable_intent,log_audit_event
Confusable,396,Reset the outdated values for Charlie in the system.,update_database,db_write,restart_service,False,3,0.4042842984199524,0.3677668273448944,restart_service;provision_vm;db_write;quarantine_system;process_refund,0.40428430;0.37959427;0.36776683;0.36212122;0.34095052,-1,confusable_intent,reset_password
Confusable,397,Record the new address for Eve in the system.,update_database,db_write,db_write,True,1,0.39925870299339294,0.39925870299339294,db_write;provision_vm;quarantine_system;generate_report;send_notification,0.39925870;0.30486658;0.29555595;0.28724939;0.27828151,-1,confusable_intent,log_audit_event
Confusable,398,Log the corrected entry for Bob.,update_database,db_write,escalate_to_human,False,8,0.35709303617477417,0.2984272539615631,escalate_to_human;generate_report;create_ticket;log_audit_event;provision_vm,0.35709304;0.35193741;0.34593517;0.34546769;0.31405225,-1,confusable_intent,log_audit_event
Confusable,399,Record the new address for Charlie in the system.,update_database,db_write,quarantine_system,False,3,0.3857823312282562,0.3664880394935608,quarantine_system;provision_vm;db_write;send_notification;escalate_to_human,0.38578233;0.37455675;0.36648804;0.35035723;0.33812469,-1,confusable_intent,log_audit_event
Confusable,400,Record the new address for Bob in the system.,update_database,db_write,provision_vm,False,6,0.32118070125579834,0.29350966215133667,provision_vm;quarantine_system;send_notification;escalate_to_human;restart_service,0.32118070;0.31567335;0.31255987;0.31024504;0.29494965,-1,confusable_intent,log_audit_event
Confusable,401,Log the corrected entry for Diana.,update_database,db_write,db_write,True,1,0.445667028427124,0.445667028427124,db_write;generate_report;log_audit_event;db_read;create_ticket,0.44566703;0.40824020;0.38151070;0.37748748;0.36940631,-1,confusable_intent,log_audit_event
Confusable,402,Log the corrected entry for Alice.,update_database,db_write,escalate_to_human,False,5,0.41141277551651,0.31282445788383484,escalate_to_human;create_ticket;generate_report;log_audit_event;db_write,0.41141278;0.32101586;0.31739780;0.31475714;0.31282446,-1,confusable_intent,log_audit_event
Confusable,403,Reset the outdated values for Bob in the system.,update_database,db_write,restart_service,False,4,0.38280609250068665,0.29636943340301514,restart_service;provision_vm;process_refund;db_write;quarantine_system,0.38280609;0.33594501;0.29829049;0.29636943;0.28867394,-1,confusable_intent,reset_password
Confusable,404,Record the new address for Frank in the system.,update_database,db_write,provision_vm,False,2,0.43501970171928406,0.4185895323753357,provision_vm;db_write;send_notification;quarantine_system;escalate_to_human,0.43501970;0.41858953;0.41440377;0.39864808;0.38854715,-1,confusable_intent,log_audit_event
Confusable,405,Reset the outdated values for Eve in the system.,update_database,db_write,db_write,True,1,0.3657311797142029,0.3657311797142029,db_write;restart_service;provision_vm;quarantine_system;process_refund,0.36573118;0.30163294;0.29756787;0.25450638;0.25113919,-1,confusable_intent,reset_password
Confusable,406,Reset the outdated values for Alice in the system.,update_database,db_write,db_write,True,1,0.3070618808269501,0.3070618808269501,db_write;provision_vm;restart_service;escalate_to_human;update_subscription,0.30706188;0.29881796;0.27647936;0.27315468;0.27177382,-1,confusable_intent,reset_password
Confusable,407,Record the new address for Grace in the system.,update_database,db_write,provision_vm,False,3,0.32083651423454285,0.3144876956939697,provision_vm;update_subscription;db_write;restart_service;quarantine_system,0.32083651;0.31791005;0.31448770;0.30024117;0.28873593,-1,confusable_intent,log_audit_event
Confusable,408,Log the corrected entry for Charlie.,update_database,db_write,generate_report,False,3,0.41689780354499817,0.3968689441680908,generate_report;log_audit_event;db_write;create_ticket;escalate_to_human,0.41689780;0.40045220;0.39686894;0.39422327;0.38092443,-1,confusable_intent,log_audit_event
Confusable,409,Reset the outdated values for Frank in the system.,update_database,db_write,provision_vm,False,3,0.4383677542209625,0.41174694895744324,provision_vm;restart_service;db_write;update_subscription;quarantine_system,0.43836775;0.41943467;0.41174695;0.36992636;0.36802003,-1,confusable_intent,reset_password
Confusable,410,Record the new address for Diana in the system.,update_database,db_write,db_write,True,1,0.4496471881866455,0.4496471881866455,db_write;db_read;provision_vm;generate_report;process_refund,0.44964719;0.37793991;0.36967388;0.35798219;0.34478527,-1,confusable_intent,log_audit_event
Confusable,411,Reset the outdated values for Alice in the system.,update_database,db_write,db_write,True,1,0.3070618808269501,0.3070618808269501,db_write;provision_vm;restart_service;escalate_to_human;update_subscription,0.30706188;0.29881796;0.27647936;0.27315468;0.27177382,-1,confusable_intent,reset_password
Confusable,412,Reset the outdated values for Grace in the system.,update_database,db_write,restart_service,False,5,0.3180948495864868,0.24158930778503418,restart_service;provision_vm;update_subscription;reset_password;db_write,0.31809485;0.27224728;0.26259947;0.25096095;0.24158931,-1,confusable_intent,reset_password
Confusable,413,Log the corrected entry for Charlie.,update_database,db_write,generate_report,False,3,0.41689780354499817,0.3968689441680908,generate_report;log_audit_event;db_write;create_ticket;escalate_to_human,0.41689780;0.40045220;0.39686894;0.39422327;0.38092443,-1,confusable_intent,log_audit_event
Confusable,414,Reset the outdated values for Frank in the system.,update_database,db_write,provision_vm,False,3,0.4383677542209625,0.41174694895744324,provision_vm;restart_service;db_write;update_subscription;quarantine_system,0.43836775;0.41943467;0.41174695;0.36992636;0.36802003,-1,confusable_intent,reset_password
Confusable,415,Reset the outdated values for Grace in the system.,update_database,db_write,restart_service,False,5,0.3180948495864868,0.24158930778503418,restart_service;provision_vm;update_subscription;reset_password;db_write,0.31809485;0.27224728;0.26259947;0.25096095;0.24158931,-1,confusable_intent,reset_password
Confusable,416,Record the new address for Frank in the system.,update_database,db_write,provision_vm,False,2,0.43501970171928406,0.4185895323753357,provision_vm;db_write;send_notification;quarantine_system;escalate_to_human,0.43501970;0.41858953;0.41440377;0.39864808;0.38854715,-1,confusable_intent,log_audit_event
Confusable,417,Record the new address for Diana in the system.,update_database,db_write,db_write,True,1,0.4496471881866455,0.4496471881866455,db_write;db_read;provision_vm;generate_report;process_refund,0.44964719;0.37793991;0.36967388;0.35798219;0.34478527,-1,confusable_intent,log_audit_event
Confusable,418,Reset the outdated values for Bob in the system.,update_database,db_write,restart_service,False,4,0.38280609250068665,0.29636943340301514,restart_service;provision_vm;process_refund;db_write;quarantine_system,0.38280609;0.33594501;0.29829049;0.29636943;0.28867394,-1,confusable_intent,reset_password
Confusable,419,Record the new address for Bob in the system.,update_database,db_write,provision_vm,False,6,0.32118070125579834,0.29350966215133667,provision_vm;quarantine_system;send_notification;escalate_to_human;restart_service,0.32118070;0.31567335;0.31255987;0.31024504;0.29494965,-1,confusable_intent,log_audit_event
Confusable,420,Update Grace's account to a lower tier.,update_subscription,update_subscription,update_subscription,True,1,0.4284341037273407,0.4284341037273407,update_subscription;reset_password;provision_vm;generate_report;send_notification,0.42843410;0.29535809;0.22547604;0.20261700;0.18380477,-1,confusable_intent,update_database
Confusable,421,Process Eve's request to switch plans.,update_subscription,update_subscription,update_subscription,True,1,0.3367408514022827,0.3367408514022827,update_subscription;provision_vm;generate_report;quarantine_system;process_refund,0.33674085;0.26459128;0.26160222;0.25451219;0.24282609,-1,confusable_intent,process_refund
Confusable,422,Refund the difference after the plan change for Diana.,update_subscription,update_subscription,update_subscription,True,1,0.3049505054950714,0.3049505054950714,update_subscription;provision_vm;create_ticket;restart_service;process_refund,0.30495051;0.27866849;0.27800170;0.26254919;0.25976491,-1,confusable_intent,process_refund
Confusable,423,Refund the difference after the plan change for Eve.,update_subscription,update_subscription,update_subscription,True,1,0.30893513560295105,0.30893513560295105,update_subscription;provision_vm;restart_service;db_write;generate_report,0.30893514;0.23452866;0.23328800;0.22575882;0.20891798,-1,confusable_intent,process_refund
Confusable,424,Refund the difference after the plan change for Frank.,update_subscription,update_subscription,update_subscription,True,1,0.41211196780204773,0.41211196780204773,update_subscription;create_ticket;provision_vm;process_refund;generate_report,0.41211197;0.34790084;0.34451887;0.29285046;0.28394085,-1,confusable_intent,process_refund
Confusable,425,Process Alice's request to switch plans.,update_subscription,update_subscription,update_subscription,True,1,0.32789909839630127,0.32789909839630127,update_subscription;escalate_to_human;create_ticket;provision_vm;generate_report,0.32789910;0.24782705;0.23444122;0.22676840;0.19626459,-1,confusable_intent,process_refund
Confusable,426,Refund the difference after the plan change for Charlie.,update_subscription,update_subscription,update_subscription,True,1,0.3452160656452179,0.3452160656452179,update_subscription;provision_vm;create_ticket;process_refund;restart_service,0.34521607;0.29812998;0.29752117;0.27996656;0.27512333,-1,confusable_intent,process_refund
Confusable,427,Update Charlie's account to a lower tier.,update_subscription,update_subscription,update_subscription,True,1,0.41800642013549805,0.41800642013549805,update_subscription;provision_vm;generate_report;send_notification;quarantine_system,0.41800642;0.30768374;0.29532364;0.28300178;0.28138167,-1,confusable_intent,update_database
Confusable,428,Process Bob's request to switch plans.,update_subscription,update_subscription,update_subscription,True,1,0.3022240102291107,0.3022240102291107,update_subscription;create_ticket;provision_vm;quarantine_system;process_refund,0.30222401;0.23840284;0.21908846;0.21525496;0.21025530,-1,confusable_intent,process_refund
Confusable,429,Update Bob's account to a lower tier.,update_subscription,update_subscription,update_subscription,True,1,0.3667844831943512,0.3667844831943512,update_subscription;provision_vm;reset_password;generate_report;send_notification,0.36678448;0.24121039;0.23777170;0.22503093;0.21032187,-1,confusable_intent,update_database
Confusable,430,Update Frank's account to a lower tier.,update_subscription,update_subscription,update_subscription,True,1,0.4727364778518677,0.4727364778518677,update_subscription;provision_vm;generate_report;send_notification;create_ticket,0.47273648;0.35314175;0.33644202;0.33458328;0.31312606,-1,confusable_intent,update_database
Confusable,431,Refund the difference after the plan change for Grace.,update_subscription,update_subscription,update_subscription,True,1,0.3356444835662842,0.3356444835662842,update_subscription;create_ticket;provision_vm;restart_service;process_refund,0.33564448;0.22323757;0.22240929;0.20701194;0.18917039,-1,confusable_intent,process_refund
Confusable,432,Process Frank's request to switch plans.,update_subscription,update_subscription,update_subscription,True,1,0.42289602756500244,0.42289602756500244,update_subscription;create_ticket;provision_vm;generate_report;send_notification,0.42289603;0.37444443;0.35506120;0.32814080;0.32633573,-1,confusable_intent,process_refund
Confusable,433,Refund the difference after the plan change for Alice.,update_subscription,update_subscription,update_subscription,True,1,0.3363092541694641,0.3363092541694641,update_subscription;create_ticket;provision_vm;escalate_to_human;process_refund,0.33630925;0.27227727;0.26203087;0.25566164;0.21242353,-1,confusable_intent,process_refund
Confusable,434,Update Alice's account to a lower tier.,update_subscription,update_subscription,update_subscription,True,1,0.39937645196914673,0.39937645196914673,update_subscription;escalate_to_human;provision_vm;generate_report;send_notification,0.39937645;0.30110317;0.25853935;0.24197783;0.22549193,-1,confusable_intent,update_database
Confusable,435,Update Eve's account to a lower tier.,update_subscription,update_subscription,update_subscription,True,1,0.3903552293777466,0.3903552293777466,update_subscription;generate_report;provision_vm;reset_password;db_write,0.39035523;0.25962481;0.25956500;0.24349517;0.24160530,-1,confusable_intent,update_database
Confusable,436,Process Diana's request to switch plans.,update_subscription,update_subscription,update_subscription,True,1,0.34128573536872864,0.34128573536872864,update_subscription;provision_vm;generate_report;create_ticket;process_refund,0.34128574;0.32146618;0.32121268;0.31370378;0.30445179,-1,confusable_intent,process_refund
Confusable,437,Process Grace's request to switch plans.,update_subscription,update_subscription,update_subscription,True,1,0.39457643032073975,0.39457643032073975,update_subscription;provision_vm;create_ticket;generate_report;process_refund,0.39457643;0.26835188;0.25464758;0.24327698;0.23678316,-1,confusable_intent,process_refund
Confusable,438,Process Charlie's request to switch plans.,update_subscription,update_subscription,update_subscription,True,1,0.3412676453590393,0.3412676453590393,update_subscription;create_ticket;quarantine_system;provision_vm;process_refund,0.34126765;0.29930860;0.29360077;0.28947473;0.27523899,-1,confusable_intent,process_refund
Confusable,439,Refund the difference after the plan change for Bob.,update_subscription,update_subscription,update_subscription,True,1,0.2960174083709717,0.2960174083709717,update_subscription;create_ticket;restart_service;provision_vm;process_refund,0.29601741;0.25992760;0.24278741;0.24055433;0.22616042,-1,confusable_intent,process_refund
Confusable,440,Update Diana's account to a lower tier.,update_subscription,update_subscription,update_subscription,True,1,0.40081244707107544,0.40081244707107544,update_subscription;generate_report;provision_vm;db_write;send_notification,0.40081245;0.31520560;0.30086350;0.28496072;0.26916745,-1,confusable_intent,update_database
Confusable,441,Update Alice's account to a lower tier.,update_subscription,update_subscription,update_subscription,True,1,0.39937645196914673,0.39937645196914673,update_subscription;escalate_to_human;provision_vm;generate_report;send_notification,0.39937645;0.30110317;0.25853935;0.24197783;0.22549193,-1,confusable_intent,update_database
Confusable,442,Update Alice's account to a lower tier.,update_subscription,update_subscription,update_subscription,True,1,0.39937645196914673,0.39937645196914673,update_subscription;escalate_to_human;provision_vm;generate_report;send_notification,0.39937645;0.30110317;0.25853935;0.24197783;0.22549193,-1,confusable_intent,update_database
Confusable,443,Update Diana's account to a lower tier.,update_subscription,update_subscription,update_subscription,True,1,0.40081244707107544,0.40081244707107544,update_subscription;generate_report;provision_vm;db_write;send_notification,0.40081245;0.31520560;0.30086350;0.28496072;0.26916745,-1,confusable_intent,update_database
Confusable,444,Process Charlie's request to switch plans.,update_subscription,update_subscription,update_subscription,True,1,0.3412676453590393,0.3412676453590393,update_subscription;create_ticket;quarantine_system;provision_vm;process_refund,0.34126765;0.29930860;0.29360077;0.28947473;0.27523899,-1,confusable_intent,process_refund
Confusable,445,Process Alice's request to switch plans.,update_subscription,update_subscription,update_subscription,True,1,0.32789909839630127,0.32789909839630127,update_subscription;escalate_to_human;create_ticket;provision_vm;generate_report,0.32789910;0.24782705;0.23444122;0.22676840;0.19626459,-1,confusable_intent,process_refund
Confusable,446,Process Bob's request to switch plans.,update_subscription,update_subscription,update_subscription,True,1,0.3022240102291107,0.3022240102291107,update_subscription;create_ticket;provision_vm;quarantine_system;process_refund,0.30222401;0.23840284;0.21908846;0.21525496;0.21025530,-1,confusable_intent,process_refund
Confusable,447,Refund the difference after the plan change for Alice.,update_subscription,update_subscription,update_subscription,True,1,0.3363092541694641,0.3363092541694641,update_subscription;create_ticket;provision_vm;escalate_to_human;process_refund,0.33630925;0.27227727;0.26203087;0.25566164;0.21242353,-1,confusable_intent,process_refund
Confusable,448,Process Grace's request to switch plans.,update_subscription,update_subscription,update_subscription,True,1,0.39457646012306213,0.39457646012306213,update_subscription;provision_vm;create_ticket;generate_report;process_refund,0.39457646;0.26835197;0.25464764;0.24327706;0.23678324,-1,confusable_intent,process_refund
Confusable,449,Update Frank's account to a lower tier.,update_subscription,update_subscription,update_subscription,True,1,0.4727365970611572,0.4727365970611572,update_subscription;provision_vm;generate_report;send_notification;create_ticket,0.47273660;0.35314167;0.33644208;0.33458325;0.31312594,-1,confusable_intent,update_database
