condition,row_index,query,ground_truth_raw,ground_truth_tool,predicted_tool,correct,rank,top1_cosine,ground_truth_cosine,top5_tools,top5_cosines,source_row_id,generation_type,confusable_with
Paraphrase,0,bring up Bob's account information.,query_database,db_read,update_subscription,False,7,0.26032283902168274,0.22145356237888336,update_subscription;quarantine_system;send_notification;escalate_to_human;provision_vm,0.26032284;0.24946482;0.24743031;0.23768313;0.23618738,6,paraphrase_original,
Paraphrase,1,"Yo, bring up bob's account information.",query_database,db_read,scan_malware,False,8,0.2928633391857147,0.24007628858089447,scan_malware;quarantine_system;update_subscription;send_notification;provision_vm,0.29286334;0.28925675;0.28536916;0.27973345;0.27519783,6,paraphrase_variant,
Paraphrase,2,We request that you bring up bob's account information.,query_database,db_read,send_notification,False,7,0.3481561243534088,0.28489193320274353,send_notification;quarantine_system;update_subscription;provision_vm;scan_malware,0.34815612;0.34765130;0.31981197;0.31669402;0.30566204,6,paraphrase_variant,
Paraphrase,3,Is it possible to bring up bob's account information?,query_database,db_read,update_subscription,False,6,0.31266769766807556,0.28284019231796265,update_subscription;scan_malware;send_notification;provision_vm;quarantine_system,0.31266770;0.30306295;0.29479173;0.29016140;0.28873447,6,paraphrase_variant,
Paraphrase,4,bring up bob's account information -- that's what needs to happen.,query_database,db_read,quarantine_system,False,10,0.3328130543231964,0.22184282541275024,quarantine_system;send_notification;escalate_to_human;provision_vm;scan_malware,0.33281305;0.33021736;0.32856807;0.30951586;0.28931794,6,paraphrase_variant,
Paraphrase,5,Please check the database entry for Eve.,query_database,db_read,db_write,False,2,0.4671325087547302,0.4623416066169739,db_write;db_read;generate_report;provision_vm;quarantine_system,0.46713251;0.46234161;0.31529841;0.28974485;0.28926808,11,paraphrase_original,
Paraphrase,6,Is it possible to check the database entry for eve?,query_database,db_read,db_read,True,1,0.4032793641090393,0.4032793641090393,db_read;db_write;scan_malware;log_audit_event;check_status,0.40327936;0.33364382;0.22217062;0.20756856;0.20015803,11,paraphrase_variant,
Paraphrase,7,What we need is for check the database entry for eve.,query_database,db_read,db_read,True,1,0.45523694157600403,0.45523694157600403,db_read;db_write;check_status;generate_report;log_audit_event,0.45523694;0.41172791;0.24942856;0.24891974;0.23941901,11,paraphrase_variant,
Paraphrase,8,Quick one -- check the database entry for eve.,query_database,db_read,db_write,False,2,0.4486139416694641,0.44530370831489563,db_write;db_read;generate_report;quarantine_system;send_notification,0.44861394;0.44530371;0.31416818;0.28067294;0.27924496,11,paraphrase_variant,
Paraphrase,9,Would you mind check the database entry for eve.,query_database,db_read,db_read,True,1,0.4846533238887787,0.4846533238887787,db_read;db_write;generate_report;log_audit_event;scan_malware,0.48465332;0.48036739;0.34879944;0.32774121;0.32360947,11,paraphrase_variant,
Paraphrase,10,Can you check the database for #53698?,query_database,db_read,db_read,True,1,0.5324844717979431,0.5324844717979431,db_read;db_write;generate_report;provision_vm;quarantine_system,0.53248447;0.46286824;0.35917383;0.34993213;0.34203115,18,paraphrase_original,
Paraphrase,11,Quick one -- check the database for #53698.,query_database,db_read,db_read,True,1,0.5274069309234619,0.5274069309234619,db_read;db_write;generate_report;send_notification;provision_vm,0.52740693;0.50490367;0.43526560;0.39690372;0.39148998,18,paraphrase_variant,
Paraphrase,12,We request that you check the database for #53698.,query_database,db_read,db_read,True,1,0.5212234258651733,0.5212234258651733,db_read;db_write;generate_report;quarantine_system;send_notification,0.52122343;0.46900883;0.37928203;0.36234394;0.35602024,18,paraphrase_variant,
Paraphrase,13,check the database for #53698 -- that's what needs to happen.,query_database,db_read,db_read,True,1,0.5540798902511597,0.5540798902511597,db_read;db_write;generate_report;provision_vm;quarantine_system,0.55407989;0.52881271;0.45133865;0.43159056;0.42672855,18,paraphrase_variant,
Paraphrase,14,Would anyone be able to check the database for #53698?,query_database,db_read,db_read,True,1,0.5157115459442139,0.5157115459442139,db_read;db_write;generate_report;scan_malware;provision_vm,0.51571155;0.44590637;0.34372061;0.32094315;0.31861430,18,paraphrase_variant,
Paraphrase,15,Can you pull the details associated with #53698?,query_database,db_read,provision_vm,False,5,0.4951779842376709,0.45540866255760193,provision_vm;generate_report;create_ticket;escalate_to_human;db_read,0.49517798;0.48971444;0.47000834;0.45870370;0.45540866,19,paraphrase_original,
Paraphrase,16,Gonna need you to pull the details associated with #53698.,query_database,db_read,generate_report,False,8,0.49071428179740906,0.43671104311943054,generate_report;provision_vm;create_ticket;escalate_to_human;send_notification,0.49071428;0.47674182;0.45667771;0.45001552;0.44698536,19,paraphrase_variant,
Paraphrase,17,What we need is for pull the details associated with #53698.,query_database,db_read,generate_report,False,2,0.4680217504501343,0.4508720934391022,generate_report;db_read;provision_vm;create_ticket;send_notification,0.46802175;0.45087209;0.44126979;0.43719432;0.43318269,19,paraphrase_variant,
Paraphrase,18,Who can pull the details associated with #53698?,query_database,db_read,escalate_to_human,False,6,0.46097078919410706,0.3519454896450043,escalate_to_human;generate_report;provision_vm;create_ticket;send_notification,0.46097079;0.40590176;0.40062973;0.40014210;0.37779030,19,paraphrase_variant,
Paraphrase,19,Would you mind pull the details associated with #53698.,query_database,db_read,generate_report,False,9,0.5114811658859253,0.4094575345516205,generate_report;provision_vm;create_ticket;escalate_to_human;process_refund,0.51148117;0.50940567;0.48519173;0.45836195;0.45618138,19,paraphrase_variant,
Paraphrase,20,Can you bring up the database entry for #20891?,query_database,db_read,db_write,False,2,0.5480358600616455,0.5298340320587158,db_write;db_read;provision_vm;generate_report;send_notification,0.54803586;0.52983403;0.48569825;0.47701961;0.42485574,22,paraphrase_original,
Paraphrase,21,Would anyone be able to bring up the database entry for #20891?,query_database,db_read,db_write,False,2,0.5280928015708923,0.5211014151573181,db_write;db_read;generate_report;provision_vm;send_notification,0.52809280;0.52110142;0.47314191;0.45983788;0.41624233,22,paraphrase_variant,
Paraphrase,22,Quick one -- bring up the database entry for #20891.,query_database,db_read,db_write,False,2,0.5452389717102051,0.5228905081748962,db_write;db_read;generate_report;provision_vm;send_notification,0.54523897;0.52289051;0.48996204;0.46647936;0.43319863,22,paraphrase_variant,
Paraphrase,23,What we need is for bring up the database entry for #20891.,query_database,db_read,db_write,False,2,0.5367429852485657,0.5287295579910278,db_write;db_read;generate_report;provision_vm;send_notification,0.53674299;0.52872956;0.46326816;0.44181371;0.40633059,22,paraphrase_variant,
Paraphrase,24,Would you mind bring up the database entry for #20891.,query_database,db_read,db_write,False,2,0.5234187245368958,0.4886937141418457,db_write;db_read;generate_report;provision_vm;create_ticket,0.52341872;0.48869371;0.48274758;0.47413406;0.41099614,22,paraphrase_variant,
Paraphrase,25,Can you read back the data for #60122?,query_database,db_read,db_read,True,1,0.5085594654083252,0.5085594654083252,db_read;db_write;provision_vm;generate_report;send_notification,0.50855947;0.42891690;0.39142168;0.38748565;0.37611622,23,paraphrase_original,
Paraphrase,26,Gonna need you to read back the data for #60122.,query_database,db_read,db_read,True,1,0.4574165642261505,0.4574165642261505,db_read;db_write;generate_report;provision_vm;send_notification,0.45741656;0.38242507;0.38230285;0.37549919;0.37473080,23,paraphrase_variant,
Paraphrase,27,Would anyone be able to read back the data for #60122?,query_database,db_read,db_read,True,1,0.49807995557785034,0.49807995557785034,db_read;db_write;generate_report;send_notification;provision_vm,0.49807996;0.40611356;0.38310900;0.36939779;0.36482370,23,paraphrase_variant,
Paraphrase,28,We request that you read back the data for #60122.,query_database,db_read,db_read,True,1,0.4715355634689331,0.4715355634689331,db_read;db_write;send_notification;generate_report;provision_vm,0.47153556;0.42993432;0.42150560;0.41129559;0.40567380,23,paraphrase_variant,
Paraphrase,29,It would help if read back the data for #60122.,query_database,db_read,db_read,True,1,0.481045663356781,0.481045663356781,db_read;db_write;generate_report;provision_vm;send_notification,0.48104566;0.42806622;0.41305482;0.41262773;0.39972985,23,paraphrase_variant,
Paraphrase,30,We should look up the record for Charlie.,query_database,db_read,quarantine_system,False,2,0.31555771827697754,0.29737725853919983,quarantine_system;db_read;generate_report;process_refund;scan_malware,0.31555772;0.29737726;0.28083721;0.27419698;0.27275732,40,paraphrase_original,
Paraphrase,31,Is it possible to we should look up the record for charlie?,query_database,db_read,db_read,True,1,0.31895095109939575,0.31895095109939575,db_read;quarantine_system;generate_report;provision_vm;escalate_to_human,0.31895095;0.31884879;0.30453908;0.28964719;0.28530410,40,paraphrase_variant,
Paraphrase,32,The situation requires we should look up the record for charlie.,query_database,db_read,escalate_to_human,False,8,0.35977816581726074,0.3101731240749359,escalate_to_human;generate_report;quarantine_system;create_ticket;process_refund,0.35977817;0.35603288;0.35551304;0.33664897;0.33248395,40,paraphrase_variant,
Paraphrase,33,Could you please we should look up the record for charlie.,query_database,db_read,quarantine_system,False,3,0.329928994178772,0.30919724702835083,quarantine_system;generate_report;db_read;scan_malware;provision_vm,0.32992899;0.31063560;0.30919725;0.29896584;0.29649648,40,paraphrase_variant,
Paraphrase,34,Quick one -- we should look up the record for charlie.,query_database,db_read,generate_report,False,5,0.3952828645706177,0.35127443075180054,generate_report;quarantine_system;process_refund;provision_vm;db_read,0.39528286;0.38909838;0.36835507;0.36735803;0.35127443,40,paraphrase_variant,
Paraphrase,35,We should search the database for Charlie.,query_database,db_read,db_read,True,1,0.3770475685596466,0.3770475685596466,db_read;db_write;quarantine_system;scan_malware;generate_report,0.37704757;0.31225735;0.30743632;0.28388396;0.28275335,47,paraphrase_original,
Paraphrase,36,we should search the database for charlie -- that's what needs to happen.,query_database,db_read,db_read,True,1,0.4039921462535858,0.4039921462535858,db_read;quarantine_system;db_write;generate_report;scan_malware,0.40399215;0.39433077;0.37746131;0.37659386;0.34967014,47,paraphrase_variant,
Paraphrase,37,Would anyone be able to we should search the database for charlie?,query_database,db_read,db_read,True,1,0.3898170292377472,0.3898170292377472,db_read;scan_malware;db_write;quarantine_system;generate_report,0.38981703;0.32551518;0.32079309;0.30013078;0.29417816,47,paraphrase_variant,
Paraphrase,38,Kindly we should search the database for charlie.,query_database,db_read,db_read,True,1,0.37048983573913574,0.37048983573913574,db_read;db_write;quarantine_system;scan_malware;generate_report,0.37048984;0.31060129;0.27365574;0.26889592;0.26032647,47,paraphrase_variant,
Paraphrase,39,Need you to we should search the database for charlie.,query_database,db_read,db_read,True,1,0.41345831751823425,0.41345831751823425,db_read;db_write;quarantine_system;generate_report;scan_malware,0.41345832;0.35846433;0.33279517;0.33233902;0.30509055,47,paraphrase_variant,
Paraphrase,40,Let's look up the record for Charlie.,query_database,db_read,quarantine_system,False,2,0.31010735034942627,0.29216039180755615,quarantine_system;db_read;process_refund;provision_vm;generate_report,0.31010735;0.29216039;0.28417501;0.27596593;0.27560309,48,paraphrase_original,
Paraphrase,41,What we need is for let's look up the record for charlie.,query_database,db_read,quarantine_system,False,5,0.3188449740409851,0.2876664996147156,quarantine_system;generate_report;process_refund;check_status;db_read,0.31884497;0.29908323;0.29310203;0.29146737;0.28766650,48,paraphrase_variant,
Paraphrase,42,Quick one -- let's look up the record for charlie.,query_database,db_read,generate_report,False,6,0.39646920561790466,0.3547086715698242,generate_report;quarantine_system;provision_vm;process_refund;create_ticket,0.39646921;0.39145249;0.37684208;0.37671819;0.36813113,48,paraphrase_variant,
Paraphrase,43,Would you mind let's look up the record for charlie.,query_database,db_read,quarantine_system,False,6,0.3275429606437683,0.2908271849155426,quarantine_system;generate_report;provision_vm;scan_malware;process_refund,0.32754296;0.31671149;0.31107202;0.29654309;0.29205465,48,paraphrase_variant,
Paraphrase,44,Who can let's look up the record for charlie?,query_database,db_read,quarantine_system,False,4,0.2553125321865082,0.24964597821235657,quarantine_system;generate_report;escalate_to_human;db_read;provision_vm,0.25531253;0.25307187;0.25248158;0.24964598;0.23961163,48,paraphrase_variant,
Paraphrase,45,Let's retrieve the entry for #10234.,query_database,db_read,generate_report,False,5,0.4919600784778595,0.4604965150356293,generate_report;provision_vm;process_refund;send_notification;db_read,0.49196008;0.49178246;0.47011077;0.46538147;0.46049652,49,paraphrase_original,
Paraphrase,46,Is it possible to let's retrieve the entry for #10234?,query_database,db_read,db_read,True,1,0.4142611622810364,0.4142611622810364,db_read;provision_vm;generate_report;send_notification;process_refund,0.41426116;0.40042493;0.39914048;0.38189748;0.37629780,49,paraphrase_variant,
Paraphrase,47,We request that you let's retrieve the entry for #10234.,query_database,db_read,generate_report,False,8,0.4946950376033783,0.43749505281448364,generate_report;send_notification;provision_vm;process_refund;quarantine_system,0.49469504;0.48923492;0.48677945;0.47323564;0.47178936,49,paraphrase_variant,
Paraphrase,48,The situation requires let's retrieve the entry for #10234.,query_database,db_read,provision_vm,False,10,0.4888591170310974,0.39520198106765747,provision_vm;generate_report;escalate_to_human;send_notification;create_ticket,0.48885912;0.48636183;0.46876353;0.46543178;0.46400225,49,paraphrase_variant,
Paraphrase,49,Need you to let's retrieve the entry for #10234.,query_database,db_read,provision_vm,False,5,0.5168440937995911,0.48087647557258606,provision_vm;generate_report;send_notification;process_refund;db_read,0.51684409;0.51448739;0.49186340;0.48253286;0.48087648,49,paraphrase_variant,
Paraphrase,50,Let's pull the details associated with #42017.,query_database,db_read,send_notification,False,13,0.4696425497531891,0.3417140543460846,send_notification;provision_vm;generate_report;process_refund;create_ticket,0.46964255;0.46723017;0.46220276;0.46134317;0.42804903,51,paraphrase_original,
Paraphrase,51,Please let's pull the details associated with #42017.,query_database,db_read,provision_vm,False,13,0.510989248752594,0.34609267115592957,provision_vm;generate_report;send_notification;process_refund;quarantine_system,0.51098925;0.50439453;0.50318569;0.49388510;0.46868846,51,paraphrase_variant,
Paraphrase,52,Could someone let's pull the details associated with #42017?,query_database,db_read,generate_report,False,12,0.4825769066810608,0.3463010787963867,generate_report;provision_vm;send_notification;create_ticket;process_refund,0.48257691;0.47960269;0.47181678;0.44780964;0.44564706,51,paraphrase_variant,
Paraphrase,53,"Yo, let's pull the details associated with #42017.",query_database,db_read,generate_report,False,12,0.46246111392974854,0.32679539918899536,generate_report;provision_vm;send_notification;process_refund;create_ticket,0.46246111;0.46070671;0.45614451;0.45056564;0.41733760,51,paraphrase_variant,
Paraphrase,54,The situation requires let's pull the details associated with #42017.,query_database,db_read,escalate_to_human,False,13,0.5034458041191101,0.3125019669532776,escalate_to_human;create_ticket;generate_report;send_notification;provision_vm,0.50344580;0.49830475;0.49395540;0.49301910;0.49138749,51,paraphrase_variant,
Paraphrase,55,Let's search for transaction #10234 in the database.,query_database,db_read,db_read,True,1,0.5033078193664551,0.5033078193664551,db_read;db_write;generate_report;log_audit_event;provision_vm,0.50330782;0.42963824;0.32796720;0.31295392;0.29924861,53,paraphrase_original,
Paraphrase,56,Could someone let's search for transaction #10234 in the database?,query_database,db_read,db_read,True,1,0.46464723348617554,0.46464723348617554,db_read;db_write;log_audit_event;generate_report;create_ticket,0.46464723;0.37277910;0.31649345;0.30668890;0.27799872,53,paraphrase_variant,
Paraphrase,57,Could you please let's search for transaction #10234 in the database.,query_database,db_read,db_read,True,1,0.5012176036834717,0.5012176036834717,db_read;db_write;generate_report;log_audit_event;provision_vm,0.50121760;0.43819749;0.34925452;0.34407517;0.31984556,53,paraphrase_variant,
Paraphrase,58,Quick one -- let's search for transaction #10234 in the database.,query_database,db_read,db_read,True,1,0.5011587738990784,0.5011587738990784,db_read;db_write;generate_report;log_audit_event;check_status,0.50115877;0.43489400;0.35013884;0.32917321;0.31178567,53,paraphrase_variant,
Paraphrase,59,let's search for transaction #10234 in the database -- that's what needs to happen.,query_database,db_read,db_read,True,1,0.5155845880508423,0.5155845880508423,db_read;db_write;generate_report;quarantine_system;log_audit_event,0.51558459;0.46154305;0.36737937;0.33643210;0.33300880,53,paraphrase_variant,
Paraphrase,60,Kindly look up the record for #31450.,query_database,db_read,db_read,True,1,0.3619609475135803,0.3619609475135803,db_read;db_write;generate_report;provision_vm;create_ticket,0.36196095;0.35331628;0.33258951;0.31513372;0.31485480,56,paraphrase_original,
Paraphrase,61,"Yo, look up the record for #31450.",query_database,db_read,db_read,True,1,0.3617546558380127,0.3617546558380127,db_read;db_write;generate_report;provision_vm;send_notification,0.36175466;0.34467772;0.34158352;0.31183696;0.29750234,56,paraphrase_variant,
Paraphrase,62,look up the record for #31450 -- that's what needs to happen.,query_database,db_read,generate_report,False,4,0.4011859595775604,0.36094915866851807,generate_report;db_write;provision_vm;db_read;send_notification,0.40118596;0.38838783;0.36390293;0.36094916;0.35822198,56,paraphrase_variant,
Paraphrase,63,Who can look up the record for #31450?,query_database,db_read,db_read,True,1,0.3228144943714142,0.3228144943714142,db_read;db_write;generate_report;escalate_to_human;create_ticket,0.32281449;0.27705920;0.27229592;0.25875470;0.24437258,56,paraphrase_variant,
Paraphrase,64,Would you mind look up the record for #31450.,query_database,db_read,db_write,False,2,0.35887500643730164,0.35471612215042114,db_write;db_read;generate_report;provision_vm;create_ticket,0.35887501;0.35471612;0.35303718;0.32088929;0.30433047,56,paraphrase_variant,
Paraphrase,65,Kindly bring up the database entry for #53698.,query_database,db_read,db_read,True,1,0.5070438981056213,0.5070438981056213,db_read;db_write;provision_vm;generate_report;process_refund,0.50704390;0.48935089;0.39628312;0.39088517;0.35467306,62,paraphrase_original,
Paraphrase,66,Gonna need you to bring up the database entry for #53698.,query_database,db_read,db_read,True,1,0.5266568064689636,0.5266568064689636,db_read;db_write;generate_report;provision_vm;quarantine_system,0.52665681;0.50006670;0.42717353;0.41488048;0.38065684,62,paraphrase_variant,
Paraphrase,67,We request that you bring up the database entry for #53698.,query_database,db_read,db_read,True,1,0.528344452381134,0.528344452381134,db_read;db_write;generate_report;provision_vm;quarantine_system,0.52834445;0.50499839;0.42402443;0.41924670;0.39073774,62,paraphrase_variant,
Paraphrase,68,bring up the database entry for #53698 -- that's what needs to happen.,query_database,db_read,db_write,False,2,0.5391458868980408,0.5300381779670715,db_write;db_read;generate_report;provision_vm;quarantine_system,0.53914589;0.53003818;0.45212528;0.44329286;0.40500823,62,paraphrase_variant,
Paraphrase,69,Would anyone be able to bring up the database entry for #53698?,query_database,db_read,db_read,True,1,0.524038553237915,0.524038553237915,db_read;db_write;generate_report;provision_vm;quarantine_system,0.52403855;0.48997569;0.41321313;0.40804580;0.35881767,62,paraphrase_variant,
Paraphrase,70,save the latest data for Bob to the database.,update_database,db_write,db_read,False,2,0.4711015522480011,0.3963248133659363,db_read;db_write;provision_vm;generate_report;quarantine_system,0.47110155;0.39632481;0.25006858;0.23912708;0.23886541,67,paraphrase_original,
Paraphrase,71,Would anyone be able to save the latest data for bob to the database?,update_database,db_write,db_read,False,2,0.5025029182434082,0.43787848949432373,db_read;db_write;generate_report;provision_vm;send_notification,0.50250292;0.43787849;0.31246156;0.29677948;0.28819013,67,paraphrase_variant,
Paraphrase,72,It would help if save the latest data for bob to the database.,update_database,db_write,db_read,False,2,0.5134338736534119,0.45655813813209534,db_read;db_write;generate_report;provision_vm;send_notification,0.51343387;0.45655814;0.34309563;0.32923138;0.32155097,67,paraphrase_variant,
Paraphrase,73,We request that you save the latest data for bob to the database.,update_database,db_write,db_read,False,2,0.5163869857788086,0.43917393684387207,db_read;db_write;send_notification;generate_report;quarantine_system,0.51638699;0.43917394;0.33783218;0.33652323;0.33610860,67,paraphrase_variant,
Paraphrase,74,Do me a favor and save the latest data for bob to the database.,update_database,db_write,db_read,False,2,0.4442906379699707,0.38545435667037964,db_read;db_write;generate_report;provision_vm;send_notification,0.44429064;0.38545436;0.29191792;0.28734258;0.26857135,67,paraphrase_variant,
Paraphrase,75,commit the new record for Alice to the database.,update_database,db_write,db_write,True,1,0.5000261664390564,0.5000261664390564,db_write;db_read;escalate_to_human;generate_report;provision_vm,0.50002617;0.38270888;0.34989494;0.34250796;0.34226164,70,paraphrase_original,
Paraphrase,76,commit the new record for alice to the database -- that's what needs to happen.,update_database,db_write,db_write,True,1,0.5106191039085388,0.5106191039085388,db_write;db_read;generate_report;escalate_to_human;provision_vm,0.51061910;0.38991693;0.36827025;0.36782548;0.35412133,70,paraphrase_variant,
Paraphrase,77,"Hey, can you commit the new record for alice to the database.",update_database,db_write,db_write,True,1,0.5540171265602112,0.5540171265602112,db_write;db_read;generate_report;provision_vm;escalate_to_human,0.55401713;0.44358978;0.44213420;0.42999825;0.41229662,70,paraphrase_variant,
Paraphrase,78,Would you mind commit the new record for alice to the database.,update_database,db_write,db_write,True,1,0.50358647108078,0.50358647108078,db_write;db_read;generate_report;provision_vm;escalate_to_human,0.50358647;0.39447933;0.38205463;0.36627406;0.36219296,70,paraphrase_variant,
Paraphrase,79,Would anyone be able to commit the new record for alice to the database?,update_database,db_write,db_write,True,1,0.5104174613952637,0.5104174613952637,db_write;db_read;generate_report;escalate_to_human;provision_vm,0.51041746;0.41075006;0.40680990;0.40003133;0.37591782,70,paraphrase_variant,
Paraphrase,80,Please persist the changes for Frank.,update_database,db_write,provision_vm,False,9,0.5340495109558105,0.36306032538414,provision_vm;update_subscription;generate_report;send_notification;create_ticket,0.53404951;0.51125032;0.44838652;0.44823635;0.44746014,77,paraphrase_original,
Paraphrase,81,I'd appreciate it if you could persist the changes for frank.,update_database,db_write,provision_vm,False,8,0.5652859210968018,0.43587687611579895,provision_vm;update_subscription;generate_report;send_notification;create_ticket,0.56528592;0.53144366;0.50732976;0.50596291;0.50228602,77,paraphrase_variant,
Paraphrase,82,Who can persist the changes for frank?,update_database,db_write,provision_vm,False,10,0.42163732647895813,0.2429761439561844,provision_vm;escalate_to_human;update_subscription;create_ticket;send_notification,0.42163733;0.39083722;0.39000636;0.38518316;0.35459733,77,paraphrase_variant,
Paraphrase,83,"Yo, persist the changes for frank.",update_database,db_write,provision_vm,False,9,0.5000941157341003,0.35485848784446716,provision_vm;update_subscription;generate_report;send_notification;create_ticket,0.50009412;0.48992079;0.42637637;0.42010403;0.41840130,77,paraphrase_variant,
Paraphrase,84,The situation requires persist the changes for frank.,update_database,db_write,provision_vm,False,9,0.4986597001552582,0.35316672921180725,provision_vm;update_subscription;create_ticket;escalate_to_human;generate_report,0.49865970;0.46776354;0.45725721;0.43373251;0.43311673,77,paraphrase_variant,
Paraphrase,85,Please commit the new record for Grace to the database.,update_database,db_write,db_write,True,1,0.5110136270523071,0.5110136270523071,db_write;db_read;generate_report;provision_vm;send_notification,0.51101363;0.38998908;0.38766798;0.38397682;0.33471408,78,paraphrase_original,
Paraphrase,86,Who can commit the new record for grace to the database?,update_database,db_write,db_write,True,1,0.45853230357170105,0.45853230357170105,db_write;db_read;generate_report;provision_vm;send_notification,0.45853230;0.35815924;0.31177792;0.30296981;0.25277442,78,paraphrase_variant,
Paraphrase,87,Need you to commit the new record for grace to the database.,update_database,db_write,db_write,True,1,0.5395774841308594,0.5395774841308594,db_write;db_read;generate_report;provision_vm;send_notification,0.53957748;0.43415859;0.38708860;0.37868738;0.32189727,78,paraphrase_variant,
Paraphrase,88,We request that you commit the new record for grace to the database.,update_database,db_write,db_write,True,1,0.520003080368042,0.520003080368042,db_write;db_read;generate_report;provision_vm;send_notification,0.52000308;0.41878465;0.38683167;0.37857857;0.34060538,78,paraphrase_variant,
Paraphrase,89,commit the new record for grace to the database -- that's what needs to happen.,update_database,db_write,db_write,True,1,0.5034391283988953,0.5034391283988953,db_write;db_read;generate_report;provision_vm;quarantine_system,0.50343913;0.37577248;0.35378230;0.35220203;0.29841858,78,paraphrase_variant,
Paraphrase,90,Please apply the database update for Finance.,update_database,db_write,db_write,True,1,0.5304327011108398,0.5304327011108398,db_write;db_read;generate_report;provision_vm;process_refund,0.53043270;0.46147209;0.37107530;0.35875463;0.31284395,82,paraphrase_original,
Paraphrase,91,Is it possible to apply the database update for finance?,update_database,db_write,db_write,True,1,0.5217865109443665,0.5217865109443665,db_write;db_read;provision_vm;generate_report;create_ticket,0.52178651;0.43768016;0.31465688;0.30484843;0.27286473,82,paraphrase_variant,
Paraphrase,92,Kindly apply the database update for finance.,update_database,db_write,db_write,True,1,0.4998841881752014,0.4998841881752014,db_write;db_read;generate_report;provision_vm;create_ticket,0.49988419;0.43422449;0.32451612;0.31422684;0.29474768,82,paraphrase_variant,
Paraphrase,93,What we need is for apply the database update for finance.,update_database,db_write,db_write,True,1,0.5533648729324341,0.5533648729324341,db_write;db_read;generate_report;provision_vm;create_ticket,0.55336487;0.50957161;0.33371544;0.31310645;0.28006491,82,paraphrase_variant,
Paraphrase,94,Need you to apply the database update for finance.,update_database,db_write,db_write,True,1,0.5680500268936157,0.5680500268936157,db_write;db_read;generate_report;provision_vm;create_ticket,0.56805003;0.51254046;0.37404543;0.36794111;0.33113778,82,paraphrase_variant,
Paraphrase,95,Can you persist the database update for #53698?,update_database,db_write,db_write,True,1,0.5446479916572571,0.5446479916572571,db_write;db_read;provision_vm;generate_report;process_refund,0.54464799;0.45467600;0.44305769;0.40288460;0.36314189,85,paraphrase_original,
Paraphrase,96,Would anyone be able to persist the database update for #53698?,update_database,db_write,db_write,True,1,0.5627186298370361,0.5627186298370361,db_write;db_read;provision_vm;generate_report;process_refund,0.56271863;0.45597008;0.45400247;0.43828881;0.37417841,85,paraphrase_variant,
Paraphrase,97,persist the database update for #53698 -- that's what needs to happen.,update_database,db_write,db_write,True,1,0.5483790040016174,0.5483790040016174,db_write;db_read;provision_vm;generate_report;process_refund,0.54837900;0.45087454;0.44646192;0.42129597;0.38579094,85,paraphrase_variant,
Paraphrase,98,Would you mind persist the database update for #53698.,update_database,db_write,db_write,True,1,0.5587203502655029,0.5587203502655029,db_write;provision_vm;db_read;generate_report;process_refund,0.55872035;0.47280654;0.45943257;0.44858411;0.39091262,85,paraphrase_variant,
Paraphrase,99,Gonna need you to persist the database update for #53698.,update_database,db_write,db_write,True,1,0.5649834871292114,0.5649834871292114,db_write;db_read;provision_vm;generate_report;process_refund,0.56498349;0.47914621;0.46519703;0.44776317;0.40282622,85,paraphrase_variant,
Paraphrase,100,Could you store the Finance configuration in the database for me?,update_database,db_write,db_write,True,1,0.49575239419937134,0.49575239419937134,db_write;db_read;provision_vm;generate_report;update_subscription,0.49575239;0.46956474;0.33502913;0.32782778;0.30233395,91,paraphrase_original,
Paraphrase,101,store the finance configuration in the database for me -- that's what needs to happen.,update_database,db_write,db_write,True,1,0.47183310985565186,0.47183310985565186,db_write;db_read;provision_vm;generate_report;update_subscription,0.47183311;0.43289295;0.30000612;0.27955744;0.27113056,91,paraphrase_variant,
Paraphrase,102,Could someone store the finance configuration in the database for me?,update_database,db_write,db_read,False,2,0.45957475900650024,0.45729196071624756,db_read;db_write;generate_report;provision_vm;update_subscription,0.45957476;0.45729196;0.29900816;0.29797548;0.27358252,91,paraphrase_variant,
Paraphrase,103,"Hey, can you store the finance configuration in the database for me.",update_database,db_write,db_write,True,1,0.5009382367134094,0.5009382367134094,db_write;db_read;provision_vm;generate_report;update_subscription,0.50093824;0.46074259;0.36295095;0.35480282;0.32953709,91,paraphrase_variant,
Paraphrase,104,Please store the finance configuration in the database for me.,update_database,db_write,db_write,True,1,0.48397642374038696,0.48397642374038696,db_write;db_read;provision_vm;generate_report;update_subscription,0.48397642;0.45279539;0.34029576;0.32493076;0.31475553,91,paraphrase_variant,
Paraphrase,105,Could you commit the new record for Charlie to the database for me?,update_database,db_write,db_write,True,1,0.5714887380599976,0.5714887380599976,db_write;db_read;generate_report;provision_vm;send_notification,0.57148874;0.49038485;0.46937400;0.44773090;0.41168597,94,paraphrase_original,
Paraphrase,106,I'd appreciate it if you could commit the new record for charlie to the database for me.,update_database,db_write,db_write,True,1,0.5702270269393921,0.5702270269393921,db_write;generate_report;db_read;provision_vm;send_notification,0.57022703;0.49334636;0.48604831;0.46109137;0.44009262,94,paraphrase_variant,
Paraphrase,107,Would anyone be able to commit the new record for charlie to the database for me?,update_database,db_write,db_write,True,1,0.538791835308075,0.538791835308075,db_write;db_read;generate_report;provision_vm;send_notification,0.53879184;0.47288856;0.45982426;0.42444506;0.40086663,94,paraphrase_variant,
Paraphrase,108,Gonna need you to commit the new record for charlie to the database for me.,update_database,db_write,db_write,True,1,0.5159628391265869,0.5159628391265869,db_write;db_read;generate_report;provision_vm;send_notification,0.51596284;0.45883286;0.45330790;0.41973531;0.40154690,94,paraphrase_variant,
Paraphrase,109,It would help if commit the new record for charlie to the database for me.,update_database,db_write,db_write,True,1,0.5641054511070251,0.5641054511070251,db_write;db_read;generate_report;provision_vm;send_notification,0.56410545;0.49099743;0.46030694;0.42975113;0.40463367,94,paraphrase_variant,
Paraphrase,110,Could you store the revised data tied to #60122 for me?,update_database,db_write,db_write,True,1,0.5284582376480103,0.5284582376480103,db_write;db_read;generate_report;provision_vm;send_notification,0.52845824;0.50908542;0.43044597;0.41230351;0.38690796,96,paraphrase_original,
Paraphrase,111,Could someone store the revised data tied to #60122 for me?,update_database,db_write,db_read,False,2,0.47363775968551636,0.4697065055370331,db_read;db_write;generate_report;provision_vm;send_notification,0.47363776;0.46970651;0.38679087;0.35598204;0.34115866,96,paraphrase_variant,
Paraphrase,112,It would help if store the revised data tied to #60122 for me.,update_database,db_write,db_write,True,1,0.5241539478302002,0.5241539478302002,db_write;db_read;generate_report;provision_vm;send_notification,0.52415395;0.49216738;0.43547988;0.42702538;0.39716139,96,paraphrase_variant,
Paraphrase,113,"Yo, store the revised data tied to #60122 for me.",update_database,db_write,db_write,True,1,0.522330641746521,0.522330641746521,db_write;db_read;generate_report;provision_vm;send_notification,0.52233064;0.47232887;0.44078887;0.43468446;0.40085131,96,paraphrase_variant,
Paraphrase,114,Please store the revised data tied to #60122 for me.,update_database,db_write,db_write,True,1,0.5178964138031006,0.5178964138031006,db_write;db_read;generate_report;provision_vm;send_notification,0.51789641;0.47425416;0.44158128;0.42451215;0.39880505,96,paraphrase_variant,
Paraphrase,115,I need you to store the revised details for Alice.,update_database,db_write,escalate_to_human,False,2,0.45301908254623413,0.42412620782852173,escalate_to_human;db_write;generate_report;provision_vm;update_subscription,0.45301908;0.42412621;0.41439620;0.40019861;0.38406673,104,paraphrase_original,
Paraphrase,116,It would help if store the revised details for alice.,update_database,db_write,escalate_to_human,False,2,0.4355263113975525,0.43107807636260986,escalate_to_human;db_write;generate_report;provision_vm;update_subscription,0.43552631;0.43107808;0.40631056;0.39271420;0.38148892,104,paraphrase_variant,
Paraphrase,117,"Hey, can you store the revised details for alice.",update_database,db_write,escalate_to_human,False,3,0.4401070475578308,0.4048730731010437,escalate_to_human;generate_report;db_write;provision_vm;update_subscription,0.44010705;0.40768573;0.40487307;0.39893392;0.39416051,104,paraphrase_variant,
Paraphrase,118,I'd appreciate it if you could store the revised details for alice.,update_database,db_write,escalate_to_human,False,3,0.4327009618282318,0.42336204648017883,escalate_to_human;generate_report;db_write;provision_vm;update_subscription,0.43270096;0.42515972;0.42336205;0.40340763;0.39385387,104,paraphrase_variant,
Paraphrase,119,Could someone store the revised details for alice?,update_database,db_write,escalate_to_human,False,2,0.39914047718048096,0.34720316529273987,escalate_to_human;db_write;update_subscription;generate_report;provision_vm,0.39914048;0.34720317;0.34696347;0.34017476;0.32585636,104,paraphrase_variant,
Paraphrase,120,We should save the latest data for Diana to the database.,update_database,db_write,db_read,False,2,0.504303514957428,0.47763049602508545,db_read;db_write;generate_report;provision_vm;quarantine_system,0.50430351;0.47763050;0.34955263;0.31195930;0.30082205,107,paraphrase_original,
Paraphrase,121,The situation requires we should save the latest data for diana to the database.,update_database,db_write,db_read,False,2,0.503940999507904,0.49383652210235596,db_read;db_write;generate_report;provision_vm;send_notification,0.50394100;0.49383652;0.35649112;0.32059401;0.29498175,107,paraphrase_variant,
Paraphrase,122,Do me a favor and we should save the latest data for diana to the database.,update_database,db_write,db_read,False,2,0.4800104796886444,0.4718446135520935,db_read;db_write;generate_report;provision_vm;quarantine_system,0.48001048;0.47184461;0.36513093;0.32130408;0.30351633,107,paraphrase_variant,
Paraphrase,123,I'd appreciate it if you could we should save the latest data for diana to the database.,update_database,db_write,db_write,True,1,0.5373656153678894,0.5373656153678894,db_write;db_read;generate_report;provision_vm;send_notification,0.53736562;0.53718680;0.43871719;0.39561769;0.38085243,107,paraphrase_variant,
Paraphrase,124,Is it possible to we should save the latest data for diana to the database?,update_database,db_write,db_read,False,2,0.46811115741729736,0.44627270102500916,db_read;db_write;generate_report;provision_vm;quarantine_system,0.46811116;0.44627270;0.28506738;0.25441960;0.23144417,107,paraphrase_variant,
Paraphrase,125,We should commit the new record for Bob to the database.,update_database,db_write,db_write,True,1,0.48397934436798096,0.48397934436798096,db_write;db_read;generate_report;provision_vm;send_notification,0.48397934;0.40283164;0.38310724;0.36604944;0.34093234,110,paraphrase_original,
Paraphrase,126,Please we should commit the new record for bob to the database.,update_database,db_write,db_write,True,1,0.47814762592315674,0.47814762592315674,db_write;generate_report;db_read;provision_vm;send_notification,0.47814763;0.40011486;0.39624482;0.37732261;0.34702060,110,paraphrase_variant,
Paraphrase,127,The situation requires we should commit the new record for bob to the database.,update_database,db_write,db_write,True,1,0.48209553956985474,0.48209553956985474,db_write;db_read;generate_report;provision_vm;escalate_to_human,0.48209554;0.40051112;0.37687272;0.35146415;0.33897060,110,paraphrase_variant,
Paraphrase,128,Is it possible to we should commit the new record for bob to the database?,update_database,db_write,db_write,True,1,0.4903002381324768,0.4903002381324768,db_write;db_read;generate_report;provision_vm;escalate_to_human,0.49030024;0.40612453;0.36153179;0.34839666;0.31807682,110,paraphrase_variant,
Paraphrase,129,"Yo, we should commit the new record for bob to the database.",update_database,db_write,db_write,True,1,0.4752899408340454,0.4752899408340454,db_write;generate_report;db_read;provision_vm;send_notification,0.47528994;0.39769843;0.39720422;0.37382561;0.35055023,110,paraphrase_variant,
Paraphrase,130,We should store the revised details for Frank.,update_database,db_write,update_subscription,False,4,0.4587632417678833,0.421796053647995,update_subscription;provision_vm;generate_report;db_write;send_notification,0.45876324;0.44338033;0.44038808;0.42179605;0.41868898,112,paraphrase_original,
Paraphrase,131,Could you please we should store the revised details for frank.,update_database,db_write,provision_vm,False,7,0.5086017847061157,0.44551175832748413,provision_vm;generate_report;update_subscription;send_notification;escalate_to_human,0.50860178;0.50712317;0.48387387;0.47186443;0.46733299,112,paraphrase_variant,
Paraphrase,132,The situation requires we should store the revised details for frank.,update_database,db_write,escalate_to_human,False,7,0.470323383808136,0.4197629988193512,escalate_to_human;generate_report;provision_vm;create_ticket;update_subscription,0.47032338;0.46023875;0.46006092;0.45536473;0.43447557,112,paraphrase_variant,
Paraphrase,133,Would anyone be able to we should store the revised details for frank?,update_database,db_write,generate_report,False,7,0.4919672906398773,0.4355529844760895,generate_report;provision_vm;update_subscription;send_notification;escalate_to_human,0.49196729;0.48060501;0.46866587;0.45543364;0.45048440,112,paraphrase_variant,
Paraphrase,134,"Yo, we should store the revised details for frank.",update_database,db_write,generate_report,False,5,0.4899667501449585,0.44783666729927063,generate_report;update_subscription;provision_vm;send_notification;db_write,0.48996675;0.48912683;0.48897678;0.45904675;0.44783667,112,paraphrase_variant,
Paraphrase,135,Let's save the latest data for Frank to the database.,update_database,db_write,db_write,True,1,0.5279013514518738,0.5279013514518738,db_write;db_read;generate_report;provision_vm;send_notification,0.52790135;0.51125938;0.43797070;0.42809781;0.40480694,115,paraphrase_original,
Paraphrase,136,Is it possible to let's save the latest data for frank to the database?,update_database,db_write,db_write,True,1,0.48409798741340637,0.48409798741340637,db_write;db_read;provision_vm;generate_report;send_notification,0.48409799;0.46512860;0.35103711;0.34696314;0.31245014,115,paraphrase_variant,
Paraphrase,137,I'd appreciate it if you could let's save the latest data for frank to the database.,update_database,db_write,db_write,True,1,0.5852088332176208,0.5852088332176208,db_write;db_read;generate_report;provision_vm;send_notification,0.58520883;0.54487479;0.51654267;0.49984172;0.48436618,115,paraphrase_variant,
Paraphrase,138,The situation requires let's save the latest data for frank to the database.,update_database,db_write,db_write,True,1,0.5311052799224854,0.5311052799224854,db_write;db_read;generate_report;provision_vm;send_notification,0.53110528;0.48522374;0.44096515;0.43828288;0.40620917,115,paraphrase_variant,
Paraphrase,139,Quick one -- let's save the latest data for frank to the database.,update_database,db_write,db_write,True,1,0.5570102334022522,0.5570102334022522,db_write;db_read;generate_report;provision_vm;send_notification,0.55701023;0.52701646;0.49921378;0.47616959;0.46211824,115,paraphrase_variant,
Paraphrase,140,Let's commit the Legal configuration update.,update_database,db_write,create_ticket,False,9,0.5498392581939697,0.38071703910827637,create_ticket;provision_vm;generate_report;update_subscription;escalate_to_human,0.54983926;0.54078525;0.48377281;0.48224553;0.46735698,118,paraphrase_original,
Paraphrase,141,Would anyone be able to let's commit the legal configuration update?,update_database,db_write,create_ticket,False,10,0.5686665773391724,0.37130746245384216,create_ticket;provision_vm;generate_report;update_subscription;escalate_to_human,0.56866658;0.53320056;0.49493134;0.47742945;0.46761599,118,paraphrase_variant,
Paraphrase,142,The situation requires let's commit the legal configuration update.,update_database,db_write,create_ticket,False,9,0.582728922367096,0.3724539875984192,create_ticket;provision_vm;escalate_to_human;generate_report;process_refund,0.58272892;0.54459965;0.50861669;0.47383475;0.45836112,118,paraphrase_variant,
Paraphrase,143,Please let's commit the legal configuration update.,update_database,db_write,create_ticket,False,10,0.5626978278160095,0.3885021507740021,create_ticket;provision_vm;generate_report;update_subscription;escalate_to_human,0.56269783;0.55308151;0.50713235;0.49314722;0.48184267,118,paraphrase_variant,
Paraphrase,144,Do me a favor and let's commit the legal configuration update.,update_database,db_write,create_ticket,False,10,0.522546648979187,0.31567394733428955,create_ticket;provision_vm;generate_report;escalate_to_human;update_subscription,0.52254665;0.48278588;0.43372798;0.41364655;0.41014898,118,paraphrase_variant,
Paraphrase,145,Kindly push Diana's data update into the database.,update_database,db_write,db_write,True,1,0.4943951666355133,0.4943951666355133,db_write;db_read;generate_report;provision_vm;send_notification,0.49439517;0.48699671;0.37263468;0.35672212;0.33360296,129,paraphrase_original,
Paraphrase,146,Quick one -- push diana's data update into the database.,update_database,db_write,db_write,True,1,0.49826759099960327,0.49826759099960327,db_write;db_read;generate_report;provision_vm;send_notification,0.49826759;0.47943762;0.38317001;0.35167864;0.33650717,129,paraphrase_variant,
Paraphrase,147,The situation requires push diana's data update into the database.,update_database,db_write,db_write,True,1,0.5089011192321777,0.5089011192321777,db_write;db_read;generate_report;provision_vm;send_notification,0.50890112;0.49033788;0.38976610;0.38009658;0.34724960,129,paraphrase_variant,
Paraphrase,148,Could someone push diana's data update into the database?,update_database,db_write,db_write,True,1,0.4870784282684326,0.4870784282684326,db_write;db_read;generate_report;provision_vm;quarantine_system,0.48707843;0.47898814;0.36366346;0.34914467;0.30964631,129,paraphrase_variant,
Paraphrase,149,We request that you push diana's data update into the database.,update_database,db_write,db_write,True,1,0.5286669731140137,0.5286669731140137,db_write;db_read;generate_report;provision_vm;send_notification,0.52866697;0.51583773;0.41190514;0.40263751;0.38095316,129,paraphrase_variant,
Paraphrase,150,Kindly apply the database update for HR.,update_database,db_write,db_write,True,1,0.4296782314777374,0.4296782314777374,db_write;db_read;generate_report;provision_vm;process_refund,0.42967823;0.40869904;0.32471678;0.31443015;0.30299896,130,paraphrase_original,
Paraphrase,151,Would anyone be able to apply the database update for hr?,update_database,db_write,db_write,True,1,0.4871711730957031,0.4871711730957031,db_write;db_read;generate_report;provision_vm;send_notification,0.48717117;0.44626552;0.40892306;0.37855113;0.34229907,130,paraphrase_variant,
Paraphrase,152,Please apply the database update for hr.,update_database,db_write,db_write,True,1,0.4624989330768585,0.4624989330768585,db_write;db_read;generate_report;provision_vm;process_refund,0.46249893;0.43531954;0.37537646;0.36013955;0.33515948,130,paraphrase_variant,
Paraphrase,153,Need you to apply the database update for hr.,update_database,db_write,db_write,True,1,0.48549771308898926,0.48549771308898926,db_write;db_read;generate_report;provision_vm;process_refund,0.48549771;0.46697387;0.37100166;0.36620843;0.33957541,130,paraphrase_variant,
Paraphrase,154,It would help if apply the database update for hr.,update_database,db_write,db_write,True,1,0.5063682794570923,0.5063682794570923,db_write;db_read;generate_report;provision_vm;process_refund,0.50636828;0.48058715;0.41551697;0.39398107;0.37154108,130,paraphrase_variant,
Paraphrase,155,"When you have a moment, write the updated data for #31450 back to the database.",update_database,db_write,db_write,True,1,0.5093381404876709,0.5093381404876709,db_write;db_read;provision_vm;generate_report;send_notification,0.50933814;0.48785457;0.35099986;0.35013175;0.31110483,132,paraphrase_original,
Paraphrase,156,"Hey, can you when you have a moment, write the updated data for #31450 back to the database.",update_database,db_write,db_write,True,1,0.5523243546485901,0.5523243546485901,db_write;db_read;generate_report;provision_vm;send_notification,0.55232435;0.50430572;0.43063414;0.42453009;0.39018291,132,paraphrase_variant,
Paraphrase,157,"We request that you when you have a moment, write the updated data for #31450 back to the database.",update_database,db_write,db_write,True,1,0.5390068292617798,0.5390068292617798,db_write;db_read;generate_report;provision_vm;send_notification,0.53900683;0.50004905;0.41285822;0.40254486;0.38628596,132,paraphrase_variant,
Paraphrase,158,"What we need is for when you have a moment, write the updated data for #31450 back to the database.",update_database,db_write,db_write,True,1,0.5358067154884338,0.5358067154884338,db_write;db_read;generate_report;provision_vm;send_notification,0.53580672;0.50661135;0.38196850;0.36748520;0.34341910,132,paraphrase_variant,
Paraphrase,159,"Who can when you have a moment, write the updated data for #31450 back to the database?",update_database,db_write,db_write,True,1,0.5049923658370972,0.5049923658370972,db_write;db_read;generate_report;provision_vm;send_notification,0.50499237;0.44931492;0.37773234;0.37030369;0.32626593,132,paraphrase_variant,
Paraphrase,160,reset Bob's password.,reset_password,reset_password,reset_password,True,1,0.5005225539207458,0.5005225539207458,reset_password;scan_malware;update_subscription;provision_vm;process_refund,0.50052255;0.21785854;0.18453661;0.18436952;0.18389487,134,paraphrase_original,
Paraphrase,161,reset bob's password -- that's what needs to happen.,reset_password,reset_password,reset_password,True,1,0.5205696225166321,0.5205696225166321,reset_password;scan_malware;provision_vm;quarantine_system;process_refund,0.52056962;0.29410827;0.27607954;0.27367646;0.26378474,134,paraphrase_variant,
Paraphrase,162,"Hey, can you reset bob's password.",reset_password,reset_password,reset_password,True,1,0.5706077814102173,0.5706077814102173,reset_password;scan_malware;provision_vm;update_subscription;quarantine_system,0.57060778;0.32015726;0.28378338;0.28207487;0.27017537,134,paraphrase_variant,
Paraphrase,163,Could you please reset bob's password.,reset_password,reset_password,reset_password,True,1,0.5945643782615662,0.5945643782615662,reset_password;scan_malware;provision_vm;quarantine_system;update_subscription,0.59456438;0.34961560;0.31282079;0.29206389;0.28624669,134,paraphrase_variant,
Paraphrase,164,Who can reset bob's password?,reset_password,reset_password,reset_password,True,1,0.5162730813026428,0.5162730813026428,reset_password;scan_malware;update_subscription;provision_vm;process_refund,0.51627308;0.22096945;0.18322814;0.17888212;0.16971758,134,paraphrase_variant,
Paraphrase,165,trigger a credential reset for Alice.,reset_password,reset_password,reset_password,True,1,0.3605644106864929,0.3605644106864929,reset_password;escalate_to_human;update_subscription;provision_vm;process_refund,0.36056441;0.25697914;0.24239977;0.22255720;0.18821338,140,paraphrase_original,
Paraphrase,166,The situation requires trigger a credential reset for alice.,reset_password,reset_password,escalate_to_human,False,2,0.40135452151298523,0.3685121238231659,escalate_to_human;reset_password;provision_vm;update_subscription;process_refund,0.40135452;0.36851212;0.31736863;0.27608269;0.27149919,140,paraphrase_variant,
Paraphrase,167,Could someone trigger a credential reset for alice?,reset_password,reset_password,reset_password,True,1,0.397495299577713,0.397495299577713,reset_password;escalate_to_human;provision_vm;update_subscription;create_ticket,0.39749530;0.28587610;0.22735430;0.21571378;0.20921235,140,paraphrase_variant,
Paraphrase,168,Could you please trigger a credential reset for alice.,reset_password,reset_password,reset_password,True,1,0.4483639895915985,0.4483639895915985,reset_password;escalate_to_human;provision_vm;update_subscription;process_refund,0.44836399;0.37045220;0.34610382;0.31620604;0.29585120,140,paraphrase_variant,
Paraphrase,169,Need you to trigger a credential reset for alice.,reset_password,reset_password,reset_password,True,1,0.44659921526908875,0.44659921526908875,reset_password;escalate_to_human;provision_vm;process_refund;update_subscription,0.44659922;0.37403804;0.36123481;0.31765905;0.31763554,140,paraphrase_variant,
Paraphrase,170,Please invalidate the old password and create a new one for Diana.,reset_password,reset_password,reset_password,True,1,0.5284644961357117,0.5284644961357117,reset_password;provision_vm;scan_malware;generate_report;process_refund,0.52846450;0.32281905;0.30736253;0.29048303;0.28458181,149,paraphrase_original,
Paraphrase,171,"Hey, can you invalidate the old password and create a new one for diana.",reset_password,reset_password,reset_password,True,1,0.5607458353042603,0.5607458353042603,reset_password;provision_vm;generate_report;scan_malware;process_refund,0.56074584;0.38459140;0.35049713;0.34496644;0.32505822,149,paraphrase_variant,
Paraphrase,172,invalidate the old password and create a new one for diana -- that's what needs to happen.,reset_password,reset_password,reset_password,True,1,0.5033207535743713,0.5033207535743713,reset_password;provision_vm;scan_malware;generate_report;process_refund,0.50332075;0.29202926;0.26224083;0.25653636;0.25488845,149,paraphrase_variant,
Paraphrase,173,Is it possible to invalidate the old password and create a new one for diana?,reset_password,reset_password,reset_password,True,1,0.5259601473808289,0.5259601473808289,reset_password;provision_vm;scan_malware;generate_report;process_refund,0.52596015;0.27453148;0.24880953;0.24653682;0.24218825,149,paraphrase_variant,
Paraphrase,174,Kindly invalidate the old password and create a new one for diana.,reset_password,reset_password,reset_password,True,1,0.5255035161972046,0.5255035161972046,reset_password;provision_vm;scan_malware;process_refund;generate_report,0.52550352;0.29605454;0.28714380;0.26717371;0.26115885,149,paraphrase_variant,
Paraphrase,175,I need you to issue a new password for Charlie.,reset_password,reset_password,reset_password,True,1,0.5693751573562622,0.5693751573562622,reset_password;provision_vm;scan_malware;update_subscription;generate_report,0.56937516;0.38889083;0.38698506;0.35466158;0.35131079,167,paraphrase_original,
Paraphrase,176,Who can issue a new password for charlie?,reset_password,reset_password,reset_password,True,1,0.48676952719688416,0.48676952719688416,reset_password;scan_malware;create_ticket;provision_vm;escalate_to_human,0.48676953;0.28486103;0.27515724;0.26989305;0.26396045,167,paraphrase_variant,
Paraphrase,177,I'd appreciate it if you could issue a new password for charlie.,reset_password,reset_password,reset_password,True,1,0.5848464965820312,0.5848464965820312,reset_password;provision_vm;scan_malware;generate_report;update_subscription,0.58484650;0.38147667;0.36813590;0.36261556;0.35907021,167,paraphrase_variant,
Paraphrase,178,The situation requires issue a new password for charlie.,reset_password,reset_password,reset_password,True,1,0.48945605754852295,0.48945605754852295,reset_password;provision_vm;escalate_to_human;create_ticket;scan_malware,0.48945606;0.32275161;0.32168087;0.32161573;0.29802620,167,paraphrase_variant,
Paraphrase,179,Need you to issue a new password for charlie.,reset_password,reset_password,reset_password,True,1,0.5596782565116882,0.5596782565116882,reset_password;scan_malware;provision_vm;update_subscription;quarantine_system,0.55967826;0.37230673;0.36834067;0.33434924;0.33266196,167,paraphrase_variant,
Paraphrase,180,I need you to force a password reset for Diana.,reset_password,reset_password,reset_password,True,1,0.5712219476699829,0.5712219476699829,reset_password;provision_vm;scan_malware;process_refund;generate_report,0.57122195;0.35429922;0.32730219;0.31852591;0.31682524,168,paraphrase_original,
Paraphrase,181,I'd appreciate it if you could force a password reset for diana.,reset_password,reset_password,reset_password,True,1,0.5847575664520264,0.5847575664520264,reset_password;provision_vm;generate_report;process_refund;update_subscription,0.58475757;0.36007646;0.33539540;0.31757241;0.31590077,168,paraphrase_variant,
Paraphrase,182,Who can force a password reset for diana?,reset_password,reset_password,reset_password,True,1,0.4945972263813019,0.4945972263813019,reset_password;scan_malware;provision_vm;process_refund;escalate_to_human,0.49459723;0.21472937;0.20740178;0.18267828;0.18220048,168,paraphrase_variant,
Paraphrase,183,force a password reset for diana -- that's what needs to happen.,reset_password,reset_password,reset_password,True,1,0.482500284910202,0.482500284910202,reset_password;scan_malware;provision_vm;process_refund;quarantine_system,0.48250028;0.30760142;0.29401693;0.26283643;0.26208061,168,paraphrase_variant,
Paraphrase,184,Gonna need you to force a password reset for diana.,reset_password,reset_password,reset_password,True,1,0.5214955806732178,0.5214955806732178,reset_password;provision_vm;scan_malware;process_refund;generate_report,0.52149558;0.30733123;0.29712942;0.27830598;0.27726042,168,paraphrase_variant,
Paraphrase,185,I need you to set a fresh password for Alice.,reset_password,reset_password,reset_password,True,1,0.5184075236320496,0.5184075236320496,reset_password;update_subscription;provision_vm;escalate_to_human;generate_report,0.51840752;0.31170517;0.30954927;0.30649933;0.27211091,171,paraphrase_original,
Paraphrase,186,The situation requires set a fresh password for alice.,reset_password,reset_password,reset_password,True,1,0.4602908492088318,0.4602908492088318,reset_password;escalate_to_human;update_subscription;provision_vm;process_refund,0.46029085;0.32605252;0.26827276;0.26178184;0.21789229,171,paraphrase_variant,
Paraphrase,187,Who can set a fresh password for alice?,reset_password,reset_password,reset_password,True,1,0.46691977977752686,0.46691977977752686,reset_password;escalate_to_human;update_subscription;provision_vm;scan_malware,0.46691978;0.23867927;0.21783367;0.19564791;0.16442364,171,paraphrase_variant,
Paraphrase,188,"Hey, can you set a fresh password for alice.",reset_password,reset_password,reset_password,True,1,0.5180086493492126,0.5180086493492126,reset_password;escalate_to_human;update_subscription;provision_vm;generate_report,0.51800865;0.31490466;0.30785680;0.30184472;0.26426768,171,paraphrase_variant,
Paraphrase,189,Please set a fresh password for alice.,reset_password,reset_password,reset_password,True,1,0.4809231162071228,0.4809231162071228,reset_password;escalate_to_human;update_subscription;provision_vm;scan_malware,0.48092312;0.27936029;0.26173332;0.24769685;0.21097450,171,paraphrase_variant,
Paraphrase,190,We should reset Charlie's password.,reset_password,reset_password,reset_password,True,1,0.4845670461654663,0.4845670461654663,reset_password;scan_malware;quarantine_system;provision_vm;update_subscription,0.48456705;0.32168329;0.26104331;0.25359550;0.23171178,174,paraphrase_original,
Paraphrase,191,What we need is for we should reset charlie's password.,reset_password,reset_password,reset_password,True,1,0.5193682312965393,0.5193682312965393,reset_password;scan_malware;quarantine_system;provision_vm;process_refund,0.51936823;0.33981416;0.29371214;0.29360503;0.26868510,174,paraphrase_variant,
Paraphrase,192,Do me a favor and we should reset charlie's password.,reset_password,reset_password,reset_password,True,1,0.48963141441345215,0.48963141441345215,reset_password;scan_malware;provision_vm;quarantine_system;process_refund,0.48963141;0.33345476;0.27480128;0.27136037;0.24578540,174,paraphrase_variant,
Paraphrase,193,We request that you we should reset charlie's password.,reset_password,reset_password,reset_password,True,1,0.5117476582527161,0.5117476582527161,reset_password;scan_malware;quarantine_system;provision_vm;update_subscription,0.51174766;0.34659076;0.30866426;0.29089075;0.27793178,174,paraphrase_variant,
Paraphrase,194,Could someone we should reset charlie's password?,reset_password,reset_password,reset_password,True,1,0.508134126663208,0.508134126663208,reset_password;scan_malware;provision_vm;quarantine_system;escalate_to_human,0.50813413;0.31891492;0.24249516;0.23270504;0.22221094,174,paraphrase_variant,
Paraphrase,195,We should issue a new password for Eve.,reset_password,reset_password,reset_password,True,1,0.4305967092514038,0.4305967092514038,reset_password;scan_malware;provision_vm;update_subscription;generate_report,0.43059671;0.25229314;0.23234604;0.22995467;0.21898426,175,paraphrase_original,
Paraphrase,196,It would help if we should issue a new password for eve.,reset_password,reset_password,reset_password,True,1,0.47778263688087463,0.47778263688087463,reset_password;provision_vm;generate_report;scan_malware;process_refund,0.47778264;0.30498397;0.30292648;0.29791552;0.28149238,175,paraphrase_variant,
Paraphrase,197,I'd appreciate it if you could we should issue a new password for eve.,reset_password,reset_password,reset_password,True,1,0.5198157429695129,0.5198157429695129,reset_password;generate_report;provision_vm;scan_malware;log_audit_event,0.51981574;0.34741363;0.34082291;0.33181149;0.30282092,175,paraphrase_variant,
Paraphrase,198,Who can we should issue a new password for eve?,reset_password,reset_password,reset_password,True,1,0.3930104076862335,0.3930104076862335,reset_password;escalate_to_human;scan_malware;provision_vm;generate_report,0.39301041;0.23107073;0.20258555;0.18963216;0.17356689,175,paraphrase_variant,
Paraphrase,199,Need you to we should issue a new password for eve.,reset_password,reset_password,reset_password,True,1,0.49238479137420654,0.49238479137420654,reset_password;scan_malware;generate_report;provision_vm;escalate_to_human,0.49238479;0.31803906;0.30787721;0.30459851;0.27887827,175,paraphrase_variant,
Paraphrase,200,We should force a password reset for Grace.,reset_password,reset_password,reset_password,True,1,0.47037699818611145,0.47037699818611145,reset_password;update_subscription;scan_malware;provision_vm;process_refund,0.47037700;0.23302935;0.21386033;0.18184756;0.16784513,176,paraphrase_original,
Paraphrase,201,Quick one -- we should force a password reset for grace.,reset_password,reset_password,reset_password,True,1,0.5207287073135376,0.5207287073135376,reset_password;provision_vm;update_subscription;scan_malware;process_refund,0.52072871;0.32964972;0.32338762;0.32207632;0.29840267,176,paraphrase_variant,
Paraphrase,202,Would you mind we should force a password reset for grace.,reset_password,reset_password,reset_password,True,1,0.4866248071193695,0.4866248071193695,reset_password;scan_malware;update_subscription;provision_vm;process_refund,0.48662481;0.24742565;0.24252155;0.20605479;0.17716119,176,paraphrase_variant,
Paraphrase,203,What we need is for we should force a password reset for grace.,reset_password,reset_password,reset_password,True,1,0.47767677903175354,0.47767677903175354,reset_password;update_subscription;scan_malware;provision_vm;process_refund,0.47767678;0.24156143;0.22505689;0.20602167;0.19791904,176,paraphrase_variant,
Paraphrase,204,Would anyone be able to we should force a password reset for grace?,reset_password,reset_password,reset_password,True,1,0.4925995171070099,0.4925995171070099,reset_password;update_subscription;scan_malware;provision_vm;create_ticket,0.49259952;0.24287590;0.22461753;0.19913235;0.17189530,176,paraphrase_variant,
Paraphrase,205,We should replace Eve's current password.,reset_password,reset_password,reset_password,True,1,0.46585676074028015,0.46585676074028015,reset_password;scan_malware;update_subscription;provision_vm;generate_report,0.46585676;0.26039809;0.24856095;0.21833174;0.21078828,178,paraphrase_original,
Paraphrase,206,Could you please we should replace eve's current password.,reset_password,reset_password,reset_password,True,1,0.5192131400108337,0.5192131400108337,reset_password;scan_malware;generate_report;provision_vm;update_subscription,0.51921314;0.31079459;0.26300961;0.25842127;0.25838178,178,paraphrase_variant,
Paraphrase,207,It would help if we should replace eve's current password.,reset_password,reset_password,reset_password,True,1,0.5105701684951782,0.5105701684951782,reset_password;scan_malware;generate_report;provision_vm;update_subscription,0.51057017;0.28769016;0.27813721;0.27431625;0.27274853,178,paraphrase_variant,
Paraphrase,208,Need you to we should replace eve's current password.,reset_password,reset_password,reset_password,True,1,0.5324891209602356,0.5324891209602356,reset_password;scan_malware;generate_report;provision_vm;update_subscription,0.53248912;0.32854006;0.30460030;0.29212189;0.28629151,178,paraphrase_variant,
Paraphrase,209,Could someone we should replace eve's current password?,reset_password,reset_password,reset_password,True,1,0.4823246896266937,0.4823246896266937,reset_password;scan_malware;escalate_to_human;generate_report;update_subscription,0.48232469;0.24123187;0.22433038;0.20665132;0.20563416,178,paraphrase_variant,
Paraphrase,210,We should set a fresh password for Alice.,reset_password,reset_password,reset_password,True,1,0.4426296651363373,0.4426296651363373,reset_password;escalate_to_human;update_subscription;provision_vm;generate_report,0.44262967;0.25812697;0.24845813;0.22138371;0.18836458,179,paraphrase_original,
Paraphrase,211,What we need is for we should set a fresh password for alice.,reset_password,reset_password,reset_password,True,1,0.46420902013778687,0.46420902013778687,reset_password;escalate_to_human;update_subscription;provision_vm;generate_report,0.46420902;0.27696508;0.26254153;0.24476229;0.21404336,179,paraphrase_variant,
Paraphrase,212,Gonna need you to we should set a fresh password for alice.,reset_password,reset_password,reset_password,True,1,0.46453797817230225,0.46453797817230225,reset_password;escalate_to_human;provision_vm;generate_report;update_subscription,0.46453798;0.30294204;0.26235360;0.25397968;0.25249141,179,paraphrase_variant,
Paraphrase,213,Is it possible to we should set a fresh password for alice?,reset_password,reset_password,reset_password,True,1,0.4594759941101074,0.4594759941101074,reset_password;escalate_to_human;update_subscription;provision_vm;scan_malware,0.45947599;0.22859083;0.22188100;0.19188903;0.16142683,179,paraphrase_variant,
Paraphrase,214,Kindly we should set a fresh password for alice.,reset_password,reset_password,reset_password,True,1,0.46541041135787964,0.46541041135787964,reset_password;escalate_to_human;update_subscription;provision_vm;generate_report,0.46541041;0.28575671;0.24138999;0.23994409;0.20819730,179,paraphrase_variant,
Paraphrase,215,We should invalidate the old password and create a new one for Frank.,reset_password,reset_password,reset_password,True,1,0.5210058093070984,0.5210058093070984,reset_password;provision_vm;update_subscription;scan_malware;generate_report,0.52100581;0.36163557;0.34372950;0.32105401;0.31311521,181,paraphrase_original,
Paraphrase,216,we should invalidate the old password and create a new one for frank -- that's what needs to happen.,reset_password,reset_password,reset_password,True,1,0.5236750245094299,0.5236750245094299,reset_password;provision_vm;generate_report;update_subscription;scan_malware,0.52367502;0.37947360;0.33707085;0.33588281;0.32636386,181,paraphrase_variant,
Paraphrase,217,"Hey, can you we should invalidate the old password and create a new one for frank.",reset_password,reset_password,reset_password,True,1,0.5705177783966064,0.5705177783966064,reset_password;provision_vm;scan_malware;update_subscription;generate_report,0.57051778;0.42306492;0.39389458;0.38144997;0.38019088,181,paraphrase_variant,
Paraphrase,218,Would you mind we should invalidate the old password and create a new one for frank.,reset_password,reset_password,reset_password,True,1,0.5292258262634277,0.5292258262634277,reset_password;provision_vm;scan_malware;update_subscription;generate_report,0.52922583;0.37149936;0.34754372;0.33907643;0.32787019,181,paraphrase_variant,
Paraphrase,219,Who can we should invalidate the old password and create a new one for frank?,reset_password,reset_password,reset_password,True,1,0.4723544716835022,0.4723544716835022,reset_password;provision_vm;escalate_to_human;scan_malware;update_subscription,0.47235447;0.30272740;0.29316211;0.26347971;0.26049495,181,paraphrase_variant,
Paraphrase,220,Let's reset Grace's password.,reset_password,reset_password,reset_password,True,1,0.5208644270896912,0.5208644270896912,reset_password;update_subscription;scan_malware;provision_vm;process_refund,0.52086443;0.28301015;0.23136945;0.21746980;0.18881039,182,paraphrase_original,
Paraphrase,221,Quick one -- let's reset grace's password.,reset_password,reset_password,reset_password,True,1,0.5515689849853516,0.5515689849853516,reset_password;update_subscription;provision_vm;scan_malware;process_refund,0.55156898;0.35103860;0.33232078;0.31563282;0.28925946,182,paraphrase_variant,
Paraphrase,222,We request that you let's reset grace's password.,reset_password,reset_password,reset_password,True,1,0.5272195339202881,0.5272195339202881,reset_password;update_subscription;provision_vm;scan_malware;process_refund,0.52721953;0.33000124;0.25690633;0.25337547;0.22883087,182,paraphrase_variant,
Paraphrase,223,Could someone let's reset grace's password?,reset_password,reset_password,reset_password,True,1,0.5539963245391846,0.5539963245391846,reset_password;update_subscription;scan_malware;provision_vm;process_refund,0.55399632;0.29948860;0.26587459;0.24571514;0.19325747,182,paraphrase_variant,
Paraphrase,224,let's reset grace's password -- that's what needs to happen.,reset_password,reset_password,reset_password,True,1,0.5439049005508423,0.5439049005508423,reset_password;update_subscription;provision_vm;scan_malware;process_refund,0.54390490;0.31710312;0.30058008;0.28968698;0.27154949,182,paraphrase_variant,
Paraphrase,225,Let's rotate Bob's login credentials.,reset_password,reset_password,reset_password,True,1,0.42380180954933167,0.42380180954933167,reset_password;update_subscription;scan_malware;provision_vm;quarantine_system,0.42380181;0.23512085;0.19973101;0.17976329;0.17459989,185,paraphrase_original,
Paraphrase,226,Kindly let's rotate bob's login credentials.,reset_password,reset_password,reset_password,True,1,0.4436745047569275,0.4436745047569275,reset_password;update_subscription;scan_malware;provision_vm;process_refund,0.44367450;0.24858092;0.23002955;0.20951204;0.19920418,185,paraphrase_variant,
Paraphrase,227,The situation requires let's rotate bob's login credentials.,reset_password,reset_password,reset_password,True,1,0.4465678334236145,0.4465678334236145,reset_password;update_subscription;provision_vm;escalate_to_human;create_ticket,0.44656783;0.26208499;0.22902760;0.22666164;0.21619643,185,paraphrase_variant,
Paraphrase,228,Gonna need you to let's rotate bob's login credentials.,reset_password,reset_password,reset_password,True,1,0.4591454863548279,0.4591454863548279,reset_password;update_subscription;scan_malware;provision_vm;quarantine_system,0.45914549;0.27205873;0.25944695;0.24649851;0.24534982,185,paraphrase_variant,
Paraphrase,229,Could someone let's rotate bob's login credentials?,reset_password,reset_password,reset_password,True,1,0.43287360668182373,0.43287360668182373,reset_password;update_subscription;scan_malware;provision_vm;create_ticket,0.43287361;0.24330568;0.17050652;0.15879224;0.13965981,185,paraphrase_variant,
Paraphrase,230,Kindly force a password reset for Eve.,reset_password,reset_password,reset_password,True,1,0.4909271001815796,0.4909271001815796,reset_password;scan_malware;provision_vm;process_refund;update_subscription,0.49092710;0.27981579;0.24237652;0.22974247;0.21842456,192,paraphrase_original,
Paraphrase,231,What we need is for force a password reset for eve.,reset_password,reset_password,reset_password,True,1,0.46848732233047485,0.46848732233047485,reset_password;scan_malware;provision_vm;process_refund;update_subscription,0.46848732;0.26114571;0.25348139;0.24045561;0.22558971,192,paraphrase_variant,
Paraphrase,232,Who can force a password reset for eve?,reset_password,reset_password,reset_password,True,1,0.46908530592918396,0.46908530592918396,reset_password;scan_malware;provision_vm;escalate_to_human;update_subscription,0.46908531;0.21488883;0.18293361;0.17660956;0.17459640,192,paraphrase_variant,
Paraphrase,233,Do me a favor and force a password reset for eve.,reset_password,reset_password,reset_password,True,1,0.4298877418041229,0.4298877418041229,reset_password;scan_malware;provision_vm;process_refund;quarantine_system,0.42988774;0.24548891;0.21604110;0.19566590;0.17923993,192,paraphrase_variant,
Paraphrase,234,Kindly force a password reset for eve.,reset_password,reset_password,reset_password,True,1,0.4909271001815796,0.4909271001815796,reset_password;scan_malware;provision_vm;process_refund;update_subscription,0.49092710;0.27981579;0.24237652;0.22974247;0.21842456,192,paraphrase_variant,
Paraphrase,235,Kindly replace Eve's current password.,reset_password,reset_password,reset_password,True,1,0.5172620415687561,0.5172620415687561,reset_password;scan_malware;update_subscription;provision_vm;generate_report,0.51726204;0.30353829;0.26631859;0.26463312;0.23135635,194,paraphrase_original,
Paraphrase,236,Could someone replace eve's current password?,reset_password,reset_password,reset_password,True,1,0.5182704925537109,0.5182704925537109,reset_password;scan_malware;update_subscription;provision_vm;generate_report,0.51827049;0.25931105;0.23793472;0.22568752;0.22072774,194,paraphrase_variant,
Paraphrase,237,"Hey, can you replace eve's current password.",reset_password,reset_password,reset_password,True,1,0.5507200956344604,0.5507200956344604,reset_password;scan_malware;update_subscription;provision_vm;generate_report,0.55072010;0.33484066;0.31754136;0.31244513;0.28966913,194,paraphrase_variant,
Paraphrase,238,Please replace eve's current password.,reset_password,reset_password,reset_password,True,1,0.5143464207649231,0.5143464207649231,reset_password;scan_malware;update_subscription;provision_vm;generate_report,0.51434642;0.29211572;0.27200431;0.25404540;0.23158941,194,paraphrase_variant,
Paraphrase,239,The situation requires replace eve's current password.,reset_password,reset_password,reset_password,True,1,0.5029842257499695,0.5029842257499695,reset_password;provision_vm;scan_malware;update_subscription;escalate_to_human,0.50298423;0.28560302;0.28557819;0.28118545;0.27431652,194,paraphrase_variant,
Paraphrase,240,"When you have a moment, force a password reset for Grace.",reset_password,reset_password,reset_password,True,1,0.46468207240104675,0.46468207240104675,reset_password;scan_malware;update_subscription;provision_vm;process_refund,0.46468207;0.23037329;0.22327468;0.20490162;0.20447458,200,paraphrase_original,
Paraphrase,241,"Is it possible to when you have a moment, force a password reset for grace?",reset_password,reset_password,reset_password,True,1,0.4915376901626587,0.4915376901626587,reset_password;update_subscription;scan_malware;provision_vm;process_refund,0.49153769;0.23920053;0.21397728;0.20794904;0.19679411,200,paraphrase_variant,
Paraphrase,242,"Quick one -- when you have a moment, force a password reset for grace.",reset_password,reset_password,reset_password,True,1,0.49976417422294617,0.49976417422294617,reset_password;provision_vm;scan_malware;process_refund;quarantine_system,0.49976417;0.33818626;0.32130003;0.31727061;0.30727926,200,paraphrase_variant,
Paraphrase,243,"We request that you when you have a moment, force a password reset for grace.",reset_password,reset_password,reset_password,True,1,0.4860784709453583,0.4860784709453583,reset_password;update_subscription;provision_vm;scan_malware;process_refund,0.48607847;0.28633469;0.26056886;0.26024055;0.25782475,200,paraphrase_variant,
Paraphrase,244,"The situation requires when you have a moment, force a password reset for grace.",reset_password,reset_password,reset_password,True,1,0.4847203493118286,0.4847203493118286,reset_password;provision_vm;process_refund;escalate_to_human;update_subscription,0.48472035;0.26718265;0.25925174;0.25911698;0.24796450,200,paraphrase_variant,
Paraphrase,245,open an incident ticket for payment-api-03.,create_ticket,create_ticket,create_ticket,True,1,0.4677775502204895,0.4677775502204895,create_ticket;provision_vm;generate_report;escalate_to_human;log_audit_event,0.46777755;0.33105385;0.32285568;0.32195047;0.31428617,201,paraphrase_original,
Paraphrase,246,Could you please open an incident ticket for payment-api-03.,create_ticket,create_ticket,create_ticket,True,1,0.5104365944862366,0.5104365944862366,create_ticket;provision_vm;generate_report;log_audit_event;escalate_to_human,0.51043659;0.38801739;0.38558078;0.36649817;0.36597884,201,paraphrase_variant,
Paraphrase,247,The situation requires open an incident ticket for payment-api-03.,create_ticket,create_ticket,create_ticket,True,1,0.5247998833656311,0.5247998833656311,create_ticket;escalate_to_human;provision_vm;generate_report;log_audit_event,0.52479988;0.39544079;0.38979346;0.37748274;0.35194379,201,paraphrase_variant,
Paraphrase,248,Could someone open an incident ticket for payment-api-03?,create_ticket,create_ticket,create_ticket,True,1,0.44728541374206543,0.44728541374206543,create_ticket;escalate_to_human;provision_vm;generate_report;log_audit_event,0.44728541;0.32821840;0.30331975;0.30160695;0.29888880,201,paraphrase_variant,
Paraphrase,249,"Hey, can you open an incident ticket for payment-api-03.",create_ticket,create_ticket,create_ticket,True,1,0.5093482136726379,0.5093482136726379,create_ticket;provision_vm;generate_report;escalate_to_human;log_audit_event,0.50934821;0.40665981;0.39908886;0.37485543;0.36170256,201,paraphrase_variant,
Paraphrase,250,log a helpdesk issue for Bob.,create_ticket,create_ticket,create_ticket,True,1,0.45610716938972473,0.45610716938972473,create_ticket;log_audit_event;escalate_to_human;generate_report;process_refund,0.45610717;0.33916596;0.31258890;0.30977213;0.30452418,204,paraphrase_original,
Paraphrase,251,"Hey, can you log a helpdesk issue for bob.",create_ticket,create_ticket,create_ticket,True,1,0.5343267321586609,0.5343267321586609,create_ticket;generate_report;log_audit_event;provision_vm;process_refund,0.53432673;0.43536851;0.42212141;0.40192750;0.39678913,204,paraphrase_variant,
Paraphrase,252,Is it possible to log a helpdesk issue for bob?,create_ticket,create_ticket,create_ticket,True,1,0.4773879051208496,0.4773879051208496,create_ticket;log_audit_event;generate_report;escalate_to_human;process_refund,0.47738791;0.35927272;0.32210338;0.32188380;0.30523986,204,paraphrase_variant,
Paraphrase,253,It would help if log a helpdesk issue for bob.,create_ticket,create_ticket,create_ticket,True,1,0.5315075516700745,0.5315075516700745,create_ticket;log_audit_event;generate_report;process_refund;provision_vm,0.53150755;0.42640001;0.41916826;0.41549316;0.38700408,204,paraphrase_variant,
Paraphrase,254,Could you please log a helpdesk issue for bob.,create_ticket,create_ticket,create_ticket,True,1,0.5197556614875793,0.5197556614875793,create_ticket;log_audit_event;generate_report;process_refund;provision_vm,0.51975566;0.42125565;0.40670583;0.38688233;0.37566227,204,paraphrase_variant,
Paraphrase,255,open a service desk case for Alice.,create_ticket,create_ticket,escalate_to_human,False,4,0.4219417870044708,0.2504996657371521,escalate_to_human;provision_vm;send_notification;create_ticket;quarantine_system,0.42194179;0.26257351;0.25645524;0.25049967;0.22908787,207,paraphrase_original,
Paraphrase,256,Could you please open a service desk case for alice.,create_ticket,create_ticket,escalate_to_human,False,3,0.4262758195400238,0.2996896803379059,escalate_to_human;provision_vm;create_ticket;generate_report;send_notification,0.42627582;0.30915332;0.29968968;0.29010680;0.28977287,207,paraphrase_variant,
Paraphrase,257,"Hey, can you open a service desk case for alice.",create_ticket,create_ticket,escalate_to_human,False,3,0.4278261363506317,0.29324543476104736,escalate_to_human;provision_vm;create_ticket;send_notification;generate_report,0.42782614;0.32259274;0.29324543;0.29025847;0.28720707,207,paraphrase_variant,
Paraphrase,258,The situation requires open a service desk case for alice.,create_ticket,create_ticket,escalate_to_human,False,2,0.49587777256965637,0.33213016390800476,escalate_to_human;create_ticket;provision_vm;send_notification;generate_report,0.49587777;0.33213016;0.31374615;0.28272116;0.27355430,207,paraphrase_variant,
Paraphrase,259,Who can open a service desk case for alice?,create_ticket,create_ticket,escalate_to_human,False,2,0.4149061441421509,0.2490462362766266,escalate_to_human;create_ticket;provision_vm;send_notification;generate_report,0.41490614;0.24904624;0.24004802;0.22099198;0.20613614,207,paraphrase_variant,
Paraphrase,260,Please log an issue against staging-db-02.,create_ticket,create_ticket,db_write,False,2,0.34165501594543457,0.3077555000782013,db_write;create_ticket;log_audit_event;generate_report;db_read,0.34165502;0.30775550;0.29201141;0.27912852;0.26396078,212,paraphrase_original,
Paraphrase,261,Could you please log an issue against staging-db-02.,create_ticket,create_ticket,db_write,False,2,0.35956889390945435,0.31144872307777405,db_write;create_ticket;log_audit_event;generate_report;db_read,0.35956889;0.31144872;0.29839328;0.29171103;0.28169492,212,paraphrase_variant,
Paraphrase,262,Quick one -- log an issue against staging-db-02.,create_ticket,create_ticket,db_write,False,2,0.36698704957962036,0.30140605568885803,db_write;create_ticket;db_read;generate_report;log_audit_event,0.36698705;0.30140606;0.28829852;0.28679016;0.25212821,212,paraphrase_variant,
Paraphrase,263,Is it possible to log an issue against staging-db-02?,create_ticket,create_ticket,db_write,False,2,0.2768440246582031,0.2663584053516388,db_write;create_ticket;log_audit_event;generate_report;db_read,0.27684402;0.26635841;0.22264192;0.20225267;0.19871601,212,paraphrase_variant,
Paraphrase,264,What we need is for log an issue against staging-db-02.,create_ticket,create_ticket,db_write,False,3,0.34307989478111267,0.28674837946891785,db_write;db_read;create_ticket;log_audit_event;generate_report,0.34307989;0.28751627;0.28674838;0.27115583;0.25245741,212,paraphrase_variant,
Paraphrase,265,Please submit a ticket for Frank.,create_ticket,create_ticket,create_ticket,True,1,0.5008288621902466,0.5008288621902466,create_ticket;generate_report;provision_vm;escalate_to_human;send_notification,0.50082886;0.35916820;0.35289684;0.34681278;0.31232357,214,paraphrase_original,
Paraphrase,266,"Hey, can you submit a ticket for frank.",create_ticket,create_ticket,create_ticket,True,1,0.532737672328949,0.532737672328949,create_ticket;generate_report;provision_vm;escalate_to_human;send_notification,0.53273767;0.39387080;0.38327467;0.38199696;0.34628999,214,paraphrase_variant,
Paraphrase,267,I'd appreciate it if you could submit a ticket for frank.,create_ticket,create_ticket,create_ticket,True,1,0.5332247614860535,0.5332247614860535,create_ticket;generate_report;provision_vm;send_notification;escalate_to_human,0.53322476;0.41334653;0.39219287;0.36923501;0.36498594,214,paraphrase_variant,
Paraphrase,268,Is it possible to submit a ticket for frank?,create_ticket,create_ticket,create_ticket,True,1,0.5191318392753601,0.5191318392753601,create_ticket;escalate_to_human;provision_vm;generate_report;send_notification,0.51913184;0.35619268;0.34876579;0.34221756;0.30443305,214,paraphrase_variant,
Paraphrase,269,What we need is for submit a ticket for frank.,create_ticket,create_ticket,create_ticket,True,1,0.5057176351547241,0.5057176351547241,create_ticket;generate_report;escalate_to_human;provision_vm;send_notification,0.50571764;0.35534611;0.35044664;0.34702379;0.33879316,214,paraphrase_variant,
Paraphrase,270,Can you raise an incident for auth-svc-04?,create_ticket,create_ticket,create_ticket,True,1,0.4177251160144806,0.4177251160144806,create_ticket;escalate_to_human;provision_vm;generate_report;quarantine_system,0.41772512;0.37642959;0.34917179;0.32649952;0.30418739,221,paraphrase_original,
Paraphrase,271,raise an incident for auth-svc-04 -- that's what needs to happen.,create_ticket,create_ticket,create_ticket,True,1,0.41073694825172424,0.41073694825172424,create_ticket;escalate_to_human;provision_vm;generate_report;quarantine_system,0.41073695;0.39516965;0.37852722;0.36032316;0.34950620,221,paraphrase_variant,
Paraphrase,272,We request that you raise an incident for auth-svc-04.,create_ticket,create_ticket,create_ticket,True,1,0.43077075481414795,0.43077075481414795,create_ticket;provision_vm;escalate_to_human;generate_report;send_notification,0.43077075;0.37856409;0.37816012;0.36951295;0.36121973,221,paraphrase_variant,
Paraphrase,273,Gonna need you to raise an incident for auth-svc-04.,create_ticket,create_ticket,create_ticket,True,1,0.41186174750328064,0.41186174750328064,create_ticket;escalate_to_human;provision_vm;generate_report;quarantine_system,0.41186175;0.38940686;0.36903730;0.36446929;0.34050918,221,paraphrase_variant,
Paraphrase,274,Who can raise an incident for auth-svc-04?,create_ticket,create_ticket,escalate_to_human,False,2,0.36651480197906494,0.36388257145881653,escalate_to_human;create_ticket;provision_vm;generate_report;reset_password,0.36651480;0.36388257;0.26717320;0.24836940;0.23394994,221,paraphrase_variant,
Paraphrase,275,Can you create a support issue for Finance?,create_ticket,create_ticket,create_ticket,True,1,0.5342260599136353,0.5342260599136353,create_ticket;provision_vm;generate_report;escalate_to_human;send_notification,0.53422606;0.34550363;0.34469801;0.31087002;0.29445654,224,paraphrase_original,
Paraphrase,276,Is it possible to create a support issue for finance?,create_ticket,create_ticket,create_ticket,True,1,0.4946616291999817,0.4946616291999817,create_ticket;generate_report;provision_vm;escalate_to_human;send_notification,0.49466163;0.29141232;0.28698242;0.28167275;0.23637575,224,paraphrase_variant,
Paraphrase,277,What we need is for create a support issue for finance.,create_ticket,create_ticket,create_ticket,True,1,0.5180596709251404,0.5180596709251404,create_ticket;generate_report;provision_vm;escalate_to_human;send_notification,0.51805967;0.34156376;0.32436481;0.30152065;0.28880966,224,paraphrase_variant,
Paraphrase,278,Please create a support issue for finance.,create_ticket,create_ticket,create_ticket,True,1,0.5376080870628357,0.5376080870628357,create_ticket;generate_report;provision_vm;escalate_to_human;process_refund,0.53760809;0.38489228;0.37784535;0.32991308;0.31914073,224,paraphrase_variant,
Paraphrase,279,"Yo, create a support issue for finance.",create_ticket,create_ticket,create_ticket,True,1,0.5194626450538635,0.5194626450538635,create_ticket;generate_report;provision_vm;send_notification;escalate_to_human,0.51946265;0.36796254;0.36726943;0.31814292;0.31554309,224,paraphrase_variant,
Paraphrase,280,Could you open an incident ticket for cdn-edge-06 for me?,create_ticket,create_ticket,create_ticket,True,1,0.43975648283958435,0.43975648283958435,create_ticket;generate_report;provision_vm;escalate_to_human;log_audit_event,0.43975648;0.31486484;0.29636857;0.27935028;0.26919115,225,paraphrase_original,
Paraphrase,281,Quick one -- open an incident ticket for cdn-edge-06 for me.,create_ticket,create_ticket,create_ticket,True,1,0.4449445903301239,0.4449445903301239,create_ticket;generate_report;provision_vm;escalate_to_human;send_notification,0.44494459;0.33176255;0.31914255;0.31234938;0.28415510,225,paraphrase_variant,
Paraphrase,282,Would anyone be able to open an incident ticket for cdn-edge-06 for me?,create_ticket,create_ticket,create_ticket,True,1,0.45196977257728577,0.45196977257728577,create_ticket;generate_report;provision_vm;escalate_to_human;log_audit_event,0.45196977;0.33301592;0.30487874;0.29601553;0.29058477,225,paraphrase_variant,
Paraphrase,283,It would help if open an incident ticket for cdn-edge-06 for me.,create_ticket,create_ticket,create_ticket,True,1,0.45603147149086,0.45603147149086,create_ticket;generate_report;provision_vm;escalate_to_human;log_audit_event,0.45603147;0.31891710;0.30773231;0.29872128;0.27075121,225,paraphrase_variant,
Paraphrase,284,Kindly open an incident ticket for cdn-edge-06 for me.,create_ticket,create_ticket,create_ticket,True,1,0.42340537905693054,0.42340537905693054,create_ticket;escalate_to_human;generate_report;provision_vm;log_audit_event,0.42340538;0.27454785;0.26683775;0.26465544;0.23574300,225,paraphrase_variant,
Paraphrase,285,Could you create an incident ticket for Diana for me?,create_ticket,create_ticket,create_ticket,True,1,0.46428611874580383,0.46428611874580383,create_ticket;generate_report;escalate_to_human;provision_vm;db_write,0.46428612;0.36870351;0.36680326;0.34185526;0.30118114,227,paraphrase_original,
Paraphrase,286,What we need is for create an incident ticket for diana for me.,create_ticket,create_ticket,create_ticket,True,1,0.43925461173057556,0.43925461173057556,create_ticket;escalate_to_human;generate_report;provision_vm;send_notification,0.43925461;0.35358021;0.33947513;0.31481776;0.29509684,227,paraphrase_variant,
Paraphrase,287,Is it possible to create an incident ticket for diana for me?,create_ticket,create_ticket,create_ticket,True,1,0.42862287163734436,0.42862287163734436,create_ticket;escalate_to_human;generate_report;provision_vm;send_notification,0.42862287;0.32998252;0.30976903;0.28756881;0.24527323,227,paraphrase_variant,
Paraphrase,288,Quick one -- create an incident ticket for diana for me.,create_ticket,create_ticket,create_ticket,True,1,0.43638306856155396,0.43638306856155396,create_ticket;escalate_to_human;generate_report;provision_vm;send_notification,0.43638307;0.36614922;0.36116719;0.33311665;0.29929957,227,paraphrase_variant,
Paraphrase,289,Please create an incident ticket for diana for me.,create_ticket,create_ticket,create_ticket,True,1,0.42929670214653015,0.42929670214653015,create_ticket;escalate_to_human;generate_report;provision_vm;send_notification,0.42929670;0.34000638;0.33349383;0.31421900;0.26082140,227,paraphrase_variant,
Paraphrase,290,Could you log a helpdesk issue for Frank for me?,create_ticket,create_ticket,create_ticket,True,1,0.6012916564941406,0.6012916564941406,create_ticket;generate_report;provision_vm;log_audit_event;escalate_to_human,0.60129166;0.50197107;0.46779856;0.45099762;0.43153033,228,paraphrase_original,
Paraphrase,291,Gonna need you to log a helpdesk issue for frank for me.,create_ticket,create_ticket,create_ticket,True,1,0.6017271876335144,0.6017271876335144,create_ticket;generate_report;provision_vm;escalate_to_human;log_audit_event,0.60172719;0.49713191;0.47269297;0.44064066;0.43695736,228,paraphrase_variant,
Paraphrase,292,Could someone log a helpdesk issue for frank for me?,create_ticket,create_ticket,create_ticket,True,1,0.595280647277832,0.595280647277832,create_ticket;generate_report;provision_vm;log_audit_event;escalate_to_human,0.59528065;0.48997128;0.45024815;0.44576690;0.42821163,228,paraphrase_variant,
Paraphrase,293,I'd appreciate it if you could log a helpdesk issue for frank for me.,create_ticket,create_ticket,create_ticket,True,1,0.629310131072998,0.629310131072998,create_ticket;generate_report;provision_vm;log_audit_event;process_refund,0.62931013;0.53201193;0.49992615;0.47984129;0.46623608,228,paraphrase_variant,
Paraphrase,294,log a helpdesk issue for frank for me -- that's what needs to happen.,create_ticket,create_ticket,create_ticket,True,1,0.5946364998817444,0.5946364998817444,create_ticket;generate_report;provision_vm;process_refund;escalate_to_human,0.59463650;0.48517004;0.46417055;0.43971273;0.43718147,228,paraphrase_variant,
Paraphrase,295,Could you submit a ticket for host auth-svc-04 for me?,create_ticket,create_ticket,create_ticket,True,1,0.4335038959980011,0.4335038959980011,create_ticket;generate_report;provision_vm;reset_password;log_audit_event,0.43350390;0.30062500;0.29702502;0.28085792;0.27661231,230,paraphrase_original,
Paraphrase,296,What we need is for submit a ticket for host auth-svc-04 for me.,create_ticket,create_ticket,create_ticket,True,1,0.4050223231315613,0.4050223231315613,create_ticket;provision_vm;generate_report;log_audit_event;send_notification,0.40502232;0.26886299;0.26811248;0.25649223;0.24720855,230,paraphrase_variant,
Paraphrase,297,Would anyone be able to submit a ticket for host auth-svc-04 for me?,create_ticket,create_ticket,create_ticket,True,1,0.4399378001689911,0.4399378001689911,create_ticket;generate_report;log_audit_event;provision_vm;reset_password,0.43993780;0.30133381;0.28413942;0.28357852;0.27455536,230,paraphrase_variant,
Paraphrase,298,Could you please submit a ticket for host auth-svc-04 for me.,create_ticket,create_ticket,create_ticket,True,1,0.4094412326812744,0.4094412326812744,create_ticket;generate_report;provision_vm;reset_password;log_audit_event,0.40944123;0.29155600;0.28641775;0.28159198;0.27561644,230,paraphrase_variant,
Paraphrase,299,"Yo, submit a ticket for host auth-svc-04 for me.",create_ticket,create_ticket,create_ticket,True,1,0.4093477725982666,0.4093477725982666,create_ticket;provision_vm;generate_report;send_notification;reset_password,0.40934777;0.31533346;0.31006533;0.28965706;0.28485817,230,paraphrase_variant,
Paraphrase,300,Could you create a service request for auth-svc-04 for me?,create_ticket,create_ticket,create_ticket,True,1,0.2936176061630249,0.2936176061630249,create_ticket;quarantine_system;process_refund;restart_service;send_notification,0.29361761;0.29303011;0.28397244;0.27516520;0.25853610,232,paraphrase_original,
Paraphrase,301,Could someone create a service request for auth-svc-04 for me?,create_ticket,create_ticket,create_ticket,True,1,0.288608580827713,0.288608580827713,create_ticket;quarantine_system;process_refund;send_notification;log_audit_event,0.28860858;0.27090135;0.25997797;0.24785000;0.24432492,232,paraphrase_variant,
Paraphrase,302,I'd appreciate it if you could create a service request for auth-svc-04 for me.,create_ticket,create_ticket,create_ticket,True,1,0.345984548330307,0.345984548330307,create_ticket;quarantine_system;process_refund;send_notification;generate_report,0.34598455;0.33655998;0.33121866;0.32820147;0.32259035,232,paraphrase_variant,
Paraphrase,303,Need you to create a service request for auth-svc-04 for me.,create_ticket,create_ticket,quarantine_system,False,4,0.3186677098274231,0.2937721312046051,quarantine_system;process_refund;restart_service;create_ticket;send_notification,0.31866771;0.31494924;0.29950145;0.29377213;0.28514203,232,paraphrase_variant,
Paraphrase,304,The situation requires create a service request for auth-svc-04 for me.,create_ticket,create_ticket,process_refund,False,3,0.32154253125190735,0.31267890334129333,process_refund;quarantine_system;create_ticket;restart_service;provision_vm,0.32154253;0.31389123;0.31267890;0.30900934;0.29081210,232,paraphrase_variant,
Paraphrase,305,I need you to open an incident ticket for prod-web-01.,create_ticket,create_ticket,create_ticket,True,1,0.541782021522522,0.541782021522522,create_ticket;generate_report;provision_vm;log_audit_event;escalate_to_human,0.54178202;0.43799928;0.42469802;0.39943898;0.39077136,233,paraphrase_original,
Paraphrase,306,Could someone open an incident ticket for prod-web-01?,create_ticket,create_ticket,create_ticket,True,1,0.4914321005344391,0.4914321005344391,create_ticket;generate_report;escalate_to_human;provision_vm;log_audit_event,0.49143210;0.37485459;0.37131277;0.35691294;0.35303971,233,paraphrase_variant,
Paraphrase,307,The situation requires open an incident ticket for prod-web-01.,create_ticket,create_ticket,create_ticket,True,1,0.5513355731964111,0.5513355731964111,create_ticket;escalate_to_human;provision_vm;generate_report;log_audit_event,0.55133557;0.43567881;0.43198913;0.43090972;0.39522570,233,paraphrase_variant,
Paraphrase,308,Would you mind open an incident ticket for prod-web-01.,create_ticket,create_ticket,create_ticket,True,1,0.49748852849006653,0.49748852849006653,create_ticket;generate_report;provision_vm;escalate_to_human;log_audit_event,0.49748853;0.40069580;0.38503623;0.36439270;0.36300555,233,paraphrase_variant,
Paraphrase,309,Quick one -- open an incident ticket for prod-web-01.,create_ticket,create_ticket,create_ticket,True,1,0.5382158756256104,0.5382158756256104,create_ticket;generate_report;provision_vm;escalate_to_human;log_audit_event,0.53821588;0.44798070;0.43346554;0.41955909;0.39023498,233,paraphrase_variant,
Paraphrase,310,I need you to submit a ticket for Alice.,create_ticket,create_ticket,create_ticket,True,1,0.46067216992378235,0.46067216992378235,create_ticket;escalate_to_human;generate_report;provision_vm;send_notification,0.46067217;0.40829563;0.33173540;0.30653304;0.28814936,238,paraphrase_original,
Paraphrase,311,The situation requires submit a ticket for alice.,create_ticket,create_ticket,create_ticket,True,1,0.46406370401382446,0.46406370401382446,create_ticket;escalate_to_human;generate_report;provision_vm;send_notification,0.46406370;0.44628388;0.28691873;0.28453916;0.25649011,238,paraphrase_variant,
Paraphrase,312,Need you to submit a ticket for alice.,create_ticket,create_ticket,create_ticket,True,1,0.4669358730316162,0.4669358730316162,create_ticket;escalate_to_human;generate_report;provision_vm;send_notification,0.46693587;0.41410637;0.32709652;0.30527505;0.28674638,238,paraphrase_variant,
Paraphrase,313,I'd appreciate it if you could submit a ticket for alice.,create_ticket,create_ticket,create_ticket,True,1,0.44611960649490356,0.44611960649490356,create_ticket;escalate_to_human;generate_report;provision_vm;log_audit_event,0.44611961;0.37973350;0.33541772;0.30294374;0.28789413,238,paraphrase_variant,
Paraphrase,314,Would anyone be able to submit a ticket for alice?,create_ticket,create_ticket,create_ticket,True,1,0.453961580991745,0.453961580991745,create_ticket;escalate_to_human;generate_report;provision_vm;send_notification,0.45396158;0.39708611;0.32221147;0.29406947;0.27529296,238,paraphrase_variant,
Paraphrase,315,I need you to open a service desk case for Eve.,create_ticket,create_ticket,escalate_to_human,False,8,0.3521438539028168,0.26870718598365784,escalate_to_human;provision_vm;generate_report;quarantine_system;send_notification,0.35214385;0.32679364;0.32112554;0.32008433;0.31323075,239,paraphrase_original,
Paraphrase,316,It would help if open a service desk case for eve.,create_ticket,create_ticket,escalate_to_human,False,9,0.32897576689720154,0.2548714578151703,escalate_to_human;generate_report;process_refund;quarantine_system;provision_vm,0.32897577;0.30103996;0.29664707;0.29620984;0.28943852,239,paraphrase_variant,
Paraphrase,317,I'd appreciate it if you could open a service desk case for eve.,create_ticket,create_ticket,generate_report,False,9,0.32706713676452637,0.2617441415786743,generate_report;escalate_to_human;provision_vm;db_write;send_notification,0.32706714;0.32322621;0.31193000;0.30414364;0.30334404,239,paraphrase_variant,
Paraphrase,318,Who can open a service desk case for eve?,create_ticket,create_ticket,escalate_to_human,False,7,0.3456243872642517,0.20821915566921234,escalate_to_human;provision_vm;send_notification;generate_report;quarantine_system,0.34562439;0.23947491;0.23555920;0.23024465;0.21588621,239,paraphrase_variant,
Paraphrase,319,"Hey, can you open a service desk case for eve.",create_ticket,create_ticket,escalate_to_human,False,9,0.35402190685272217,0.24990332126617432,escalate_to_human;provision_vm;quarantine_system;generate_report;send_notification,0.35402191;0.32735026;0.31278649;0.30845925;0.30040979,239,paraphrase_variant,
Paraphrase,320,We should create a support case for staging-db-02.,create_ticket,create_ticket,db_write,False,2,0.3880106806755066,0.34150731563568115,db_write;create_ticket;generate_report;send_notification;provision_vm,0.38801068;0.34150732;0.32309878;0.30442563;0.29860774,243,paraphrase_original,
Paraphrase,321,We request that you we should create a support case for staging-db-02.,create_ticket,create_ticket,db_write,False,2,0.38437387347221375,0.38179582357406616,db_write;create_ticket;generate_report;send_notification;provision_vm,0.38437387;0.38179582;0.34227064;0.33006126;0.30957717,243,paraphrase_variant,
Paraphrase,322,Could someone we should create a support case for staging-db-02?,create_ticket,create_ticket,create_ticket,True,1,0.3212607800960541,0.3212607800960541,create_ticket;db_write;escalate_to_human;generate_report;send_notification,0.32126078;0.28712240;0.27191123;0.25475439;0.23045692,243,paraphrase_variant,
Paraphrase,323,we should create a support case for staging-db-02 -- that's what needs to happen.,create_ticket,create_ticket,db_write,False,2,0.39387375116348267,0.3654616177082062,db_write;create_ticket;generate_report;send_notification;provision_vm,0.39387375;0.36546162;0.34760174;0.33417460;0.33197045,243,paraphrase_variant,
Paraphrase,324,"Hey, can you we should create a support case for staging-db-02.",create_ticket,create_ticket,create_ticket,True,1,0.3932241201400757,0.3932241201400757,create_ticket;db_write;generate_report;send_notification;provision_vm,0.39322412;0.38988569;0.35655627;0.33460256;0.32963067,243,paraphrase_variant,
Paraphrase,325,We should log an issue against prod-web-01.,create_ticket,create_ticket,create_ticket,True,1,0.4662390351295471,0.4662390351295471,create_ticket;generate_report;log_audit_event;provision_vm;escalate_to_human,0.46623904;0.44600117;0.44317138;0.41192594;0.38734666,244,paraphrase_original,
Paraphrase,326,Would anyone be able to we should log an issue against prod-web-01?,create_ticket,create_ticket,create_ticket,True,1,0.47550326585769653,0.47550326585769653,create_ticket;generate_report;log_audit_event;escalate_to_human;provision_vm,0.47550327;0.44535330;0.44357720;0.41499025;0.40376762,244,paraphrase_variant,
Paraphrase,327,Could you please we should log an issue against prod-web-01.,create_ticket,create_ticket,create_ticket,True,1,0.47427651286125183,0.47427651286125183,create_ticket;log_audit_event;generate_report;provision_vm;escalate_to_human,0.47427651;0.45693207;0.45585769;0.41706762;0.41000369,244,paraphrase_variant,
Paraphrase,328,Gonna need you to we should log an issue against prod-web-01.,create_ticket,create_ticket,create_ticket,True,1,0.49752819538116455,0.49752819538116455,create_ticket;generate_report;log_audit_event;provision_vm;escalate_to_human,0.49752820;0.48949257;0.47216320;0.44188088;0.43147632,244,paraphrase_variant,
Paraphrase,329,The situation requires we should log an issue against prod-web-01.,create_ticket,create_ticket,create_ticket,True,1,0.5019412636756897,0.5019412636756897,create_ticket;generate_report;log_audit_event;escalate_to_human;provision_vm,0.50194126;0.45230824;0.44646385;0.43696871;0.41776317,244,paraphrase_variant,
Paraphrase,330,Let's submit a ticket for Charlie.,create_ticket,create_ticket,create_ticket,True,1,0.4276059567928314,0.4276059567928314,create_ticket;generate_report;provision_vm;escalate_to_human;quarantine_system,0.42760596;0.30648601;0.29988801;0.29943684;0.25864321,254,paraphrase_original,
Paraphrase,331,Who can let's submit a ticket for charlie?,create_ticket,create_ticket,create_ticket,True,1,0.42321816086769104,0.42321816086769104,create_ticket;escalate_to_human;generate_report;provision_vm;send_notification,0.42321816;0.32936329;0.27032882;0.25917166;0.23112108,254,paraphrase_variant,
Paraphrase,332,Do me a favor and let's submit a ticket for charlie.,create_ticket,create_ticket,create_ticket,True,1,0.4212607145309448,0.4212607145309448,create_ticket;generate_report;provision_vm;escalate_to_human;process_refund,0.42126071;0.28258765;0.27557880;0.26019463;0.23210366,254,paraphrase_variant,
Paraphrase,333,let's submit a ticket for charlie -- that's what needs to happen.,create_ticket,create_ticket,create_ticket,True,1,0.4634552597999573,0.4634552597999573,create_ticket;escalate_to_human;generate_report;provision_vm;process_refund,0.46345526;0.34721825;0.34423509;0.32627210;0.28754359,254,paraphrase_variant,
Paraphrase,334,Would you mind let's submit a ticket for charlie.,create_ticket,create_ticket,create_ticket,True,1,0.45893681049346924,0.45893681049346924,create_ticket;generate_report;provision_vm;escalate_to_human;quarantine_system,0.45893681;0.33569580;0.33053532;0.31566548;0.27409026,254,paraphrase_variant,
Paraphrase,335,Let's open a tracking issue for cdn-edge-06.,create_ticket,create_ticket,create_ticket,True,1,0.367109090089798,0.367109090089798,create_ticket;provision_vm;generate_report;send_notification;escalate_to_human,0.36710909;0.30874759;0.30795187;0.30219206;0.27881062,255,paraphrase_original,
Paraphrase,336,It would help if let's open a tracking issue for cdn-edge-06.,create_ticket,create_ticket,create_ticket,True,1,0.395397424697876,0.395397424697876,create_ticket;send_notification;generate_report;provision_vm;escalate_to_human,0.39539742;0.32950929;0.32885465;0.32483566;0.28776678,255,paraphrase_variant,
Paraphrase,337,I'd appreciate it if you could let's open a tracking issue for cdn-edge-06.,create_ticket,create_ticket,create_ticket,True,1,0.429444283246994,0.429444283246994,create_ticket;send_notification;generate_report;provision_vm;log_audit_event,0.42944428;0.37325782;0.37323439;0.36510977;0.31894952,255,paraphrase_variant,
Paraphrase,338,"Hey, can you let's open a tracking issue for cdn-edge-06.",create_ticket,create_ticket,create_ticket,True,1,0.4302208423614502,0.4302208423614502,create_ticket;provision_vm;generate_report;send_notification;escalate_to_human,0.43022084;0.37991631;0.37487155;0.37122816;0.33775115,255,paraphrase_variant,
Paraphrase,339,Is it possible to let's open a tracking issue for cdn-edge-06?,create_ticket,create_ticket,create_ticket,True,1,0.3969985544681549,0.3969985544681549,create_ticket;provision_vm;generate_report;escalate_to_human;send_notification,0.39699855;0.32175305;0.30970842;0.29933485;0.29263991,255,paraphrase_variant,
Paraphrase,340,Let's create a support issue for Legal.,create_ticket,create_ticket,create_ticket,True,1,0.511257529258728,0.511257529258728,create_ticket;escalate_to_human;generate_report;provision_vm;send_notification,0.51125753;0.35227466;0.30238032;0.30075336;0.26772970,256,paraphrase_original,
Paraphrase,341,let's create a support issue for legal -- that's what needs to happen.,create_ticket,create_ticket,create_ticket,True,1,0.5251563191413879,0.5251563191413879,create_ticket;escalate_to_human;generate_report;provision_vm;process_refund,0.52515632;0.37770867;0.33451280;0.32665733;0.29903856,256,paraphrase_variant,
Paraphrase,342,Would anyone be able to let's create a support issue for legal?,create_ticket,create_ticket,create_ticket,True,1,0.5069860816001892,0.5069860816001892,create_ticket;escalate_to_human;generate_report;provision_vm;send_notification,0.50698608;0.37053284;0.31452096;0.30024719;0.29930568,256,paraphrase_variant,
Paraphrase,343,Quick one -- let's create a support issue for legal.,create_ticket,create_ticket,create_ticket,True,1,0.5589522123336792,0.5589522123336792,create_ticket;escalate_to_human;generate_report;provision_vm;send_notification,0.55895221;0.41582191;0.40165243;0.38343948;0.36617646,256,paraphrase_variant,
Paraphrase,344,Would you mind let's create a support issue for legal.,create_ticket,create_ticket,create_ticket,True,1,0.5229673981666565,0.5229673981666565,create_ticket;escalate_to_human;generate_report;provision_vm;process_refund,0.52296740;0.35228992;0.32432547;0.32080978;0.27815986,256,paraphrase_variant,
Paraphrase,345,"When you have a moment, open a support ticket for Grace.",create_ticket,create_ticket,create_ticket,True,1,0.36995989084243774,0.36995989084243774,create_ticket;log_audit_event;process_refund;provision_vm;generate_report,0.36995989;0.21101524;0.18754645;0.17727229;0.17320698,265,paraphrase_original,
Paraphrase,346,"Quick one -- when you have a moment, open a support ticket for grace.",create_ticket,create_ticket,create_ticket,True,1,0.4679127633571625,0.4679127633571625,create_ticket;provision_vm;generate_report;process_refund;escalate_to_human,0.46791276;0.30869699;0.30836794;0.29742774;0.29212838,265,paraphrase_variant,
Paraphrase,347,"Could you please when you have a moment, open a support ticket for grace.",create_ticket,create_ticket,create_ticket,True,1,0.45154184103012085,0.45154184103012085,create_ticket;log_audit_event;generate_report;provision_vm;process_refund,0.45154184;0.32573026;0.30365825;0.29525730;0.27803558,265,paraphrase_variant,
Paraphrase,348,"What we need is for when you have a moment, open a support ticket for grace.",create_ticket,create_ticket,create_ticket,True,1,0.3946741223335266,0.3946741223335266,create_ticket;log_audit_event;generate_report;process_refund;provision_vm,0.39467412;0.26960996;0.23627982;0.23169428;0.22140709,265,paraphrase_variant,
Paraphrase,349,"Is it possible to when you have a moment, open a support ticket for grace?",create_ticket,create_ticket,create_ticket,True,1,0.43037688732147217,0.43037688732147217,create_ticket;log_audit_event;provision_vm;generate_report;escalate_to_human,0.43037689;0.25503355;0.25250426;0.24602933;0.24032092,265,paraphrase_variant,
Paraphrase,350,"When you have a moment, create an incident ticket for Grace.",create_ticket,create_ticket,create_ticket,True,1,0.3666609525680542,0.3666609525680542,create_ticket;escalate_to_human;provision_vm;generate_report;log_audit_event,0.36666095;0.29791227;0.25555596;0.23374762;0.21487887,267,paraphrase_original,
Paraphrase,351,"We request that you when you have a moment, create an incident ticket for grace.",create_ticket,create_ticket,create_ticket,True,1,0.4016633629798889,0.4016633629798889,create_ticket;provision_vm;escalate_to_human;generate_report;log_audit_event,0.40166336;0.31711194;0.31530833;0.30668950;0.30050814,267,paraphrase_variant,
Paraphrase,352,"The situation requires when you have a moment, create an incident ticket for grace.",create_ticket,create_ticket,create_ticket,True,1,0.4334786832332611,0.4334786832332611,create_ticket;escalate_to_human;provision_vm;generate_report;send_notification,0.43347868;0.38913029;0.31448948;0.29883608;0.27136338,267,paraphrase_variant,
Paraphrase,353,"Is it possible to when you have a moment, create an incident ticket for grace?",create_ticket,create_ticket,create_ticket,True,1,0.4248574674129486,0.4248574674129486,create_ticket;escalate_to_human;provision_vm;generate_report;log_audit_event,0.42485747;0.34593731;0.32360947;0.31138918;0.28120464,267,paraphrase_variant,
Paraphrase,354,"Hey, can you when you have a moment, create an incident ticket for grace.",create_ticket,create_ticket,create_ticket,True,1,0.41787150502204895,0.41787150502204895,create_ticket;escalate_to_human;provision_vm;generate_report;log_audit_event,0.41787151;0.34427521;0.34213704;0.33220282;0.29472485,267,paraphrase_variant,
Paraphrase,355,send an alert to Finance.,send_notification,send_notification,generate_report,False,3,0.33477121591567993,0.32830876111984253,generate_report;create_ticket;send_notification;escalate_to_human;provision_vm,0.33477122;0.33170536;0.32830876;0.32452637;0.31864154,269,paraphrase_original,
Paraphrase,356,Is it possible to send an alert to finance?,send_notification,send_notification,generate_report,False,2,0.3219933807849884,0.3179927468299866,generate_report;send_notification;escalate_to_human;create_ticket;log_audit_event,0.32199338;0.31799275;0.31602800;0.30757400;0.30177656,269,paraphrase_variant,
Paraphrase,357,What we need is for send an alert to finance.,send_notification,send_notification,generate_report,False,2,0.3630772531032562,0.3554752469062805,generate_report;send_notification;log_audit_event;quarantine_system;provision_vm,0.36307725;0.35547525;0.35228276;0.31512997;0.31324798,269,paraphrase_variant,
Paraphrase,358,Gonna need you to send an alert to finance.,send_notification,send_notification,generate_report,False,2,0.40692687034606934,0.3808336853981018,generate_report;send_notification;provision_vm;quarantine_system;create_ticket,0.40692687;0.38083369;0.36098719;0.35021520;0.34465498,269,paraphrase_variant,
Paraphrase,359,Could you please send an alert to finance.,send_notification,send_notification,generate_report,False,2,0.44894298911094666,0.41711491346359253,generate_report;send_notification;provision_vm;create_ticket;log_audit_event,0.44894299;0.41711491;0.41293019;0.39838263;0.39804512,269,paraphrase_variant,
Paraphrase,360,send a heads-up to Alice.,send_notification,send_notification,escalate_to_human,False,4,0.4143904745578766,0.20573574304580688,escalate_to_human;create_ticket;provision_vm;send_notification;generate_report,0.41439047;0.24889003;0.22110997;0.20573574;0.17771377,271,paraphrase_original,
Paraphrase,361,We request that you send a heads-up to alice.,send_notification,send_notification,escalate_to_human,False,3,0.4078167676925659,0.2789424955844879,escalate_to_human;create_ticket;send_notification;provision_vm;generate_report,0.40781677;0.30600199;0.27894250;0.27632526;0.24897873,271,paraphrase_variant,
Paraphrase,362,Could someone send a heads-up to alice?,send_notification,send_notification,escalate_to_human,False,4,0.4418863356113434,0.27513933181762695,escalate_to_human;create_ticket;provision_vm;send_notification;generate_report,0.44188634;0.31447574;0.28187671;0.27513933;0.26542497,271,paraphrase_variant,
Paraphrase,363,"Hey, can you send a heads-up to alice.",send_notification,send_notification,escalate_to_human,False,5,0.4506356418132782,0.29460927844047546,escalate_to_human;create_ticket;provision_vm;generate_report;send_notification,0.45063564;0.33230945;0.31743822;0.29981974;0.29460928,271,paraphrase_variant,
Paraphrase,364,send a heads-up to alice -- that's what needs to happen.,send_notification,send_notification,escalate_to_human,False,4,0.48591557145118713,0.28472548723220825,escalate_to_human;create_ticket;provision_vm;send_notification;generate_report,0.48591557;0.31880760;0.29334530;0.28472549;0.25867966,271,paraphrase_variant,
Paraphrase,365,Please send an update to Diana.,send_notification,send_notification,escalate_to_human,False,4,0.4299052655696869,0.39445018768310547,escalate_to_human;generate_report;provision_vm;send_notification;quarantine_system,0.42990527;0.42678055;0.42376384;0.39445019;0.37837929,276,paraphrase_original,
Paraphrase,366,The situation requires send an update to diana.,send_notification,send_notification,escalate_to_human,False,5,0.5154744982719421,0.4351310133934021,escalate_to_human;provision_vm;generate_report;create_ticket;send_notification,0.51547450;0.47911000;0.46084464;0.44086459;0.43513101,276,paraphrase_variant,
Paraphrase,367,Who can send an update to diana?,send_notification,send_notification,escalate_to_human,False,4,0.43836355209350586,0.3746451735496521,escalate_to_human;provision_vm;generate_report;send_notification;create_ticket,0.43836355;0.39498150;0.38151401;0.37464517;0.35169896,276,paraphrase_variant,
Paraphrase,368,"Yo, send an update to diana.",send_notification,send_notification,generate_report,False,4,0.4305647313594818,0.40137940645217896,generate_report;provision_vm;escalate_to_human;send_notification;db_write,0.43056473;0.42348692;0.40993589;0.40137941;0.38870573,276,paraphrase_variant,
Paraphrase,369,Please send an update to diana.,send_notification,send_notification,escalate_to_human,False,4,0.4299052655696869,0.39445018768310547,escalate_to_human;generate_report;provision_vm;send_notification;quarantine_system,0.42990527;0.42678055;0.42376384;0.39445019;0.37837929,276,paraphrase_variant,
Paraphrase,370,Please alert Engineering.,send_notification,send_notification,quarantine_system,False,5,0.4311053454875946,0.38893386721611023,quarantine_system;escalate_to_human;provision_vm;generate_report;send_notification,0.43110535;0.41279307;0.40477160;0.40173510;0.38893387,282,paraphrase_original,
Paraphrase,371,Do me a favor and alert engineering.,send_notification,send_notification,escalate_to_human,False,6,0.2903631627559662,0.2607952654361725,escalate_to_human;quarantine_system;generate_report;provision_vm;log_audit_event,0.29036316;0.28875762;0.28026399;0.27179566;0.26313189,282,paraphrase_variant,
Paraphrase,372,Would you mind alert engineering.,send_notification,send_notification,quarantine_system,False,6,0.34926551580429077,0.31434744596481323,quarantine_system;generate_report;escalate_to_human;provision_vm;scan_malware,0.34926552;0.34213313;0.34122616;0.33684176;0.32705864,282,paraphrase_variant,
Paraphrase,373,Would anyone be able to alert engineering?,send_notification,send_notification,escalate_to_human,False,2,0.37641292810440063,0.37539374828338623,escalate_to_human;send_notification;quarantine_system;generate_report;scan_malware,0.37641293;0.37539375;0.37537292;0.35121730;0.33753613,282,paraphrase_variant,
Paraphrase,374,It would help if alert engineering.,send_notification,send_notification,quarantine_system,False,4,0.39257293939590454,0.3747381865978241,quarantine_system;escalate_to_human;generate_report;send_notification;provision_vm,0.39257294;0.38913342;0.37786454;0.37473819;0.36058056,282,paraphrase_variant,
Paraphrase,375,Can you send an update to Bob?,send_notification,send_notification,provision_vm,False,2,0.44383710622787476,0.4315004348754883,provision_vm;send_notification;escalate_to_human;generate_report;quarantine_system,0.44383711;0.43150043;0.43011203;0.39802402;0.39455625,284,paraphrase_original,
Paraphrase,376,Could you please send an update to bob.,send_notification,send_notification,provision_vm,False,2,0.4226813018321991,0.4184633493423462,provision_vm;send_notification;generate_report;quarantine_system;create_ticket,0.42268130;0.41846335;0.40476820;0.40382132;0.40015018,284,paraphrase_variant,
Paraphrase,377,It would help if send an update to bob.,send_notification,send_notification,send_notification,True,1,0.42858394980430603,0.42858394980430603,send_notification;provision_vm;escalate_to_human;create_ticket;quarantine_system,0.42858395;0.42796183;0.41224065;0.40801337;0.40616497,284,paraphrase_variant,
Paraphrase,378,Gonna need you to send an update to bob.,send_notification,send_notification,send_notification,True,1,0.3626170754432678,0.3626170754432678,send_notification;quarantine_system;provision_vm;escalate_to_human;generate_report,0.36261708;0.36178356;0.36021331;0.34930605;0.34723645,284,paraphrase_variant,
Paraphrase,379,Would anyone be able to send an update to bob?,send_notification,send_notification,send_notification,True,1,0.4599405825138092,0.4599405825138092,send_notification;provision_vm;escalate_to_human;generate_report;create_ticket,0.45994058;0.44859448;0.43518451;0.43242398;0.41438660,284,paraphrase_variant,
Paraphrase,380,Can you send an alert to Finance?,send_notification,send_notification,send_notification,True,1,0.3685874938964844,0.3685874938964844,send_notification;generate_report;provision_vm;escalate_to_human;create_ticket,0.36858749;0.36247587;0.35156450;0.34349421;0.33911973,285,paraphrase_original,
Paraphrase,381,What we need is for send an alert to finance.,send_notification,send_notification,generate_report,False,2,0.3630772531032562,0.3554752469062805,generate_report;send_notification;log_audit_event;quarantine_system;provision_vm,0.36307725;0.35547525;0.35228276;0.31512997;0.31324798,285,paraphrase_variant,
Paraphrase,382,Who can send an alert to finance?,send_notification,send_notification,escalate_to_human,False,2,0.34696072340011597,0.3204762637615204,escalate_to_human;send_notification;generate_report;create_ticket;log_audit_event,0.34696072;0.32047626;0.29644939;0.28965187;0.27666619,285,paraphrase_variant,
Paraphrase,383,Gonna need you to send an alert to finance.,send_notification,send_notification,generate_report,False,2,0.40692687034606934,0.3808336853981018,generate_report;send_notification;provision_vm;quarantine_system;create_ticket,0.40692687;0.38083369;0.36098719;0.35021520;0.34465498,285,paraphrase_variant,
Paraphrase,384,Could you please send an alert to finance.,send_notification,send_notification,generate_report,False,2,0.4489430785179138,0.41711485385894775,generate_report;send_notification;provision_vm;create_ticket;log_audit_event,0.44894308;0.41711485;0.41293034;0.39838266;0.39804518,285,paraphrase_variant,
Paraphrase,385,Can you push a notification to Bob?,send_notification,send_notification,send_notification,True,1,0.378322958946228,0.378322958946228,send_notification;provision_vm;quarantine_system;escalate_to_human;create_ticket,0.37832296;0.33784539;0.33370078;0.30067781;0.29070830,288,paraphrase_original,
Paraphrase,386,I'd appreciate it if you could push a notification to bob.,send_notification,send_notification,send_notification,True,1,0.4358272850513458,0.4358272850513458,send_notification;quarantine_system;provision_vm;generate_report;create_ticket,0.43582729;0.38151106;0.36839059;0.35167965;0.32005084,288,paraphrase_variant,
Paraphrase,387,"Yo, push a notification to bob.",send_notification,send_notification,send_notification,True,1,0.3379119634628296,0.3379119634628296,send_notification;quarantine_system;provision_vm;escalate_to_human;generate_report,0.33791196;0.29195648;0.26924738;0.25163868;0.22678739,288,paraphrase_variant,
Paraphrase,388,The situation requires push a notification to bob.,send_notification,send_notification,send_notification,True,1,0.37452566623687744,0.37452566623687744,send_notification;escalate_to_human;quarantine_system;provision_vm;create_ticket,0.37452567;0.36172733;0.32506722;0.32124874;0.31318700,288,paraphrase_variant,
Paraphrase,389,Who can push a notification to bob?,send_notification,send_notification,send_notification,True,1,0.33250170946121216,0.33250170946121216,send_notification;escalate_to_human;provision_vm;quarantine_system;create_ticket,0.33250171;0.28990632;0.26183116;0.25754702;0.23959337,288,paraphrase_variant,
Paraphrase,390,Can you forward the latest update to Legal?,send_notification,send_notification,escalate_to_human,False,6,0.4528750777244568,0.38493961095809937,escalate_to_human;create_ticket;provision_vm;update_subscription;generate_report,0.45287508;0.43783045;0.42419291;0.39751375;0.39406192,289,paraphrase_original,
Paraphrase,391,It would help if forward the latest update to legal.,send_notification,send_notification,create_ticket,False,5,0.4970760941505432,0.42185506224632263,create_ticket;escalate_to_human;provision_vm;generate_report;send_notification,0.49707609;0.46275023;0.45269966;0.44348639;0.42185506,289,paraphrase_variant,
Paraphrase,392,"Hey, can you forward the latest update to legal.",send_notification,send_notification,escalate_to_human,False,5,0.5093978047370911,0.4320889115333557,escalate_to_human;create_ticket;provision_vm;generate_report;send_notification,0.50939780;0.46310839;0.45424581;0.44114718;0.43208891,289,paraphrase_variant,
Paraphrase,393,Would you mind forward the latest update to legal.,send_notification,send_notification,escalate_to_human,False,6,0.4378993809223175,0.3416922986507416,escalate_to_human;create_ticket;provision_vm;generate_report;update_subscription,0.43789938;0.41192228;0.38205057;0.37533593;0.34900346,289,paraphrase_variant,
Paraphrase,394,Is it possible to forward the latest update to legal?,send_notification,send_notification,escalate_to_human,False,6,0.3964456617832184,0.3077395558357239,escalate_to_human;create_ticket;provision_vm;update_subscription;generate_report,0.39644566;0.39013109;0.35730693;0.34031248;0.32199121,289,paraphrase_variant,
Paraphrase,395,Can you drop a message to Charlie?,send_notification,send_notification,send_notification,True,1,0.4245367646217346,0.4245367646217346,send_notification;escalate_to_human;quarantine_system;provision_vm;generate_report,0.42453676;0.40897191;0.38221386;0.38198438;0.34701219,291,paraphrase_original,
Paraphrase,396,Gonna need you to drop a message to charlie.,send_notification,send_notification,send_notification,True,1,0.39279672503471375,0.39279672503471375,send_notification;escalate_to_human;quarantine_system;generate_report;provision_vm,0.39279673;0.35708818;0.35342163;0.32722753;0.32722166,291,paraphrase_variant,
Paraphrase,397,It would help if drop a message to charlie.,send_notification,send_notification,send_notification,True,1,0.4365200102329254,0.4365200102329254,send_notification;escalate_to_human;quarantine_system;provision_vm;generate_report,0.43652001;0.41643310;0.41166139;0.39153215;0.38165361,291,paraphrase_variant,
Paraphrase,398,Would you mind drop a message to charlie.,send_notification,send_notification,send_notification,True,1,0.40000131726264954,0.40000131726264954,send_notification;provision_vm;escalate_to_human;quarantine_system;generate_report,0.40000132;0.36300346;0.36223957;0.36201331;0.34997684,291,paraphrase_variant,
Paraphrase,399,Who can drop a message to charlie?,send_notification,send_notification,escalate_to_human,False,2,0.39982548356056213,0.3721075654029846,escalate_to_human;send_notification;provision_vm;quarantine_system;generate_report,0.39982548;0.37210757;0.30975768;0.30832085;0.28337950,291,paraphrase_variant,
Paraphrase,400,Could you email Alice the latest status for me?,send_notification,send_notification,escalate_to_human,False,2,0.4531281590461731,0.409194678068161,escalate_to_human;send_notification;log_audit_event;generate_report;provision_vm,0.45312816;0.40919468;0.38539761;0.38523534;0.34649572,294,paraphrase_original,
Paraphrase,401,Need you to email alice the latest status for me.,send_notification,send_notification,escalate_to_human,False,2,0.48071935772895813,0.41922521591186523,escalate_to_human;send_notification;generate_report;log_audit_event;create_ticket,0.48071936;0.41922522;0.39684379;0.38074958;0.36672166,294,paraphrase_variant,
Paraphrase,402,Could someone email alice the latest status for me?,send_notification,send_notification,escalate_to_human,False,2,0.4232102632522583,0.3644929528236389,escalate_to_human;send_notification;log_audit_event;generate_report;create_ticket,0.42321026;0.36449295;0.34928730;0.32801110;0.29569659,294,paraphrase_variant,
Paraphrase,403,Could you please email alice the latest status for me.,send_notification,send_notification,escalate_to_human,False,2,0.46574583649635315,0.40308353304862976,escalate_to_human;send_notification;log_audit_event;generate_report;create_ticket,0.46574584;0.40308353;0.38698345;0.38525259;0.36106539,294,paraphrase_variant,
Paraphrase,404,It would help if email alice the latest status for me.,send_notification,send_notification,escalate_to_human,False,2,0.45472535490989685,0.4236438572406769,escalate_to_human;send_notification;generate_report;log_audit_event;create_ticket,0.45472535;0.42364386;0.38786194;0.37871760;0.37867177,294,paraphrase_variant,
Paraphrase,405,Could you drop a message to the Engineering team for me?,send_notification,send_notification,send_notification,True,1,0.4877070188522339,0.4877070188522339,send_notification;provision_vm;escalate_to_human;generate_report;create_ticket,0.48770702;0.44165888;0.44121617;0.42159477;0.41852176,299,paraphrase_original,
Paraphrase,406,It would help if drop a message to the engineering team for me.,send_notification,send_notification,send_notification,True,1,0.49335044622421265,0.49335044622421265,send_notification;provision_vm;create_ticket;generate_report;escalate_to_human,0.49335045;0.45338595;0.45105505;0.44459838;0.44023296,299,paraphrase_variant,
Paraphrase,407,"Yo, drop a message to the engineering team for me.",send_notification,send_notification,send_notification,True,1,0.47532010078430176,0.47532010078430176,send_notification;provision_vm;generate_report;escalate_to_human;create_ticket,0.47532010;0.42997074;0.41660520;0.41082910;0.40362573,299,paraphrase_variant,
Paraphrase,408,Is it possible to drop a message to the engineering team for me?,send_notification,send_notification,send_notification,True,1,0.4568873345851898,0.4568873345851898,send_notification;escalate_to_human;provision_vm;create_ticket;quarantine_system,0.45688733;0.43129757;0.40290457;0.37712631;0.37052923,299,paraphrase_variant,
Paraphrase,409,Could you please drop a message to the engineering team for me.,send_notification,send_notification,send_notification,True,1,0.4891884922981262,0.4891884922981262,send_notification;provision_vm;generate_report;escalate_to_human;quarantine_system,0.48918849;0.44953424;0.43451020;0.43021962;0.42703533,299,paraphrase_variant,
Paraphrase,410,I need you to send a heads-up to Finance.,send_notification,send_notification,create_ticket,False,5,0.3930973708629608,0.28707408905029297,create_ticket;generate_report;provision_vm;db_write;send_notification,0.39309737;0.34953666;0.33429909;0.29825830;0.28707409,303,paraphrase_original,
Paraphrase,411,Kindly send a heads-up to finance.,send_notification,send_notification,create_ticket,False,5,0.34723007678985596,0.21849501132965088,create_ticket;provision_vm;generate_report;escalate_to_human;send_notification,0.34723008;0.27466208;0.26098898;0.25877282;0.21849501,303,paraphrase_variant,
Paraphrase,412,Need you to send a heads-up to finance.,send_notification,send_notification,create_ticket,False,5,0.38824281096458435,0.26467078924179077,create_ticket;generate_report;provision_vm;escalate_to_human;send_notification,0.38824281;0.31702861;0.31172374;0.27162078;0.26467079,303,paraphrase_variant,
Paraphrase,413,Could someone send a heads-up to finance?,send_notification,send_notification,create_ticket,False,5,0.3479267656803131,0.1983112245798111,create_ticket;escalate_to_human;provision_vm;generate_report;send_notification,0.34792677;0.25636539;0.23502137;0.23303631;0.19831122,303,paraphrase_variant,
Paraphrase,414,What we need is for send a heads-up to finance.,send_notification,send_notification,create_ticket,False,6,0.30289068818092346,0.20298010110855103,create_ticket;generate_report;escalate_to_human;provision_vm;db_write,0.30289069;0.23607269;0.23315580;0.23067550;0.20303485,303,paraphrase_variant,
Paraphrase,415,I need you to drop a message to Diana.,send_notification,send_notification,escalate_to_human,False,2,0.45132681727409363,0.44921648502349854,escalate_to_human;send_notification;generate_report;provision_vm;quarantine_system,0.45132682;0.44921649;0.42720994;0.40757504;0.38468316,307,paraphrase_original,
Paraphrase,416,"Hey, can you drop a message to diana.",send_notification,send_notification,escalate_to_human,False,2,0.450283408164978,0.44196444749832153,escalate_to_human;send_notification;generate_report;provision_vm;quarantine_system,0.45028341;0.44196445;0.40650809;0.40045488;0.37065026,307,paraphrase_variant,
Paraphrase,417,drop a message to diana -- that's what needs to happen.,send_notification,send_notification,escalate_to_human,False,2,0.45389580726623535,0.43686094880104065,escalate_to_human;send_notification;generate_report;provision_vm;quarantine_system,0.45389581;0.43686095;0.40142202;0.39566806;0.38674986,307,paraphrase_variant,
Paraphrase,418,Could someone drop a message to diana?,send_notification,send_notification,escalate_to_human,False,2,0.4288288652896881,0.40348875522613525,escalate_to_human;send_notification;generate_report;provision_vm;quarantine_system,0.42882887;0.40348876;0.36339515;0.35839292;0.33930063,307,paraphrase_variant,
Paraphrase,419,I'd appreciate it if you could drop a message to diana.,send_notification,send_notification,send_notification,True,1,0.4504848122596741,0.4504848122596741,send_notification;generate_report;escalate_to_human;provision_vm;quarantine_system,0.45048481;0.43162829;0.42247346;0.40749931;0.37758341,307,paraphrase_variant,
Paraphrase,420,We should forward the latest update to Engineering.,send_notification,send_notification,provision_vm,False,5,0.49055561423301697,0.4373662769794464,provision_vm;quarantine_system;escalate_to_human;generate_report;send_notification,0.49055561;0.46141174;0.46122393;0.45500126;0.43736628,313,paraphrase_original,
Paraphrase,421,Could you please we should forward the latest update to engineering.,send_notification,send_notification,provision_vm,False,6,0.5044025182723999,0.4552702307701111,provision_vm;escalate_to_human;generate_report;quarantine_system;create_ticket,0.50440252;0.48690754;0.47784379;0.47330433;0.46100035,313,paraphrase_variant,
Paraphrase,422,Could someone we should forward the latest update to engineering?,send_notification,send_notification,escalate_to_human,False,5,0.4668958783149719,0.3900853395462036,escalate_to_human;provision_vm;create_ticket;generate_report;send_notification,0.46689588;0.43646500;0.41663656;0.40297472;0.39008534,313,paraphrase_variant,
Paraphrase,423,"Yo, we should forward the latest update to engineering.",send_notification,send_notification,provision_vm,False,5,0.49478593468666077,0.44426068663597107,provision_vm;quarantine_system;generate_report;escalate_to_human;send_notification,0.49478593;0.46603420;0.46602607;0.46311763;0.44426069,313,paraphrase_variant,
Paraphrase,424,we should forward the latest update to engineering -- that's what needs to happen.,send_notification,send_notification,provision_vm,False,6,0.5057654976844788,0.45632287859916687,provision_vm;quarantine_system;generate_report;escalate_to_human;create_ticket,0.50576550;0.47447136;0.47399834;0.46532780;0.45743078,313,paraphrase_variant,
Paraphrase,425,We should drop a message to the Marketing team.,send_notification,send_notification,send_notification,True,1,0.3379835784435272,0.3379835784435272,send_notification;escalate_to_human;provision_vm;quarantine_system;restart_service,0.33798358;0.26649606;0.25911286;0.24435884;0.23679408,315,paraphrase_original,
Paraphrase,426,It would help if we should drop a message to the marketing team.,send_notification,send_notification,send_notification,True,1,0.40425243973731995,0.40425243973731995,send_notification;provision_vm;escalate_to_human;generate_report;quarantine_system,0.40425244;0.33216286;0.33005154;0.32422867;0.31578234,315,paraphrase_variant,
Paraphrase,427,Do me a favor and we should drop a message to the marketing team.,send_notification,send_notification,send_notification,True,1,0.3522791862487793,0.3522791862487793,send_notification;provision_vm;restart_service;escalate_to_human;process_refund,0.35227919;0.28671551;0.27897629;0.27428380;0.26960713,315,paraphrase_variant,
Paraphrase,428,Is it possible to we should drop a message to the marketing team?,send_notification,send_notification,send_notification,True,1,0.34966588020324707,0.34966588020324707,send_notification;escalate_to_human;provision_vm;quarantine_system;generate_report,0.34966588;0.31048459;0.27499706;0.25710019;0.22870050,315,paraphrase_variant,
Paraphrase,429,We request that you we should drop a message to the marketing team.,send_notification,send_notification,send_notification,True,1,0.3819611668586731,0.3819611668586731,send_notification;provision_vm;escalate_to_human;quarantine_system;generate_report,0.38196117;0.28919184;0.28867516;0.28516844;0.27448297,315,paraphrase_variant,
Paraphrase,430,Let's send an update to Grace.,send_notification,send_notification,update_subscription,False,4,0.34471550583839417,0.26904669404029846,update_subscription;provision_vm;reset_password;send_notification;generate_report,0.34471551;0.30577582;0.27099657;0.26904669;0.26385242,316,paraphrase_original,
Paraphrase,431,It would help if let's send an update to grace.,send_notification,send_notification,provision_vm,False,3,0.39275240898132324,0.36555787920951843,provision_vm;update_subscription;send_notification;generate_report;create_ticket,0.39275241;0.39078766;0.36555788;0.35959351;0.35838246,316,paraphrase_variant,
Paraphrase,432,Who can let's send an update to grace?,send_notification,send_notification,update_subscription,False,4,0.3316546678543091,0.2701641023159027,update_subscription;escalate_to_human;provision_vm;send_notification;create_ticket,0.33165467;0.30005926;0.29541945;0.27016410;0.24936441,316,paraphrase_variant,
Paraphrase,433,Need you to let's send an update to grace.,send_notification,send_notification,update_subscription,False,3,0.3919600248336792,0.3613635003566742,update_subscription;provision_vm;send_notification;generate_report;quarantine_system,0.39196002;0.39155138;0.36136350;0.35715228;0.34438005,316,paraphrase_variant,
Paraphrase,434,Please let's send an update to grace.,send_notification,send_notification,update_subscription,False,5,0.35336101055145264,0.28001776337623596,update_subscription;provision_vm;reset_password;generate_report;send_notification,0.35336101;0.31911311;0.30064648;0.28340384;0.28001776,316,paraphrase_variant,
Paraphrase,435,Let's email Diana the latest status.,send_notification,send_notification,escalate_to_human,False,4,0.4118196666240692,0.3713533878326416,escalate_to_human;generate_report;log_audit_event;send_notification;quarantine_system,0.41181967;0.37728512;0.37255722;0.37135339;0.34382379,318,paraphrase_original,
Paraphrase,436,What we need is for let's email diana the latest status.,send_notification,send_notification,escalate_to_human,False,2,0.43416786193847656,0.42481788992881775,escalate_to_human;send_notification;generate_report;log_audit_event;quarantine_system,0.43416786;0.42481789;0.41515654;0.39830211;0.36359075,318,paraphrase_variant,
Paraphrase,437,Kindly let's email diana the latest status.,send_notification,send_notification,escalate_to_human,False,3,0.42556121945381165,0.3895094096660614,escalate_to_human;generate_report;send_notification;log_audit_event;process_refund,0.42556122;0.39549685;0.38950941;0.38051686;0.36011285,318,paraphrase_variant,
Paraphrase,438,Who can let's email diana the latest status?,send_notification,send_notification,escalate_to_human,False,2,0.3955800533294678,0.35938191413879395,escalate_to_human;send_notification;generate_report;log_audit_event;provision_vm,0.39558005;0.35938191;0.33583269;0.33524504;0.29335305,318,paraphrase_variant,
Paraphrase,439,"Hey, can you let's email diana the latest status.",send_notification,send_notification,escalate_to_human,False,3,0.4609781801700592,0.4356621205806732,escalate_to_human;generate_report;send_notification;log_audit_event;quarantine_system,0.46097818;0.44071314;0.43566212;0.40387905;0.40222403,318,paraphrase_variant,
Paraphrase,440,Let's drop a message to Frank.,send_notification,send_notification,send_notification,True,1,0.4327579736709595,0.4327579736709595,send_notification;escalate_to_human;provision_vm;create_ticket;generate_report,0.43275797;0.39784950;0.38219121;0.35952064;0.35163566,323,paraphrase_original,
Paraphrase,441,It would help if let's drop a message to frank.,send_notification,send_notification,send_notification,True,1,0.494020015001297,0.494020015001297,send_notification;escalate_to_human;create_ticket;provision_vm;generate_report,0.49402002;0.46041834;0.45136890;0.45118645;0.43331242,323,paraphrase_variant,
Paraphrase,442,We request that you let's drop a message to frank.,send_notification,send_notification,send_notification,True,1,0.43898728489875793,0.43898728489875793,send_notification;escalate_to_human;create_ticket;provision_vm;quarantine_system,0.43898728;0.39779702;0.38161764;0.37549147;0.34607968,323,paraphrase_variant,
Paraphrase,443,Do me a favor and let's drop a message to frank.,send_notification,send_notification,send_notification,True,1,0.44392579793930054,0.44392579793930054,send_notification;create_ticket;escalate_to_human;provision_vm;generate_report,0.44392580;0.43631190;0.41244888;0.41244572;0.38103393,323,paraphrase_variant,
Paraphrase,444,Is it possible to let's drop a message to frank?,send_notification,send_notification,escalate_to_human,False,2,0.46839022636413574,0.4564308524131775,escalate_to_human;send_notification;provision_vm;create_ticket;generate_report,0.46839023;0.45643085;0.41791004;0.38851869;0.37404490,323,paraphrase_variant,
Paraphrase,445,Kindly send an alert to Finance.,send_notification,send_notification,generate_report,False,4,0.3888760507106781,0.35889339447021484,generate_report;create_ticket;provision_vm;send_notification;escalate_to_human,0.38887605;0.36381546;0.35976821;0.35889339;0.35254356,325,paraphrase_original,
Paraphrase,446,I'd appreciate it if you could send an alert to finance.,send_notification,send_notification,generate_report,False,2,0.45692911744117737,0.43224748969078064,generate_report;send_notification;provision_vm;log_audit_event;create_ticket,0.45692912;0.43224749;0.41266736;0.40265229;0.39193398,325,paraphrase_variant,
Paraphrase,447,send an alert to finance -- that's what needs to happen.,send_notification,send_notification,generate_report,False,2,0.3595897853374481,0.357526570558548,generate_report;send_notification;escalate_to_human;provision_vm;quarantine_system,0.35958979;0.35752657;0.34474936;0.33332580;0.33249730,325,paraphrase_variant,
Paraphrase,448,Could someone send an alert to finance?,send_notification,send_notification,escalate_to_human,False,2,0.3780578672885895,0.3583037853240967,escalate_to_human;send_notification;generate_report;create_ticket;provision_vm,0.37805787;0.35830379;0.35158330;0.34296054;0.33140168,325,paraphrase_variant,
Paraphrase,449,"Yo, send an alert to finance.",send_notification,send_notification,generate_report,False,2,0.38213708996772766,0.37551602721214294,generate_report;send_notification;provision_vm;escalate_to_human;quarantine_system,0.38213709;0.37551603;0.35979640;0.33649111;0.33568078,325,paraphrase_variant,
Paraphrase,450,Kindly push a notification to Alice.,send_notification,send_notification,escalate_to_human,False,2,0.4115184545516968,0.35262826085090637,escalate_to_human;send_notification;provision_vm;create_ticket;generate_report,0.41151845;0.35262826;0.31340268;0.29267177;0.27937680,328,paraphrase_original,
Paraphrase,451,push a notification to alice -- that's what needs to happen.,send_notification,send_notification,escalate_to_human,False,2,0.4336642920970917,0.38809558749198914,escalate_to_human;send_notification;provision_vm;generate_report;quarantine_system,0.43366429;0.38809559;0.34640852;0.32136640;0.30359468,328,paraphrase_variant,
Paraphrase,452,Do me a favor and push a notification to alice.,send_notification,send_notification,escalate_to_human,False,2,0.36611589789390564,0.31704258918762207,escalate_to_human;send_notification;provision_vm;create_ticket;generate_report,0.36611590;0.31704259;0.29036951;0.28300881;0.25325131,328,paraphrase_variant,
Paraphrase,453,Is it possible to push a notification to alice?,send_notification,send_notification,escalate_to_human,False,2,0.39096587896347046,0.3283338248729706,escalate_to_human;send_notification;provision_vm;create_ticket;generate_report,0.39096588;0.32833382;0.31506437;0.29940405;0.27261296,328,paraphrase_variant,
Paraphrase,454,I'd appreciate it if you could push a notification to alice.,send_notification,send_notification,escalate_to_human,False,2,0.4367769956588745,0.43389400839805603,escalate_to_human;send_notification;provision_vm;generate_report;create_ticket,0.43677700;0.43389401;0.38999492;0.37705201;0.36097798,328,paraphrase_variant,
Paraphrase,455,Please isolate staging-db-02 from the network.,quarantine_system,quarantine_system,db_write,False,4,0.2813815176486969,0.23789405822753906,db_write;db_read;scan_malware;quarantine_system;provision_vm,0.28138152;0.27893680;0.26687056;0.23789406;0.23369060,343,paraphrase_original,
Paraphrase,456,Quick one -- isolate staging-db-02 from the network.,quarantine_system,quarantine_system,db_write,False,7,0.30807918310165405,0.2184223234653473,db_write;db_read;generate_report;scan_malware;provision_vm,0.30807918;0.28405607;0.23505758;0.23024482;0.22772305,343,paraphrase_variant,
Paraphrase,457,Who can isolate staging-db-02 from the network?,quarantine_system,quarantine_system,scan_malware,False,5,0.2080187052488327,0.14533621072769165,scan_malware;db_write;db_read;escalate_to_human;quarantine_system,0.20801871;0.19773869;0.19665577;0.18584280;0.14533621,343,paraphrase_variant,
Paraphrase,458,We request that you isolate staging-db-02 from the network.,quarantine_system,quarantine_system,db_write,False,5,0.36317509412765503,0.3232845366001129,db_write;db_read;send_notification;provision_vm;quarantine_system,0.36317509;0.33089739;0.32637456;0.32586822;0.32328454,343,paraphrase_variant,
Paraphrase,459,isolate staging-db-02 from the network -- that's what needs to happen.,quarantine_system,quarantine_system,db_write,False,4,0.31487271189689636,0.27241250872612,db_write;db_read;scan_malware;quarantine_system;provision_vm,0.31487271;0.29107249;0.27677956;0.27241251;0.26651305,343,paraphrase_variant,
Paraphrase,460,Can you isolate staging-db-02 from the network?,quarantine_system,quarantine_system,db_write,False,5,0.2917127311229706,0.2198781967163086,db_write;db_read;scan_malware;provision_vm;quarantine_system,0.29171273;0.29079980;0.25242838;0.22158323;0.21987820,351,paraphrase_original,
Paraphrase,461,Would anyone be able to isolate staging-db-02 from the network?,quarantine_system,quarantine_system,db_read,False,5,0.272507905960083,0.20502084493637085,db_read;db_write;scan_malware;generate_report;quarantine_system,0.27250791;0.27141163;0.25307253;0.21214208;0.20502084,351,paraphrase_variant,
Paraphrase,462,The situation requires isolate staging-db-02 from the network.,quarantine_system,quarantine_system,db_write,False,6,0.31796592473983765,0.2546491324901581,db_write;db_read;escalate_to_human;generate_report;provision_vm,0.31796592;0.29958954;0.28552324;0.26773378;0.26691014,351,paraphrase_variant,
Paraphrase,463,I'd appreciate it if you could isolate staging-db-02 from the network.,quarantine_system,quarantine_system,db_write,False,5,0.3893347680568695,0.3182374835014343,db_write;db_read;generate_report;provision_vm;quarantine_system,0.38933477;0.34181371;0.33310926;0.33261865;0.31823748,351,paraphrase_variant,
Paraphrase,464,Need you to isolate staging-db-02 from the network.,quarantine_system,quarantine_system,db_read,False,3,0.3352598547935486,0.2679554522037506,db_read;db_write;quarantine_system;scan_malware;provision_vm,0.33525985;0.33427507;0.26795545;0.26569515;0.26290029,351,paraphrase_variant,
Paraphrase,465,Can you pull auth-svc-04 out of production?,quarantine_system,quarantine_system,provision_vm,False,3,0.30297723412513733,0.29131561517715454,provision_vm;reset_password;quarantine_system;scan_malware;generate_report,0.30297723;0.30099437;0.29131562;0.28894410;0.28245467,356,paraphrase_original,
Paraphrase,466,"Yo, pull auth-svc-04 out of production.",quarantine_system,quarantine_system,provision_vm,False,2,0.30680128931999207,0.30340829491615295,provision_vm;quarantine_system;generate_report;scan_malware;log_audit_event,0.30680129;0.30340829;0.30144379;0.28049910;0.27861717,356,paraphrase_variant,
Paraphrase,467,We request that you pull auth-svc-04 out of production.,quarantine_system,quarantine_system,provision_vm,False,2,0.35474321246147156,0.35101038217544556,provision_vm;quarantine_system;generate_report;log_audit_event;create_ticket,0.35474321;0.35101038;0.34728077;0.33512098;0.33358651,356,paraphrase_variant,
Paraphrase,468,Who can pull auth-svc-04 out of production?,quarantine_system,quarantine_system,reset_password,False,7,0.2471974492073059,0.21782006323337555,reset_password;provision_vm;escalate_to_human;create_ticket;log_audit_event,0.24719745;0.23110646;0.23019923;0.22364171;0.22352752,356,paraphrase_variant,
Paraphrase,469,It would help if pull auth-svc-04 out of production.,quarantine_system,quarantine_system,generate_report,False,3,0.32442522048950195,0.3144809603691101,generate_report;provision_vm;quarantine_system;process_refund;create_ticket,0.32442522;0.31688380;0.31448096;0.30674481;0.30172297,356,paraphrase_variant,
Paraphrase,470,Could you contain payment-api-03 immediately for me?,quarantine_system,quarantine_system,generate_report,False,5,0.41815683245658875,0.3884114623069763,generate_report;provision_vm;create_ticket;send_notification;quarantine_system,0.41815683;0.41743469;0.40411311;0.40285712;0.38841146,362,paraphrase_original,
Paraphrase,471,"Yo, contain payment-api-03 immediately for me.",quarantine_system,quarantine_system,provision_vm,False,4,0.38858187198638916,0.3635079860687256,provision_vm;send_notification;generate_report;quarantine_system;create_ticket,0.38858187;0.38149244;0.37822551;0.36350799;0.36241412,362,paraphrase_variant,
Paraphrase,472,Would anyone be able to contain payment-api-03 immediately for me?,quarantine_system,quarantine_system,generate_report,False,5,0.40291640162467957,0.37073975801467896,generate_report;create_ticket;provision_vm;send_notification;quarantine_system,0.40291640;0.39520231;0.39502034;0.38617927;0.37073976,362,paraphrase_variant,
Paraphrase,473,Please contain payment-api-03 immediately for me.,quarantine_system,quarantine_system,provision_vm,False,6,0.3936693072319031,0.36145150661468506,provision_vm;create_ticket;generate_report;send_notification;escalate_to_human,0.39366931;0.39311764;0.38480690;0.37154812;0.36405084,362,paraphrase_variant,
Paraphrase,474,What we need is for contain payment-api-03 immediately for me.,quarantine_system,quarantine_system,create_ticket,False,5,0.40089091658592224,0.3699394762516022,create_ticket;generate_report;provision_vm;send_notification;quarantine_system,0.40089092;0.39801604;0.39419970;0.38402924;0.36993948,362,paraphrase_variant,
Paraphrase,475,Could you lock down cdn-edge-06 for me?,quarantine_system,quarantine_system,provision_vm,False,6,0.3546921908855438,0.28019818663597107,provision_vm;create_ticket;scan_malware;generate_report;send_notification,0.35469219;0.34740067;0.34219098;0.30899674;0.29748872,365,paraphrase_original,
Paraphrase,476,lock down cdn-edge-06 for me -- that's what needs to happen.,quarantine_system,quarantine_system,provision_vm,False,4,0.30607345700263977,0.26059797406196594,provision_vm;scan_malware;create_ticket;quarantine_system;escalate_to_human,0.30607346;0.29645413;0.28252521;0.26059797;0.25746879,365,paraphrase_variant,
Paraphrase,477,Gonna need you to lock down cdn-edge-06 for me.,quarantine_system,quarantine_system,create_ticket,False,7,0.30670079588890076,0.2482871562242508,create_ticket;provision_vm;scan_malware;generate_report;send_notification,0.30670080;0.30140236;0.28050247;0.28018585;0.26561657,365,paraphrase_variant,
Paraphrase,478,Could someone lock down cdn-edge-06 for me?,quarantine_system,quarantine_system,create_ticket,False,7,0.34000664949417114,0.2591777443885803,create_ticket;provision_vm;scan_malware;generate_report;send_notification,0.34000665;0.33290741;0.32305536;0.30389866;0.29746664,365,paraphrase_variant,
Paraphrase,479,I'd appreciate it if you could lock down cdn-edge-06 for me.,quarantine_system,quarantine_system,create_ticket,False,6,0.3767894208431244,0.3006601929664612,create_ticket;provision_vm;generate_report;send_notification;scan_malware,0.37678942;0.37543193;0.34460190;0.34332374;0.32776743,365,paraphrase_variant,
Paraphrase,480,I need you to contain staging-db-02 immediately.,quarantine_system,quarantine_system,db_write,False,6,0.41587263345718384,0.33821728825569153,db_write;db_read;provision_vm;generate_report;send_notification,0.41587263;0.36296174;0.35840571;0.35650766;0.35021970,370,paraphrase_original,
Paraphrase,481,Is it possible to contain staging-db-02 immediately?,quarantine_system,quarantine_system,db_write,False,6,0.3185292184352875,0.21867910027503967,db_write;db_read;provision_vm;generate_report;escalate_to_human,0.31852922;0.27462578;0.23370844;0.23347247;0.22101499,370,paraphrase_variant,
Paraphrase,482,Could you please contain staging-db-02 immediately.,quarantine_system,quarantine_system,db_write,False,6,0.43365246057510376,0.34424999356269836,db_write;generate_report;provision_vm;db_read;send_notification,0.43365246;0.38494214;0.37115121;0.36930496;0.36538219,370,paraphrase_variant,
Paraphrase,483,The situation requires contain staging-db-02 immediately.,quarantine_system,quarantine_system,db_write,False,7,0.3925340175628662,0.3127179443836212,db_write;generate_report;provision_vm;db_read;escalate_to_human,0.39253402;0.34537309;0.33629450;0.33388728;0.33346927,370,paraphrase_variant,
Paraphrase,484,"Yo, contain staging-db-02 immediately.",quarantine_system,quarantine_system,db_write,False,6,0.38737019896507263,0.3240170180797577,db_write;generate_report;send_notification;provision_vm;db_read,0.38737020;0.35002509;0.34234479;0.34109622;0.32707247,370,paraphrase_variant,
Paraphrase,485,I need you to pull cdn-edge-06 out of production.,quarantine_system,quarantine_system,provision_vm,False,6,0.3512052893638611,0.3155671954154968,provision_vm;generate_report;send_notification;create_ticket;db_write,0.35120529;0.33532718;0.32531342;0.31972912;0.31733847,372,paraphrase_original,
Paraphrase,486,"Hey, can you pull cdn-edge-06 out of production.",quarantine_system,quarantine_system,provision_vm,False,4,0.3514091670513153,0.31148985028266907,provision_vm;generate_report;send_notification;quarantine_system;escalate_to_human,0.35140917;0.33034146;0.32073551;0.31148985;0.30490330,372,paraphrase_variant,
Paraphrase,487,Would anyone be able to pull cdn-edge-06 out of production?,quarantine_system,quarantine_system,provision_vm,False,7,0.2960302233695984,0.2594088017940521,provision_vm;generate_report;db_write;send_notification;create_ticket,0.29603022;0.29084474;0.27793342;0.27586898;0.27510735,372,paraphrase_variant,
Paraphrase,488,It would help if pull cdn-edge-06 out of production.,quarantine_system,quarantine_system,provision_vm,False,5,0.2739342451095581,0.25075599551200867,provision_vm;generate_report;create_ticket;db_write;quarantine_system,0.27393425;0.27367038;0.26406673;0.25824413;0.25075600,372,paraphrase_variant,
Paraphrase,489,Would you mind pull cdn-edge-06 out of production.,quarantine_system,quarantine_system,provision_vm,False,6,0.25959473848342896,0.22036992013454437,provision_vm;generate_report;db_write;send_notification;create_ticket,0.25959474;0.25102985;0.24322243;0.22782677;0.22610804,372,paraphrase_variant,
Paraphrase,490,We should segment ml-infer-05 from the rest of the environment.,quarantine_system,quarantine_system,send_notification,False,2,0.33082565665245056,0.32355570793151855,send_notification;quarantine_system;generate_report;provision_vm;scan_malware,0.33082566;0.32355571;0.29722250;0.28065422;0.27645904,379,paraphrase_original,
Paraphrase,491,Gonna need you to we should segment ml-infer-05 from the rest of the environment.,quarantine_system,quarantine_system,send_notification,False,2,0.41337403655052185,0.4007319211959839,send_notification;quarantine_system;generate_report;provision_vm;scan_malware,0.41337404;0.40073192;0.39880183;0.36949322;0.34563562,379,paraphrase_variant,
Paraphrase,492,Kindly we should segment ml-infer-05 from the rest of the environment.,quarantine_system,quarantine_system,quarantine_system,True,1,0.2995806634426117,0.2995806634426117,quarantine_system;send_notification;scan_malware;generate_report;provision_vm,0.29958066;0.29939935;0.28332105;0.27299261;0.25887787,379,paraphrase_variant,
Paraphrase,493,The situation requires we should segment ml-infer-05 from the rest of the environment.,quarantine_system,quarantine_system,send_notification,False,2,0.3483268618583679,0.32493990659713745,send_notification;quarantine_system;generate_report;escalate_to_human;provision_vm,0.34832686;0.32493991;0.31823581;0.30495667;0.30136356,379,paraphrase_variant,
Paraphrase,494,Is it possible to we should segment ml-infer-05 from the rest of the environment?,quarantine_system,quarantine_system,send_notification,False,2,0.25997206568717957,0.23625548183918,send_notification;quarantine_system;scan_malware;generate_report;provision_vm,0.25997207;0.23625548;0.22807977;0.22224154;0.21488562,379,paraphrase_variant,
Paraphrase,495,We should pull ml-infer-05 out of production.,quarantine_system,quarantine_system,generate_report,False,3,0.3290869891643524,0.30703866481781006,generate_report;db_write;quarantine_system;send_notification;provision_vm,0.32908699;0.31279597;0.30703866;0.29948038;0.29947513,380,paraphrase_original,
Paraphrase,496,Who can we should pull ml-infer-05 out of production?,quarantine_system,quarantine_system,db_write,False,7,0.22974303364753723,0.1593187302350998,db_write;generate_report;provision_vm;send_notification;escalate_to_human,0.22974303;0.21240167;0.19604482;0.18525243;0.17259125,380,paraphrase_variant,
Paraphrase,497,It would help if we should pull ml-infer-05 out of production.,quarantine_system,quarantine_system,generate_report,False,3,0.34267136454582214,0.30845412611961365,generate_report;db_write;quarantine_system;provision_vm;send_notification,0.34267136;0.33918566;0.30845413;0.30618694;0.30433583,380,paraphrase_variant,
Paraphrase,498,Do me a favor and we should pull ml-infer-05 out of production.,quarantine_system,quarantine_system,generate_report,False,5,0.3086959421634674,0.2625194191932678,generate_report;db_write;provision_vm;send_notification;quarantine_system,0.30869594;0.30465853;0.27491122;0.26599675;0.26251942,380,paraphrase_variant,
Paraphrase,499,We request that you we should pull ml-infer-05 out of production.,quarantine_system,quarantine_system,generate_report,False,3,0.3876159191131592,0.3639802038669586,generate_report;send_notification;quarantine_system;db_write;provision_vm,0.38761592;0.37221536;0.36398020;0.35998216;0.35944608,380,paraphrase_variant,
Paraphrase,500,We should lock down prod-web-01.,quarantine_system,quarantine_system,scan_malware,False,3,0.43214312195777893,0.3875628709793091,scan_malware;provision_vm;quarantine_system;generate_report;reset_password,0.43214312;0.40231770;0.38756287;0.38323978;0.36131850,381,paraphrase_original,
Paraphrase,501,Kindly we should lock down prod-web-01.,quarantine_system,quarantine_system,scan_malware,False,4,0.43246927857398987,0.38120216131210327,scan_malware;provision_vm;generate_report;quarantine_system;reset_password,0.43246928;0.40551871;0.38629666;0.38120216;0.35804859,381,paraphrase_variant,
Paraphrase,502,we should lock down prod-web-01 -- that's what needs to happen.,quarantine_system,quarantine_system,scan_malware,False,3,0.4497726857662201,0.4245462119579315,scan_malware;provision_vm;quarantine_system;generate_report;process_refund,0.44977269;0.43581635;0.42454621;0.41675210;0.38269958,381,paraphrase_variant,
Paraphrase,503,Who can we should lock down prod-web-01?,quarantine_system,quarantine_system,scan_malware,False,7,0.35370495915412903,0.28151172399520874,scan_malware;provision_vm;escalate_to_human;reset_password;generate_report,0.35370496;0.33022481;0.32422546;0.30739170;0.30087709,381,paraphrase_variant,
Paraphrase,504,Quick one -- we should lock down prod-web-01.,quarantine_system,quarantine_system,provision_vm,False,4,0.4650416970252991,0.42984873056411743,provision_vm;generate_report;scan_malware;quarantine_system;process_refund,0.46504170;0.45518330;0.44402209;0.42984873;0.40050945,381,paraphrase_variant,
Paraphrase,505,Let's take payment-api-03 off the network.,quarantine_system,quarantine_system,provision_vm,False,2,0.39561519026756287,0.36810243129730225,provision_vm;quarantine_system;generate_report;send_notification;update_subscription,0.39561519;0.36810243;0.36130780;0.34938410;0.34712529,385,paraphrase_original,
Paraphrase,506,Would anyone be able to let's take payment-api-03 off the network?,quarantine_system,quarantine_system,provision_vm,False,3,0.42465734481811523,0.38635575771331787,provision_vm;generate_report;quarantine_system;update_subscription;send_notification,0.42465734;0.39817399;0.38635576;0.38396513;0.37812710,385,paraphrase_variant,
Paraphrase,507,It would help if let's take payment-api-03 off the network.,quarantine_system,quarantine_system,provision_vm,False,3,0.44538378715515137,0.4160038232803345,provision_vm;generate_report;quarantine_system;send_notification;process_refund,0.44538379;0.41806418;0.41600382;0.41266078;0.40033758,385,paraphrase_variant,
Paraphrase,508,Could you please let's take payment-api-03 off the network.,quarantine_system,quarantine_system,provision_vm,False,3,0.4632682800292969,0.42696282267570496,provision_vm;generate_report;quarantine_system;send_notification;update_subscription,0.46326828;0.43003035;0.42696282;0.42137340;0.39473498,385,paraphrase_variant,
Paraphrase,509,"Hey, can you let's take payment-api-03 off the network.",quarantine_system,quarantine_system,provision_vm,False,2,0.4624386727809906,0.42545172572135925,provision_vm;quarantine_system;generate_report;update_subscription;send_notification,0.46243867;0.42545173;0.42176336;0.41203776;0.41068012,385,paraphrase_variant,
Paraphrase,510,Let's pull staging-db-02 out of production.,quarantine_system,quarantine_system,db_write,False,9,0.3601556122303009,0.21781861782073975,db_write;db_read;restart_service;generate_report;provision_vm,0.36015561;0.30210510;0.26373991;0.25320813;0.24099982,388,paraphrase_original,
Paraphrase,511,Is it possible to let's pull staging-db-02 out of production?,quarantine_system,quarantine_system,db_write,False,7,0.33635133504867554,0.1951456367969513,db_write;db_read;provision_vm;generate_report;restart_service,0.33635134;0.27659822;0.23163213;0.23056406;0.20917812,388,paraphrase_variant,
Paraphrase,512,What we need is for let's pull staging-db-02 out of production.,quarantine_system,quarantine_system,db_write,False,9,0.39421728253364563,0.23557409644126892,db_write;db_read;generate_report;send_notification;provision_vm,0.39421728;0.32980472;0.27919310;0.27525070;0.26360583,388,paraphrase_variant,
Paraphrase,513,"Yo, let's pull staging-db-02 out of production.",quarantine_system,quarantine_system,db_write,False,8,0.3613837659358978,0.2273971140384674,db_write;db_read;generate_report;provision_vm;send_notification,0.36138377;0.30128101;0.27130893;0.25675973;0.25424027,388,paraphrase_variant,
Paraphrase,514,We request that you let's pull staging-db-02 out of production.,quarantine_system,quarantine_system,db_write,False,6,0.41022369265556335,0.29097768664360046,db_write;db_read;send_notification;generate_report;provision_vm,0.41022369;0.33178988;0.31615597;0.31326148;0.31059563,388,paraphrase_variant,
Paraphrase,515,Let's lock down payment-api-03.,quarantine_system,quarantine_system,provision_vm,False,4,0.3951106667518616,0.33736684918403625,provision_vm;create_ticket;generate_report;quarantine_system;escalate_to_human,0.39511067;0.38591784;0.36267778;0.33736685;0.33594441,389,paraphrase_original,
Paraphrase,516,Kindly let's lock down payment-api-03.,quarantine_system,quarantine_system,create_ticket,False,6,0.40365883708000183,0.31954604387283325,create_ticket;provision_vm;generate_report;escalate_to_human;process_refund,0.40365884;0.38472643;0.35489774;0.34460926;0.32464314,389,paraphrase_variant,
Paraphrase,517,"Yo, let's lock down payment-api-03.",quarantine_system,quarantine_system,provision_vm,False,4,0.42037448287010193,0.3555907607078552,provision_vm;create_ticket;generate_report;quarantine_system;process_refund,0.42037448;0.39921317;0.39244232;0.35559076;0.34800619,389,paraphrase_variant,
Paraphrase,518,Could someone let's lock down payment-api-03?,quarantine_system,quarantine_system,create_ticket,False,5,0.39110884070396423,0.3071073889732361,create_ticket;provision_vm;escalate_to_human;generate_report;quarantine_system,0.39110884;0.37463295;0.34061265;0.33925557;0.30710739,389,paraphrase_variant,
Paraphrase,519,The situation requires let's lock down payment-api-03.,quarantine_system,quarantine_system,create_ticket,False,7,0.46545541286468506,0.3670021593570709,create_ticket;provision_vm;escalate_to_human;generate_report;process_refund,0.46545541;0.44634163;0.40862513;0.40486190;0.37891033,389,paraphrase_variant,
Paraphrase,520,"When you have a moment, isolate prod-web-01 from the network.",quarantine_system,quarantine_system,quarantine_system,True,1,0.4249879717826843,0.4249879717826843,quarantine_system;scan_malware;provision_vm;generate_report;escalate_to_human,0.42498797;0.41675141;0.40790305;0.38426200;0.38389823,399,paraphrase_original,
Paraphrase,521,"Hey, can you when you have a moment, isolate prod-web-01 from the network.",quarantine_system,quarantine_system,quarantine_system,True,1,0.4650113582611084,0.4650113582611084,quarantine_system;provision_vm;scan_malware;generate_report;escalate_to_human,0.46501136;0.46329704;0.45821875;0.44624636;0.42707023,399,paraphrase_variant,
Paraphrase,522,"What we need is for when you have a moment, isolate prod-web-01 from the network.",quarantine_system,quarantine_system,quarantine_system,True,1,0.42303958535194397,0.42303958535194397,quarantine_system;provision_vm;scan_malware;generate_report;escalate_to_human,0.42303959;0.40689969;0.40545756;0.40101895;0.39301449,399,paraphrase_variant,
Paraphrase,523,"Is it possible to when you have a moment, isolate prod-web-01 from the network?",quarantine_system,quarantine_system,quarantine_system,True,1,0.4034457504749298,0.4034457504749298,quarantine_system;scan_malware;provision_vm;escalate_to_human;generate_report,0.40344575;0.40273684;0.39150369;0.38839585;0.37353933,399,paraphrase_variant,
Paraphrase,524,"I'd appreciate it if you could when you have a moment, isolate prod-web-01 from the network.",quarantine_system,quarantine_system,provision_vm,False,2,0.4826696515083313,0.4734079837799072,provision_vm;quarantine_system;generate_report;scan_malware;send_notification,0.48266965;0.47340798;0.46720964;0.45534617;0.44402358,399,paraphrase_variant,
Paraphrase,525,"When you have a moment, take ml-infer-05 off the network.",quarantine_system,quarantine_system,quarantine_system,True,1,0.3114837408065796,0.3114837408065796,quarantine_system;generate_report;send_notification;scan_malware;provision_vm,0.31148374;0.28967160;0.28541461;0.28042445;0.27274278,401,paraphrase_original,
Paraphrase,526,"I'd appreciate it if you could when you have a moment, take ml-infer-05 off the network.",quarantine_system,quarantine_system,generate_report,False,3,0.4393101930618286,0.4241786003112793,generate_report;send_notification;quarantine_system;provision_vm;scan_malware,0.43931019;0.42745158;0.42417860;0.41841885;0.38668329,401,paraphrase_variant,
Paraphrase,527,"Hey, can you when you have a moment, take ml-infer-05 off the network.",quarantine_system,quarantine_system,generate_report,False,2,0.3928218185901642,0.39065060019493103,generate_report;quarantine_system;provision_vm;send_notification;scan_malware,0.39282182;0.39065060;0.37754458;0.37536752;0.37373969,401,paraphrase_variant,
Paraphrase,528,"The situation requires when you have a moment, take ml-infer-05 off the network.",quarantine_system,quarantine_system,quarantine_system,True,1,0.32940030097961426,0.32940030097961426,quarantine_system;generate_report;send_notification;escalate_to_human;provision_vm,0.32940030;0.32704508;0.31906301;0.31001714;0.30605555,401,paraphrase_variant,
Paraphrase,529,"Who can when you have a moment, take ml-infer-05 off the network?",quarantine_system,quarantine_system,generate_report,False,5,0.29045289754867554,0.26436465978622437,generate_report;send_notification;escalate_to_human;provision_vm;quarantine_system,0.29045290;0.28020099;0.27568823;0.27356148;0.26436466,401,paraphrase_variant,
Paraphrase,530,scan prod-web-01 for suspicious artifacts.,scan_malware,scan_malware,scan_malware,True,1,0.3893367648124695,0.3893367648124695,scan_malware;quarantine_system;log_audit_event;escalate_to_human;provision_vm,0.38933676;0.28013045;0.22779898;0.22108966;0.20778704,408,paraphrase_original,
Paraphrase,531,I'd appreciate it if you could scan prod-web-01 for suspicious artifacts.,scan_malware,scan_malware,scan_malware,True,1,0.4469098150730133,0.4469098150730133,scan_malware;quarantine_system;log_audit_event;generate_report;provision_vm,0.44690982;0.36235967;0.33230349;0.32290760;0.30760175,408,paraphrase_variant,
Paraphrase,532,Do me a favor and scan prod-web-01 for suspicious artifacts.,scan_malware,scan_malware,scan_malware,True,1,0.4063580334186554,0.4063580334186554,scan_malware;quarantine_system;log_audit_event;generate_report;provision_vm,0.40635803;0.28926075;0.26125860;0.24598625;0.24004808,408,paraphrase_variant,
Paraphrase,533,It would help if scan prod-web-01 for suspicious artifacts.,scan_malware,scan_malware,scan_malware,True,1,0.4347408413887024,0.4347408413887024,scan_malware;quarantine_system;log_audit_event;generate_report;provision_vm,0.43474084;0.34256065;0.28601417;0.27838239;0.27259967,408,paraphrase_variant,
Paraphrase,534,Is it possible to scan prod-web-01 for suspicious artifacts?,scan_malware,scan_malware,scan_malware,True,1,0.3726721405982971,0.3726721405982971,scan_malware;quarantine_system;escalate_to_human;log_audit_event;provision_vm,0.37267214;0.26027039;0.22471255;0.22123010;0.19137007,408,paraphrase_variant,
Paraphrase,535,Please inspect ml-infer-05 for malware activity.,scan_malware,scan_malware,scan_malware,True,1,0.5078510046005249,0.5078510046005249,scan_malware;quarantine_system;log_audit_event;provision_vm;generate_report,0.50785100;0.35923615;0.32108352;0.29645759;0.28368479,413,paraphrase_original,
Paraphrase,536,It would help if inspect ml-infer-05 for malware activity.,scan_malware,scan_malware,scan_malware,True,1,0.4901672601699829,0.4901672601699829,scan_malware;quarantine_system;log_audit_event;provision_vm;generate_report,0.49016726;0.36546957;0.32866675;0.29490101;0.29435948,413,paraphrase_variant,
Paraphrase,537,Would anyone be able to inspect ml-infer-05 for malware activity?,scan_malware,scan_malware,scan_malware,True,1,0.4599798917770386,0.4599798917770386,scan_malware;log_audit_event;quarantine_system;generate_report;provision_vm,0.45997989;0.31559405;0.31115961;0.25976750;0.24642836,413,paraphrase_variant,
Paraphrase,538,We request that you inspect ml-infer-05 for malware activity.,scan_malware,scan_malware,scan_malware,True,1,0.5079357624053955,0.5079357624053955,scan_malware;quarantine_system;log_audit_event;provision_vm;generate_report,0.50793576;0.38855422;0.35895202;0.32131577;0.31684765,413,paraphrase_variant,
Paraphrase,539,Gonna need you to inspect ml-infer-05 for malware activity.,scan_malware,scan_malware,scan_malware,True,1,0.5262842774391174,0.5262842774391174,scan_malware;quarantine_system;log_audit_event;provision_vm;generate_report,0.52628428;0.39446208;0.34158391;0.33767042;0.33312407,413,paraphrase_variant,
Paraphrase,540,Please run an IOC check against staging-db-02.,scan_malware,scan_malware,db_write,False,9,0.33546164631843567,0.19909189641475677,db_write;db_read;restart_service;check_status;send_notification,0.33546165;0.28900853;0.25612488;0.23917635;0.23119362,417,paraphrase_original,
Paraphrase,541,Could you please run an ioc check against staging-db-02.,scan_malware,scan_malware,db_write,False,9,0.3283650875091553,0.18942326307296753,db_write;db_read;check_status;restart_service;send_notification,0.32836509;0.27919519;0.23517200;0.23493314;0.22458462,417,paraphrase_variant,
Paraphrase,542,What we need is for run an ioc check against staging-db-02.,scan_malware,scan_malware,db_write,False,8,0.2832893431186676,0.15398408472537994,db_write;db_read;check_status;restart_service;send_notification,0.28328934;0.25934076;0.22191253;0.19230087;0.18883848,417,paraphrase_variant,
Paraphrase,543,Is it possible to run an ioc check against staging-db-02?,scan_malware,scan_malware,db_write,False,7,0.2463301420211792,0.11561336368322372,db_write;db_read;check_status;restart_service;send_notification,0.24633014;0.21654996;0.16317870;0.16214398;0.12006728,417,paraphrase_variant,
Paraphrase,544,Need you to run an ioc check against staging-db-02.,scan_malware,scan_malware,db_write,False,10,0.33721616864204407,0.18523091077804565,db_write;db_read;check_status;restart_service;send_notification,0.33721617;0.30571190;0.25009912;0.24777992;0.22544464,417,paraphrase_variant,
Paraphrase,545,Can you run an IOC check against cdn-edge-06?,scan_malware,scan_malware,send_notification,False,4,0.28213274478912354,0.2568379342556,send_notification;quarantine_system;check_status;scan_malware;provision_vm,0.28213274;0.27981079;0.26402506;0.25683793;0.24515209,425,paraphrase_original,
Paraphrase,546,Could someone run an ioc check against cdn-edge-06?,scan_malware,scan_malware,send_notification,False,8,0.2795568108558655,0.22737808525562286,send_notification;escalate_to_human;quarantine_system;generate_report;check_status,0.27955681;0.26158008;0.25959688;0.24581839;0.24373640,425,paraphrase_variant,
Paraphrase,547,Could you please run an ioc check against cdn-edge-06.,scan_malware,scan_malware,send_notification,False,8,0.30965930223464966,0.25166991353034973,send_notification;quarantine_system;generate_report;check_status;create_ticket,0.30965930;0.28689975;0.27247465;0.27102754;0.26167575,425,paraphrase_variant,
Paraphrase,548,Need you to run an ioc check against cdn-edge-06.,scan_malware,scan_malware,send_notification,False,7,0.31588923931121826,0.26940667629241943,send_notification;quarantine_system;check_status;provision_vm;generate_report,0.31588924;0.31429207;0.29711229;0.28010976;0.27302521,425,paraphrase_variant,
Paraphrase,549,What we need is for run an ioc check against cdn-edge-06.,scan_malware,scan_malware,send_notification,False,8,0.2819935083389282,0.22069235146045685,send_notification;quarantine_system;check_status;generate_report;provision_vm,0.28199351;0.26784229;0.26174915;0.22779255;0.22360079,425,paraphrase_variant,
Paraphrase,550,Could you scan payment-api-03 for malicious files for me?,scan_malware,scan_malware,scan_malware,True,1,0.42929449677467346,0.42929449677467346,scan_malware;quarantine_system;log_audit_event;escalate_to_human;provision_vm,0.42929450;0.26729941;0.23606946;0.22433536;0.21938331,427,paraphrase_original,
Paraphrase,551,Quick one -- scan payment-api-03 for malicious files for me.,scan_malware,scan_malware,scan_malware,True,1,0.3980579078197479,0.3980579078197479,scan_malware;quarantine_system;escalate_to_human;provision_vm;log_audit_event,0.39805791;0.26129502;0.25082946;0.23518500;0.22580461,427,paraphrase_variant,
Paraphrase,552,Would anyone be able to scan payment-api-03 for malicious files for me?,scan_malware,scan_malware,scan_malware,True,1,0.42962634563446045,0.42962634563446045,scan_malware;quarantine_system;log_audit_event;escalate_to_human;provision_vm,0.42962635;0.26946333;0.25291595;0.23447640;0.21492432,427,paraphrase_variant,
Paraphrase,553,It would help if scan payment-api-03 for malicious files for me.,scan_malware,scan_malware,scan_malware,True,1,0.44236108660697937,0.44236108660697937,scan_malware;quarantine_system;provision_vm;log_audit_event;escalate_to_human,0.44236109;0.29981482;0.25156105;0.24853800;0.23896782,427,paraphrase_variant,
Paraphrase,554,Would you mind scan payment-api-03 for malicious files for me.,scan_malware,scan_malware,scan_malware,True,1,0.43727007508277893,0.43727007508277893,scan_malware;quarantine_system;log_audit_event;provision_vm;escalate_to_human,0.43727008;0.28036737;0.25512782;0.23872901;0.23496060,427,paraphrase_variant,
Paraphrase,555,I need you to scan auth-svc-04 for malicious files.,scan_malware,scan_malware,scan_malware,True,1,0.3970334529876709,0.3970334529876709,scan_malware;quarantine_system;reset_password;log_audit_event;escalate_to_human,0.39703345;0.23184864;0.21290289;0.20237942;0.17790182,435,paraphrase_original,
Paraphrase,556,It would help if scan auth-svc-04 for malicious files.,scan_malware,scan_malware,scan_malware,True,1,0.4005035161972046,0.4005035161972046,scan_malware;quarantine_system;reset_password;log_audit_event;escalate_to_human,0.40050352;0.23205702;0.20508622;0.19397372;0.17443751,435,paraphrase_variant,
Paraphrase,557,Could someone scan auth-svc-04 for malicious files?,scan_malware,scan_malware,scan_malware,True,1,0.35681480169296265,0.35681480169296265,scan_malware;reset_password;quarantine_system;escalate_to_human;log_audit_event,0.35681480;0.18445705;0.16422129;0.15778637;0.14602731,435,paraphrase_variant,
Paraphrase,558,Could you please scan auth-svc-04 for malicious files.,scan_malware,scan_malware,scan_malware,True,1,0.39711683988571167,0.39711683988571167,scan_malware;quarantine_system;reset_password;log_audit_event;escalate_to_human,0.39711684;0.20470549;0.20118442;0.18711515;0.16469479,435,paraphrase_variant,
Paraphrase,559,"Yo, scan auth-svc-04 for malicious files.",scan_malware,scan_malware,scan_malware,True,1,0.3745102286338806,0.3745102286338806,scan_malware;quarantine_system;reset_password;log_audit_event;escalate_to_human,0.37451023;0.19059296;0.18581367;0.16412067;0.15612707,435,paraphrase_variant,
Paraphrase,560,I need you to check ml-infer-05 for indicators of compromise.,scan_malware,scan_malware,log_audit_event,False,9,0.3777931034564972,0.2815438210964203,log_audit_event;send_notification;generate_report;quarantine_system;check_status,0.37779310;0.35775030;0.35206789;0.33620432;0.32758594,436,paraphrase_original,
Paraphrase,561,Would anyone be able to check ml-infer-05 for indicators of compromise?,scan_malware,scan_malware,log_audit_event,False,6,0.3181326985359192,0.222815603017807,log_audit_event;send_notification;generate_report;check_status;quarantine_system,0.31813270;0.30465466;0.28490946;0.28048766;0.25543997,436,paraphrase_variant,
Paraphrase,562,"Hey, can you check ml-infer-05 for indicators of compromise.",scan_malware,scan_malware,log_audit_event,False,7,0.3971221446990967,0.30863332748413086,log_audit_event;send_notification;generate_report;quarantine_system;check_status,0.39712214;0.38322213;0.37093848;0.35405582;0.33943909,436,paraphrase_variant,
Paraphrase,563,I'd appreciate it if you could check ml-infer-05 for indicators of compromise.,scan_malware,scan_malware,log_audit_event,False,9,0.39553430676460266,0.2695467174053192,log_audit_event;send_notification;generate_report;check_status;quarantine_system,0.39553431;0.37107936;0.35909769;0.34466004;0.33438683,436,paraphrase_variant,
Paraphrase,564,What we need is for check ml-infer-05 for indicators of compromise.,scan_malware,scan_malware,log_audit_event,False,11,0.2891967296600342,0.15143945813179016,log_audit_event;check_status;send_notification;generate_report;quarantine_system,0.28919673;0.27819395;0.26687911;0.23369429;0.21802133,436,paraphrase_variant,
Paraphrase,565,I need you to perform a threat scan on auth-svc-04.,scan_malware,scan_malware,scan_malware,True,1,0.37488439679145813,0.37488439679145813,scan_malware;quarantine_system;escalate_to_human;reset_password;provision_vm,0.37488440;0.24460343;0.21746993;0.20731384;0.20551178,438,paraphrase_original,
Paraphrase,566,"Yo, perform a threat scan on auth-svc-04.",scan_malware,scan_malware,scan_malware,True,1,0.392799973487854,0.392799973487854,scan_malware;quarantine_system;reset_password;escalate_to_human;provision_vm,0.39279997;0.23957050;0.20944618;0.20409888;0.20117788,438,paraphrase_variant,
Paraphrase,567,Would anyone be able to perform a threat scan on auth-svc-04?,scan_malware,scan_malware,scan_malware,True,1,0.35027816891670227,0.35027816891670227,scan_malware;escalate_to_human;quarantine_system;log_audit_event;reset_password,0.35027817;0.20851319;0.20011464;0.17430651;0.16518413,438,paraphrase_variant,
Paraphrase,568,perform a threat scan on auth-svc-04 -- that's what needs to happen.,scan_malware,scan_malware,scan_malware,True,1,0.37318170070648193,0.37318170070648193,scan_malware;quarantine_system;reset_password;escalate_to_human;provision_vm,0.37318170;0.21715213;0.18927109;0.18193005;0.16450287,438,paraphrase_variant,
Paraphrase,569,We request that you perform a threat scan on auth-svc-04.,scan_malware,scan_malware,scan_malware,True,1,0.3814134895801544,0.3814134895801544,scan_malware;quarantine_system;log_audit_event;escalate_to_human;provision_vm,0.38141349;0.25826243;0.23085457;0.21814342;0.21211247,438,paraphrase_variant,
Paraphrase,570,I need you to run an IOC check against prod-web-01.,scan_malware,scan_malware,quarantine_system,False,2,0.42163023352622986,0.38308286666870117,quarantine_system;scan_malware;send_notification;generate_report;provision_vm,0.42163023;0.38308287;0.37649608;0.37631804;0.37106791,441,paraphrase_original,
Paraphrase,571,The situation requires run an ioc check against prod-web-01.,scan_malware,scan_malware,quarantine_system,False,3,0.42092564702033997,0.3783472776412964,quarantine_system;process_refund;scan_malware;provision_vm;generate_report,0.42092565;0.38296580;0.37834728;0.37752685;0.37489194,441,paraphrase_variant,
Paraphrase,572,Would you mind run an ioc check against prod-web-01.,scan_malware,scan_malware,quarantine_system,False,2,0.40183013677597046,0.4005514085292816,quarantine_system;scan_malware;generate_report;send_notification;provision_vm,0.40183014;0.40055141;0.36678421;0.35875350;0.35402009,441,paraphrase_variant,
Paraphrase,573,"Yo, run an ioc check against prod-web-01.",scan_malware,scan_malware,quarantine_system,False,2,0.4166046977043152,0.4045516848564148,quarantine_system;scan_malware;provision_vm;send_notification;generate_report,0.41660470;0.40455168;0.36795300;0.36770350;0.36546636,441,paraphrase_variant,
Paraphrase,574,Could someone run an ioc check against prod-web-01?,scan_malware,scan_malware,quarantine_system,False,2,0.38415399193763733,0.3570110499858856,quarantine_system;scan_malware;generate_report;send_notification;escalate_to_human,0.38415399;0.35701105;0.35669574;0.34689903;0.34657246,441,paraphrase_variant,
Paraphrase,575,We should scan cdn-edge-06 for malicious files.,scan_malware,scan_malware,scan_malware,True,1,0.375516802072525,0.375516802072525,scan_malware;quarantine_system;provision_vm;escalate_to_human;log_audit_event,0.37551680;0.21870679;0.18173184;0.17135864;0.15983306,443,paraphrase_original,
Paraphrase,576,Who can we should scan cdn-edge-06 for malicious files?,scan_malware,scan_malware,scan_malware,True,1,0.29676130414009094,0.29676130414009094,scan_malware;escalate_to_human;quarantine_system;provision_vm;log_audit_event,0.29676130;0.16048226;0.11342454;0.09421011;0.08341569,443,paraphrase_variant,
Paraphrase,577,"Hey, can you we should scan cdn-edge-06 for malicious files.",scan_malware,scan_malware,scan_malware,True,1,0.425339937210083,0.425339937210083,scan_malware;quarantine_system;provision_vm;escalate_to_human;generate_report,0.42533994;0.27281389;0.23835619;0.22890475;0.22655953,443,paraphrase_variant,
Paraphrase,578,Could you please we should scan cdn-edge-06 for malicious files.,scan_malware,scan_malware,scan_malware,True,1,0.43003222346305847,0.43003222346305847,scan_malware;quarantine_system;provision_vm;escalate_to_human;log_audit_event,0.43003222;0.26452371;0.22770564;0.21765725;0.21312882,443,paraphrase_variant,
Paraphrase,579,The situation requires we should scan cdn-edge-06 for malicious files.,scan_malware,scan_malware,scan_malware,True,1,0.3898026645183563,0.3898026645183563,scan_malware;quarantine_system;escalate_to_human;provision_vm;generate_report,0.38980266;0.24890977;0.24057505;0.22193938;0.19372089,443,paraphrase_variant,
Paraphrase,580,Let's perform a threat scan on payment-api-03.,scan_malware,scan_malware,scan_malware,True,1,0.3833902180194855,0.3833902180194855,scan_malware;quarantine_system;escalate_to_human;provision_vm;send_notification,0.38339022;0.29354522;0.28598008;0.27177927;0.24811032,454,paraphrase_original,
Paraphrase,581,Need you to let's perform a threat scan on payment-api-03.,scan_malware,scan_malware,scan_malware,True,1,0.4210141897201538,0.4210141897201538,scan_malware;quarantine_system;escalate_to_human;provision_vm;send_notification,0.42101419;0.34675279;0.32907516;0.32453874;0.29959786,454,paraphrase_variant,
Paraphrase,582,I'd appreciate it if you could let's perform a threat scan on payment-api-03.,scan_malware,scan_malware,scan_malware,True,1,0.4338662326335907,0.4338662326335907,scan_malware;quarantine_system;escalate_to_human;provision_vm;send_notification,0.43386623;0.36551780;0.34781557;0.34681165;0.33653536,454,paraphrase_variant,
Paraphrase,583,let's perform a threat scan on payment-api-03 -- that's what needs to happen.,scan_malware,scan_malware,scan_malware,True,1,0.3927687108516693,0.3927687108516693,scan_malware;quarantine_system;escalate_to_human;provision_vm;generate_report,0.39276871;0.31060043;0.30108866;0.28234038;0.25128981,454,paraphrase_variant,
Paraphrase,584,Would anyone be able to let's perform a threat scan on payment-api-03?,scan_malware,scan_malware,scan_malware,True,1,0.39039334654808044,0.39039334654808044,scan_malware;escalate_to_human;quarantine_system;provision_vm;send_notification,0.39039335;0.31755251;0.29163662;0.27329123;0.26048848,454,paraphrase_variant,
Paraphrase,585,Let's sweep payment-api-03 for infections.,scan_malware,scan_malware,escalate_to_human,False,3,0.26400989294052124,0.19659069180488586,escalate_to_human;provision_vm;scan_malware;quarantine_system;send_notification,0.26400989;0.20142201;0.19659069;0.19520730;0.18367687,455,paraphrase_original,
Paraphrase,586,Do me a favor and let's sweep payment-api-03 for infections.,scan_malware,scan_malware,escalate_to_human,False,2,0.21834345161914825,0.20514346659183502,escalate_to_human;scan_malware;provision_vm;quarantine_system;create_ticket,0.21834345;0.20514347;0.19583942;0.17427918;0.16837464,455,paraphrase_variant,
Paraphrase,587,Would anyone be able to let's sweep payment-api-03 for infections?,scan_malware,scan_malware,scan_malware,True,1,0.29859572649002075,0.29859572649002075,scan_malware;escalate_to_human;provision_vm;quarantine_system;send_notification,0.29859573;0.29211479;0.25510076;0.24764137;0.23162568,455,paraphrase_variant,
Paraphrase,588,The situation requires let's sweep payment-api-03 for infections.,scan_malware,scan_malware,escalate_to_human,False,6,0.3518553078174591,0.2241705358028412,escalate_to_human;provision_vm;quarantine_system;create_ticket;send_notification,0.35185531;0.25867525;0.23933353;0.23733813;0.23138671,455,paraphrase_variant,
Paraphrase,589,Kindly let's sweep payment-api-03 for infections.,scan_malware,scan_malware,escalate_to_human,False,2,0.26949307322502136,0.223793625831604,escalate_to_human;scan_malware;provision_vm;quarantine_system;send_notification,0.26949307;0.22379363;0.20010474;0.19292106;0.18349555,455,paraphrase_variant,
Paraphrase,590,Kindly check staging-db-02 for indicators of compromise.,scan_malware,scan_malware,db_write,False,12,0.25892674922943115,0.1444968581199646,db_write;log_audit_event;db_read;check_status;send_notification,0.25892675;0.25310653;0.25148886;0.24721900;0.22224337,460,paraphrase_original,
Paraphrase,591,Gonna need you to check staging-db-02 for indicators of compromise.,scan_malware,scan_malware,db_write,False,12,0.3338903784751892,0.215220108628273,db_write;send_notification;db_read;check_status;log_audit_event,0.33389038;0.33192134;0.32958308;0.32107967;0.31589067,460,paraphrase_variant,
Paraphrase,592,Who can check staging-db-02 for indicators of compromise?,scan_malware,scan_malware,check_status,False,12,0.22826047241687775,0.082411989569664,check_status;db_read;send_notification;log_audit_event;db_write,0.22826047;0.21145310;0.20416489;0.19418651;0.19392291,460,paraphrase_variant,
Paraphrase,593,Could you please check staging-db-02 for indicators of compromise.,scan_malware,scan_malware,db_write,False,12,0.30858537554740906,0.1866861879825592,db_write;check_status;log_audit_event;db_read;send_notification,0.30858538;0.30332151;0.29724324;0.29570878;0.29196337,460,paraphrase_variant,
Paraphrase,594,The situation requires check staging-db-02 for indicators of compromise.,scan_malware,scan_malware,db_read,False,12,0.29716360569000244,0.14912007749080658,db_read;check_status;db_write;send_notification;escalate_to_human,0.29716361;0.29653019;0.29458439;0.28879297;0.27331844,460,paraphrase_variant,
Paraphrase,595,Kindly sweep payment-api-03 for infections.,scan_malware,scan_malware,escalate_to_human,False,2,0.1845545917749405,0.1637319177389145,escalate_to_human;scan_malware;quarantine_system;provision_vm;create_ticket,0.18455459;0.16373192;0.10403807;0.09824556;0.09066615,463,paraphrase_original,
Paraphrase,596,Would anyone be able to sweep payment-api-03 for infections?,scan_malware,scan_malware,scan_malware,True,1,0.2992863953113556,0.2992863953113556,scan_malware;escalate_to_human;quarantine_system;provision_vm;generate_report,0.29928640;0.26477891;0.21720134;0.20500901;0.18120679,463,paraphrase_variant,
Paraphrase,597,sweep payment-api-03 for infections -- that's what needs to happen.,scan_malware,scan_malware,escalate_to_human,False,2,0.26770007610321045,0.23697137832641602,escalate_to_human;scan_malware;quarantine_system;provision_vm;send_notification,0.26770008;0.23697138;0.23353951;0.21537524;0.19052996,463,paraphrase_variant,
Paraphrase,598,I'd appreciate it if you could sweep payment-api-03 for infections.,scan_malware,scan_malware,scan_malware,True,1,0.3411775529384613,0.3411775529384613,scan_malware;escalate_to_human;quarantine_system;provision_vm;send_notification,0.34117755;0.31413549;0.30318213;0.29798698;0.27484801,463,paraphrase_variant,
Paraphrase,599,Gonna need you to sweep payment-api-03 for infections.,scan_malware,scan_malware,scan_malware,True,1,0.2616376280784607,0.2616376280784607,scan_malware;escalate_to_human;quarantine_system;provision_vm;send_notification,0.26163763;0.25120184;0.22802925;0.21455036;0.19509915,463,paraphrase_variant,
Paraphrase,600,Kindly run an IOC check against auth-svc-04.,scan_malware,scan_malware,restart_service,False,2,0.20956093072891235,0.199162095785141,restart_service;scan_malware;quarantine_system;log_audit_event;process_refund,0.20956093;0.19916210;0.18948123;0.17264035;0.16264342,465,paraphrase_original,
Paraphrase,601,Would you mind run an ioc check against auth-svc-04.,scan_malware,scan_malware,scan_malware,True,1,0.29126590490341187,0.29126590490341187,scan_malware;quarantine_system;log_audit_event;process_refund;send_notification,0.29126590;0.26417261;0.22032550;0.21073805;0.20861225,465,paraphrase_variant,
Paraphrase,602,Need you to run an ioc check against auth-svc-04.,scan_malware,scan_malware,restart_service,False,3,0.22213973104953766,0.20522825419902802,restart_service;quarantine_system;scan_malware;log_audit_event;check_status,0.22213973;0.22178011;0.20522825;0.19564036;0.19153613,465,paraphrase_variant,
Paraphrase,603,Is it possible to run an ioc check against auth-svc-04?,scan_malware,scan_malware,restart_service,False,2,0.16001549363136292,0.15919053554534912,restart_service;scan_malware;quarantine_system;log_audit_event;process_refund,0.16001549;0.15919054;0.15682140;0.14986007;0.12500380,465,paraphrase_variant,
Paraphrase,604,It would help if run an ioc check against auth-svc-04.,scan_malware,scan_malware,restart_service,False,2,0.23897725343704224,0.23551404476165771,restart_service;scan_malware;quarantine_system;process_refund;log_audit_event,0.23897725;0.23551404;0.23503436;0.20742512;0.20539106,465,paraphrase_variant,
Paraphrase,605,Please create the analytics report for Engineering.,generate_report,generate_report,generate_report,True,1,0.41063955426216125,0.41063955426216125,generate_report;provision_vm;db_write;process_refund;quarantine_system,0.41063955;0.39541015;0.38903156;0.37966821;0.37875569,479,paraphrase_original,
Paraphrase,606,Is it possible to create the analytics report for engineering?,generate_report,generate_report,db_write,False,2,0.34964534640312195,0.33504384756088257,db_write;generate_report;provision_vm;send_notification;create_ticket,0.34964535;0.33504385;0.32072410;0.30428824;0.29695085,479,paraphrase_variant,
Paraphrase,607,create the analytics report for engineering -- that's what needs to happen.,generate_report,generate_report,generate_report,True,1,0.38889431953430176,0.38889431953430176,generate_report;db_write;send_notification;quarantine_system;provision_vm,0.38889432;0.36838564;0.36542067;0.36258179;0.36049521,479,paraphrase_variant,
Paraphrase,608,"Hey, can you create the analytics report for engineering.",generate_report,generate_report,generate_report,True,1,0.4580109417438507,0.4580109417438507,generate_report;provision_vm;db_write;send_notification;quarantine_system,0.45801094;0.43380982;0.42665872;0.41522720;0.40383202,479,paraphrase_variant,
Paraphrase,609,Kindly create the analytics report for engineering.,generate_report,generate_report,generate_report,True,1,0.35204601287841797,0.35204601287841797,generate_report;db_write;provision_vm;process_refund;log_audit_event,0.35204601;0.34439081;0.33740914;0.33256534;0.32805720,479,paraphrase_variant,
Paraphrase,610,Please put together a performance summary for Engineering.,generate_report,generate_report,generate_report,True,1,0.4228745996952057,0.4228745996952057,generate_report;process_refund;quarantine_system;provision_vm;send_notification,0.42287460;0.42048511;0.41267794;0.40369898;0.38305753,481,paraphrase_original,
Paraphrase,611,I'd appreciate it if you could put together a performance summary for engineering.,generate_report,generate_report,generate_report,True,1,0.48465800285339355,0.48465800285339355,generate_report;process_refund;create_ticket;quarantine_system;provision_vm,0.48465800;0.45317641;0.44989955;0.44872794;0.44273159,481,paraphrase_variant,
Paraphrase,612,Is it possible to put together a performance summary for engineering?,generate_report,generate_report,generate_report,True,1,0.414157509803772,0.414157509803772,generate_report;create_ticket;send_notification;process_refund;provision_vm,0.41415751;0.41279846;0.38722029;0.38089636;0.37858641,481,paraphrase_variant,
Paraphrase,613,put together a performance summary for engineering -- that's what needs to happen.,generate_report,generate_report,generate_report,True,1,0.45630478858947754,0.45630478858947754,generate_report;quarantine_system;send_notification;process_refund;provision_vm,0.45630479;0.43846056;0.43752584;0.43082973;0.42570168,481,paraphrase_variant,
Paraphrase,614,Need you to put together a performance summary for engineering.,generate_report,generate_report,generate_report,True,1,0.46665313839912415,0.46665313839912415,generate_report;process_refund;quarantine_system;provision_vm;create_ticket,0.46665314;0.44937047;0.43830460;0.43513903;0.43205705,481,paraphrase_variant,
Paraphrase,615,Can you draft a metrics report for Marketing?,generate_report,generate_report,send_notification,False,4,0.3528293967247009,0.3202536702156067,send_notification;db_write;provision_vm;generate_report;process_refund,0.35282940;0.32676688;0.32206371;0.32025367;0.31450966,492,paraphrase_original,
Paraphrase,616,Is it possible to draft a metrics report for marketing?,generate_report,generate_report,send_notification,False,3,0.30727049708366394,0.28378042578697205,send_notification;db_write;generate_report;process_refund;provision_vm,0.30727050;0.30228588;0.28378043;0.27864423;0.27854618,492,paraphrase_variant,
Paraphrase,617,Do me a favor and draft a metrics report for marketing.,generate_report,generate_report,process_refund,False,3,0.29845723509788513,0.2776327431201935,process_refund;send_notification;generate_report;provision_vm;quarantine_system,0.29845724;0.28410846;0.27763274;0.27089703;0.26753378,492,paraphrase_variant,
Paraphrase,618,draft a metrics report for marketing -- that's what needs to happen.,generate_report,generate_report,send_notification,False,3,0.35062792897224426,0.3332747519016266,send_notification;process_refund;generate_report;quarantine_system;provision_vm,0.35062793;0.34911591;0.33327475;0.33288217;0.31472641,492,paraphrase_variant,
Paraphrase,619,We request that you draft a metrics report for marketing.,generate_report,generate_report,send_notification,False,3,0.3934990465641022,0.35093703866004944,send_notification;process_refund;generate_report;quarantine_system;provision_vm,0.39349905;0.35646591;0.35093704;0.34806389;0.33843201,492,paraphrase_variant,
Paraphrase,620,Could you generate a diagnostics report for payment-api-03 for me?,generate_report,generate_report,create_ticket,False,3,0.34185877442359924,0.3158109486103058,create_ticket;log_audit_event;generate_report;send_notification;check_status,0.34185877;0.32368883;0.31581095;0.31252134;0.31214705,493,paraphrase_original,
Paraphrase,621,Quick one -- generate a diagnostics report for payment-api-03 for me.,generate_report,generate_report,create_ticket,False,2,0.33479043841362,0.31328365206718445,create_ticket;generate_report;send_notification;check_status;log_audit_event,0.33479044;0.31328365;0.30778906;0.30768076;0.30272111,493,paraphrase_variant,
Paraphrase,622,Kindly generate a diagnostics report for payment-api-03 for me.,generate_report,generate_report,create_ticket,False,4,0.3003864288330078,0.2539443075656891,create_ticket;log_audit_event;check_status;generate_report;quarantine_system,0.30038643;0.27815220;0.26616722;0.25394431;0.25361478,493,paraphrase_variant,
Paraphrase,623,Is it possible to generate a diagnostics report for payment-api-03 for me?,generate_report,generate_report,create_ticket,False,4,0.30364730954170227,0.255154013633728,create_ticket;check_status;log_audit_event;generate_report;send_notification,0.30364731;0.27131736;0.26595008;0.25515401;0.25273761,493,paraphrase_variant,
Paraphrase,624,generate a diagnostics report for payment-api-03 for me -- that's what needs to happen.,generate_report,generate_report,send_notification,False,6,0.2972436547279358,0.2788025140762329,send_notification;quarantine_system;check_status;create_ticket;log_audit_event,0.29724365;0.29306978;0.29125959;0.29061827;0.28797120,493,paraphrase_variant,
Paraphrase,625,Could you compile a summary for Engineering for me?,generate_report,generate_report,generate_report,True,1,0.4807605445384979,0.4807605445384979,generate_report;create_ticket;provision_vm;send_notification;db_write,0.48076054;0.46413824;0.45170251;0.43387234;0.40862882,494,paraphrase_original,
Paraphrase,626,Would anyone be able to compile a summary for engineering for me?,generate_report,generate_report,generate_report,True,1,0.4761701822280884,0.4761701822280884,generate_report;create_ticket;provision_vm;send_notification;escalate_to_human,0.47617018;0.46680987;0.43327892;0.42890632;0.38975945,494,paraphrase_variant,
Paraphrase,627,What we need is for compile a summary for engineering for me.,generate_report,generate_report,generate_report,True,1,0.45981764793395996,0.45981764793395996,generate_report;create_ticket;provision_vm;send_notification;quarantine_system,0.45981765;0.44629154;0.43096930;0.42208725;0.38828588,494,paraphrase_variant,
Paraphrase,628,I'd appreciate it if you could compile a summary for engineering for me.,generate_report,generate_report,generate_report,True,1,0.538421094417572,0.538421094417572,generate_report;provision_vm;send_notification;create_ticket;quarantine_system,0.53842109;0.50248063;0.49253401;0.49123314;0.48080292,494,paraphrase_variant,
Paraphrase,629,Gonna need you to compile a summary for engineering for me.,generate_report,generate_report,generate_report,True,1,0.5339412093162537,0.5339412093162537,generate_report;provision_vm;create_ticket;send_notification;quarantine_system,0.53394121;0.50847340;0.49761823;0.48845956;0.46958381,494,paraphrase_variant,
Paraphrase,630,Could you create the analytics report for Marketing for me?,generate_report,generate_report,send_notification,False,3,0.3552827537059784,0.3539656698703766,send_notification;db_read;generate_report;db_write;provision_vm,0.35528275;0.35508898;0.35396567;0.34364274;0.33109778,495,paraphrase_original,
Paraphrase,631,Would you mind create the analytics report for marketing for me.,generate_report,generate_report,generate_report,True,1,0.3700384199619293,0.3700384199619293,generate_report;send_notification;db_write;provision_vm;db_read,0.37003842;0.34625688;0.34323719;0.33834964;0.33257213,495,paraphrase_variant,
Paraphrase,632,The situation requires create the analytics report for marketing for me.,generate_report,generate_report,generate_report,True,1,0.4204019010066986,0.4204019010066986,generate_report;send_notification;provision_vm;db_write;process_refund,0.42040190;0.40919495;0.39818382;0.37563282;0.37183157,495,paraphrase_variant,
Paraphrase,633,Quick one -- create the analytics report for marketing for me.,generate_report,generate_report,generate_report,True,1,0.4086141884326935,0.4086141884326935,generate_report;send_notification;db_write;process_refund;provision_vm,0.40861419;0.38882425;0.36351666;0.36187792;0.36111212,495,paraphrase_variant,
Paraphrase,634,Is it possible to create the analytics report for marketing for me?,generate_report,generate_report,db_read,False,4,0.30528050661087036,0.26761800050735474,db_read;db_write;send_notification;generate_report;provision_vm,0.30528051;0.28818205;0.28056547;0.26761800;0.25382501,495,paraphrase_variant,
Paraphrase,635,I need you to produce a compliance report for Finance.,generate_report,generate_report,create_ticket,False,3,0.38129138946533203,0.32822418212890625,create_ticket;db_write;generate_report;provision_vm;db_read,0.38129139;0.33266851;0.32822418;0.29863334;0.28500429,504,paraphrase_original,
Paraphrase,636,produce a compliance report for finance -- that's what needs to happen.,generate_report,generate_report,create_ticket,False,2,0.38008156418800354,0.3139684498310089,create_ticket;generate_report;db_write;provision_vm;send_notification,0.38008156;0.31396845;0.29435819;0.28293082;0.27017483,504,paraphrase_variant,
Paraphrase,637,"Yo, produce a compliance report for finance.",generate_report,generate_report,create_ticket,False,2,0.3627305328845978,0.3165167272090912,create_ticket;generate_report;provision_vm;send_notification;db_write,0.36273053;0.31651673;0.30275190;0.29255420;0.29234290,504,paraphrase_variant,
Paraphrase,638,Please produce a compliance report for finance.,generate_report,generate_report,create_ticket,False,3,0.3602373003959656,0.30404019355773926,create_ticket;db_write;generate_report;provision_vm;log_audit_event,0.36023730;0.30773592;0.30404019;0.28104964;0.27126455,504,paraphrase_variant,
Paraphrase,639,Would anyone be able to produce a compliance report for finance?,generate_report,generate_report,create_ticket,False,3,0.3694429099559784,0.32519856095314026,create_ticket;db_write;generate_report;log_audit_event;db_read,0.36944291;0.34232631;0.32519856;0.29341042;0.28977150,504,paraphrase_variant,
Paraphrase,640,I need you to prepare the reporting bundle for Engineering.,generate_report,generate_report,generate_report,True,1,0.40751150250434875,0.40751150250434875,generate_report;create_ticket;provision_vm;send_notification;quarantine_system,0.40751150;0.38483930;0.38461792;0.37987825;0.36595020,507,paraphrase_original,
Paraphrase,641,Please prepare the reporting bundle for engineering.,generate_report,generate_report,generate_report,True,1,0.3436039388179779,0.3436039388179779,generate_report;provision_vm;quarantine_system;send_notification;process_refund,0.34360394;0.33260548;0.33030823;0.31723630;0.30888024,507,paraphrase_variant,
Paraphrase,642,"Hey, can you prepare the reporting bundle for engineering.",generate_report,generate_report,generate_report,True,1,0.409073144197464,0.409073144197464,generate_report;provision_vm;create_ticket;send_notification;quarantine_system,0.40907314;0.39742330;0.38035527;0.37530142;0.37166503,507,paraphrase_variant,
Paraphrase,643,Who can prepare the reporting bundle for engineering?,generate_report,generate_report,create_ticket,False,3,0.2572218179702759,0.2221781462430954,create_ticket;send_notification;generate_report;provision_vm;escalate_to_human,0.25722182;0.22409637;0.22217815;0.22064807;0.21251021,507,paraphrase_variant,
Paraphrase,644,The situation requires prepare the reporting bundle for engineering.,generate_report,generate_report,create_ticket,False,2,0.3630695939064026,0.34118491411209106,create_ticket;generate_report;escalate_to_human;provision_vm;send_notification,0.36306959;0.34118491;0.33609077;0.33091891;0.32042646,507,paraphrase_variant,
Paraphrase,645,Let's prepare the reporting bundle for HR.,generate_report,generate_report,generate_report,True,1,0.28334903717041016,0.28334903717041016,generate_report;check_status;send_notification;update_subscription;process_refund,0.28334904;0.26099095;0.25562438;0.25202078;0.24978849,523,paraphrase_original,
Paraphrase,646,Would you mind let's prepare the reporting bundle for hr.,generate_report,generate_report,generate_report,True,1,0.3441188931465149,0.3441188931465149,generate_report;create_ticket;provision_vm;send_notification;update_subscription,0.34411889;0.31924900;0.30460346;0.30321863;0.27817917,523,paraphrase_variant,
Paraphrase,647,It would help if let's prepare the reporting bundle for hr.,generate_report,generate_report,generate_report,True,1,0.38643890619277954,0.38643890619277954,generate_report;create_ticket;send_notification;provision_vm;process_refund,0.38643891;0.37702063;0.35952926;0.33779311;0.33151647,523,paraphrase_variant,
Paraphrase,648,Gonna need you to let's prepare the reporting bundle for hr.,generate_report,generate_report,generate_report,True,1,0.33006152510643005,0.33006152510643005,generate_report;create_ticket;send_notification;provision_vm;check_status,0.33006153;0.30053523;0.29798311;0.28531951;0.28014347,523,paraphrase_variant,
Paraphrase,649,Could someone let's prepare the reporting bundle for hr?,generate_report,generate_report,generate_report,True,1,0.2856045961380005,0.2856045961380005,generate_report;send_notification;create_ticket;check_status;provision_vm,0.28560460;0.26687345;0.26519707;0.25498167;0.22915548,523,paraphrase_variant,
Paraphrase,650,Kindly prepare the reporting bundle for HR.,generate_report,generate_report,check_status,False,2,0.27119895815849304,0.27038341760635376,check_status;generate_report;send_notification;process_refund;create_ticket,0.27119896;0.27038342;0.26021188;0.25815585;0.23436962,531,paraphrase_original,
Paraphrase,651,Please prepare the reporting bundle for hr.,generate_report,generate_report,generate_report,True,1,0.3215245008468628,0.3215245008468628,generate_report;send_notification;process_refund;check_status;provision_vm,0.32152450;0.29554468;0.28825894;0.28745988;0.28253651,531,paraphrase_variant,
Paraphrase,652,Would anyone be able to prepare the reporting bundle for hr?,generate_report,generate_report,generate_report,True,1,0.3380294144153595,0.3380294144153595,generate_report;send_notification;create_ticket;check_status;provision_vm,0.33802941;0.31213936;0.30755109;0.28845501;0.27267849,531,paraphrase_variant,
Paraphrase,653,prepare the reporting bundle for hr -- that's what needs to happen.,generate_report,generate_report,generate_report,True,1,0.31799760460853577,0.31799760460853577,generate_report;send_notification;check_status;create_ticket;provision_vm,0.31799760;0.30937970;0.28688291;0.28567094;0.28032205,531,paraphrase_variant,
Paraphrase,654,Gonna need you to prepare the reporting bundle for hr.,generate_report,generate_report,generate_report,True,1,0.3165198266506195,0.3165198266506195,generate_report;send_notification;create_ticket;check_status;process_refund,0.31651983;0.27958366;0.27818397;0.27642858;0.26253682,531,paraphrase_variant,
Paraphrase,655,process the refund for Charlie.,process_refund,process_refund,create_ticket,False,6,0.2850627899169922,0.2408069670200348,create_ticket;escalate_to_human;provision_vm;quarantine_system;generate_report,0.28506279;0.28065661;0.27547807;0.25057063;0.24440275,537,paraphrase_original,
Paraphrase,656,Please process the refund for charlie.,process_refund,process_refund,create_ticket,False,6,0.31630584597587585,0.28733882308006287,create_ticket;provision_vm;escalate_to_human;generate_report;quarantine_system,0.31630585;0.31611735;0.29871857;0.29773059;0.29710558,537,paraphrase_variant,
Paraphrase,657,Could someone process the refund for charlie?,process_refund,process_refund,create_ticket,False,6,0.33002299070358276,0.2510213553905487,create_ticket;escalate_to_human;provision_vm;generate_report;quarantine_system,0.33002299;0.32019636;0.30415702;0.29818848;0.26569387,537,paraphrase_variant,
Paraphrase,658,The situation requires process the refund for charlie.,process_refund,process_refund,create_ticket,False,4,0.3467983305454254,0.29061317443847656,create_ticket;escalate_to_human;provision_vm;process_refund;generate_report,0.34679833;0.34490770;0.31227913;0.29061317;0.28952855,537,paraphrase_variant,
Paraphrase,659,Do me a favor and process the refund for charlie.,process_refund,process_refund,create_ticket,False,5,0.307535856962204,0.23698018491268158,create_ticket;provision_vm;escalate_to_human;generate_report;process_refund,0.30753586;0.27335143;0.26246372;0.24871323;0.23698018,537,paraphrase_variant,
Paraphrase,660,reverse the payment for Charlie.,process_refund,process_refund,escalate_to_human,False,8,0.3236696124076843,0.1909063309431076,escalate_to_human;provision_vm;create_ticket;quarantine_system;generate_report,0.32366961;0.28367367;0.26756439;0.25171256;0.21951401,540,paraphrase_original,
Paraphrase,661,Could someone reverse the payment for charlie?,process_refund,process_refund,escalate_to_human,False,9,0.3512571156024933,0.18561415374279022,escalate_to_human;provision_vm;create_ticket;quarantine_system;generate_report,0.35125712;0.29376614;0.29228258;0.25009829;0.24458230,540,paraphrase_variant,
Paraphrase,662,reverse the payment for charlie -- that's what needs to happen.,process_refund,process_refund,escalate_to_human,False,7,0.37250393629074097,0.24759681522846222,escalate_to_human;provision_vm;create_ticket;quarantine_system;generate_report,0.37250394;0.33708075;0.32939449;0.30468073;0.28453571,540,paraphrase_variant,
Paraphrase,663,I'd appreciate it if you could reverse the payment for charlie.,process_refund,process_refund,provision_vm,False,8,0.39624807238578796,0.29329532384872437,provision_vm;escalate_to_human;create_ticket;generate_report;quarantine_system,0.39624807;0.37382796;0.36299750;0.36028790;0.35215360,540,paraphrase_variant,
Paraphrase,664,Quick one -- reverse the payment for charlie.,process_refund,process_refund,escalate_to_human,False,8,0.3547022342681885,0.22713135182857513,escalate_to_human;create_ticket;provision_vm;generate_report;quarantine_system,0.35470223;0.31957009;0.31900090;0.28248781;0.27762488,540,paraphrase_variant,
Paraphrase,665,send Eve a payout reversal.,process_refund,process_refund,escalate_to_human,False,9,0.336931437253952,0.17016974091529846,escalate_to_human;send_notification;provision_vm;generate_report;create_ticket,0.33693144;0.25491759;0.24836269;0.23912857;0.20519476,541,paraphrase_original,
Paraphrase,666,Would you mind send eve a payout reversal.,process_refund,process_refund,escalate_to_human,False,9,0.32940366864204407,0.18808935582637787,escalate_to_human;generate_report;provision_vm;send_notification;create_ticket,0.32940367;0.27562043;0.27249807;0.25809783;0.22824652,541,paraphrase_variant,
Paraphrase,667,send eve a payout reversal -- that's what needs to happen.,process_refund,process_refund,escalate_to_human,False,7,0.38247400522232056,0.22624428570270538,escalate_to_human;send_notification;generate_report;provision_vm;quarantine_system,0.38247401;0.30325571;0.29393339;0.29053700;0.26121369,541,paraphrase_variant,
Paraphrase,668,Is it possible to send eve a payout reversal?,process_refund,process_refund,escalate_to_human,False,9,0.3768490254878998,0.19805747270584106,escalate_to_human;generate_report;provision_vm;send_notification;create_ticket,0.37684903;0.28317031;0.28229663;0.27707860;0.26267895,541,paraphrase_variant,
Paraphrase,669,"Hey, can you send eve a payout reversal.",process_refund,process_refund,escalate_to_human,False,9,0.41089189052581787,0.23214766383171082,escalate_to_human;provision_vm;send_notification;generate_report;quarantine_system,0.41089189;0.32697260;0.32577580;0.32446390;0.27420861,541,paraphrase_variant,
Paraphrase,670,put the refund through for Bob.,process_refund,process_refund,create_ticket,False,5,0.3017095923423767,0.19067025184631348,create_ticket;escalate_to_human;provision_vm;generate_report;process_refund,0.30170959;0.29489887;0.25807071;0.21093845;0.19067025,543,paraphrase_original,
Paraphrase,671,Need you to put the refund through for bob.,process_refund,process_refund,create_ticket,False,6,0.371073842048645,0.2683565318584442,create_ticket;escalate_to_human;provision_vm;generate_report;quarantine_system,0.37107384;0.34362790;0.32231966;0.31320405;0.27164397,543,paraphrase_variant,
Paraphrase,672,Would anyone be able to put the refund through for bob?,process_refund,process_refund,create_ticket,False,7,0.3563034236431122,0.22758537530899048,create_ticket;escalate_to_human;provision_vm;generate_report;send_notification,0.35630342;0.34335455;0.31699190;0.30113655;0.25784975,543,paraphrase_variant,
Paraphrase,673,Could you please put the refund through for bob.,process_refund,process_refund,create_ticket,False,7,0.37544023990631104,0.26245540380477905,create_ticket;escalate_to_human;provision_vm;generate_report;quarantine_system,0.37544024;0.34823006;0.33354753;0.31450751;0.26731628,543,paraphrase_variant,
Paraphrase,674,It would help if put the refund through for bob.,process_refund,process_refund,create_ticket,False,5,0.3474261164665222,0.24155893921852112,create_ticket;escalate_to_human;provision_vm;generate_report;process_refund,0.34742612;0.29616958;0.27814311;0.25834796;0.24155894,543,paraphrase_variant,
Paraphrase,675,Please return the money to Frank.,process_refund,process_refund,create_ticket,False,8,0.29288601875305176,0.20936818420886993,create_ticket;provision_vm;escalate_to_human;update_subscription;generate_report,0.29288602;0.29069445;0.28225523;0.24539232;0.23315276,546,paraphrase_original,
Paraphrase,676,Gonna need you to return the money to frank.,process_refund,process_refund,create_ticket,False,9,0.28393396735191345,0.19390873610973358,create_ticket;escalate_to_human;provision_vm;generate_report;send_notification,0.28393397;0.28033766;0.27089542;0.23090832;0.22779457,546,paraphrase_variant,
Paraphrase,677,It would help if return the money to frank.,process_refund,process_refund,create_ticket,False,5,0.37519341707229614,0.25862982869148254,create_ticket;escalate_to_human;provision_vm;generate_report;process_refund,0.37519342;0.33729303;0.32802215;0.28480673;0.25862983,546,paraphrase_variant,
Paraphrase,678,Please return the money to frank.,process_refund,process_refund,create_ticket,False,8,0.29288601875305176,0.20936818420886993,create_ticket;provision_vm;escalate_to_human;update_subscription;generate_report,0.29288602;0.29069445;0.28225523;0.24539232;0.23315276,546,paraphrase_variant,
Paraphrase,679,Could someone return the money to frank?,process_refund,process_refund,escalate_to_human,False,8,0.3189529478549957,0.16254767775535583,escalate_to_human;create_ticket;provision_vm;generate_report;update_subscription,0.31895295;0.30162871;0.26650959;0.22292055;0.21833867,546,paraphrase_variant,
Paraphrase,680,Please issue the refund linked to #60122.,process_refund,process_refund,create_ticket,False,5,0.47788408398628235,0.37170329689979553,create_ticket;provision_vm;generate_report;escalate_to_human;process_refund,0.47788408;0.45815572;0.39354125;0.38004124;0.37170330,547,paraphrase_original,
Paraphrase,681,We request that you issue the refund linked to #60122.,process_refund,process_refund,create_ticket,False,4,0.49503985047340393,0.3797200322151184,create_ticket;provision_vm;generate_report;process_refund;send_notification,0.49503985;0.45110655;0.39840695;0.37972003;0.37651828,547,paraphrase_variant,
Paraphrase,682,The situation requires issue the refund linked to #60122.,process_refund,process_refund,create_ticket,False,5,0.5027703642845154,0.3841712176799774,create_ticket;provision_vm;escalate_to_human;generate_report;process_refund,0.50277036;0.44864497;0.41256577;0.39290330;0.38417122,547,paraphrase_variant,
Paraphrase,683,"Yo, issue the refund linked to #60122.",process_refund,process_refund,create_ticket,False,4,0.46399062871932983,0.365696519613266,create_ticket;provision_vm;generate_report;process_refund;escalate_to_human,0.46399063;0.45279977;0.39111412;0.36569652;0.36343434,547,paraphrase_variant,
Paraphrase,684,Is it possible to issue the refund linked to #60122?,process_refund,process_refund,create_ticket,False,7,0.4495256245136261,0.3087521493434906,create_ticket;provision_vm;generate_report;escalate_to_human;db_write,0.44952562;0.41015974;0.34311992;0.34213498;0.31291077,547,paraphrase_variant,
Paraphrase,685,Could you reverse the payment for Diana for me?,process_refund,process_refund,escalate_to_human,False,9,0.37745022773742676,0.23846910893917084,escalate_to_human;provision_vm;create_ticket;generate_report;db_write,0.37745023;0.34570897;0.32738113;0.32721105;0.31699085,564,paraphrase_original,
Paraphrase,686,We request that you reverse the payment for diana for me.,process_refund,process_refund,escalate_to_human,False,8,0.36329758167266846,0.23658330738544464,escalate_to_human;provision_vm;create_ticket;generate_report;send_notification,0.36329758;0.32205150;0.30660769;0.30651698;0.30417559,564,paraphrase_variant,
Paraphrase,687,"Yo, reverse the payment for diana for me.",process_refund,process_refund,escalate_to_human,False,10,0.32419729232788086,0.1951821744441986,escalate_to_human;provision_vm;generate_report;db_write;create_ticket,0.32419729;0.28382480;0.26381221;0.25412095;0.24951527,564,paraphrase_variant,
Paraphrase,688,The situation requires reverse the payment for diana for me.,process_refund,process_refund,escalate_to_human,False,8,0.4205751121044159,0.25622493028640747,escalate_to_human;create_ticket;provision_vm;generate_report;db_write,0.42057511;0.36055160;0.34659332;0.30956322;0.28841478,564,paraphrase_variant,
Paraphrase,689,Who can reverse the payment for diana for me?,process_refund,process_refund,escalate_to_human,False,9,0.331760436296463,0.14997345209121704,escalate_to_human;create_ticket;provision_vm;generate_report;db_write,0.33176044;0.26227784;0.23689276;0.21949032;0.20054984,564,paraphrase_variant,
Paraphrase,690,I need you to put the refund through for Eve.,process_refund,process_refund,db_write,False,9,0.39150819182395935,0.29065588116645813,db_write;escalate_to_human;generate_report;provision_vm;create_ticket,0.39150819;0.38500562;0.38485992;0.37302080;0.34422535,575,paraphrase_original,
Paraphrase,691,The situation requires put the refund through for eve.,process_refund,process_refund,escalate_to_human,False,6,0.39456814527511597,0.2801852524280548,escalate_to_human;create_ticket;provision_vm;generate_report;db_write,0.39456815;0.34037930;0.33687606;0.32226050;0.31593385,575,paraphrase_variant,
Paraphrase,692,"Yo, put the refund through for eve.",process_refund,process_refund,escalate_to_human,False,8,0.33164530992507935,0.2430478036403656,escalate_to_human;provision_vm;db_write;generate_report;create_ticket,0.33164531;0.32663691;0.32188806;0.31391293;0.27481234,575,paraphrase_variant,
Paraphrase,693,Would anyone be able to put the refund through for eve?,process_refund,process_refund,generate_report,False,9,0.38388875126838684,0.2679333984851837,generate_report;escalate_to_human;db_write;provision_vm;create_ticket,0.38388875;0.38263467;0.37498927;0.37010103;0.34126383,575,paraphrase_variant,
Paraphrase,694,I'd appreciate it if you could put the refund through for eve.,process_refund,process_refund,db_write,False,8,0.3949558138847351,0.3019808530807495,db_write;generate_report;provision_vm;escalate_to_human;create_ticket,0.39495581;0.38665158;0.37508512;0.35368931;0.34299180,575,paraphrase_variant,
Paraphrase,695,We should refund transaction #60122.,process_refund,process_refund,provision_vm,False,5,0.34285768866539,0.28073349595069885,provision_vm;create_ticket;generate_report;update_subscription;process_refund,0.34285769;0.31394285;0.30954790;0.28517035;0.28073350,576,paraphrase_original,
Paraphrase,696,What we need is for we should refund transaction #60122.,process_refund,process_refund,provision_vm,False,6,0.35595396161079407,0.3101579546928406,provision_vm;create_ticket;generate_report;db_write;send_notification,0.35595396;0.35443985;0.34401664;0.34090137;0.31069389,576,paraphrase_variant,
Paraphrase,697,Could you please we should refund transaction #60122.,process_refund,process_refund,provision_vm,False,5,0.4076327979564667,0.33288055658340454,provision_vm;generate_report;create_ticket;send_notification;process_refund,0.40763280;0.38676766;0.37734181;0.34487224;0.33288056,576,paraphrase_variant,
Paraphrase,698,Need you to we should refund transaction #60122.,process_refund,process_refund,provision_vm,False,6,0.399227112531662,0.34202197194099426,provision_vm;generate_report;create_ticket;send_notification;db_write,0.39922711;0.39477807;0.37873372;0.35320568;0.35089916,576,paraphrase_variant,
Paraphrase,699,Would anyone be able to we should refund transaction #60122?,process_refund,process_refund,provision_vm,False,7,0.37594178318977356,0.279997318983078,provision_vm;create_ticket;generate_report;send_notification;db_write,0.37594178;0.37095642;0.35996059;0.30732352;0.30257326,576,paraphrase_variant,
Paraphrase,700,We should reverse the charge tied to #60122.,process_refund,process_refund,provision_vm,False,7,0.4418962299823761,0.34085455536842346,provision_vm;escalate_to_human;quarantine_system;generate_report;send_notification,0.44189623;0.39840105;0.37057826;0.36703107;0.36037850,577,paraphrase_original,
Paraphrase,701,Is it possible to we should reverse the charge tied to #60122?,process_refund,process_refund,provision_vm,False,7,0.4126753509044647,0.2861553728580475,provision_vm;escalate_to_human;create_ticket;quarantine_system;generate_report,0.41267535;0.40290004;0.34126553;0.32776347;0.31943569,577,paraphrase_variant,
Paraphrase,702,We request that you we should reverse the charge tied to #60122.,process_refund,process_refund,provision_vm,False,7,0.4604257345199585,0.36717116832733154,provision_vm;escalate_to_human;create_ticket;send_notification;quarantine_system,0.46042573;0.42775524;0.40670529;0.40495092;0.40013906,577,paraphrase_variant,
Paraphrase,703,What we need is for we should reverse the charge tied to #60122.,process_refund,process_refund,provision_vm,False,7,0.43976953625679016,0.33919158577919006,provision_vm;escalate_to_human;create_ticket;generate_report;send_notification,0.43976954;0.40093869;0.37276012;0.36765367;0.36591417,577,paraphrase_variant,
Paraphrase,704,Need you to we should reverse the charge tied to #60122.,process_refund,process_refund,provision_vm,False,7,0.48103126883506775,0.37690451741218567,provision_vm;escalate_to_human;generate_report;send_notification;quarantine_system,0.48103127;0.44482690;0.42626068;0.41920042;0.41556209,577,paraphrase_variant,
Paraphrase,705,We should return the money to Eve.,process_refund,process_refund,restart_service,False,7,0.12847627699375153,0.08229542523622513,restart_service;db_write;escalate_to_human;provision_vm;generate_report,0.12847628;0.12845972;0.10186189;0.10085056;0.09865602,578,paraphrase_original,
Paraphrase,706,Gonna need you to we should return the money to eve.,process_refund,process_refund,generate_report,False,10,0.16166338324546814,0.10999342054128647,generate_report;escalate_to_human;db_write;restart_service;check_status,0.16166338;0.15012750;0.14995229;0.13859300;0.13662115,578,paraphrase_variant,
Paraphrase,707,Is it possible to we should return the money to eve?,process_refund,process_refund,escalate_to_human,False,9,0.18516509234905243,0.10283864289522171,escalate_to_human;db_write;provision_vm;generate_report;quarantine_system,0.18516509;0.16740687;0.15429454;0.14500248;0.12450145,578,paraphrase_variant,
Paraphrase,708,we should return the money to eve -- that's what needs to happen.,process_refund,process_refund,db_write,False,7,0.20956243574619293,0.16953252255916595,db_write;escalate_to_human;generate_report;provision_vm;quarantine_system,0.20956244;0.20848319;0.19500288;0.19252329;0.18095201,578,paraphrase_variant,
Paraphrase,709,We request that you we should return the money to eve.,process_refund,process_refund,escalate_to_human,False,11,0.16477316617965698,0.12275870144367218,escalate_to_human;restart_service;db_write;log_audit_event;provision_vm,0.16477317;0.15543212;0.15336476;0.14995517;0.14751631,578,paraphrase_variant,
Paraphrase,710,Let's process the refund for Bob.,process_refund,process_refund,create_ticket,False,3,0.2752258777618408,0.2518956959247589,create_ticket;restart_service;process_refund;provision_vm;escalate_to_human,0.27522588;0.27091926;0.25189570;0.24132001;0.23380500,585,paraphrase_original,
Paraphrase,711,Could you please let's process the refund for bob.,process_refund,process_refund,create_ticket,False,4,0.3623473048210144,0.299680233001709,create_ticket;provision_vm;escalate_to_human;process_refund;generate_report,0.36234730;0.31610197;0.31609595;0.29968023;0.29683018,585,paraphrase_variant,
Paraphrase,712,What we need is for let's process the refund for bob.,process_refund,process_refund,create_ticket,False,4,0.34803104400634766,0.2810232639312744,create_ticket;escalate_to_human;provision_vm;process_refund;generate_report,0.34803104;0.28558967;0.28115612;0.28102326;0.26522338,585,paraphrase_variant,
Paraphrase,713,Who can let's process the refund for bob?,process_refund,process_refund,create_ticket,False,4,0.30156952142715454,0.19523967802524567,create_ticket;escalate_to_human;provision_vm;process_refund;generate_report,0.30156952;0.27763194;0.21582903;0.19523968;0.18835932,585,paraphrase_variant,
Paraphrase,714,"Yo, let's process the refund for bob.",process_refund,process_refund,create_ticket,False,3,0.2815035283565521,0.24940107762813568,create_ticket;restart_service;process_refund;provision_vm;escalate_to_human,0.28150353;0.25653172;0.24940108;0.24742997;0.23699848,585,paraphrase_variant,
Paraphrase,715,Let's process a refund for #20891.,process_refund,process_refund,create_ticket,False,4,0.4489574730396271,0.38809818029403687,create_ticket;provision_vm;generate_report;process_refund;escalate_to_human,0.44895747;0.41808012;0.40049186;0.38809818;0.36281323,586,paraphrase_original,
Paraphrase,716,"Hey, can you let's process a refund for #20891.",process_refund,process_refund,create_ticket,False,5,0.49827897548675537,0.40404829382896423,create_ticket;provision_vm;generate_report;escalate_to_human;process_refund,0.49827898;0.46472114;0.44485956;0.40909669;0.40404829,586,paraphrase_variant,
Paraphrase,717,Would you mind let's process a refund for #20891.,process_refund,process_refund,create_ticket,False,4,0.48324692249298096,0.3963603675365448,create_ticket;provision_vm;generate_report;process_refund;escalate_to_human,0.48324692;0.44538474;0.43293464;0.39636037;0.38460112,586,paraphrase_variant,
Paraphrase,718,Who can let's process a refund for #20891?,process_refund,process_refund,create_ticket,False,5,0.43126264214515686,0.29699036478996277,create_ticket;escalate_to_human;provision_vm;generate_report;process_refund,0.43126264;0.37799859;0.34900290;0.33419833;0.29699036,586,paraphrase_variant,
Paraphrase,719,What we need is for let's process a refund for #20891.,process_refund,process_refund,create_ticket,False,4,0.479340136051178,0.3878360986709595,create_ticket;generate_report;provision_vm;process_refund;escalate_to_human,0.47934014;0.41721767;0.41655725;0.38783610;0.37275568,586,paraphrase_variant,
Paraphrase,720,Let's send Alice a payout reversal.,process_refund,process_refund,escalate_to_human,False,8,0.4225202798843384,0.19508449733257294,escalate_to_human;create_ticket;provision_vm;send_notification;generate_report,0.42252028;0.28906927;0.28195867;0.26702741;0.26363644,589,paraphrase_original,
Paraphrase,721,Could someone let's send alice a payout reversal?,process_refund,process_refund,escalate_to_human,False,8,0.4379863440990448,0.18678903579711914,escalate_to_human;create_ticket;provision_vm;send_notification;generate_report,0.43798634;0.32548800;0.28802425;0.27234149;0.26866686,589,paraphrase_variant,
Paraphrase,722,let's send alice a payout reversal -- that's what needs to happen.,process_refund,process_refund,escalate_to_human,False,7,0.4631243050098419,0.24462725222110748,escalate_to_human;create_ticket;provision_vm;send_notification;generate_report,0.46312431;0.32958871;0.32075691;0.30921090;0.30905083,589,paraphrase_variant,
Paraphrase,723,We request that you let's send alice a payout reversal.,process_refund,process_refund,escalate_to_human,False,8,0.4317421019077301,0.22477561235427856,escalate_to_human;create_ticket;send_notification;provision_vm;generate_report,0.43174210;0.32849410;0.30449444;0.30074114;0.27939346,589,paraphrase_variant,
Paraphrase,724,"Hey, can you let's send alice a payout reversal.",process_refund,process_refund,escalate_to_human,False,8,0.46691834926605225,0.23444238305091858,escalate_to_human;create_ticket;provision_vm;send_notification;generate_report,0.46691835;0.34129888;0.33712563;0.31463483;0.31299868,589,paraphrase_variant,
Paraphrase,725,Let's undo the charge associated with #20891.,process_refund,process_refund,provision_vm,False,5,0.4967341721057892,0.41799846291542053,provision_vm;create_ticket;generate_report;escalate_to_human;process_refund,0.49673417;0.47461808;0.45327255;0.41981682;0.41799846,590,paraphrase_original,
Paraphrase,726,It would help if let's undo the charge associated with #20891.,process_refund,process_refund,create_ticket,False,4,0.5350226163864136,0.45349690318107605,create_ticket;provision_vm;generate_report;process_refund;escalate_to_human,0.53502262;0.53359389;0.49818459;0.45349690;0.44310468,590,paraphrase_variant,
Paraphrase,727,I'd appreciate it if you could let's undo the charge associated with #20891.,process_refund,process_refund,provision_vm,False,5,0.5560570955276489,0.4546867311000824,provision_vm;create_ticket;generate_report;send_notification;process_refund,0.55605710;0.53068358;0.51402980;0.46871477;0.45468673,590,paraphrase_variant,
Paraphrase,728,Would anyone be able to let's undo the charge associated with #20891?,process_refund,process_refund,provision_vm,False,8,0.5318584442138672,0.4171787202358246,provision_vm;create_ticket;generate_report;escalate_to_human;update_subscription,0.53185844;0.51847094;0.48926789;0.46109629;0.43269160,590,paraphrase_variant,
Paraphrase,729,Quick one -- let's undo the charge associated with #20891.,process_refund,process_refund,provision_vm,False,5,0.5414800643920898,0.4539545476436615,provision_vm;create_ticket;generate_report;escalate_to_human;process_refund,0.54148006;0.52655500;0.51022667;0.45863107;0.45395455,590,paraphrase_variant,
Paraphrase,730,Kindly process the refund for Grace.,process_refund,process_refund,create_ticket,False,5,0.2829703688621521,0.22907936573028564,create_ticket;escalate_to_human;provision_vm;restart_service;process_refund,0.28297037;0.25264794;0.24393269;0.23200351;0.22907937,593,paraphrase_original,
Paraphrase,731,The situation requires process the refund for grace.,process_refund,process_refund,create_ticket,False,4,0.3183431625366211,0.23940633237361908,create_ticket;escalate_to_human;provision_vm;process_refund;generate_report,0.31834316;0.29881966;0.25240129;0.23940633;0.21418206,593,paraphrase_variant,
Paraphrase,732,Is it possible to process the refund for grace?,process_refund,process_refund,create_ticket,False,6,0.2629711627960205,0.18087279796600342,create_ticket;provision_vm;escalate_to_human;log_audit_event;generate_report,0.26297116;0.21438810;0.19515304;0.18189715;0.18146417,593,paraphrase_variant,
Paraphrase,733,Do me a favor and process the refund for grace.,process_refund,process_refund,create_ticket,False,4,0.267474502325058,0.1735970377922058,create_ticket;provision_vm;escalate_to_human;process_refund;restart_service,0.26747450;0.20221458;0.18084665;0.17359704;0.16309993,593,paraphrase_variant,
Paraphrase,734,We request that you process the refund for grace.,process_refund,process_refund,create_ticket,False,4,0.2817883789539337,0.2321995496749878,create_ticket;provision_vm;log_audit_event;process_refund;generate_report,0.28178838;0.25578088;0.23556095;0.23219955;0.22864483,593,paraphrase_variant,
Paraphrase,735,Kindly put the refund through for Bob.,process_refund,process_refund,create_ticket,False,5,0.3502335846424103,0.24981503188610077,create_ticket;escalate_to_human;provision_vm;generate_report;process_refund,0.35023358;0.32574594;0.29761294;0.26601166;0.24981503,599,paraphrase_original,
Paraphrase,736,What we need is for put the refund through for bob.,process_refund,process_refund,create_ticket,False,5,0.34172889590263367,0.24586941301822662,create_ticket;escalate_to_human;provision_vm;generate_report;process_refund,0.34172890;0.30961737;0.29035321;0.27199057;0.24586941,599,paraphrase_variant,
Paraphrase,737,"Yo, put the refund through for bob.",process_refund,process_refund,create_ticket,False,7,0.30784931778907776,0.2138381153345108,create_ticket;escalate_to_human;provision_vm;generate_report;quarantine_system,0.30784932;0.29904860;0.28055644;0.24819979;0.21929200,599,paraphrase_variant,
Paraphrase,738,Who can put the refund through for bob?,process_refund,process_refund,escalate_to_human,False,6,0.2999263405799866,0.14592799544334412,escalate_to_human;create_ticket;provision_vm;generate_report;send_notification,0.29992634;0.29251927;0.21506363;0.19028279;0.15896875,599,paraphrase_variant,
Paraphrase,739,Could you please put the refund through for bob.,process_refund,process_refund,create_ticket,False,7,0.37544023990631104,0.26245540380477905,create_ticket;escalate_to_human;provision_vm;generate_report;quarantine_system,0.37544024;0.34823006;0.33354753;0.31450751;0.26731628,599,paraphrase_variant,
Paraphrase,740,update Diana's subscription plan.,update_subscription,update_subscription,update_subscription,True,1,0.4337920844554901,0.4337920844554901,update_subscription;provision_vm;generate_report;create_ticket;send_notification,0.43379208;0.21582115;0.18440732;0.15403859;0.15282133,603,paraphrase_original,
Paraphrase,741,"Yo, update diana's subscription plan.",update_subscription,update_subscription,update_subscription,True,1,0.4529135525226593,0.4529135525226593,update_subscription;provision_vm;generate_report;send_notification;process_refund,0.45291355;0.26007059;0.23378468;0.20405716;0.18609104,603,paraphrase_variant,
Paraphrase,742,Could someone update diana's subscription plan?,update_subscription,update_subscription,update_subscription,True,1,0.4757763147354126,0.4757763147354126,update_subscription;provision_vm;generate_report;send_notification;create_ticket,0.47577631;0.27186579;0.26114202;0.22519375;0.21523994,603,paraphrase_variant,
Paraphrase,743,Could you please update diana's subscription plan.,update_subscription,update_subscription,update_subscription,True,1,0.4924182891845703,0.4924182891845703,update_subscription;provision_vm;generate_report;send_notification;create_ticket,0.49241829;0.31309706;0.29888588;0.27180517;0.24504085,603,paraphrase_variant,
Paraphrase,744,It would help if update diana's subscription plan.,update_subscription,update_subscription,update_subscription,True,1,0.4660893678665161,0.4660893678665161,update_subscription;provision_vm;generate_report;create_ticket;send_notification,0.46608937;0.32069278;0.31057656;0.27150363;0.26805627,603,paraphrase_variant,
Paraphrase,745,switch Bob to a different plan.,update_subscription,update_subscription,update_subscription,True,1,0.29248470067977905,0.29248470067977905,update_subscription;provision_vm;create_ticket;escalate_to_human;send_notification,0.29248470;0.19772263;0.17213207;0.14866872;0.14785159,605,paraphrase_original,
Paraphrase,746,I'd appreciate it if you could switch bob to a different plan.,update_subscription,update_subscription,update_subscription,True,1,0.41312137246131897,0.41312137246131897,update_subscription;provision_vm;send_notification;generate_report;create_ticket,0.41312137;0.33779413;0.31239134;0.29847252;0.28650296,605,paraphrase_variant,
Paraphrase,747,Could someone switch bob to a different plan?,update_subscription,update_subscription,update_subscription,True,1,0.3505287766456604,0.3505287766456604,update_subscription;provision_vm;create_ticket;generate_report;send_notification,0.35052878;0.26411214;0.24259894;0.21248117;0.20892374,605,paraphrase_variant,
Paraphrase,748,What we need is for switch bob to a different plan.,update_subscription,update_subscription,update_subscription,True,1,0.3341293931007385,0.3341293931007385,update_subscription;provision_vm;send_notification;create_ticket;generate_report,0.33412939;0.27398026;0.25182822;0.25182647;0.23776115,605,paraphrase_variant,
Paraphrase,749,Gonna need you to switch bob to a different plan.,update_subscription,update_subscription,update_subscription,True,1,0.300375372171402,0.300375372171402,update_subscription;provision_vm;send_notification;create_ticket;generate_report,0.30037537;0.22511888;0.19646768;0.19079737;0.18451218,605,paraphrase_variant,
Paraphrase,750,modify Bob's subscription.,update_subscription,update_subscription,update_subscription,True,1,0.36328935623168945,0.36328935623168945,update_subscription;provision_vm;escalate_to_human;send_notification;create_ticket,0.36328936;0.19523269;0.14955075;0.13902622;0.13803978,606,paraphrase_original,
Paraphrase,751,Is it possible to modify bob's subscription?,update_subscription,update_subscription,update_subscription,True,1,0.42651596665382385,0.42651596665382385,update_subscription;provision_vm;reset_password;create_ticket;send_notification,0.42651597;0.23661911;0.18722594;0.18015292;0.16710097,606,paraphrase_variant,
Paraphrase,752,Quick one -- modify bob's subscription.,update_subscription,update_subscription,update_subscription,True,1,0.3929993808269501,0.3929993808269501,update_subscription;provision_vm;send_notification;create_ticket;generate_report,0.39299938;0.24707234;0.21260360;0.20769581;0.20282423,606,paraphrase_variant,
Paraphrase,753,modify bob's subscription -- that's what needs to happen.,update_subscription,update_subscription,update_subscription,True,1,0.4098394215106964,0.4098394215106964,update_subscription;provision_vm;quarantine_system;send_notification;escalate_to_human,0.40983942;0.28477094;0.23456857;0.23387346;0.22693644,606,paraphrase_variant,
Paraphrase,754,We request that you modify bob's subscription.,update_subscription,update_subscription,update_subscription,True,1,0.4232069253921509,0.4232069253921509,update_subscription;provision_vm;quarantine_system;send_notification;create_ticket,0.42320693;0.30614245;0.26989859;0.26815441;0.25153124,606,paraphrase_variant,
Paraphrase,755,change the plan on Grace's account.,update_subscription,update_subscription,update_subscription,True,1,0.46093907952308655,0.46093907952308655,update_subscription;provision_vm;reset_password;create_ticket;send_notification,0.46093908;0.27028897;0.24885641;0.17884772;0.17460151,610,paraphrase_original,
Paraphrase,756,Do me a favor and change the plan on grace's account.,update_subscription,update_subscription,update_subscription,True,1,0.41256633400917053,0.41256633400917053,update_subscription;provision_vm;reset_password;create_ticket;generate_report,0.41256633;0.26905015;0.26686552;0.20434667;0.18492413,610,paraphrase_variant,
Paraphrase,757,Please change the plan on grace's account.,update_subscription,update_subscription,update_subscription,True,1,0.47695255279541016,0.47695255279541016,update_subscription;reset_password;provision_vm;scan_malware;generate_report,0.47695255;0.29964751;0.29154536;0.21339072;0.20817426,610,paraphrase_variant,
Paraphrase,758,It would help if change the plan on grace's account.,update_subscription,update_subscription,update_subscription,True,1,0.5029805898666382,0.5029805898666382,update_subscription;provision_vm;reset_password;generate_report;create_ticket,0.50298059;0.35868502;0.33361363;0.29564717;0.29376826,610,paraphrase_variant,
Paraphrase,759,Would anyone be able to change the plan on grace's account?,update_subscription,update_subscription,update_subscription,True,1,0.5357486009597778,0.5357486009597778,update_subscription;reset_password;provision_vm;generate_report;send_notification,0.53574860;0.37244701;0.37081587;0.30412355;0.29288206,610,paraphrase_variant,
Paraphrase,760,Please switch Alice to a different plan.,update_subscription,update_subscription,update_subscription,True,1,0.36436864733695984,0.36436864733695984,update_subscription;escalate_to_human;provision_vm;generate_report;create_ticket,0.36436865;0.26774102;0.24903861;0.20520657;0.19962420,613,paraphrase_original,
Paraphrase,761,Could someone switch alice to a different plan?,update_subscription,update_subscription,update_subscription,True,1,0.378361314535141,0.378361314535141,update_subscription;escalate_to_human;provision_vm;create_ticket;generate_report,0.37836131;0.30084330;0.28084594;0.25284868;0.23426254,613,paraphrase_variant,
Paraphrase,762,We request that you switch alice to a different plan.,update_subscription,update_subscription,update_subscription,True,1,0.4011419117450714,0.4011419117450714,update_subscription;provision_vm;escalate_to_human;send_notification;create_ticket,0.40114191;0.30676875;0.30652258;0.27542683;0.27422693,613,paraphrase_variant,
Paraphrase,763,switch alice to a different plan -- that's what needs to happen.,update_subscription,update_subscription,update_subscription,True,1,0.36758512258529663,0.36758512258529663,update_subscription;escalate_to_human;provision_vm;create_ticket;generate_report,0.36758512;0.30447489;0.27677590;0.23540939;0.23391624,613,paraphrase_variant,
Paraphrase,764,Do me a favor and switch alice to a different plan.,update_subscription,update_subscription,update_subscription,True,1,0.28717443346977234,0.28717443346977234,update_subscription;escalate_to_human;provision_vm;create_ticket;generate_report,0.28717443;0.22703038;0.19869353;0.19220890;0.15318480,613,paraphrase_variant,
Paraphrase,765,Can you revise Alice's subscription tier?,update_subscription,update_subscription,update_subscription,True,1,0.37069717049598694,0.37069717049598694,update_subscription;provision_vm;escalate_to_human;generate_report;send_notification,0.37069717;0.17825134;0.17371827;0.15051153;0.14639387,625,paraphrase_original,
Paraphrase,766,Who can revise alice's subscription tier?,update_subscription,update_subscription,update_subscription,True,1,0.29408445954322815,0.29408445954322815,update_subscription;escalate_to_human;provision_vm;send_notification;generate_report,0.29408446;0.16183566;0.10566491;0.09360064;0.09191746,625,paraphrase_variant,
Paraphrase,767,Could you please revise alice's subscription tier.,update_subscription,update_subscription,update_subscription,True,1,0.3523235619068146,0.3523235619068146,update_subscription;escalate_to_human;provision_vm;generate_report;send_notification,0.35232356;0.18784146;0.15838812;0.15577999;0.14997458,625,paraphrase_variant,
Paraphrase,768,The situation requires revise alice's subscription tier.,update_subscription,update_subscription,update_subscription,True,1,0.3588600158691406,0.3588600158691406,update_subscription;escalate_to_human;provision_vm;generate_report;send_notification,0.35886002;0.27529085;0.20858130;0.18347269;0.17677107,625,paraphrase_variant,
Paraphrase,769,Gonna need you to revise alice's subscription tier.,update_subscription,update_subscription,update_subscription,True,1,0.3398139476776123,0.3398139476776123,update_subscription;escalate_to_human;provision_vm;generate_report;send_notification,0.33981395;0.22400622;0.18200360;0.17230265;0.16684094,625,paraphrase_variant,
Paraphrase,770,Could you switch Eve to a different plan for me?,update_subscription,update_subscription,update_subscription,True,1,0.3386824429035187,0.3386824429035187,update_subscription;provision_vm;generate_report;send_notification;db_write,0.33868244;0.26859188;0.25427368;0.24036816;0.21855858,629,paraphrase_original,
Paraphrase,771,I'd appreciate it if you could switch eve to a different plan for me.,update_subscription,update_subscription,update_subscription,True,1,0.37261760234832764,0.37261760234832764,update_subscription;provision_vm;generate_report;send_notification;db_write,0.37261760;0.31463677;0.30210039;0.29458320;0.27224714,629,paraphrase_variant,
Paraphrase,772,"Yo, switch eve to a different plan for me.",update_subscription,update_subscription,update_subscription,True,1,0.28473371267318726,0.28473371267318726,update_subscription;provision_vm;generate_report;send_notification;quarantine_system,0.28473371;0.19532545;0.17135942;0.16959009;0.14966889,629,paraphrase_variant,
Paraphrase,773,Would anyone be able to switch eve to a different plan for me?,update_subscription,update_subscription,update_subscription,True,1,0.3406957983970642,0.3406957983970642,update_subscription;generate_report;provision_vm;send_notification;db_write,0.34069580;0.26884165;0.26876631;0.25888535;0.22196235,629,paraphrase_variant,
Paraphrase,774,switch eve to a different plan for me -- that's what needs to happen.,update_subscription,update_subscription,update_subscription,True,1,0.27466946840286255,0.27466946840286255,update_subscription;provision_vm;generate_report;send_notification;quarantine_system,0.27466947;0.23210642;0.21876372;0.20776236;0.20553689,629,paraphrase_variant,
Paraphrase,775,Could you change the plan on Diana's account for me?,update_subscription,update_subscription,update_subscription,True,1,0.5080023407936096,0.5080023407936096,update_subscription;provision_vm;generate_report;send_notification;create_ticket,0.50800234;0.43628252;0.38340023;0.37092158;0.33813483,634,paraphrase_original,
Paraphrase,776,Gonna need you to change the plan on diana's account for me.,update_subscription,update_subscription,update_subscription,True,1,0.4348782002925873,0.4348782002925873,update_subscription;provision_vm;generate_report;send_notification;escalate_to_human,0.43487820;0.35328987;0.31634721;0.29339224;0.28284410,634,paraphrase_variant,
Paraphrase,777,Could you please change the plan on diana's account for me.,update_subscription,update_subscription,update_subscription,True,1,0.4997769296169281,0.4997769296169281,update_subscription;provision_vm;generate_report;send_notification;escalate_to_human,0.49977693;0.43231314;0.38370422;0.37550467;0.35375890,634,paraphrase_variant,
Paraphrase,778,Could someone change the plan on diana's account for me?,update_subscription,update_subscription,update_subscription,True,1,0.48132941126823425,0.48132941126823425,update_subscription;provision_vm;generate_report;send_notification;escalate_to_human,0.48132941;0.40365794;0.36137211;0.34344858;0.34003270,634,paraphrase_variant,
Paraphrase,779,It would help if change the plan on diana's account for me.,update_subscription,update_subscription,update_subscription,True,1,0.47081777453422546,0.47081777453422546,update_subscription;provision_vm;generate_report;send_notification;create_ticket,0.47081777;0.43004572;0.39614528;0.37480268;0.36188996,634,paraphrase_variant,
Paraphrase,780,We should switch Grace to a different plan.,update_subscription,update_subscription,update_subscription,True,1,0.36806613206863403,0.36806613206863403,update_subscription;provision_vm;reset_password;generate_report;process_refund,0.36806613;0.19196865;0.15318383;0.14470235;0.13124496,645,paraphrase_original,
Paraphrase,781,I'd appreciate it if you could we should switch grace to a different plan.,update_subscription,update_subscription,update_subscription,True,1,0.44517582654953003,0.44517582654953003,update_subscription;provision_vm;generate_report;send_notification;create_ticket,0.44517583;0.30632448;0.27227083;0.26531333;0.24183469,645,paraphrase_variant,
Paraphrase,782,we should switch grace to a different plan -- that's what needs to happen.,update_subscription,update_subscription,update_subscription,True,1,0.3654187321662903,0.3654187321662903,update_subscription;provision_vm;generate_report;process_refund;send_notification,0.36541873;0.23061803;0.19439992;0.18053588;0.17784840,645,paraphrase_variant,
Paraphrase,783,Would anyone be able to we should switch grace to a different plan?,update_subscription,update_subscription,update_subscription,True,1,0.38405728340148926,0.38405728340148926,update_subscription;provision_vm;generate_report;reset_password;create_ticket,0.38405728;0.21489899;0.18560214;0.18156587;0.17328060,645,paraphrase_variant,
Paraphrase,784,Gonna need you to we should switch grace to a different plan.,update_subscription,update_subscription,update_subscription,True,1,0.35053449869155884,0.35053449869155884,update_subscription;provision_vm;generate_report;send_notification;create_ticket,0.35053450;0.20250797;0.18501948;0.17291969;0.15670738,645,paraphrase_variant,
Paraphrase,785,We should adjust Diana's account plan.,update_subscription,update_subscription,update_subscription,True,1,0.4364609718322754,0.4364609718322754,update_subscription;provision_vm;generate_report;reset_password;send_notification,0.43646097;0.29754362;0.26511294;0.25705096;0.24596800,647,paraphrase_original,
Paraphrase,786,Quick one -- we should adjust diana's account plan.,update_subscription,update_subscription,update_subscription,True,1,0.4624587595462799,0.4624587595462799,update_subscription;provision_vm;generate_report;send_notification;escalate_to_human,0.46245876;0.38877413;0.37602890;0.35377932;0.32337683,647,paraphrase_variant,
Paraphrase,787,Could someone we should adjust diana's account plan?,update_subscription,update_subscription,update_subscription,True,1,0.42301177978515625,0.42301177978515625,update_subscription;provision_vm;reset_password;generate_report;escalate_to_human,0.42301178;0.29783913;0.28445300;0.27686709;0.25007546,647,paraphrase_variant,
Paraphrase,788,It would help if we should adjust diana's account plan.,update_subscription,update_subscription,update_subscription,True,1,0.45106858015060425,0.45106858015060425,update_subscription;provision_vm;generate_report;send_notification;reset_password,0.45106858;0.35355151;0.34128892;0.31033546;0.29908448,647,paraphrase_variant,
Paraphrase,789,Could you please we should adjust diana's account plan.,update_subscription,update_subscription,update_subscription,True,1,0.4623054563999176,0.4623054563999176,update_subscription;provision_vm;generate_report;reset_password;send_notification,0.46230546;0.34354138;0.31840500;0.30623084;0.30027959,647,paraphrase_variant,
Paraphrase,790,We should revise Grace's subscription tier.,update_subscription,update_subscription,update_subscription,True,1,0.3480425179004669,0.3480425179004669,update_subscription;provision_vm;reset_password;generate_report;process_refund,0.34804252;0.10865656;0.09481505;0.08328614;0.08241830,649,paraphrase_original,
Paraphrase,791,Is it possible to we should revise grace's subscription tier?,update_subscription,update_subscription,update_subscription,True,1,0.33625927567481995,0.33625927567481995,update_subscription;provision_vm;reset_password;generate_report;send_notification,0.33625928;0.08538256;0.07412777;0.05655853;0.04512348,649,paraphrase_variant,
Paraphrase,792,"Yo, we should revise grace's subscription tier.",update_subscription,update_subscription,update_subscription,True,1,0.3689923882484436,0.3689923882484436,update_subscription;provision_vm;reset_password;generate_report;send_notification,0.36899239;0.13691612;0.12686169;0.11606351;0.10079217,649,paraphrase_variant,
Paraphrase,793,we should revise grace's subscription tier -- that's what needs to happen.,update_subscription,update_subscription,update_subscription,True,1,0.3504178822040558,0.3504178822040558,update_subscription;provision_vm;process_refund;generate_report;quarantine_system,0.35041788;0.16116346;0.14164798;0.13963316;0.13790256,649,paraphrase_variant,
Paraphrase,794,Could you please we should revise grace's subscription tier.,update_subscription,update_subscription,update_subscription,True,1,0.3745643198490143,0.3745643198490143,update_subscription;provision_vm;generate_report;reset_password;send_notification,0.37456432;0.15098877;0.14059277;0.13346443;0.12958881,649,paraphrase_variant,
Paraphrase,795,Kindly move Charlie to the new billing plan.,update_subscription,update_subscription,update_subscription,True,1,0.43306148052215576,0.43306148052215576,update_subscription;provision_vm;create_ticket;generate_report;send_notification,0.43306148;0.30754596;0.27758890;0.25864616;0.25501135,664,paraphrase_original,
Paraphrase,796,Is it possible to move charlie to the new billing plan?,update_subscription,update_subscription,update_subscription,True,1,0.4845944046974182,0.4845944046974182,update_subscription;provision_vm;create_ticket;generate_report;send_notification,0.48459440;0.34608263;0.30744475;0.29303205;0.26808235,664,paraphrase_variant,
Paraphrase,797,Need you to move charlie to the new billing plan.,update_subscription,update_subscription,update_subscription,True,1,0.4776668846607208,0.4776668846607208,update_subscription;provision_vm;create_ticket;generate_report;send_notification,0.47766688;0.35100785;0.31363124;0.30958042;0.29826924,664,paraphrase_variant,
Paraphrase,798,I'd appreciate it if you could move charlie to the new billing plan.,update_subscription,update_subscription,update_subscription,True,1,0.5264066457748413,0.5264066457748413,update_subscription;provision_vm;generate_report;send_notification;create_ticket,0.52640665;0.41295078;0.38409466;0.37317458;0.35831404,664,paraphrase_variant,
Paraphrase,799,It would help if move charlie to the new billing plan.,update_subscription,update_subscription,update_subscription,True,1,0.4448499083518982,0.4448499083518982,update_subscription;provision_vm;create_ticket;generate_report;send_notification,0.44484991;0.33724007;0.31704840;0.31220230;0.28624299,664,paraphrase_variant,
Paraphrase,800,create a server for Finance.,provision_vm,provision_vm,db_write,False,2,0.28315985202789307,0.2383141815662384,db_write;provision_vm;db_read;generate_report;create_ticket,0.28315985;0.23831418;0.22903001;0.22353508;0.22235891,673,paraphrase_original,
Paraphrase,801,Please create a server for finance.,provision_vm,provision_vm,db_write,False,3,0.38132408261299133,0.35222551226615906,db_write;generate_report;provision_vm;create_ticket;send_notification,0.38132408;0.36088964;0.35222551;0.32338279;0.31832081,673,paraphrase_variant,
Paraphrase,802,create a server for finance -- that's what needs to happen.,provision_vm,provision_vm,db_write,False,2,0.3393978178501129,0.32058727741241455,db_write;provision_vm;generate_report;create_ticket;scan_malware,0.33939782;0.32058728;0.31349084;0.28525481;0.28330496,673,paraphrase_variant,
Paraphrase,803,Gonna need you to create a server for finance.,provision_vm,provision_vm,db_write,False,3,0.38369786739349365,0.3608517646789551,db_write;generate_report;provision_vm;send_notification;db_read,0.38369787;0.37260875;0.36085176;0.34161374;0.32761359,673,paraphrase_variant,
Paraphrase,804,Would anyone be able to create a server for finance?,provision_vm,provision_vm,db_write,False,3,0.33367541432380676,0.28383806347846985,db_write;generate_report;provision_vm;send_notification;create_ticket,0.33367541;0.29804614;0.28383806;0.27801040;0.27157897,673,paraphrase_variant,
Paraphrase,805,deploy a fresh virtual machine for Legal.,provision_vm,provision_vm,provision_vm,True,1,0.2566482722759247,0.2566482722759247,provision_vm;restart_service;quarantine_system;escalate_to_human;process_refund,0.25664827;0.25344568;0.25244981;0.24467584;0.23423974,675,paraphrase_original,
Paraphrase,806,I'd appreciate it if you could deploy a fresh virtual machine for legal.,provision_vm,provision_vm,provision_vm,True,1,0.4103175401687622,0.4103175401687622,provision_vm;quarantine_system;send_notification;process_refund;create_ticket,0.41031754;0.38991579;0.38013974;0.37342849;0.37217066,675,paraphrase_variant,
Paraphrase,807,Need you to deploy a fresh virtual machine for legal.,provision_vm,provision_vm,provision_vm,True,1,0.3898361325263977,0.3898361325263977,provision_vm;quarantine_system;process_refund;create_ticket;escalate_to_human,0.38983613;0.38178980;0.36852410;0.35758314;0.35732540,675,paraphrase_variant,
Paraphrase,808,Would anyone be able to deploy a fresh virtual machine for legal?,provision_vm,provision_vm,provision_vm,True,1,0.2739737033843994,0.2739737033843994,provision_vm;escalate_to_human;create_ticket;quarantine_system;scan_malware,0.27397370;0.26827100;0.26494479;0.25858521;0.25789309,675,paraphrase_variant,
Paraphrase,809,It would help if deploy a fresh virtual machine for legal.,provision_vm,provision_vm,provision_vm,True,1,0.3773837089538574,0.3773837089538574,provision_vm;process_refund;create_ticket;quarantine_system;generate_report,0.37738371;0.37013313;0.36789027;0.36662748;0.33088571,675,paraphrase_variant,
Paraphrase,810,Please deploy a fresh virtual machine for HR.,provision_vm,provision_vm,restart_service,False,4,0.3580195903778076,0.2936028242111206,restart_service;quarantine_system;process_refund;provision_vm;scan_malware,0.35801959;0.32279348;0.32098883;0.29360282;0.26492906,683,paraphrase_original,
Paraphrase,811,Gonna need you to deploy a fresh virtual machine for hr.,provision_vm,provision_vm,restart_service,False,4,0.3871889114379883,0.3581041395664215,restart_service;quarantine_system;process_refund;provision_vm;generate_report,0.38718891;0.38084900;0.37616658;0.35810414;0.33065355,683,paraphrase_variant,
Paraphrase,812,It would help if deploy a fresh virtual machine for hr.,provision_vm,provision_vm,process_refund,False,4,0.4105526804924011,0.37862101197242737,process_refund;restart_service;quarantine_system;provision_vm;generate_report,0.41055268;0.39595735;0.39346111;0.37862101;0.36150745,683,paraphrase_variant,
Paraphrase,813,Could someone deploy a fresh virtual machine for hr?,provision_vm,provision_vm,quarantine_system,False,2,0.2596570551395416,0.2508999705314636,quarantine_system;provision_vm;process_refund;scan_malware;reset_password,0.25965706;0.25089997;0.24707295;0.24565777;0.24546251,683,paraphrase_variant,
Paraphrase,814,We request that you deploy a fresh virtual machine for hr.,provision_vm,provision_vm,quarantine_system,False,4,0.39258575439453125,0.3682667911052704,quarantine_system;restart_service;process_refund;provision_vm;send_notification,0.39258575;0.38979056;0.38246047;0.36826679;0.33450559,683,paraphrase_variant,
Paraphrase,815,Please bring up a compute instance for Engineering.,provision_vm,provision_vm,provision_vm,True,1,0.4176156222820282,0.4176156222820282,provision_vm;generate_report;process_refund;quarantine_system;send_notification,0.41761562;0.41182724;0.39903846;0.39756942;0.39116398,684,paraphrase_original,
Paraphrase,816,We request that you bring up a compute instance for engineering.,provision_vm,provision_vm,provision_vm,True,1,0.42901161313056946,0.42901161313056946,provision_vm;quarantine_system;send_notification;generate_report;process_refund,0.42901161;0.42898268;0.42675892;0.41789803;0.41238427,684,paraphrase_variant,
Paraphrase,817,It would help if bring up a compute instance for engineering.,provision_vm,provision_vm,generate_report,False,2,0.4170563220977783,0.4125065803527832,generate_report;provision_vm;process_refund;quarantine_system;create_ticket,0.41705632;0.41250658;0.40967050;0.40402904;0.39802226,684,paraphrase_variant,
Paraphrase,818,Could someone bring up a compute instance for engineering?,provision_vm,provision_vm,escalate_to_human,False,4,0.37909573316574097,0.35274556279182434,escalate_to_human;generate_report;send_notification;provision_vm;quarantine_system,0.37909573;0.35533091;0.35485882;0.35274556;0.33550027,684,paraphrase_variant,
Paraphrase,819,Need you to bring up a compute instance for engineering.,provision_vm,provision_vm,provision_vm,True,1,0.4343849718570709,0.4343849718570709,provision_vm;generate_report;quarantine_system;send_notification;process_refund,0.43438497;0.42870566;0.42361477;0.42137638;0.41619179,684,paraphrase_variant,
Paraphrase,820,Can you provision a new VM for Legal?,provision_vm,provision_vm,update_subscription,False,4,0.37926676869392395,0.34765106439590454,update_subscription;create_ticket;send_notification;provision_vm;escalate_to_human,0.37926677;0.35077694;0.34892604;0.34765106;0.30767965,686,paraphrase_original,
Paraphrase,821,Would you mind provision a new vm for legal.,provision_vm,provision_vm,update_subscription,False,3,0.3441181182861328,0.32971349358558655,update_subscription;create_ticket;provision_vm;send_notification;generate_report,0.34411812;0.33913597;0.32971349;0.31541532;0.30447182,686,paraphrase_variant,
Paraphrase,822,provision a new vm for legal -- that's what needs to happen.,provision_vm,provision_vm,provision_vm,True,1,0.360097736120224,0.360097736120224,provision_vm;send_notification;escalate_to_human;create_ticket;quarantine_system,0.36009774;0.35721710;0.35476187;0.35306022;0.34001639,686,paraphrase_variant,
Paraphrase,823,Would anyone be able to provision a new vm for legal?,provision_vm,provision_vm,create_ticket,False,4,0.3819524347782135,0.3523266017436981,create_ticket;send_notification;update_subscription;provision_vm;generate_report,0.38195243;0.37478113;0.35586450;0.35232660;0.34315383,686,paraphrase_variant,
Paraphrase,824,"Hey, can you provision a new vm for legal.",provision_vm,provision_vm,update_subscription,False,3,0.43541842699050903,0.421097993850708,update_subscription;send_notification;provision_vm;create_ticket;generate_report,0.43541843;0.42730594;0.42109799;0.40234298;0.38678145,686,paraphrase_variant,
Paraphrase,825,Can you deploy a fresh virtual machine for Legal?,provision_vm,provision_vm,provision_vm,True,1,0.2775784134864807,0.2775784134864807,provision_vm;quarantine_system;scan_malware;create_ticket;escalate_to_human,0.27757841;0.26599953;0.25672787;0.24605237;0.24541971,691,paraphrase_original,
Paraphrase,826,Kindly deploy a fresh virtual machine for legal.,provision_vm,provision_vm,restart_service,False,3,0.2943265736103058,0.2841104567050934,restart_service;quarantine_system;provision_vm;process_refund;escalate_to_human,0.29432657;0.28429914;0.28411046;0.27640602;0.26999620,691,paraphrase_variant,
Paraphrase,827,Do me a favor and deploy a fresh virtual machine for legal.,provision_vm,provision_vm,provision_vm,True,1,0.24671319127082825,0.24671319127082825,provision_vm;quarantine_system;escalate_to_human;create_ticket;process_refund,0.24671319;0.23348458;0.22998932;0.22831789;0.22773212,691,paraphrase_variant,
Paraphrase,828,What we need is for deploy a fresh virtual machine for legal.,provision_vm,provision_vm,quarantine_system,False,2,0.3009363114833832,0.30060014128685,quarantine_system;provision_vm;process_refund;restart_service;create_ticket,0.30093631;0.30060014;0.28921184;0.27198657;0.27162442,691,paraphrase_variant,
Paraphrase,829,Could someone deploy a fresh virtual machine for legal?,provision_vm,provision_vm,escalate_to_human,False,3,0.26040005683898926,0.23283709585666656,escalate_to_human;create_ticket;provision_vm;scan_malware;quarantine_system,0.26040006;0.23397753;0.23283710;0.22869924;0.21379839,691,paraphrase_variant,
Paraphrase,830,Can you allocate a new VM to HR?,provision_vm,provision_vm,update_subscription,False,2,0.4052806794643402,0.37386855483055115,update_subscription;provision_vm;generate_report;quarantine_system;process_refund,0.40528068;0.37386855;0.34966779;0.34437138;0.34167561,693,paraphrase_original,
Paraphrase,831,"Hey, can you allocate a new vm to hr.",provision_vm,provision_vm,provision_vm,True,1,0.440017431974411,0.440017431974411,provision_vm;update_subscription;generate_report;quarantine_system;send_notification,0.44001743;0.43936220;0.41779110;0.40397123;0.39928377,693,paraphrase_variant,
Paraphrase,832,Is it possible to allocate a new vm to hr?,provision_vm,provision_vm,update_subscription,False,2,0.37719786167144775,0.3480395972728729,update_subscription;provision_vm;generate_report;create_ticket;process_refund,0.37719786;0.34803960;0.32940918;0.32899120;0.32764143,693,paraphrase_variant,
Paraphrase,833,The situation requires allocate a new vm to hr.,provision_vm,provision_vm,provision_vm,True,1,0.38850364089012146,0.38850364089012146,provision_vm;process_refund;update_subscription;create_ticket;generate_report,0.38850364;0.38070235;0.37917531;0.37818897;0.36551666,693,paraphrase_variant,
Paraphrase,834,Kindly allocate a new vm to hr.,provision_vm,provision_vm,update_subscription,False,2,0.3416745066642761,0.33743149042129517,update_subscription;provision_vm;process_refund;create_ticket;generate_report,0.34167451;0.33743149;0.33015096;0.32573572;0.31402138,693,paraphrase_variant,
Paraphrase,835,Could you create a server for Legal for me?,provision_vm,provision_vm,send_notification,False,4,0.34166428446769714,0.3145499527454376,send_notification;generate_report;create_ticket;provision_vm;escalate_to_human,0.34166428;0.32814541;0.31626347;0.31454995;0.30401105,697,paraphrase_original,
Paraphrase,836,Kindly create a server for legal for me.,provision_vm,provision_vm,create_ticket,False,5,0.2874600887298584,0.25810879468917847,create_ticket;escalate_to_human;send_notification;generate_report;provision_vm,0.28746009;0.28524587;0.27519050;0.26151085;0.25810879,697,paraphrase_variant,
Paraphrase,837,Need you to create a server for legal for me.,provision_vm,provision_vm,generate_report,False,4,0.3718481957912445,0.35495105385780334,generate_report;send_notification;create_ticket;provision_vm;escalate_to_human,0.37184820;0.36938745;0.35587767;0.35495105;0.35157433,697,paraphrase_variant,
Paraphrase,838,Could someone create a server for legal for me?,provision_vm,provision_vm,send_notification,False,5,0.29240432381629944,0.25886961817741394,send_notification;escalate_to_human;create_ticket;generate_report;provision_vm,0.29240432;0.29096529;0.28429690;0.27449954;0.25886962,697,paraphrase_variant,
Paraphrase,839,What we need is for create a server for legal for me.,provision_vm,provision_vm,send_notification,False,4,0.3178883194923401,0.2944415509700775,send_notification;create_ticket;generate_report;provision_vm;escalate_to_human,0.31788832;0.30954298;0.30068818;0.29444155;0.28385225,697,paraphrase_variant,
Paraphrase,840,Could you deploy a fresh virtual machine for Marketing for me?,provision_vm,provision_vm,restart_service,False,3,0.32246845960617065,0.27714017033576965,restart_service;quarantine_system;provision_vm;scan_malware;send_notification,0.32246846;0.29385218;0.27714017;0.26978904;0.26888067,699,paraphrase_original,
Paraphrase,841,Quick one -- deploy a fresh virtual machine for marketing for me.,provision_vm,provision_vm,restart_service,False,2,0.31189870834350586,0.30851462483406067,restart_service;provision_vm;quarantine_system;send_notification;process_refund,0.31189871;0.30851462;0.29798248;0.28949475;0.28230518,699,paraphrase_variant,
Paraphrase,842,Could you please deploy a fresh virtual machine for marketing for me.,provision_vm,provision_vm,restart_service,False,5,0.3808582127094269,0.3114078938961029,restart_service;quarantine_system;send_notification;process_refund;provision_vm,0.38085821;0.34298608;0.31558150;0.31333277;0.31140789,699,paraphrase_variant,
Paraphrase,843,What we need is for deploy a fresh virtual machine for marketing for me.,provision_vm,provision_vm,restart_service,False,4,0.336403489112854,0.2743552029132843,restart_service;quarantine_system;process_refund;provision_vm;send_notification,0.33640349;0.30973569;0.28215057;0.27435520;0.26987499,699,paraphrase_variant,
Paraphrase,844,Who can deploy a fresh virtual machine for marketing for me?,provision_vm,provision_vm,restart_service,False,5,0.17872637510299683,0.12419702112674713,restart_service;scan_malware;send_notification;quarantine_system;provision_vm,0.17872638;0.13799022;0.13541482;0.13078584;0.12419702,699,paraphrase_variant,
Paraphrase,845,We should spin up a virtual machine for HR.,provision_vm,provision_vm,quarantine_system,False,4,0.21234729886054993,0.16135196387767792,quarantine_system;scan_malware;process_refund;provision_vm;generate_report,0.21234730;0.18327302;0.16603711;0.16135196;0.16038509,711,paraphrase_original,
Paraphrase,846,Quick one -- we should spin up a virtual machine for hr.,provision_vm,provision_vm,quarantine_system,False,3,0.34705638885498047,0.3246481716632843,quarantine_system;generate_report;provision_vm;process_refund;send_notification,0.34705639;0.32473946;0.32464817;0.31752864;0.30824572,711,paraphrase_variant,
Paraphrase,847,The situation requires we should spin up a virtual machine for hr.,provision_vm,provision_vm,quarantine_system,False,4,0.27186211943626404,0.23504219949245453,quarantine_system;escalate_to_human;process_refund;provision_vm;generate_report,0.27186212;0.27172789;0.24260364;0.23504220;0.22695924,711,paraphrase_variant,
Paraphrase,848,Kindly we should spin up a virtual machine for hr.,provision_vm,provision_vm,quarantine_system,False,6,0.2466442584991455,0.19226476550102234,quarantine_system;scan_malware;process_refund;escalate_to_human;generate_report,0.24664426;0.21871939;0.20558131;0.20252013;0.19267341,711,paraphrase_variant,
Paraphrase,849,Who can we should spin up a virtual machine for hr?,provision_vm,provision_vm,escalate_to_human,False,6,0.10352621227502823,0.041693951934576035,escalate_to_human;reset_password;scan_malware;quarantine_system;send_notification,0.10352621;0.09575438;0.05915517;0.05133455;0.05072531,711,paraphrase_variant,
Paraphrase,850,We should launch a new instance for HR.,provision_vm,provision_vm,process_refund,False,2,0.3688881993293762,0.3681706190109253,process_refund;provision_vm;generate_report;quarantine_system;send_notification,0.36888820;0.36817062;0.36293942;0.35808215;0.34776458,712,paraphrase_original,
Paraphrase,851,Need you to we should launch a new instance for hr.,provision_vm,provision_vm,generate_report,False,2,0.4174525737762451,0.41397127509117126,generate_report;provision_vm;process_refund;quarantine_system;send_notification,0.41745257;0.41397128;0.41373917;0.40475208;0.40376467,712,paraphrase_variant,
Paraphrase,852,Is it possible to we should launch a new instance for hr?,provision_vm,provision_vm,provision_vm,True,1,0.3264574110507965,0.3264574110507965,provision_vm;process_refund;quarantine_system;generate_report;send_notification,0.32645741;0.31940424;0.31192130;0.31123406;0.29213455,712,paraphrase_variant,
Paraphrase,853,we should launch a new instance for hr -- that's what needs to happen.,provision_vm,provision_vm,generate_report,False,3,0.385825514793396,0.3807166516780853,generate_report;process_refund;provision_vm;quarantine_system;send_notification,0.38582551;0.38290590;0.38071665;0.37572661;0.37152445,712,paraphrase_variant,
Paraphrase,854,We request that you we should launch a new instance for hr.,provision_vm,provision_vm,process_refund,False,2,0.3983602523803711,0.3953745663166046,process_refund;provision_vm;quarantine_system;send_notification;generate_report,0.39836025;0.39537457;0.39257619;0.39102247;0.38825518,712,paraphrase_variant,
Paraphrase,855,We should allocate a new VM to Finance.,provision_vm,provision_vm,update_subscription,False,2,0.37260758876800537,0.3364163935184479,update_subscription;provision_vm;generate_report;quarantine_system;process_refund,0.37260759;0.33641639;0.32118154;0.29584116;0.29219049,717,paraphrase_original,
Paraphrase,856,Gonna need you to we should allocate a new vm to finance.,provision_vm,provision_vm,generate_report,False,2,0.4163852334022522,0.4104984402656555,generate_report;provision_vm;update_subscription;send_notification;create_ticket,0.41638523;0.41049844;0.39025766;0.38183773;0.37613934,717,paraphrase_variant,
Paraphrase,857,It would help if we should allocate a new vm to finance.,provision_vm,provision_vm,provision_vm,True,1,0.36871224641799927,0.36871224641799927,provision_vm;generate_report;update_subscription;create_ticket;process_refund,0.36871225;0.36755213;0.36152011;0.35684332;0.34552598,717,paraphrase_variant,
Paraphrase,858,Would anyone be able to we should allocate a new vm to finance?,provision_vm,provision_vm,update_subscription,False,3,0.3455466032028198,0.3380345404148102,update_subscription;generate_report;provision_vm;create_ticket;send_notification,0.34554660;0.34035850;0.33803454;0.32963338;0.30494502,717,paraphrase_variant,
Paraphrase,859,Would you mind we should allocate a new vm to finance.,provision_vm,provision_vm,update_subscription,False,2,0.3460448086261749,0.3233011066913605,update_subscription;provision_vm;generate_report;create_ticket;quarantine_system,0.34604481;0.32330111;0.31233791;0.28833327;0.28064173,717,paraphrase_variant,
Paraphrase,860,Let's spin up a virtual machine for Legal.,provision_vm,provision_vm,escalate_to_human,False,4,0.2631255090236664,0.20252594351768494,escalate_to_human;quarantine_system;scan_malware;provision_vm;create_ticket,0.26312551;0.20759334;0.20328993;0.20252594;0.17056498,719,paraphrase_original,
Paraphrase,861,We request that you let's spin up a virtual machine for legal.,provision_vm,provision_vm,escalate_to_human,False,3,0.29255905747413635,0.26822465658187866,escalate_to_human;quarantine_system;provision_vm;send_notification;scan_malware,0.29255906;0.28821355;0.26822466;0.25506061;0.24729688,719,paraphrase_variant,
Paraphrase,862,What we need is for let's spin up a virtual machine for legal.,provision_vm,provision_vm,escalate_to_human,False,3,0.2702135741710663,0.231167733669281,escalate_to_human;quarantine_system;provision_vm;create_ticket;send_notification,0.27021357;0.23744096;0.23116773;0.21941280;0.20974500,719,paraphrase_variant,
Paraphrase,863,Would anyone be able to let's spin up a virtual machine for legal?,provision_vm,provision_vm,escalate_to_human,False,3,0.28303262591362,0.2550881505012512,escalate_to_human;scan_malware;provision_vm;quarantine_system;send_notification,0.28303263;0.26660100;0.25508815;0.25300914;0.23976639,719,paraphrase_variant,
Paraphrase,864,Need you to let's spin up a virtual machine for legal.,provision_vm,provision_vm,escalate_to_human,False,3,0.33318567276000977,0.29773175716400146,escalate_to_human;quarantine_system;provision_vm;scan_malware;create_ticket,0.33318567;0.30321983;0.29773176;0.27491796;0.27450073,719,paraphrase_variant,
Paraphrase,865,Let's launch a new instance for Marketing.,provision_vm,provision_vm,provision_vm,True,1,0.3436666429042816,0.3436666429042816,provision_vm;send_notification;restart_service;process_refund;quarantine_system,0.34366664;0.33103219;0.32641783;0.31469527;0.31437838,720,paraphrase_original,
Paraphrase,866,Is it possible to let's launch a new instance for marketing?,provision_vm,provision_vm,provision_vm,True,1,0.314495325088501,0.314495325088501,provision_vm;send_notification;quarantine_system;restart_service;update_subscription,0.31449533;0.28963530;0.27357069;0.26309565;0.26228333,720,paraphrase_variant,
Paraphrase,867,"Hey, can you let's launch a new instance for marketing.",provision_vm,provision_vm,provision_vm,True,1,0.4258888363838196,0.4258888363838196,provision_vm;send_notification;quarantine_system;generate_report;process_refund,0.42588884;0.40465164;0.38654044;0.36618522;0.36436322,720,paraphrase_variant,
Paraphrase,868,It would help if let's launch a new instance for marketing.,provision_vm,provision_vm,provision_vm,True,1,0.4198361039161682,0.4198361039161682,provision_vm;send_notification;process_refund;generate_report;quarantine_system,0.41983610;0.41495600;0.40011302;0.39106941;0.38470730,720,paraphrase_variant,
Paraphrase,869,Kindly let's launch a new instance for marketing.,provision_vm,provision_vm,provision_vm,True,1,0.3736770749092102,0.3736770749092102,provision_vm;send_notification;restart_service;process_refund;quarantine_system,0.37367707;0.36991948;0.35744449;0.35048801;0.33984745,720,paraphrase_variant,
Paraphrase,870,Let's create a server for Finance.,provision_vm,provision_vm,db_write,False,2,0.3418477475643158,0.34115302562713623,db_write;provision_vm;generate_report;send_notification;create_ticket,0.34184775;0.34115303;0.32155821;0.30112848;0.28600931,721,paraphrase_original,
Paraphrase,871,We request that you let's create a server for finance.,provision_vm,provision_vm,provision_vm,True,1,0.40033015608787537,0.40033015608787537,provision_vm;generate_report;send_notification;db_write;create_ticket,0.40033016;0.38598815;0.37746996;0.37258956;0.36387545,721,paraphrase_variant,
Paraphrase,872,The situation requires let's create a server for finance.,provision_vm,provision_vm,provision_vm,True,1,0.3878650665283203,0.3878650665283203,provision_vm;create_ticket;generate_report;db_write;process_refund,0.38786507;0.37756580;0.36312583;0.35143006;0.33321163,721,paraphrase_variant,
Paraphrase,873,Quick one -- let's create a server for finance.,provision_vm,provision_vm,db_write,False,3,0.41794267296791077,0.38949230313301086,db_write;generate_report;provision_vm;create_ticket;send_notification,0.41794267;0.39553586;0.38949230;0.36668244;0.35899660,721,paraphrase_variant,
Paraphrase,874,Would anyone be able to let's create a server for finance?,provision_vm,provision_vm,provision_vm,True,1,0.3303353488445282,0.3303353488445282,provision_vm;generate_report;db_write;send_notification;create_ticket,0.33033535;0.33015952;0.32985988;0.31682864;0.30521792,721,paraphrase_variant,
Paraphrase,875,Let's stand up a VM for Legal.,provision_vm,provision_vm,update_subscription,False,6,0.2625511884689331,0.1825266182422638,update_subscription;escalate_to_human;create_ticket;send_notification;generate_report,0.26255119;0.24963094;0.22423236;0.19771126;0.18300353,722,paraphrase_original,
Paraphrase,876,Quick one -- let's stand up a vm for legal.,provision_vm,provision_vm,create_ticket,False,5,0.36240071058273315,0.3280940055847168,create_ticket;escalate_to_human;send_notification;generate_report;provision_vm,0.36240071;0.35185182;0.33910608;0.33034396;0.32809401,722,paraphrase_variant,
Paraphrase,877,Could someone let's stand up a vm for legal?,provision_vm,provision_vm,escalate_to_human,False,6,0.2916855216026306,0.20133106410503387,escalate_to_human;create_ticket;update_subscription;send_notification;generate_report,0.29168552;0.26506245;0.25439781;0.24713875;0.20946947,722,paraphrase_variant,
Paraphrase,878,We request that you let's stand up a vm for legal.,provision_vm,provision_vm,update_subscription,False,6,0.311759889125824,0.24283453822135925,update_subscription;create_ticket;send_notification;escalate_to_human;generate_report,0.31175989;0.29234153;0.27968612;0.27512160;0.24295899,722,paraphrase_variant,
Paraphrase,879,let's stand up a vm for legal -- that's what needs to happen.,provision_vm,provision_vm,escalate_to_human,False,5,0.3489558696746826,0.2835622727870941,escalate_to_human;create_ticket;send_notification;generate_report;provision_vm,0.34895587;0.31777593;0.29421124;0.29056329;0.28356227,722,paraphrase_variant,
Paraphrase,880,Let's bring up a compute instance for Legal.,provision_vm,provision_vm,escalate_to_human,False,3,0.47027793526649475,0.365553617477417,escalate_to_human;create_ticket;provision_vm;generate_report;send_notification,0.47027794;0.37281278;0.36555362;0.36439964;0.35818866,724,paraphrase_original,
Paraphrase,881,What we need is for let's bring up a compute instance for legal.,provision_vm,provision_vm,escalate_to_human,False,5,0.4587506949901581,0.3525972366333008,escalate_to_human;create_ticket;send_notification;generate_report;provision_vm,0.45875069;0.38174865;0.36377984;0.36032656;0.35259724,724,paraphrase_variant,
Paraphrase,882,Please let's bring up a compute instance for legal.,provision_vm,provision_vm,escalate_to_human,False,4,0.4894588887691498,0.3909182548522949,escalate_to_human;create_ticket;generate_report;provision_vm;send_notification,0.48945889;0.40125716;0.39361018;0.39091825;0.37999415,724,paraphrase_variant,
Paraphrase,883,Could someone let's bring up a compute instance for legal?,provision_vm,provision_vm,escalate_to_human,False,4,0.46862655878067017,0.3509068489074707,escalate_to_human;create_ticket;send_notification;provision_vm;generate_report,0.46862656;0.37143704;0.36186078;0.35090685;0.34942347,724,paraphrase_variant,
Paraphrase,884,Do me a favor and let's bring up a compute instance for legal.,provision_vm,provision_vm,escalate_to_human,False,4,0.4413251280784607,0.3540405333042145,escalate_to_human;create_ticket;generate_report;provision_vm;send_notification,0.44132513;0.39169568;0.36620453;0.35404053;0.33845162,724,paraphrase_variant,
Paraphrase,885,Kindly create a server for Legal.,provision_vm,provision_vm,escalate_to_human,False,5,0.28698742389678955,0.25410935282707214,escalate_to_human;create_ticket;send_notification;generate_report;provision_vm,0.28698742;0.28423768;0.26458007;0.26244551;0.25410935,729,paraphrase_original,
Paraphrase,886,What we need is for create a server for legal.,provision_vm,provision_vm,send_notification,False,5,0.282915323972702,0.26427221298217773,send_notification;generate_report;escalate_to_human;create_ticket;provision_vm,0.28291532;0.27454862;0.27347234;0.27214223;0.26427221,729,paraphrase_variant,
Paraphrase,887,Could you please create a server for legal.,provision_vm,provision_vm,send_notification,False,4,0.35591480135917664,0.3377392590045929,send_notification;generate_report;escalate_to_human;provision_vm;create_ticket,0.35591480;0.35260442;0.34866655;0.33773926;0.33499435,729,paraphrase_variant,
Paraphrase,888,Would anyone be able to create a server for legal?,provision_vm,provision_vm,send_notification,False,4,0.30454227328300476,0.28229302167892456,send_notification;generate_report;escalate_to_human;provision_vm;create_ticket,0.30454227;0.29627106;0.29084420;0.28229302;0.28143796,729,paraphrase_variant,
Paraphrase,889,Do me a favor and create a server for legal.,provision_vm,provision_vm,create_ticket,False,3,0.2603869140148163,0.24220234155654907,create_ticket;generate_report;provision_vm;escalate_to_human;send_notification,0.26038691;0.25640655;0.24220234;0.23765089;0.23017615,729,paraphrase_variant,
Paraphrase,890,Kindly stand up a VM for Engineering.,provision_vm,provision_vm,quarantine_system,False,4,0.2614287734031677,0.2257116734981537,quarantine_system;scan_malware;send_notification;provision_vm;update_subscription,0.26142877;0.24742928;0.23628381;0.22571167;0.22540052,730,paraphrase_original,
Paraphrase,891,What we need is for stand up a vm for engineering.,provision_vm,provision_vm,quarantine_system,False,6,0.21063007414340973,0.1686282455921173,quarantine_system;send_notification;update_subscription;generate_report;process_refund,0.21063007;0.20765491;0.19624513;0.17842215;0.17128991,730,paraphrase_variant,
Paraphrase,892,Kindly stand up a vm for engineering.,provision_vm,provision_vm,quarantine_system,False,4,0.2614287734031677,0.2257116734981537,quarantine_system;scan_malware;send_notification;provision_vm;update_subscription,0.26142877;0.24742928;0.23628381;0.22571167;0.22540052,730,paraphrase_variant,
Paraphrase,893,Would anyone be able to stand up a vm for engineering?,provision_vm,provision_vm,send_notification,False,5,0.23527827858924866,0.18687474727630615,send_notification;scan_malware;quarantine_system;generate_report;provision_vm,0.23527828;0.20996949;0.20748439;0.19938959;0.18687475,730,paraphrase_variant,
Paraphrase,894,Quick one -- stand up a vm for engineering.,provision_vm,provision_vm,send_notification,False,3,0.2721586227416992,0.2660278379917145,send_notification;generate_report;provision_vm;create_ticket;quarantine_system,0.27215862;0.27168486;0.26602784;0.26530755;0.26278430,730,paraphrase_variant,
Paraphrase,895,Kindly bring up a compute instance for Engineering.,provision_vm,provision_vm,provision_vm,True,1,0.3923938274383545,0.3923938274383545,provision_vm;process_refund;generate_report;quarantine_system;send_notification,0.39239383;0.39056703;0.38747343;0.37514266;0.36708161,732,paraphrase_original,
Paraphrase,896,The situation requires bring up a compute instance for engineering.,provision_vm,provision_vm,escalate_to_human,False,2,0.4395633339881897,0.4172527492046356,escalate_to_human;provision_vm;generate_report;process_refund;quarantine_system,0.43956333;0.41725275;0.39949021;0.39652368;0.39216235,732,paraphrase_variant,
Paraphrase,897,We request that you bring up a compute instance for engineering.,provision_vm,provision_vm,provision_vm,True,1,0.429011732339859,0.429011732339859,provision_vm;quarantine_system;send_notification;generate_report;process_refund,0.42901173;0.42898273;0.42675889;0.41789794;0.41238430,732,paraphrase_variant,
Paraphrase,898,"Yo, bring up a compute instance for engineering.",provision_vm,provision_vm,provision_vm,True,1,0.4221816956996918,0.4221816956996918,provision_vm;generate_report;quarantine_system;send_notification;process_refund,0.42218170;0.40609199;0.39846283;0.39026827;0.38324714,732,paraphrase_variant,
Paraphrase,899,Is it possible to bring up a compute instance for engineering?,provision_vm,provision_vm,provision_vm,True,1,0.33845409750938416,0.33845409750938416,provision_vm;quarantine_system;escalate_to_human;send_notification;generate_report,0.33845410;0.33315820;0.33227003;0.32690987;0.31475759,732,paraphrase_variant,
Paraphrase,900,Kindly allocate a new VM to Finance.,provision_vm,provision_vm,update_subscription,False,3,0.33698609471321106,0.2941324710845947,update_subscription;create_ticket;provision_vm;generate_report;db_write,0.33698609;0.30161181;0.29413247;0.27063981;0.25710961,733,paraphrase_original,
Paraphrase,901,Would anyone be able to allocate a new vm to finance?,provision_vm,provision_vm,update_subscription,False,2,0.3672255575656891,0.35604655742645264,update_subscription;provision_vm;create_ticket;generate_report;db_write,0.36722556;0.35604656;0.35303542;0.34739468;0.32739922,733,paraphrase_variant,
Paraphrase,902,Could you please allocate a new vm to finance.,provision_vm,provision_vm,update_subscription,False,2,0.38866984844207764,0.3633464574813843,update_subscription;provision_vm;generate_report;create_ticket;send_notification,0.38866985;0.36334646;0.35460630;0.34796301;0.32674995,733,paraphrase_variant,
Paraphrase,903,It would help if allocate a new vm to finance.,provision_vm,provision_vm,provision_vm,True,1,0.38786664605140686,0.38786664605140686,provision_vm;create_ticket;generate_report;update_subscription;db_write,0.38786665;0.37619913;0.37496927;0.36871824;0.35865480,733,paraphrase_variant,
Paraphrase,904,"Yo, allocate a new vm to finance.",provision_vm,provision_vm,update_subscription,False,2,0.3887901306152344,0.3869103193283081,update_subscription;provision_vm;generate_report;db_write;quarantine_system,0.38879013;0.38691032;0.35396630;0.34443724;0.33347622,733,paraphrase_variant,
Paraphrase,905,reboot staging-db-02.,restart_service,restart_service,restart_service,True,1,0.4106070399284363,0.4106070399284363,restart_service;db_write;process_refund;provision_vm;db_read,0.41060704;0.30504176;0.23464315;0.22107829;0.21929134,738,paraphrase_original,
Paraphrase,906,Need you to reboot staging-db-02.,restart_service,restart_service,restart_service,True,1,0.42750874161720276,0.42750874161720276,restart_service;db_write;process_refund;provision_vm;db_read,0.42750874;0.33763564;0.27373064;0.25881350;0.25407481,738,paraphrase_variant,
Paraphrase,907,Is it possible to reboot staging-db-02?,restart_service,restart_service,restart_service,True,1,0.42356789112091064,0.42356789112091064,restart_service;db_write;process_refund;provision_vm;db_read,0.42356789;0.27287129;0.22366101;0.21328795;0.17572747,738,paraphrase_variant,
Paraphrase,908,What we need is for reboot staging-db-02.,restart_service,restart_service,restart_service,True,1,0.4522993862628937,0.4522993862628937,restart_service;db_write;process_refund;db_read;provision_vm,0.45229939;0.36673793;0.27785352;0.27572039;0.26569968,738,paraphrase_variant,
Paraphrase,909,Please reboot staging-db-02.,restart_service,restart_service,restart_service,True,1,0.4015410542488098,0.4015410542488098,restart_service;db_write;process_refund;provision_vm;db_read,0.40154105;0.31003979;0.24337819;0.23277478;0.21894856,738,paraphrase_variant,
Paraphrase,910,cycle ml-infer-05.,restart_service,restart_service,send_notification,False,9,0.1935988813638687,0.15381814539432526,send_notification;quarantine_system;scan_malware;process_refund;generate_report,0.19359888;0.19235085;0.18198185;0.16832218;0.16466376,740,paraphrase_original,
Paraphrase,911,What we need is for cycle ml-infer-05.,restart_service,restart_service,db_write,False,9,0.26252683997154236,0.18445266783237457,db_write;send_notification;quarantine_system;db_read;generate_report,0.26252684;0.25812495;0.24077216;0.23873402;0.23034133,740,paraphrase_variant,
Paraphrase,912,Could someone cycle ml-infer-05?,restart_service,restart_service,scan_malware,False,11,0.2810867726802826,0.17344269156455994,scan_malware;send_notification;quarantine_system;generate_report;provision_vm,0.28108677;0.26751441;0.26593792;0.25444663;0.24861079,740,paraphrase_variant,
Paraphrase,913,"Yo, cycle ml-infer-05.",restart_service,restart_service,quarantine_system,False,7,0.2945030927658081,0.2458706796169281,quarantine_system;send_notification;process_refund;generate_report;provision_vm,0.29450309;0.29183924;0.27224457;0.27184424;0.26105821,740,paraphrase_variant,
Paraphrase,914,Kindly cycle ml-infer-05.,restart_service,restart_service,quarantine_system,False,8,0.2280304729938507,0.18233264982700348,quarantine_system;scan_malware;send_notification;process_refund;generate_report,0.22803047;0.22662871;0.22627096;0.20214942;0.19571657,740,paraphrase_variant,
Paraphrase,915,reload the service hosted on staging-db-02.,restart_service,restart_service,restart_service,True,1,0.49089857935905457,0.49089857935905457,restart_service;db_write;process_refund;db_read;provision_vm,0.49089858;0.27966630;0.24954827;0.20248155;0.20208180,743,paraphrase_original,
Paraphrase,916,The situation requires reload the service hosted on staging-db-02.,restart_service,restart_service,restart_service,True,1,0.5000389218330383,0.5000389218330383,restart_service;db_write;process_refund;provision_vm;db_read,0.50003892;0.31339106;0.29249516;0.24152550;0.23374547,743,paraphrase_variant,
Paraphrase,917,We request that you reload the service hosted on staging-db-02.,restart_service,restart_service,restart_service,True,1,0.46785658597946167,0.46785658597946167,restart_service;db_write;process_refund;db_read;provision_vm,0.46785659;0.31600013;0.27678376;0.24235281;0.23901419,743,paraphrase_variant,
Paraphrase,918,Could someone reload the service hosted on staging-db-02?,restart_service,restart_service,restart_service,True,1,0.4361669421195984,0.4361669421195984,restart_service;db_write;process_refund;db_read;provision_vm,0.43616694;0.24004792;0.21474718;0.18586786;0.17504494,743,paraphrase_variant,
Paraphrase,919,Gonna need you to reload the service hosted on staging-db-02.,restart_service,restart_service,restart_service,True,1,0.4988071322441101,0.4988071322441101,restart_service;db_write;process_refund;db_read;provision_vm,0.49880713;0.36047295;0.31752872;0.28332931;0.28286204,743,paraphrase_variant,
Paraphrase,920,perform a service restart on auth-svc-04.,restart_service,restart_service,restart_service,True,1,0.5362825989723206,0.5362825989723206,restart_service;process_refund;quarantine_system;provision_vm;reset_password,0.53628260;0.25820935;0.20576832;0.18026151;0.16981153,744,paraphrase_original,
Paraphrase,921,Kindly perform a service restart on auth-svc-04.,restart_service,restart_service,restart_service,True,1,0.5319733023643494,0.5319733023643494,restart_service;process_refund;quarantine_system;provision_vm;reset_password,0.53197330;0.25758389;0.20285048;0.17140348;0.16307072,744,paraphrase_variant,
Paraphrase,922,"Hey, can you perform a service restart on auth-svc-04.",restart_service,restart_service,restart_service,True,1,0.5590304136276245,0.5590304136276245,restart_service;process_refund;quarantine_system;provision_vm;reset_password,0.55903041;0.32541576;0.28506884;0.26979932;0.22950205,744,paraphrase_variant,
Paraphrase,923,It would help if perform a service restart on auth-svc-04.,restart_service,restart_service,restart_service,True,1,0.5329064130783081,0.5329064130783081,restart_service;process_refund;quarantine_system;provision_vm;reset_password,0.53290641;0.30780768;0.25993711;0.23077399;0.20586796,744,paraphrase_variant,
Paraphrase,924,Is it possible to perform a service restart on auth-svc-04?,restart_service,restart_service,restart_service,True,1,0.5103021860122681,0.5103021860122681,restart_service;process_refund;quarantine_system;reset_password;provision_vm,0.51030219;0.22568280;0.17318298;0.15112868;0.14833078,744,paraphrase_variant,
Paraphrase,925,Please restart the service on cdn-edge-06.,restart_service,restart_service,restart_service,True,1,0.5003983974456787,0.5003983974456787,restart_service;process_refund;provision_vm;quarantine_system;send_notification,0.50039840;0.35511661;0.31500524;0.31418929;0.29540414,745,paraphrase_original,
Paraphrase,926,"Hey, can you restart the service on cdn-edge-06.",restart_service,restart_service,restart_service,True,1,0.5539684295654297,0.5539684295654297,restart_service;process_refund;provision_vm;quarantine_system;send_notification,0.55396843;0.37747905;0.35132962;0.34365007;0.30220443,745,paraphrase_variant,
Paraphrase,927,Could you please restart the service on cdn-edge-06.,restart_service,restart_service,restart_service,True,1,0.5485894680023193,0.5485894680023193,restart_service;process_refund;provision_vm;quarantine_system;send_notification,0.54858947;0.37443709;0.33457533;0.33374572;0.29998171,745,paraphrase_variant,
Paraphrase,928,Could someone restart the service on cdn-edge-06?,restart_service,restart_service,restart_service,True,1,0.52730792760849,0.52730792760849,restart_service;process_refund;quarantine_system;provision_vm;check_status,0.52730793;0.32403100;0.28330567;0.27541855;0.25218523,745,paraphrase_variant,
Paraphrase,929,The situation requires restart the service on cdn-edge-06.,restart_service,restart_service,restart_service,True,1,0.5408548712730408,0.5408548712730408,restart_service;process_refund;provision_vm;quarantine_system;send_notification,0.54085487;0.37454084;0.32710850;0.32207847;0.27422208,745,paraphrase_variant,
Paraphrase,930,Can you restart the service on ml-infer-05?,restart_service,restart_service,restart_service,True,1,0.5715336799621582,0.5715336799621582,restart_service;process_refund;quarantine_system;provision_vm;db_write,0.57153368;0.36644942;0.32604694;0.31647861;0.28039309,753,paraphrase_original,
Paraphrase,931,Would anyone be able to restart the service on ml-infer-05?,restart_service,restart_service,restart_service,True,1,0.5506154298782349,0.5506154298782349,restart_service;process_refund;quarantine_system;provision_vm;db_write,0.55061543;0.37610558;0.34379900;0.33498687;0.30026507,753,paraphrase_variant,
Paraphrase,932,I'd appreciate it if you could restart the service on ml-infer-05.,restart_service,restart_service,restart_service,True,1,0.5662643313407898,0.5662643313407898,restart_service;process_refund;quarantine_system;provision_vm;send_notification,0.56626433;0.44018143;0.40898201;0.40812057;0.36798632,753,paraphrase_variant,
Paraphrase,933,It would help if restart the service on ml-infer-05.,restart_service,restart_service,restart_service,True,1,0.5218732357025146,0.5218732357025146,restart_service;process_refund;quarantine_system;provision_vm;generate_report,0.52187324;0.38760310;0.34941989;0.32974544;0.30543363,753,paraphrase_variant,
Paraphrase,934,Gonna need you to restart the service on ml-infer-05.,restart_service,restart_service,restart_service,True,1,0.547258734703064,0.547258734703064,restart_service;process_refund;quarantine_system;provision_vm;send_notification,0.54725873;0.41815370;0.39424399;0.37941718;0.34161490,753,paraphrase_variant,
Paraphrase,935,Could you restart cdn-edge-06's service process for me?,restart_service,restart_service,restart_service,True,1,0.5514124035835266,0.5514124035835266,restart_service;process_refund;quarantine_system;provision_vm;check_status,0.55141240;0.37480730;0.33679202;0.32499564;0.30557728,765,paraphrase_original,
Paraphrase,936,The situation requires restart cdn-edge-06's service process for me.,restart_service,restart_service,restart_service,True,1,0.5250731706619263,0.5250731706619263,restart_service;process_refund;provision_vm;quarantine_system;create_ticket,0.52507317;0.37773228;0.33257613;0.33238292;0.28921875,765,paraphrase_variant,
Paraphrase,937,Who can restart cdn-edge-06's service process for me?,restart_service,restart_service,restart_service,True,1,0.5162216424942017,0.5162216424942017,restart_service;process_refund;quarantine_system;provision_vm;check_status,0.51622164;0.31392971;0.27419242;0.26014167;0.23394990,765,paraphrase_variant,
Paraphrase,938,I'd appreciate it if you could restart cdn-edge-06's service process for me.,restart_service,restart_service,restart_service,True,1,0.5514135360717773,0.5514135360717773,restart_service;process_refund;provision_vm;quarantine_system;send_notification,0.55141354;0.40094101;0.35945016;0.35695767;0.32122874,765,paraphrase_variant,
Paraphrase,939,"Hey, can you restart cdn-edge-06's service process for me.",restart_service,restart_service,restart_service,True,1,0.5420864820480347,0.5420864820480347,restart_service;process_refund;provision_vm;quarantine_system;send_notification,0.54208648;0.38674495;0.35305586;0.35304648;0.30995122,765,paraphrase_variant,
Paraphrase,940,Could you bring the service on auth-svc-04 back up for me?,restart_service,restart_service,restart_service,True,1,0.4401039481163025,0.4401039481163025,restart_service;process_refund;quarantine_system;provision_vm;generate_report,0.44010395;0.36409003;0.35332772;0.34543753;0.30663970,766,paraphrase_original,
Paraphrase,941,Would you mind bring the service on auth-svc-04 back up for me.,restart_service,restart_service,restart_service,True,1,0.3800995349884033,0.3800995349884033,restart_service;quarantine_system;provision_vm;process_refund;generate_report,0.38009953;0.35211149;0.34834880;0.34547997;0.32096675,766,paraphrase_variant,
Paraphrase,942,It would help if bring the service on auth-svc-04 back up for me.,restart_service,restart_service,restart_service,True,1,0.46291297674179077,0.46291297674179077,restart_service;process_refund;quarantine_system;provision_vm;check_status,0.46291298;0.36072451;0.32738364;0.30736580;0.29383326,766,paraphrase_variant,
Paraphrase,943,Quick one -- bring the service on auth-svc-04 back up for me.,restart_service,restart_service,restart_service,True,1,0.4197186529636383,0.4197186529636383,restart_service;process_refund;quarantine_system;provision_vm;generate_report,0.41971865;0.36520711;0.33815798;0.33726150;0.31264096,766,paraphrase_variant,
Paraphrase,944,Could someone bring the service on auth-svc-04 back up for me?,restart_service,restart_service,restart_service,True,1,0.38528913259506226,0.38528913259506226,restart_service;process_refund;quarantine_system;provision_vm;create_ticket,0.38528913;0.32670426;0.31600979;0.29770991;0.28309518,766,paraphrase_variant,
Paraphrase,945,I need you to restart the service on staging-db-02.,restart_service,restart_service,restart_service,True,1,0.542603611946106,0.542603611946106,restart_service;db_write;process_refund;quarantine_system;provision_vm,0.54260361;0.32382622;0.31059724;0.25402841;0.24817456,769,paraphrase_original,
Paraphrase,946,Could you please restart the service on staging-db-02.,restart_service,restart_service,restart_service,True,1,0.5385838747024536,0.5385838747024536,restart_service;db_write;process_refund;quarantine_system;provision_vm,0.53858387;0.32491997;0.32449508;0.26827341;0.26561633,769,paraphrase_variant,
Paraphrase,947,"Hey, can you restart the service on staging-db-02.",restart_service,restart_service,restart_service,True,1,0.5474221706390381,0.5474221706390381,restart_service;db_write;process_refund;provision_vm;quarantine_system,0.54742217;0.33291870;0.33197361;0.28712991;0.28484285,769,paraphrase_variant,
Paraphrase,948,Could someone restart the service on staging-db-02?,restart_service,restart_service,restart_service,True,1,0.49031999707221985,0.49031999707221985,restart_service;process_refund;db_write;quarantine_system;check_status,0.49032000;0.23547500;0.23228997;0.18631513;0.18046010,769,paraphrase_variant,
Paraphrase,949,It would help if restart the service on staging-db-02.,restart_service,restart_service,restart_service,True,1,0.5456839799880981,0.5456839799880981,restart_service;db_write;process_refund;check_status;db_read,0.54568398;0.34194788;0.33476502;0.27756485;0.27748916,769,paraphrase_variant,
Paraphrase,950,I need you to cycle cdn-edge-06.,restart_service,restart_service,provision_vm,False,13,0.3587395250797272,0.20774899423122406,provision_vm;send_notification;quarantine_system;generate_report;create_ticket,0.35873953;0.34115863;0.33621821;0.31227693;0.29878631,772,paraphrase_original,
Paraphrase,951,Is it possible to cycle cdn-edge-06?,restart_service,restart_service,provision_vm,False,11,0.2936413884162903,0.19445544481277466,provision_vm;quarantine_system;send_notification;create_ticket;scan_malware,0.29364139;0.27085996;0.25124532;0.24421249;0.24000382,772,paraphrase_variant,
Paraphrase,952,Need you to cycle cdn-edge-06.,restart_service,restart_service,provision_vm,False,13,0.34823930263519287,0.2122412472963333,provision_vm;send_notification;quarantine_system;generate_report;create_ticket,0.34823930;0.33125848;0.32870793;0.30254132;0.29890981,772,paraphrase_variant,
Paraphrase,953,We request that you cycle cdn-edge-06.,restart_service,restart_service,send_notification,False,13,0.3538210988044739,0.21315476298332214,send_notification;provision_vm;quarantine_system;generate_report;create_ticket,0.35382110;0.33964059;0.32745591;0.31341532;0.30897492,772,paraphrase_variant,
Paraphrase,954,It would help if cycle cdn-edge-06.,restart_service,restart_service,provision_vm,False,10,0.2894577085971832,0.2085944563150406,provision_vm;send_notification;quarantine_system;generate_report;create_ticket,0.28945771;0.28507876;0.28088027;0.26630074;0.26414457,772,paraphrase_variant,
Paraphrase,955,Let's perform a service restart on auth-svc-04.,restart_service,restart_service,restart_service,True,1,0.5471133589744568,0.5471133589744568,restart_service;process_refund;quarantine_system;provision_vm;reset_password,0.54711336;0.30417678;0.25996247;0.23084775;0.19966201,792,paraphrase_original,
Paraphrase,956,Is it possible to let's perform a service restart on auth-svc-04?,restart_service,restart_service,restart_service,True,1,0.513833224773407,0.513833224773407,restart_service;process_refund;quarantine_system;provision_vm;reset_password,0.51383322;0.24391778;0.18928482;0.17074673;0.15651400,792,paraphrase_variant,
Paraphrase,957,Would you mind let's perform a service restart on auth-svc-04.,restart_service,restart_service,restart_service,True,1,0.5355475544929504,0.5355475544929504,restart_service;process_refund;quarantine_system;provision_vm;reset_password,0.53554755;0.32582653;0.29013824;0.27799904;0.24342628,792,paraphrase_variant,
Paraphrase,958,It would help if let's perform a service restart on auth-svc-04.,restart_service,restart_service,restart_service,True,1,0.5346738696098328,0.5346738696098328,restart_service;process_refund;quarantine_system;provision_vm;create_ticket,0.53467387;0.32783464;0.27801022;0.26437977;0.23419490,792,paraphrase_variant,
Paraphrase,959,Need you to let's perform a service restart on auth-svc-04.,restart_service,restart_service,restart_service,True,1,0.5645201206207275,0.5645201206207275,restart_service;process_refund;quarantine_system;provision_vm;reset_password,0.56452012;0.32456142;0.27586859;0.25457337;0.21897826,792,paraphrase_variant,
Paraphrase,960,Kindly reboot auth-svc-04.,restart_service,restart_service,restart_service,True,1,0.3975754678249359,0.3975754678249359,restart_service;reset_password;process_refund;provision_vm;quarantine_system,0.39757547;0.28096879;0.22951086;0.18312114;0.17554779,794,paraphrase_original,
Paraphrase,961,Would you mind reboot auth-svc-04.,restart_service,restart_service,restart_service,True,1,0.4197208881378174,0.4197208881378174,restart_service;reset_password;provision_vm;process_refund;quarantine_system,0.41972089;0.34421653;0.29795176;0.29651228;0.27471060,794,paraphrase_variant,
Paraphrase,962,Is it possible to reboot auth-svc-04?,restart_service,restart_service,restart_service,True,1,0.42467552423477173,0.42467552423477173,restart_service;reset_password;process_refund;provision_vm;quarantine_system,0.42467552;0.29717600;0.23022203;0.19952218;0.17562266,794,paraphrase_variant,
Paraphrase,963,reboot auth-svc-04 -- that's what needs to happen.,restart_service,restart_service,restart_service,True,1,0.4291588068008423,0.4291588068008423,restart_service;reset_password;process_refund;provision_vm;quarantine_system,0.42915881;0.32101005;0.27989846;0.23821530;0.23400362,794,paraphrase_variant,
Paraphrase,964,"Yo, reboot auth-svc-04.",restart_service,restart_service,restart_service,True,1,0.41407614946365356,0.41407614946365356,restart_service;reset_password;process_refund;provision_vm;quarantine_system,0.41407615;0.31951791;0.27859369;0.25783890;0.24060410,794,paraphrase_variant,
Paraphrase,965,Kindly cycle cdn-edge-06.,restart_service,restart_service,provision_vm,False,9,0.268709659576416,0.1887885183095932,provision_vm;quarantine_system;send_notification;create_ticket;scan_malware,0.26870966;0.25212836;0.24698596;0.23114738;0.22254223,796,paraphrase_original,
Paraphrase,966,We request that you cycle cdn-edge-06.,restart_service,restart_service,send_notification,False,13,0.3538210988044739,0.21315476298332214,send_notification;provision_vm;quarantine_system;generate_report;create_ticket,0.35382110;0.33964059;0.32745591;0.31341532;0.30897492,796,paraphrase_variant,
Paraphrase,967,Who can cycle cdn-edge-06?,restart_service,restart_service,provision_vm,False,11,0.26894813776016235,0.13159002363681793,provision_vm;escalate_to_human;send_notification;create_ticket;quarantine_system,0.26894814;0.26013061;0.25786123;0.23457810;0.22769018,796,paraphrase_variant,
Paraphrase,968,It would help if cycle cdn-edge-06.,restart_service,restart_service,provision_vm,False,10,0.2894577085971832,0.2085944563150406,provision_vm;send_notification;quarantine_system;generate_report;create_ticket,0.28945771;0.28507876;0.28088027;0.26630074;0.26414457,796,paraphrase_variant,
Paraphrase,969,Need you to cycle cdn-edge-06.,restart_service,restart_service,provision_vm,False,13,0.34823930263519287,0.2122412472963333,provision_vm;send_notification;quarantine_system;generate_report;create_ticket,0.34823930;0.33125848;0.32870793;0.30254132;0.29890981,796,paraphrase_variant,
Paraphrase,970,"When you have a moment, restart the service on staging-db-02.",restart_service,restart_service,restart_service,True,1,0.512504518032074,0.512504518032074,restart_service;process_refund;db_write;quarantine_system;provision_vm,0.51250452;0.32121751;0.30572814;0.26618004;0.25106162,801,paraphrase_original,
Paraphrase,971,"Quick one -- when you have a moment, restart the service on staging-db-02.",restart_service,restart_service,restart_service,True,1,0.5207904577255249,0.5207904577255249,restart_service;process_refund;db_write;quarantine_system;provision_vm,0.52079046;0.38039628;0.37129608;0.33615118;0.33071733,801,paraphrase_variant,
Paraphrase,972,"Would anyone be able to when you have a moment, restart the service on staging-db-02?",restart_service,restart_service,restart_service,True,1,0.5367425680160522,0.5367425680160522,restart_service;process_refund;db_write;provision_vm;quarantine_system,0.53674257;0.36037976;0.34014317;0.32045788;0.31533319,801,paraphrase_variant,
Paraphrase,973,"We request that you when you have a moment, restart the service on staging-db-02.",restart_service,restart_service,restart_service,True,1,0.5154587626457214,0.5154587626457214,restart_service;process_refund;db_write;quarantine_system;provision_vm,0.51545876;0.35136279;0.32483152;0.30574018;0.29150966,801,paraphrase_variant,
Paraphrase,974,"when you have a moment, restart the service on staging-db-02 -- that's what needs to happen.",restart_service,restart_service,restart_service,True,1,0.5119085907936096,0.5119085907936096,restart_service;process_refund;db_write;quarantine_system;provision_vm,0.51190859;0.34279254;0.33682215;0.30067715;0.28803587,801,paraphrase_variant,
Paraphrase,975,"When you have a moment, bounce the service running on ml-infer-05.",restart_service,restart_service,restart_service,True,1,0.37110278010368347,0.37110278010368347,restart_service;quarantine_system;check_status;process_refund;send_notification,0.37110278;0.35798848;0.34509650;0.32908416;0.31911477,803,paraphrase_original,
Paraphrase,976,"What we need is for when you have a moment, bounce the service running on ml-infer-05.",restart_service,restart_service,restart_service,True,1,0.34137654304504395,0.34137654304504395,restart_service;quarantine_system;check_status;send_notification;process_refund,0.34137654;0.33622470;0.32967928;0.32106262;0.31229502,803,paraphrase_variant,
Paraphrase,977,"Would you mind when you have a moment, bounce the service running on ml-infer-05.",restart_service,restart_service,quarantine_system,False,2,0.37290799617767334,0.3566744029521942,quarantine_system;restart_service;send_notification;process_refund;check_status,0.37290800;0.35667440;0.33999959;0.33870825;0.33487758,803,paraphrase_variant,
Paraphrase,978,"Hey, can you when you have a moment, bounce the service running on ml-infer-05.",restart_service,restart_service,quarantine_system,False,4,0.42578673362731934,0.3859683871269226,quarantine_system;send_notification;provision_vm;restart_service;process_refund,0.42578673;0.40934786;0.38658130;0.38596839;0.38484955,803,paraphrase_variant,
Paraphrase,979,"Is it possible to when you have a moment, bounce the service running on ml-infer-05?",restart_service,restart_service,restart_service,True,1,0.33250343799591064,0.33250343799591064,restart_service;quarantine_system;check_status;process_refund;send_notification,0.33250344;0.30485228;0.28405616;0.27244249;0.26760113,803,paraphrase_variant,
Paraphrase,980,see if ml-infer-05 is up.,check_status,check_status,check_status,True,1,0.26600611209869385,0.26600611209869385,check_status;quarantine_system;db_read;send_notification;log_audit_event,0.26600611;0.25822100;0.24742162;0.24171157;0.23875785,806,paraphrase_original,
Paraphrase,981,The situation requires see if ml-infer-05 is up.,check_status,check_status,send_notification,False,4,0.3052995800971985,0.28184983134269714,send_notification;generate_report;quarantine_system;check_status;log_audit_event,0.30529958;0.30377445;0.29228434;0.28184983;0.26154920,806,paraphrase_variant,
Paraphrase,982,Gonna need you to see if ml-infer-05 is up.,check_status,check_status,generate_report,False,10,0.3481972813606262,0.26889559626579285,generate_report;send_notification;quarantine_system;db_write;log_audit_event,0.34819728;0.34010407;0.33295423;0.31921926;0.30274653,806,paraphrase_variant,
Paraphrase,983,Who can see if ml-infer-05 is up?,check_status,check_status,send_notification,False,5,0.2571769952774048,0.232639878988266,send_notification;log_audit_event;generate_report;quarantine_system;check_status,0.25717700;0.25616542;0.24746682;0.24068642;0.23263988,806,paraphrase_variant,
Paraphrase,984,Please see if ml-infer-05 is up.,check_status,check_status,quarantine_system,False,10,0.3314381241798401,0.28003761172294617,quarantine_system;generate_report;send_notification;log_audit_event;scan_malware,0.33143812;0.33077192;0.32358587;0.31132966;0.30657867,806,paraphrase_variant,
Paraphrase,985,inspect the current state of ml-infer-05.,check_status,check_status,log_audit_event,False,2,0.2704039216041565,0.2540924847126007,log_audit_event;check_status;quarantine_system;scan_malware;generate_report,0.27040392;0.25409248;0.25073898;0.24784069;0.24173076,807,paraphrase_original,
Paraphrase,986,Who can inspect the current state of ml-infer-05?,check_status,check_status,log_audit_event,False,5,0.29933977127075195,0.25870954990386963,log_audit_event;generate_report;quarantine_system;send_notification;check_status,0.29933977;0.28117931;0.27580404;0.26494771;0.25870955,807,paraphrase_variant,
Paraphrase,987,The situation requires inspect the current state of ml-infer-05.,check_status,check_status,quarantine_system,False,8,0.33755069971084595,0.28633368015289307,quarantine_system;generate_report;send_notification;log_audit_event;process_refund,0.33755070;0.33545491;0.31976664;0.30794942;0.30557942,807,paraphrase_variant,
Paraphrase,988,"Yo, inspect the current state of ml-infer-05.",check_status,check_status,generate_report,False,10,0.3482845723628998,0.3041965067386627,generate_report;quarantine_system;log_audit_event;scan_malware;process_refund,0.34828457;0.34723282;0.33725068;0.32417962;0.31877074,807,paraphrase_variant,
Paraphrase,989,Kindly inspect the current state of ml-infer-05.,check_status,check_status,log_audit_event,False,3,0.2878122925758362,0.2777334749698639,log_audit_event;quarantine_system;check_status;scan_malware;generate_report,0.28781229;0.28420684;0.27773347;0.27736664;0.27727747,807,paraphrase_variant,
Paraphrase,990,look into auth-svc-04's health.,check_status,check_status,quarantine_system,False,12,0.27003124356269836,0.16219200193881989,quarantine_system;reset_password;scan_malware;log_audit_event;escalate_to_human,0.27003124;0.25294733;0.24827342;0.23690924;0.22964057,808,paraphrase_original,
Paraphrase,991,"Hey, can you look into auth-svc-04's health.",check_status,check_status,quarantine_system,False,11,0.3482491970062256,0.23056212067604065,quarantine_system;reset_password;log_audit_event;scan_malware;generate_report,0.34824920;0.32942873;0.31896749;0.31610012;0.31180683,808,paraphrase_variant,
Paraphrase,992,We request that you look into auth-svc-04's health.,check_status,check_status,quarantine_system,False,11,0.3546050488948822,0.2507062256336212,quarantine_system;log_audit_event;send_notification;process_refund;generate_report,0.35460505;0.32556766;0.31688654;0.31163776;0.30388486,808,paraphrase_variant,
Paraphrase,993,Is it possible to look into auth-svc-04's health?,check_status,check_status,log_audit_event,False,4,0.22606490552425385,0.18719962239265442,log_audit_event;quarantine_system;reset_password;check_status;scan_malware,0.22606491;0.22196037;0.19086824;0.18719962;0.18629301,808,paraphrase_variant,
Paraphrase,994,It would help if look into auth-svc-04's health.,check_status,check_status,quarantine_system,False,11,0.3256685435771942,0.23359161615371704,quarantine_system;process_refund;log_audit_event;send_notification;generate_report,0.32566854;0.29524869;0.29515025;0.28888303;0.28812101,808,paraphrase_variant,
Paraphrase,995,review the status of ml-infer-05.,check_status,check_status,generate_report,False,7,0.21705003082752228,0.19299505650997162,generate_report;send_notification;log_audit_event;db_write;quarantine_system,0.21705003;0.20658378;0.20114391;0.19804788;0.19667310,811,paraphrase_original,
Paraphrase,996,The situation requires review the status of ml-infer-05.,check_status,check_status,send_notification,False,5,0.31989672780036926,0.27714353799819946,send_notification;generate_report;quarantine_system;escalate_to_human;check_status,0.31989673;0.31134906;0.29006073;0.28191492;0.27714354,811,paraphrase_variant,
Paraphrase,997,Gonna need you to review the status of ml-infer-05.,check_status,check_status,generate_report,False,5,0.3714914619922638,0.32580438256263733,generate_report;send_notification;quarantine_system;db_write;check_status,0.37149146;0.36565787;0.34778187;0.32851100;0.32580438,811,paraphrase_variant,
Paraphrase,998,Is it possible to review the status of ml-infer-05?,check_status,check_status,check_status,True,1,0.2623218595981598,0.2623218595981598,check_status;log_audit_event;generate_report;send_notification;db_write,0.26232186;0.24400951;0.22397943;0.21833816;0.20324005,811,paraphrase_variant,
Paraphrase,999,Please review the status of ml-infer-05.,check_status,check_status,generate_report,False,9,0.28015467524528503,0.2275577038526535,generate_report;send_notification;quarantine_system;log_audit_event;db_write,0.28015468;0.26392323;0.25853211;0.25530773;0.25438139,811,paraphrase_variant,
Paraphrase,1000,Please see if prod-web-01 is up.,check_status,check_status,quarantine_system,False,10,0.44389981031417847,0.33025869727134705,quarantine_system;provision_vm;generate_report;send_notification;process_refund,0.44389981;0.43430817;0.43253595;0.41439685;0.41059315,814,paraphrase_original,
Paraphrase,1001,Need you to see if prod-web-01 is up.,check_status,check_status,quarantine_system,False,9,0.453607976436615,0.3534940183162689,quarantine_system;provision_vm;generate_report;process_refund;send_notification,0.45360798;0.43471321;0.43239868;0.41624808;0.41459134,814,paraphrase_variant,
Paraphrase,1002,Is it possible to see if prod-web-01 is up?,check_status,check_status,quarantine_system,False,6,0.40378013253211975,0.34742599725723267,quarantine_system;log_audit_event;scan_malware;process_refund;generate_report,0.40378013;0.37735918;0.36230245;0.35131708;0.34892675,814,paraphrase_variant,
Paraphrase,1003,Would you mind see if prod-web-01 is up.,check_status,check_status,generate_report,False,11,0.4283742606639862,0.3071129322052002,generate_report;quarantine_system;provision_vm;send_notification;log_audit_event,0.42837426;0.42146939;0.41662082;0.39945218;0.38779292,814,paraphrase_variant,
Paraphrase,1004,It would help if see if prod-web-01 is up.,check_status,check_status,quarantine_system,False,9,0.4321461319923401,0.3701021373271942,quarantine_system;generate_report;provision_vm;process_refund;send_notification,0.43214613;0.41041130;0.40590832;0.40352255;0.39400581,814,paraphrase_variant,
Paraphrase,1005,Please inspect the current state of payment-api-03.,check_status,check_status,check_status,True,1,0.36955180764198303,0.36955180764198303,check_status;log_audit_event;quarantine_system;generate_report;provision_vm,0.36955181;0.36846545;0.36011180;0.35387832;0.34932542,815,paraphrase_original,
Paraphrase,1006,It would help if inspect the current state of payment-api-03.,check_status,check_status,check_status,True,1,0.3964051902294159,0.3964051902294159,check_status;log_audit_event;quarantine_system;create_ticket;generate_report,0.39640519;0.38620031;0.36475295;0.35381904;0.35286027,815,paraphrase_variant,
Paraphrase,1007,Gonna need you to inspect the current state of payment-api-03.,check_status,check_status,quarantine_system,False,4,0.40554192662239075,0.39438867568969727,quarantine_system;generate_report;log_audit_event;check_status;provision_vm,0.40554193;0.40444455;0.39581007;0.39438868;0.39152142,815,paraphrase_variant,
Paraphrase,1008,Would anyone be able to inspect the current state of payment-api-03?,check_status,check_status,log_audit_event,False,2,0.37798404693603516,0.3762344419956207,log_audit_event;check_status;quarantine_system;generate_report;create_ticket,0.37798405;0.37623444;0.33207187;0.32870454;0.31983984,815,paraphrase_variant,
Paraphrase,1009,Please inspect the current state of payment-api-03.,check_status,check_status,check_status,True,1,0.36955180764198303,0.36955180764198303,check_status;log_audit_event;quarantine_system;generate_report;provision_vm,0.36955181;0.36846545;0.36011180;0.35387832;0.34932542,815,paraphrase_variant,
Paraphrase,1010,Can you inspect the current state of payment-api-03?,check_status,check_status,check_status,True,1,0.35438433289527893,0.35438433289527893,check_status;log_audit_event;quarantine_system;generate_report;create_ticket,0.35438433;0.34901276;0.31564233;0.28740299;0.28629285,823,paraphrase_original,
Paraphrase,1011,"Hey, can you inspect the current state of payment-api-03.",check_status,check_status,log_audit_event,False,3,0.40443283319473267,0.38463839888572693,log_audit_event;quarantine_system;check_status;generate_report;provision_vm,0.40443283;0.38867596;0.38463840;0.37937057;0.37109572,823,paraphrase_variant,
Paraphrase,1012,What we need is for inspect the current state of payment-api-03.,check_status,check_status,check_status,True,1,0.377431184053421,0.377431184053421,check_status;log_audit_event;quarantine_system;create_ticket;generate_report,0.37743118;0.35437256;0.32040170;0.31721613;0.31053355,823,paraphrase_variant,
Paraphrase,1013,I'd appreciate it if you could inspect the current state of payment-api-03.,check_status,check_status,check_status,True,1,0.4177974462509155,0.4177974462509155,check_status;log_audit_event;generate_report;quarantine_system;create_ticket,0.41779745;0.41416749;0.39566612;0.38849524;0.37596279,823,paraphrase_variant,
Paraphrase,1014,Who can inspect the current state of payment-api-03?,check_status,check_status,log_audit_event,False,2,0.3067183196544647,0.28537899255752563,log_audit_event;check_status;quarantine_system;create_ticket;escalate_to_human,0.30671832;0.28537899;0.26268131;0.25953716;0.25725460,823,paraphrase_variant,
Paraphrase,1015,Can you look into prod-web-01's health?,check_status,check_status,quarantine_system,False,12,0.4425259232521057,0.2888196110725403,quarantine_system;generate_report;provision_vm;scan_malware;process_refund,0.44252592;0.41906294;0.40798673;0.40471631;0.39828628,824,paraphrase_original,
Paraphrase,1016,Could someone look into prod-web-01's health?,check_status,check_status,quarantine_system,False,12,0.4157196879386902,0.27448809146881104,quarantine_system;generate_report;provision_vm;process_refund;scan_malware,0.41571969;0.40513620;0.38602680;0.37859851;0.37209624,824,paraphrase_variant,
Paraphrase,1017,"Yo, look into prod-web-01's health.",check_status,check_status,quarantine_system,False,12,0.4655309021472931,0.30435940623283386,quarantine_system;generate_report;provision_vm;process_refund;send_notification,0.46553090;0.44292045;0.42763838;0.41668966;0.41509211,824,paraphrase_variant,
Paraphrase,1018,I'd appreciate it if you could look into prod-web-01's health.,check_status,check_status,quarantine_system,False,12,0.4852730929851532,0.3338931202888489,quarantine_system;generate_report;provision_vm;process_refund;send_notification,0.48527309;0.47004765;0.45644090;0.44940957;0.43329149,824,paraphrase_variant,
Paraphrase,1019,The situation requires look into prod-web-01's health.,check_status,check_status,quarantine_system,False,11,0.5129268169403076,0.3227021396160126,quarantine_system;generate_report;provision_vm;escalate_to_human;process_refund,0.51292682;0.48557073;0.48420101;0.46583405;0.46451408,824,paraphrase_variant,
Paraphrase,1020,Can you confirm that auth-svc-04 is running normally?,check_status,check_status,log_audit_event,False,3,0.24434159696102142,0.22047337889671326,log_audit_event;reset_password;check_status;restart_service;quarantine_system,0.24434160;0.22410834;0.22047338;0.21311471;0.20650327,825,paraphrase_original,
Paraphrase,1021,What we need is for confirm that auth-svc-04 is running normally.,check_status,check_status,log_audit_event,False,2,0.24359728395938873,0.23245230317115784,log_audit_event;check_status;quarantine_system;reset_password;restart_service,0.24359728;0.23245230;0.22483999;0.21235009;0.20824598,825,paraphrase_variant,
Paraphrase,1022,We request that you confirm that auth-svc-04 is running normally.,check_status,check_status,log_audit_event,False,3,0.31705206632614136,0.29569998383522034,log_audit_event;quarantine_system;check_status;send_notification;process_refund,0.31705207;0.31202218;0.29569998;0.27929580;0.27788481,825,paraphrase_variant,
Paraphrase,1023,Is it possible to confirm that auth-svc-04 is running normally?,check_status,check_status,check_status,True,1,0.21987384557724,0.21987384557724,check_status;log_audit_event;restart_service;quarantine_system;scan_malware,0.21987385;0.20950723;0.17515239;0.16264100;0.14284001,825,paraphrase_variant,
Paraphrase,1024,Gonna need you to confirm that auth-svc-04 is running normally.,check_status,check_status,quarantine_system,False,8,0.3057996332645416,0.25907567143440247,quarantine_system;log_audit_event;scan_malware;reset_password;process_refund,0.30579963;0.29186815;0.27891737;0.27724442;0.26800513,825,paraphrase_variant,
Paraphrase,1025,Can you check whether payment-api-03 is operational?,check_status,check_status,check_status,True,1,0.367597371339798,0.367597371339798,check_status;log_audit_event;quarantine_system;process_refund;send_notification,0.36759737;0.31405976;0.30452475;0.26969206;0.26173666,826,paraphrase_original,
Paraphrase,1026,It would help if check whether payment-api-03 is operational.,check_status,check_status,check_status,True,1,0.41164153814315796,0.41164153814315796,check_status;log_audit_event;quarantine_system;process_refund;send_notification,0.41164154;0.35120428;0.35062009;0.32608488;0.32256815,826,paraphrase_variant,
Paraphrase,1027,Do me a favor and check whether payment-api-03 is operational.,check_status,check_status,check_status,True,1,0.377749502658844,0.377749502658844,check_status;quarantine_system;log_audit_event;send_notification;generate_report,0.37774950;0.36695302;0.36146602;0.35750201;0.35636365,826,paraphrase_variant,
Paraphrase,1028,Could you please check whether payment-api-03 is operational.,check_status,check_status,check_status,True,1,0.3911854326725006,0.3911854326725006,check_status;log_audit_event;quarantine_system;send_notification;process_refund,0.39118543;0.37639973;0.36392897;0.35168800;0.34934601,826,paraphrase_variant,
Paraphrase,1029,Would anyone be able to check whether payment-api-03 is operational?,check_status,check_status,check_status,True,1,0.38508015871047974,0.38508015871047974,check_status;log_audit_event;quarantine_system;send_notification;generate_report,0.38508016;0.35135102;0.32078105;0.29779109;0.28741086,826,paraphrase_variant,
Paraphrase,1030,Could you verify whether payment-api-03 is healthy for me?,check_status,check_status,check_status,True,1,0.3054783344268799,0.3054783344268799,check_status;send_notification;quarantine_system;generate_report;log_audit_event,0.30547833;0.23299959;0.22696954;0.21579741;0.21009919,829,paraphrase_original,
Paraphrase,1031,What we need is for verify whether payment-api-03 is healthy for me.,check_status,check_status,check_status,True,1,0.3227790594100952,0.3227790594100952,check_status;quarantine_system;send_notification;log_audit_event;generate_report,0.32277906;0.26545587;0.26217508;0.23227480;0.22958063,829,paraphrase_variant,
Paraphrase,1032,We request that you verify whether payment-api-03 is healthy for me.,check_status,check_status,send_notification,False,2,0.33157142996788025,0.32805806398391724,send_notification;check_status;quarantine_system;generate_report;log_audit_event,0.33157143;0.32805806;0.32512933;0.28579727;0.28287324,829,paraphrase_variant,
Paraphrase,1033,Is it possible to verify whether payment-api-03 is healthy for me?,check_status,check_status,check_status,True,1,0.26236841082572937,0.26236841082572937,check_status;quarantine_system;log_audit_event;send_notification;generate_report,0.26236841;0.16849492;0.15792711;0.15662818;0.12344428,829,paraphrase_variant,
Paraphrase,1034,"Hey, can you verify whether payment-api-03 is healthy for me.",check_status,check_status,check_status,True,1,0.31347694993019104,0.31347694993019104,check_status;send_notification;quarantine_system;generate_report;provision_vm,0.31347695;0.30640581;0.30365631;0.29126987;0.26850182,829,paraphrase_variant,
Paraphrase,1035,Could you inspect the current state of payment-api-03 for me?,check_status,check_status,check_status,True,1,0.3843763470649719,0.3843763470649719,check_status;log_audit_event;quarantine_system;generate_report;create_ticket,0.38437635;0.38331008;0.35133287;0.35031047;0.33515733,831,paraphrase_original,
Paraphrase,1036,Do me a favor and inspect the current state of payment-api-03 for me.,check_status,check_status,create_ticket,False,7,0.3823113441467285,0.3454848527908325,create_ticket;generate_report;log_audit_event;provision_vm;quarantine_system,0.38231134;0.38036221;0.37658301;0.36843026;0.35611042,831,paraphrase_variant,
Paraphrase,1037,It would help if inspect the current state of payment-api-03 for me.,check_status,check_status,check_status,True,1,0.40112462639808655,0.40112462639808655,check_status;log_audit_event;create_ticket;generate_report;quarantine_system,0.40112463;0.39724278;0.38890582;0.38574490;0.38557810,831,paraphrase_variant,
Paraphrase,1038,Could someone inspect the current state of payment-api-03 for me?,check_status,check_status,log_audit_event,False,2,0.36602044105529785,0.36243051290512085,log_audit_event;check_status;generate_report;quarantine_system;create_ticket,0.36602044;0.36243051;0.32474411;0.32102832;0.30826527,831,paraphrase_variant,
Paraphrase,1039,We request that you inspect the current state of payment-api-03 for me.,check_status,check_status,log_audit_event,False,2,0.4064163267612457,0.38808122277259827,log_audit_event;check_status;quarantine_system;generate_report;send_notification,0.40641633;0.38808122;0.38583723;0.37219015;0.37110892,831,paraphrase_variant,
Paraphrase,1040,Could you confirm that cdn-edge-06 is running normally for me?,check_status,check_status,check_status,True,1,0.31525951623916626,0.31525951623916626,check_status;send_notification;log_audit_event;quarantine_system;generate_report,0.31525952;0.23924366;0.23478688;0.22578540;0.21447344,833,paraphrase_original,
Paraphrase,1041,Is it possible to confirm that cdn-edge-06 is running normally for me?,check_status,check_status,check_status,True,1,0.34206002950668335,0.34206002950668335,check_status;log_audit_event;send_notification;quarantine_system;generate_report,0.34206003;0.23758796;0.23319957;0.22028176;0.19222280,833,paraphrase_variant,
Paraphrase,1042,It would help if confirm that cdn-edge-06 is running normally for me.,check_status,check_status,check_status,True,1,0.315987765789032,0.315987765789032,check_status;send_notification;quarantine_system;create_ticket;generate_report,0.31598777;0.27326006;0.24539995;0.24520837;0.24512598,833,paraphrase_variant,
Paraphrase,1043,Do me a favor and confirm that cdn-edge-06 is running normally for me.,check_status,check_status,check_status,True,1,0.2832992970943451,0.2832992970943451,check_status;send_notification;generate_report;quarantine_system;provision_vm,0.28329930;0.25823289;0.23417819;0.23150989;0.22345579,833,paraphrase_variant,
Paraphrase,1044,I'd appreciate it if you could confirm that cdn-edge-06 is running normally for me.,check_status,check_status,check_status,True,1,0.341004878282547,0.341004878282547,check_status;send_notification;log_audit_event;quarantine_system;generate_report,0.34100488;0.29197845;0.27465904;0.26473898;0.26334146,833,paraphrase_variant,
Paraphrase,1045,I need you to verify whether staging-db-02 is healthy.,check_status,check_status,db_write,False,3,0.3349151611328125,0.26650160551071167,db_write;db_read;check_status;restart_service;send_notification,0.33491516;0.33018497;0.26650161;0.22965240;0.21785206,837,paraphrase_original,
Paraphrase,1046,Who can verify whether staging-db-02 is healthy?,check_status,check_status,db_read,False,3,0.19818657636642456,0.16822966933250427,db_read;db_write;check_status;restart_service;send_notification,0.19818658;0.18327066;0.16822967;0.13457404;0.10617281,837,paraphrase_variant,
Paraphrase,1047,"Yo, verify whether staging-db-02 is healthy.",check_status,check_status,db_write,False,3,0.2905140221118927,0.24427303671836853,db_write;db_read;check_status;restart_service;send_notification,0.29051402;0.26286769;0.24427304;0.24425928;0.22636148,837,paraphrase_variant,
Paraphrase,1048,I'd appreciate it if you could verify whether staging-db-02 is healthy.,check_status,check_status,db_write,False,3,0.3285549581050873,0.2715196907520294,db_write;db_read;check_status;restart_service;send_notification,0.32855496;0.31212330;0.27151969;0.23765118;0.21051191,837,paraphrase_variant,
Paraphrase,1049,verify whether staging-db-02 is healthy -- that's what needs to happen.,check_status,check_status,db_write,False,3,0.2872809171676636,0.2601044774055481,db_write;db_read;check_status;restart_service;send_notification,0.28728092;0.27855596;0.26010448;0.20821986;0.20260352,837,paraphrase_variant,
Paraphrase,1050,I need you to inspect the current state of cdn-edge-06.,check_status,check_status,check_status,True,1,0.3583196699619293,0.3583196699619293,check_status;quarantine_system;create_ticket;provision_vm;send_notification,0.35831967;0.34152082;0.33149335;0.33144465;0.32966125,839,paraphrase_original,
Paraphrase,1051,Quick one -- inspect the current state of cdn-edge-06.,check_status,check_status,check_status,True,1,0.3401392996311188,0.3401392996311188,check_status;create_ticket;quarantine_system;provision_vm;generate_report,0.34013930;0.31530154;0.30736449;0.30018654;0.29622221,839,paraphrase_variant,
Paraphrase,1052,What we need is for inspect the current state of cdn-edge-06.,check_status,check_status,check_status,True,1,0.3558492064476013,0.3558492064476013,check_status;create_ticket;log_audit_event;quarantine_system;send_notification,0.35584921;0.30792722;0.30242124;0.30215144;0.29364255,839,paraphrase_variant,
Paraphrase,1053,Is it possible to inspect the current state of cdn-edge-06?,check_status,check_status,check_status,True,1,0.3503475785255432,0.3503475785255432,check_status;log_audit_event;quarantine_system;create_ticket;generate_report,0.35034758;0.30120453;0.29228359;0.28364384;0.26359296,839,paraphrase_variant,
Paraphrase,1054,Please inspect the current state of cdn-edge-06.,check_status,check_status,check_status,True,1,0.33668357133865356,0.33668357133865356,check_status;provision_vm;quarantine_system;create_ticket;generate_report,0.33668357;0.32461056;0.32426548;0.32254449;0.31467503,839,paraphrase_variant,
Paraphrase,1055,I need you to confirm that ml-infer-05 is running normally.,check_status,check_status,quarantine_system,False,2,0.3557364344596863,0.3397826850414276,quarantine_system;check_status;generate_report;scan_malware;send_notification,0.35573643;0.33978269;0.33587384;0.33202314;0.32842624,841,paraphrase_original,
Paraphrase,1056,Who can confirm that ml-infer-05 is running normally?,check_status,check_status,check_status,True,1,0.2732108533382416,0.2732108533382416,check_status;log_audit_event;quarantine_system;generate_report;send_notification,0.27321085;0.26076594;0.24976446;0.24375482;0.23974523,841,paraphrase_variant,
Paraphrase,1057,Please confirm that ml-infer-05 is running normally.,check_status,check_status,check_status,True,1,0.30429574847221375,0.30429574847221375,check_status;scan_malware;quarantine_system;log_audit_event;generate_report,0.30429575;0.30351746;0.29923123;0.28884348;0.27937061,841,paraphrase_variant,
Paraphrase,1058,It would help if confirm that ml-infer-05 is running normally.,check_status,check_status,check_status,True,1,0.322364866733551,0.322364866733551,check_status;quarantine_system;log_audit_event;generate_report;send_notification,0.32236487;0.29670125;0.29414281;0.28704455;0.28225213,841,paraphrase_variant,
Paraphrase,1059,"Hey, can you confirm that ml-infer-05 is running normally.",check_status,check_status,quarantine_system,False,3,0.3408530652523041,0.3250374495983124,quarantine_system;scan_malware;check_status;generate_report;log_audit_event,0.34085307;0.32678041;0.32503745;0.32385436;0.31905517,841,paraphrase_variant,
Paraphrase,1060,Let's check the status of auth-svc-04.,check_status,check_status,log_audit_event,False,2,0.28334149718284607,0.26591697335243225,log_audit_event;check_status;quarantine_system;process_refund;generate_report,0.28334150;0.26591697;0.24829510;0.24345686;0.23246749,852,paraphrase_original,
Paraphrase,1061,Is it possible to let's check the status of auth-svc-04?,check_status,check_status,check_status,True,1,0.21305401623249054,0.21305401623249054,check_status;log_audit_event;quarantine_system;restart_service;create_ticket,0.21305402;0.20060101;0.12921834;0.12012874;0.11187333,852,paraphrase_variant,
Paraphrase,1062,let's check the status of auth-svc-04 -- that's what needs to happen.,check_status,check_status,log_audit_event,False,2,0.2970399558544159,0.2856072783470154,log_audit_event;check_status;quarantine_system;process_refund;generate_report,0.29703996;0.28560728;0.28504601;0.26985809;0.26558435,852,paraphrase_variant,
Paraphrase,1063,Gonna need you to let's check the status of auth-svc-04.,check_status,check_status,log_audit_event,False,5,0.3348841667175293,0.3019164204597473,log_audit_event;quarantine_system;send_notification;generate_report;check_status,0.33488417;0.32516444;0.30872500;0.30446884;0.30191642,852,paraphrase_variant,
Paraphrase,1064,Would you mind let's check the status of auth-svc-04.,check_status,check_status,log_audit_event,False,6,0.34318864345550537,0.27875638008117676,log_audit_event;quarantine_system;generate_report;send_notification;process_refund,0.34318864;0.30664113;0.29782829;0.29472151;0.28070915,852,paraphrase_variant,
Paraphrase,1065,Let's inspect the current state of payment-api-03.,check_status,check_status,check_status,True,1,0.39205944538116455,0.39205944538116455,check_status;log_audit_event;quarantine_system;generate_report;provision_vm,0.39205945;0.38559845;0.38541922;0.37753442;0.37020928,855,paraphrase_original,
Paraphrase,1066,Would anyone be able to let's inspect the current state of payment-api-03?,check_status,check_status,log_audit_event,False,2,0.39599278569221497,0.39565691351890564,log_audit_event;check_status;quarantine_system;create_ticket;generate_report,0.39599279;0.39565691;0.36922902;0.36174157;0.35996389,855,paraphrase_variant,
Paraphrase,1067,let's inspect the current state of payment-api-03 -- that's what needs to happen.,check_status,check_status,quarantine_system,False,4,0.4060903489589691,0.3894711136817932,quarantine_system;generate_report;provision_vm;check_status;process_refund,0.40609035;0.39659294;0.39104980;0.38947111;0.38303253,855,paraphrase_variant,
Paraphrase,1068,Could you please let's inspect the current state of payment-api-03.,check_status,check_status,log_audit_event,False,4,0.40694496035575867,0.39789777994155884,log_audit_event;generate_report;quarantine_system;check_status;provision_vm,0.40694496;0.40250182;0.40010998;0.39789778;0.39250892,855,paraphrase_variant,
Paraphrase,1069,"Yo, let's inspect the current state of payment-api-03.",check_status,check_status,generate_report,False,8,0.43995267152786255,0.3961266279220581,generate_report;provision_vm;quarantine_system;log_audit_event;send_notification,0.43995267;0.43155977;0.42992440;0.41840872;0.41492343,855,paraphrase_variant,
Paraphrase,1070,Let's look into cdn-edge-06's health.,check_status,check_status,quarantine_system,False,7,0.27715349197387695,0.21894554793834686,quarantine_system;send_notification;generate_report;provision_vm;process_refund,0.27715349;0.26971832;0.26391324;0.26159394;0.24593322,856,paraphrase_original,
Paraphrase,1071,It would help if let's look into cdn-edge-06's health.,check_status,check_status,send_notification,False,7,0.2989349365234375,0.26342862844467163,send_notification;quarantine_system;generate_report;create_ticket;provision_vm,0.29893494;0.29733169;0.29432392;0.28477129;0.28293291,856,paraphrase_variant,
Paraphrase,1072,Please let's look into cdn-edge-06's health.,check_status,check_status,quarantine_system,False,8,0.285697340965271,0.2245284467935562,quarantine_system;send_notification;generate_report;provision_vm;process_refund,0.28569734;0.28118467;0.27408066;0.27235150;0.25280926,856,paraphrase_variant,
Paraphrase,1073,Is it possible to let's look into cdn-edge-06's health?,check_status,check_status,quarantine_system,False,5,0.27086499333381653,0.24831055104732513,quarantine_system;send_notification;provision_vm;generate_report;check_status,0.27086499;0.26872808;0.25150940;0.25024134;0.24831055,856,paraphrase_variant,
Paraphrase,1074,Need you to let's look into cdn-edge-06's health.,check_status,check_status,quarantine_system,False,7,0.3428604006767273,0.29921215772628784,quarantine_system;send_notification;generate_report;provision_vm;create_ticket,0.34286040;0.33722928;0.33146977;0.32034239;0.30251962,856,paraphrase_variant,
Paraphrase,1075,Let's confirm that ml-infer-05 is running normally.,check_status,check_status,quarantine_system,False,2,0.318206250667572,0.31446054577827454,quarantine_system;check_status;generate_report;log_audit_event;scan_malware,0.31820625;0.31446055;0.30582279;0.30049747;0.29574779,857,paraphrase_original,
Paraphrase,1076,"Hey, can you let's confirm that ml-infer-05 is running normally.",check_status,check_status,quarantine_system,False,5,0.3662717044353485,0.34605851769447327,quarantine_system;generate_report;log_audit_event;scan_malware;check_status,0.36627170;0.35065544;0.35002819;0.34899810;0.34605852,857,paraphrase_variant,
Paraphrase,1077,I'd appreciate it if you could let's confirm that ml-infer-05 is running normally.,check_status,check_status,log_audit_event,False,2,0.35273095965385437,0.349075049161911,log_audit_event;check_status;quarantine_system;generate_report;send_notification,0.35273096;0.34907505;0.33980301;0.32750881;0.31870827,857,paraphrase_variant,
Paraphrase,1078,Would anyone be able to let's confirm that ml-infer-05 is running normally?,check_status,check_status,check_status,True,1,0.3139357566833496,0.3139357566833496,check_status;log_audit_event;quarantine_system;generate_report;db_read,0.31393576;0.30467466;0.26699102;0.26129425;0.25695685,857,paraphrase_variant,
Paraphrase,1079,let's confirm that ml-infer-05 is running normally -- that's what needs to happen.,check_status,check_status,quarantine_system,False,3,0.3361872136592865,0.31105920672416687,quarantine_system;generate_report;check_status;send_notification;log_audit_event,0.33618721;0.33312687;0.31105921;0.31025305;0.30244964,857,paraphrase_variant,
Paraphrase,1080,Kindly verify whether payment-api-03 is healthy.,check_status,check_status,check_status,True,1,0.27082204818725586,0.27082204818725586,check_status;quarantine_system;send_notification;log_audit_event;generate_report,0.27082205;0.23375183;0.22716130;0.20646495;0.20374626,861,paraphrase_original,
Paraphrase,1081,Quick one -- verify whether payment-api-03 is healthy.,check_status,check_status,check_status,True,1,0.2841299772262573,0.2841299772262573,check_status;send_notification;quarantine_system;generate_report;log_audit_event,0.28412998;0.24605635;0.22957209;0.22502288;0.20605314,861,paraphrase_variant,
Paraphrase,1082,We request that you verify whether payment-api-03 is healthy.,check_status,check_status,check_status,True,1,0.3392954468727112,0.3392954468727112,check_status;quarantine_system;send_notification;log_audit_event;generate_report,0.33929545;0.32142696;0.31289408;0.28050110;0.26577297,861,paraphrase_variant,
Paraphrase,1083,It would help if verify whether payment-api-03 is healthy.,check_status,check_status,check_status,True,1,0.3433429002761841,0.3433429002761841,check_status;quarantine_system;send_notification;generate_report;log_audit_event,0.34334290;0.31353059;0.30471420;0.28295624;0.28249779,861,paraphrase_variant,
Paraphrase,1084,Is it possible to verify whether payment-api-03 is healthy?,check_status,check_status,check_status,True,1,0.2518709599971771,0.2518709599971771,check_status;quarantine_system;log_audit_event;send_notification;process_refund,0.25187096;0.15683030;0.14834370;0.13397430;0.10814749,861,paraphrase_variant,
Paraphrase,1085,Kindly see if auth-svc-04 is up.,check_status,check_status,reset_password,False,12,0.25427478551864624,0.16901671886444092,reset_password;quarantine_system;process_refund;log_audit_event;restart_service,0.25427479;0.22737361;0.22081938;0.21982194;0.20957823,862,paraphrase_original,
Paraphrase,1086,Who can see if auth-svc-04 is up?,check_status,check_status,log_audit_event,False,6,0.2361201047897339,0.1634713113307953,log_audit_event;quarantine_system;send_notification;reset_password;scan_malware,0.23612010;0.18851650;0.17753457;0.16888829;0.16557483,862,paraphrase_variant,
Paraphrase,1087,What we need is for see if auth-svc-04 is up.,check_status,check_status,log_audit_event,False,2,0.2509082853794098,0.21841587126255035,log_audit_event;check_status;quarantine_system;process_refund;generate_report,0.25090829;0.21841587;0.21825667;0.19795772;0.18609455,862,paraphrase_variant,
Paraphrase,1088,Kindly see if auth-svc-04 is up.,check_status,check_status,reset_password,False,12,0.25427478551864624,0.16901671886444092,reset_password;quarantine_system;process_refund;log_audit_event;restart_service,0.25427479;0.22737361;0.22081938;0.21982194;0.20957823,862,paraphrase_variant,
Paraphrase,1089,Need you to see if auth-svc-04 is up.,check_status,check_status,quarantine_system,False,7,0.2846561670303345,0.24301698803901672,quarantine_system;log_audit_event;process_refund;reset_password;send_notification,0.28465617;0.27680564;0.26684016;0.25594649;0.25263518,862,paraphrase_variant,
Paraphrase,1090,"When you have a moment, see if payment-api-03 is up.",check_status,check_status,check_status,True,1,0.32088300585746765,0.32088300585746765,check_status;log_audit_event;quarantine_system;send_notification;process_refund,0.32088301;0.30501965;0.30284941;0.28257421;0.28167930,870,paraphrase_original,
Paraphrase,1091,"Need you to when you have a moment, see if payment-api-03 is up.",check_status,check_status,send_notification,False,7,0.40219059586524963,0.36320751905441284,send_notification;quarantine_system;generate_report;log_audit_event;provision_vm,0.40219060;0.40171656;0.40105304;0.39402759;0.38689283,870,paraphrase_variant,
Paraphrase,1092,"I'd appreciate it if you could when you have a moment, see if payment-api-03 is up.",check_status,check_status,generate_report,False,10,0.4492711126804352,0.33652159571647644,generate_report;send_notification;provision_vm;quarantine_system;log_audit_event,0.44927111;0.44873607;0.44388333;0.42139316;0.40582725,870,paraphrase_variant,
Paraphrase,1093,"Who can when you have a moment, see if payment-api-03 is up?",check_status,check_status,log_audit_event,False,8,0.3249504268169403,0.2615970969200134,log_audit_event;send_notification;escalate_to_human;quarantine_system;generate_report,0.32495043;0.30496088;0.29321551;0.28145576;0.27196181,870,paraphrase_variant,
Paraphrase,1094,"What we need is for when you have a moment, see if payment-api-03 is up.",check_status,check_status,log_audit_event,False,3,0.3694479763507843,0.35615766048431396,log_audit_event;quarantine_system;check_status;send_notification;generate_report,0.36944798;0.35975230;0.35615766;0.35520840;0.34203196,870,paraphrase_variant,
Paraphrase,1095,Please route the cdn-edge-06 incident to a live responder.,escalate_to_human,escalate_to_human,escalate_to_human,True,1,0.42452123761177063,0.42452123761177063,escalate_to_human;create_ticket;provision_vm;generate_report;send_notification,0.42452124;0.40655735;0.36816910;0.34043553;0.33065736,881,paraphrase_original,
Paraphrase,1096,Could you please route the cdn-edge-06 incident to a live responder.,escalate_to_human,escalate_to_human,escalate_to_human,True,1,0.4597465991973877,0.4597465991973877,escalate_to_human;create_ticket;provision_vm;generate_report;send_notification,0.45974660;0.44517201;0.39783740;0.37305915;0.36505964,881,paraphrase_variant,
Paraphrase,1097,"Hey, can you route the cdn-edge-06 incident to a live responder.",escalate_to_human,escalate_to_human,escalate_to_human,True,1,0.4730874300003052,0.4730874300003052,escalate_to_human;create_ticket;provision_vm;generate_report;send_notification,0.47308743;0.44995603;0.43007189;0.39578480;0.38847429,881,paraphrase_variant,
Paraphrase,1098,It would help if route the cdn-edge-06 incident to a live responder.,escalate_to_human,escalate_to_human,escalate_to_human,True,1,0.4092426002025604,0.4092426002025604,escalate_to_human;create_ticket;provision_vm;generate_report;send_notification,0.40924260;0.40876219;0.35516086;0.33773389;0.31734511,881,paraphrase_variant,
Paraphrase,1099,Who can route the cdn-edge-06 incident to a live responder?,escalate_to_human,escalate_to_human,escalate_to_human,True,1,0.42287111282348633,0.42287111282348633,escalate_to_human;create_ticket;provision_vm;generate_report;send_notification,0.42287111;0.39613867;0.32332185;0.29170996;0.28553471,881,paraphrase_variant,
Paraphrase,1100,Can you send the prod-web-01 issue for human handling?,escalate_to_human,escalate_to_human,escalate_to_human,True,1,0.5854524374008179,0.5854524374008179,escalate_to_human;create_ticket;provision_vm;generate_report;send_notification,0.58545244;0.50593841;0.49669099;0.48938760;0.47083879,890,paraphrase_original,
Paraphrase,1101,"Hey, can you send the prod-web-01 issue for human handling.",escalate_to_human,escalate_to_human,escalate_to_human,True,1,0.5810577869415283,0.5810577869415283,escalate_to_human;create_ticket;generate_report;provision_vm;send_notification,0.58105779;0.52987564;0.52359802;0.52292103;0.50026596,890,paraphrase_variant,
Paraphrase,1102,We request that you send the prod-web-01 issue for human handling.,escalate_to_human,escalate_to_human,escalate_to_human,True,1,0.5687167048454285,0.5687167048454285,escalate_to_human;create_ticket;generate_report;provision_vm;send_notification,0.56871670;0.52195477;0.50113839;0.49865490;0.48529977,890,paraphrase_variant,
Paraphrase,1103,It would help if send the prod-web-01 issue for human handling.,escalate_to_human,escalate_to_human,escalate_to_human,True,1,0.5581963062286377,0.5581963062286377,escalate_to_human;create_ticket;generate_report;provision_vm;send_notification,0.55819631;0.50493938;0.49587429;0.48680007;0.46556601,890,paraphrase_variant,
Paraphrase,1104,Who can send the prod-web-01 issue for human handling?,escalate_to_human,escalate_to_human,escalate_to_human,True,1,0.5827993154525757,0.5827993154525757,escalate_to_human;create_ticket;provision_vm;generate_report;send_notification,0.58279932;0.47885323;0.44857392;0.44483781;0.42943940,890,paraphrase_variant,
Paraphrase,1105,Can you send Grace's case for human review?,escalate_to_human,escalate_to_human,escalate_to_human,True,1,0.5323560833930969,0.5323560833930969,escalate_to_human;send_notification;create_ticket;provision_vm;generate_report,0.53235608;0.34723824;0.33899313;0.33057135;0.32689223,891,paraphrase_original,
Paraphrase,1106,Please send grace's case for human review.,escalate_to_human,escalate_to_human,escalate_to_human,True,1,0.5002598166465759,0.5002598166465759,escalate_to_human;send_notification;provision_vm;generate_report;quarantine_system,0.50025982;0.30684659;0.29853743;0.29278865;0.28698188,891,paraphrase_variant,
Paraphrase,1107,Would anyone be able to send grace's case for human review?,escalate_to_human,escalate_to_human,escalate_to_human,True,1,0.5043112635612488,0.5043112635612488,escalate_to_human;create_ticket;send_notification;generate_report;provision_vm,0.50431126;0.33465961;0.33128932;0.31886876;0.29571462,891,paraphrase_variant,
Paraphrase,1108,Do me a favor and send grace's case for human review.,escalate_to_human,escalate_to_human,escalate_to_human,True,1,0.4619656205177307,0.4619656205177307,escalate_to_human;create_ticket;provision_vm;send_notification;generate_report,0.46196562;0.28357336;0.27252471;0.27121672;0.26899838,891,paraphrase_variant,
Paraphrase,1109,It would help if send grace's case for human review.,escalate_to_human,escalate_to_human,escalate_to_human,True,1,0.5278782844543457,0.5278782844543457,escalate_to_human;send_notification;create_ticket;generate_report;provision_vm,0.52787828;0.34674478;0.34140989;0.33525738;0.32666612,891,paraphrase_variant,
Paraphrase,1110,Could you route Alice's issue to the on-call engineer for me?,escalate_to_human,escalate_to_human,escalate_to_human,True,1,0.5392725467681885,0.5392725467681885,escalate_to_human;create_ticket;provision_vm;send_notification;generate_report,0.53927255;0.45719805;0.44981605;0.41158256;0.40258908,897,paraphrase_original,
Paraphrase,1111,route alice's issue to the on-call engineer for me -- that's what needs to happen.,escalate_to_human,escalate_to_human,escalate_to_human,True,1,0.5278769731521606,0.5278769731521606,escalate_to_human;create_ticket;provision_vm;send_notification;generate_report,0.52787697;0.41816401;0.41744262;0.39156422;0.36752543,897,paraphrase_variant,
Paraphrase,1112,"Hey, can you route alice's issue to the on-call engineer for me.",escalate_to_human,escalate_to_human,escalate_to_human,True,1,0.5630199909210205,0.5630199909210205,escalate_to_human;provision_vm;create_ticket;send_notification;generate_report,0.56301999;0.49601650;0.48460826;0.45643297;0.44822711,897,paraphrase_variant,
Paraphrase,1113,Could someone route alice's issue to the on-call engineer for me?,escalate_to_human,escalate_to_human,escalate_to_human,True,1,0.5351893901824951,0.5351893901824951,escalate_to_human;create_ticket;provision_vm;send_notification;generate_report,0.53518939;0.42552754;0.39705747;0.36850932;0.35791188,897,paraphrase_variant,
Paraphrase,1114,Please route alice's issue to the on-call engineer for me.,escalate_to_human,escalate_to_human,escalate_to_human,True,1,0.5350528359413147,0.5350528359413147,escalate_to_human;create_ticket;provision_vm;send_notification;generate_report,0.53505284;0.43807840;0.43757638;0.40059602;0.38753054,897,paraphrase_variant,
Paraphrase,1115,Could you send Bob's case for human review for me?,escalate_to_human,escalate_to_human,escalate_to_human,True,1,0.4887426793575287,0.4887426793575287,escalate_to_human;send_notification;create_ticket;generate_report;provision_vm,0.48874268;0.35382792;0.34836173;0.34419629;0.31648785,899,paraphrase_original,
Paraphrase,1116,Kindly send bob's case for human review for me.,escalate_to_human,escalate_to_human,escalate_to_human,True,1,0.5198967456817627,0.5198967456817627,escalate_to_human;send_notification;create_ticket;generate_report;quarantine_system,0.51989675;0.34016657;0.33491600;0.31847677;0.31238201,899,paraphrase_variant,
Paraphrase,1117,Would anyone be able to send bob's case for human review for me?,escalate_to_human,escalate_to_human,escalate_to_human,True,1,0.45358580350875854,0.45358580350875854,escalate_to_human;create_ticket;send_notification;generate_report;provision_vm,0.45358580;0.32330784;0.32268015;0.31121984;0.27437147,899,paraphrase_variant,
Paraphrase,1118,Need you to send bob's case for human review for me.,escalate_to_human,escalate_to_human,escalate_to_human,True,1,0.5081498622894287,0.5081498622894287,escalate_to_human;create_ticket;send_notification;generate_report;quarantine_system,0.50814986;0.35716850;0.35069245;0.34308535;0.31775570,899,paraphrase_variant,
Paraphrase,1119,It would help if send bob's case for human review for me.,escalate_to_human,escalate_to_human,escalate_to_human,True,1,0.5108409523963928,0.5108409523963928,escalate_to_human;create_ticket;send_notification;generate_report;quarantine_system,0.51084095;0.36043403;0.34999573;0.33262044;0.31355155,899,paraphrase_variant,
Paraphrase,1120,Could you escalate the request to someone in Marketing for me?,escalate_to_human,escalate_to_human,escalate_to_human,True,1,0.40557512640953064,0.40557512640953064,escalate_to_human;send_notification;create_ticket;provision_vm;generate_report,0.40557513;0.31731007;0.30816796;0.29327539;0.25620362,900,paraphrase_original,
Paraphrase,1121,Kindly escalate the request to someone in marketing for me.,escalate_to_human,escalate_to_human,escalate_to_human,True,1,0.3927285373210907,0.3927285373210907,escalate_to_human;create_ticket;send_notification;provision_vm;generate_report,0.39272854;0.29987738;0.29777464;0.29048726;0.25392991,900,paraphrase_variant,
Paraphrase,1122,Need you to escalate the request to someone in marketing for me.,escalate_to_human,escalate_to_human,escalate_to_human,True,1,0.424360454082489,0.424360454082489,escalate_to_human;send_notification;provision_vm;create_ticket;generate_report,0.42436045;0.33564630;0.32738748;0.32576743;0.30608696,900,paraphrase_variant,
Paraphrase,1123,Who can escalate the request to someone in marketing for me?,escalate_to_human,escalate_to_human,escalate_to_human,True,1,0.3593437075614929,0.3593437075614929,escalate_to_human;create_ticket;send_notification;provision_vm;generate_report,0.35934371;0.24364954;0.22840840;0.19050227;0.14779180,900,paraphrase_variant,
Paraphrase,1124,escalate the request to someone in marketing for me -- that's what needs to happen.,escalate_to_human,escalate_to_human,escalate_to_human,True,1,0.4087834060192108,0.4087834060192108,escalate_to_human;send_notification;create_ticket;provision_vm;quarantine_system,0.40878341;0.28560072;0.28423902;0.27629507;0.24257603,900,paraphrase_variant,
Paraphrase,1125,I need you to get a human involved for Charlie.,escalate_to_human,escalate_to_human,escalate_to_human,True,1,0.4755171537399292,0.4755171537399292,escalate_to_human;quarantine_system;create_ticket;generate_report;provision_vm,0.47551715;0.35943645;0.35330784;0.35232109;0.34788582,904,paraphrase_original,
Paraphrase,1126,It would help if get a human involved for charlie.,escalate_to_human,escalate_to_human,escalate_to_human,True,1,0.42217200994491577,0.42217200994491577,escalate_to_human;create_ticket;quarantine_system;provision_vm;generate_report,0.42217201;0.33182162;0.32310346;0.30651641;0.30444476,904,paraphrase_variant,
Paraphrase,1127,Quick one -- get a human involved for charlie.,escalate_to_human,escalate_to_human,escalate_to_human,True,1,0.4699774980545044,0.4699774980545044,escalate_to_human;quarantine_system;create_ticket;provision_vm;generate_report,0.46997750;0.34484953;0.34379733;0.33413771;0.33083898,904,paraphrase_variant,
Paraphrase,1128,Is it possible to get a human involved for charlie?,escalate_to_human,escalate_to_human,escalate_to_human,True,1,0.4312010705471039,0.4312010705471039,escalate_to_human;create_ticket;quarantine_system;provision_vm;generate_report,0.43120107;0.31622130;0.30204171;0.29829401;0.27841136,904,paraphrase_variant,
Paraphrase,1129,Kindly get a human involved for charlie.,escalate_to_human,escalate_to_human,escalate_to_human,True,1,0.45437565445899963,0.45437565445899963,escalate_to_human;quarantine_system;create_ticket;provision_vm;generate_report,0.45437565;0.31868213;0.30921704;0.29622412;0.28736830,904,paraphrase_variant,
Paraphrase,1130,I need you to route Frank's issue to the on-call engineer.,escalate_to_human,escalate_to_human,provision_vm,False,3,0.5396633744239807,0.5303463935852051,provision_vm;create_ticket;escalate_to_human;send_notification;generate_report,0.53966337;0.53643930;0.53034639;0.49390033;0.46967995,905,paraphrase_original,
Paraphrase,1131,Could someone route frank's issue to the on-call engineer?,escalate_to_human,escalate_to_human,escalate_to_human,True,1,0.5213404893875122,0.5213404893875122,escalate_to_human;create_ticket;provision_vm;send_notification;generate_report,0.52134049;0.49465555;0.47004998;0.41929108;0.41011962,905,paraphrase_variant,
Paraphrase,1132,Gonna need you to route frank's issue to the on-call engineer.,escalate_to_human,escalate_to_human,escalate_to_human,True,1,0.5206814408302307,0.5206814408302307,escalate_to_human;create_ticket;provision_vm;send_notification;generate_report,0.52068144;0.51423186;0.50931466;0.47034407;0.44857338,905,paraphrase_variant,
Paraphrase,1133,The situation requires route frank's issue to the on-call engineer.,escalate_to_human,escalate_to_human,escalate_to_human,True,1,0.5172030925750732,0.5172030925750732,escalate_to_human;create_ticket;provision_vm;send_notification;generate_report,0.51720309;0.49507067;0.46644357;0.41435489;0.40806389,905,paraphrase_variant,
Paraphrase,1134,We request that you route frank's issue to the on-call engineer.,escalate_to_human,escalate_to_human,create_ticket,False,2,0.5271666049957275,0.5136954188346863,create_ticket;escalate_to_human;provision_vm;send_notification;generate_report,0.52716660;0.51369542;0.50559372;0.48325464;0.44645458,905,paraphrase_variant,
Paraphrase,1135,I need you to escalate this issue for Grace to the support team.,escalate_to_human,escalate_to_human,create_ticket,False,2,0.4349510371685028,0.40942347049713135,create_ticket;escalate_to_human;provision_vm;send_notification;generate_report,0.43495104;0.40942347;0.37648642;0.35777846;0.33378139,909,paraphrase_original,
Paraphrase,1136,What we need is for escalate this issue for grace to the support team.,escalate_to_human,escalate_to_human,create_ticket,False,2,0.40920934081077576,0.39390459656715393,create_ticket;escalate_to_human;provision_vm;send_notification;generate_report,0.40920934;0.39390460;0.33377752;0.32503313;0.29403415,909,paraphrase_variant,
Paraphrase,1137,Who can escalate this issue for grace to the support team?,escalate_to_human,escalate_to_human,escalate_to_human,True,1,0.3700200617313385,0.3700200617313385,escalate_to_human;create_ticket;provision_vm;send_notification;generate_report,0.37002006;0.36587143;0.26401800;0.26229203;0.22161441,909,paraphrase_variant,
Paraphrase,1138,Would you mind escalate this issue for grace to the support team.,escalate_to_human,escalate_to_human,create_ticket,False,2,0.4238775968551636,0.3955132067203522,create_ticket;escalate_to_human;provision_vm;send_notification;generate_report,0.42387760;0.39551321;0.36340624;0.33117229;0.31761277,909,paraphrase_variant,
Paraphrase,1139,Need you to escalate this issue for grace to the support team.,escalate_to_human,escalate_to_human,create_ticket,False,2,0.43717166781425476,0.4130238890647888,create_ticket;escalate_to_human;provision_vm;send_notification;generate_report,0.43717167;0.41302389;0.37186605;0.35268432;0.32735232,909,paraphrase_variant,
Paraphrase,1140,We should escalate Eve's case to a human agent.,escalate_to_human,escalate_to_human,escalate_to_human,True,1,0.4829674959182739,0.4829674959182739,escalate_to_human;send_notification;provision_vm;quarantine_system;generate_report,0.48296750;0.25701436;0.24548377;0.23523369;0.23487255,911,paraphrase_original,
Paraphrase,1141,Would anyone be able to we should escalate eve's case to a human agent?,escalate_to_human,escalate_to_human,escalate_to_human,True,1,0.5098095536231995,0.5098095536231995,escalate_to_human;send_notification;provision_vm;generate_report;create_ticket,0.50980955;0.27107909;0.26552969;0.25738275;0.25046843,911,paraphrase_variant,
Paraphrase,1142,What we need is for we should escalate eve's case to a human agent.,escalate_to_human,escalate_to_human,escalate_to_human,True,1,0.5244809985160828,0.5244809985160828,escalate_to_human;send_notification;provision_vm;quarantine_system;generate_report,0.52448100;0.28934789;0.26769292;0.26192519;0.25678092,911,paraphrase_variant,
Paraphrase,1143,Need you to we should escalate eve's case to a human agent.,escalate_to_human,escalate_to_human,escalate_to_human,True,1,0.5471639633178711,0.5471639633178711,escalate_to_human;send_notification;generate_report;provision_vm;quarantine_system,0.54716396;0.31872845;0.30274051;0.30189842;0.29519123,911,paraphrase_variant,
Paraphrase,1144,Could you please we should escalate eve's case to a human agent.,escalate_to_human,escalate_to_human,escalate_to_human,True,1,0.5225400924682617,0.5225400924682617,escalate_to_human;send_notification;provision_vm;generate_report;quarantine_system,0.52254009;0.29126111;0.28302738;0.27845529;0.27011758,911,paraphrase_variant,
Paraphrase,1145,We should route the auth-svc-04 incident to a live responder.,escalate_to_human,escalate_to_human,escalate_to_human,True,1,0.4297296106815338,0.4297296106815338,escalate_to_human;create_ticket;provision_vm;generate_report;quarantine_system,0.42972961;0.38134223;0.34973270;0.33103842;0.31801286,913,paraphrase_original,
Paraphrase,1146,Would you mind we should route the auth-svc-04 incident to a live responder.,escalate_to_human,escalate_to_human,escalate_to_human,True,1,0.42324283719062805,0.42324283719062805,escalate_to_human;create_ticket;provision_vm;generate_report;quarantine_system,0.42324284;0.39113536;0.36082387;0.34384078;0.32141879,913,paraphrase_variant,
Paraphrase,1147,Quick one -- we should route the auth-svc-04 incident to a live responder.,escalate_to_human,escalate_to_human,escalate_to_human,True,1,0.45668336749076843,0.45668336749076843,escalate_to_human;create_ticket;provision_vm;generate_report;send_notification,0.45668337;0.43024582;0.39972308;0.38679928;0.36711544,913,paraphrase_variant,
Paraphrase,1148,we should route the auth-svc-04 incident to a live responder -- that's what needs to happen.,escalate_to_human,escalate_to_human,escalate_to_human,True,1,0.43426233530044556,0.43426233530044556,escalate_to_human;create_ticket;provision_vm;generate_report;quarantine_system,0.43426234;0.38831049;0.36254597;0.35076314;0.33501780,913,paraphrase_variant,
Paraphrase,1149,Would anyone be able to we should route the auth-svc-04 incident to a live responder?,escalate_to_human,escalate_to_human,escalate_to_human,True,1,0.4435621500015259,0.4435621500015259,escalate_to_human;create_ticket;provision_vm;generate_report;send_notification,0.44356215;0.41078117;0.35089377;0.33608398;0.31955013,913,paraphrase_variant,
Paraphrase,1150,Let's route Diana's issue to the on-call engineer.,escalate_to_human,escalate_to_human,escalate_to_human,True,1,0.4706146717071533,0.4706146717071533,escalate_to_human;provision_vm;create_ticket;generate_report;send_notification,0.47061467;0.40066004;0.37581903;0.36597428;0.35805777,921,paraphrase_original,
Paraphrase,1151,I'd appreciate it if you could let's route diana's issue to the on-call engineer.,escalate_to_human,escalate_to_human,escalate_to_human,True,1,0.5390403270721436,0.5390403270721436,escalate_to_human;provision_vm;create_ticket;generate_report;send_notification,0.53904033;0.50548643;0.49344695;0.47599411;0.47238499,921,paraphrase_variant,
Paraphrase,1152,let's route diana's issue to the on-call engineer -- that's what needs to happen.,escalate_to_human,escalate_to_human,escalate_to_human,True,1,0.5068493485450745,0.5068493485450745,escalate_to_human;provision_vm;create_ticket;generate_report;send_notification,0.50684935;0.44320071;0.41703135;0.41583729;0.40679285,921,paraphrase_variant,
Paraphrase,1153,"Hey, can you let's route diana's issue to the on-call engineer.",escalate_to_human,escalate_to_human,escalate_to_human,True,1,0.5309602618217468,0.5309602618217468,escalate_to_human;provision_vm;create_ticket;generate_report;send_notification,0.53096026;0.48836479;0.45798895;0.44418955;0.43628094,921,paraphrase_variant,
Paraphrase,1154,Could someone let's route diana's issue to the on-call engineer?,escalate_to_human,escalate_to_human,escalate_to_human,True,1,0.48537078499794006,0.48537078499794006,escalate_to_human;provision_vm;create_ticket;generate_report;send_notification,0.48537078;0.38185087;0.37653303;0.35079917;0.34901565,921,paraphrase_variant,
Paraphrase,1155,Kindly escalate Eve's case to a human agent.,escalate_to_human,escalate_to_human,escalate_to_human,True,1,0.5294606685638428,0.5294606685638428,escalate_to_human;send_notification;provision_vm;quarantine_system;generate_report,0.52946067;0.27258751;0.26418179;0.24867697;0.24395616,927,paraphrase_original,
Paraphrase,1156,Is it possible to escalate eve's case to a human agent?,escalate_to_human,escalate_to_human,escalate_to_human,True,1,0.5224193930625916,0.5224193930625916,escalate_to_human;send_notification;provision_vm;generate_report;quarantine_system,0.52241939;0.26292616;0.26203465;0.23899700;0.23761091,927,paraphrase_variant,
Paraphrase,1157,I'd appreciate it if you could escalate eve's case to a human agent.,escalate_to_human,escalate_to_human,escalate_to_human,True,1,0.5741490125656128,0.5741490125656128,escalate_to_human;send_notification;provision_vm;generate_report;create_ticket,0.57414901;0.36504248;0.35628298;0.34400550;0.32821772,927,paraphrase_variant,
Paraphrase,1158,What we need is for escalate eve's case to a human agent.,escalate_to_human,escalate_to_human,escalate_to_human,True,1,0.5310989618301392,0.5310989618301392,escalate_to_human;send_notification;provision_vm;generate_report;quarantine_system,0.53109896;0.29186630;0.26977688;0.26222491;0.26214254,927,paraphrase_variant,
Paraphrase,1159,Gonna need you to escalate eve's case to a human agent.,escalate_to_human,escalate_to_human,escalate_to_human,True,1,0.5456637740135193,0.5456637740135193,escalate_to_human;send_notification;provision_vm;quarantine_system;generate_report,0.54566377;0.31134742;0.30456087;0.29556584;0.28748155,927,paraphrase_variant,
Paraphrase,1160,Kindly get a human involved for Frank.,escalate_to_human,escalate_to_human,escalate_to_human,True,1,0.5380232334136963,0.5380232334136963,escalate_to_human;create_ticket;provision_vm;generate_report;send_notification,0.53802323;0.41753414;0.37917605;0.36464316;0.36371934,928,paraphrase_original,
Paraphrase,1161,Gonna need you to get a human involved for frank.,escalate_to_human,escalate_to_human,escalate_to_human,True,1,0.5062342882156372,0.5062342882156372,escalate_to_human;create_ticket;provision_vm;generate_report;send_notification,0.50623429;0.40016732;0.36627316;0.36411399;0.35994840,928,paraphrase_variant,
Paraphrase,1162,Would you mind get a human involved for frank.,escalate_to_human,escalate_to_human,escalate_to_human,True,1,0.4743569493293762,0.4743569493293762,escalate_to_human;create_ticket;provision_vm;generate_report;send_notification,0.47435695;0.39602140;0.36559090;0.35438129;0.33276978,928,paraphrase_variant,
Paraphrase,1163,Could someone get a human involved for frank?,escalate_to_human,escalate_to_human,escalate_to_human,True,1,0.4793797433376312,0.4793797433376312,escalate_to_human;create_ticket;provision_vm;generate_report;send_notification,0.47937974;0.40000591;0.33930573;0.33642200;0.31847689,928,paraphrase_variant,
Paraphrase,1164,The situation requires get a human involved for frank.,escalate_to_human,escalate_to_human,escalate_to_human,True,1,0.5570364594459534,0.5570364594459534,escalate_to_human;create_ticket;provision_vm;generate_report;send_notification,0.55703646;0.43835479;0.37337226;0.35490108;0.34995914,928,paraphrase_variant,
Paraphrase,1165,"When you have a moment, get a human to review the problem on prod-web-01.",escalate_to_human,escalate_to_human,escalate_to_human,True,1,0.5661258697509766,0.5661258697509766,escalate_to_human;quarantine_system;generate_report;provision_vm;send_notification,0.56612587;0.48615506;0.48077211;0.47812426;0.45105255,936,paraphrase_original,
Paraphrase,1166,"We request that you when you have a moment, get a human to review the problem on prod-web-01.",escalate_to_human,escalate_to_human,escalate_to_human,True,1,0.5493949055671692,0.5493949055671692,escalate_to_human;generate_report;quarantine_system;provision_vm;create_ticket,0.54939491;0.49335515;0.49043727;0.48809385;0.47126997,936,paraphrase_variant,
Paraphrase,1167,"Could someone when you have a moment, get a human to review the problem on prod-web-01?",escalate_to_human,escalate_to_human,escalate_to_human,True,1,0.5759184956550598,0.5759184956550598,escalate_to_human;generate_report;provision_vm;quarantine_system;create_ticket,0.57591850;0.49190435;0.48215473;0.47690398;0.46535599,936,paraphrase_variant,
Paraphrase,1168,"Gonna need you to when you have a moment, get a human to review the problem on prod-web-01.",escalate_to_human,escalate_to_human,escalate_to_human,True,1,0.5733951330184937,0.5733951330184937,escalate_to_human;generate_report;provision_vm;quarantine_system;send_notification,0.57339513;0.53163224;0.52098405;0.51798958;0.49401525,936,paraphrase_variant,
Paraphrase,1169,"The situation requires when you have a moment, get a human to review the problem on prod-web-01.",escalate_to_human,escalate_to_human,escalate_to_human,True,1,0.6060650944709778,0.6060650944709778,escalate_to_human;generate_report;quarantine_system;provision_vm;create_ticket,0.60606509;0.48896587;0.48597652;0.48298630;0.47564992,936,paraphrase_variant,
Paraphrase,1170,"When you have a moment, route Eve's issue to the on-call engineer.",escalate_to_human,escalate_to_human,escalate_to_human,True,1,0.42473021149635315,0.42473021149635315,escalate_to_human;provision_vm;quarantine_system;send_notification;process_refund,0.42473021;0.38098577;0.35907054;0.34986693;0.34281385,937,paraphrase_original,
Paraphrase,1171,"Quick one -- when you have a moment, route eve's issue to the on-call engineer.",escalate_to_human,escalate_to_human,escalate_to_human,True,1,0.4727972149848938,0.4727972149848938,escalate_to_human;provision_vm;send_notification;generate_report;quarantine_system,0.47279721;0.44854611;0.42335740;0.41605100;0.41500497,937,paraphrase_variant,
Paraphrase,1172,"It would help if when you have a moment, route eve's issue to the on-call engineer.",escalate_to_human,escalate_to_human,escalate_to_human,True,1,0.4311530292034149,0.4311530292034149,escalate_to_human;provision_vm;send_notification;quarantine_system;generate_report,0.43115303;0.41284367;0.39628473;0.39580470;0.38837329,937,paraphrase_variant,
Paraphrase,1173,"Could someone when you have a moment, route eve's issue to the on-call engineer?",escalate_to_human,escalate_to_human,escalate_to_human,True,1,0.49268969893455505,0.49268969893455505,escalate_to_human;provision_vm;send_notification;create_ticket;generate_report,0.49268970;0.41838226;0.40162551;0.38555187;0.38461196,937,paraphrase_variant,
Paraphrase,1174,"Please when you have a moment, route eve's issue to the on-call engineer.",escalate_to_human,escalate_to_human,escalate_to_human,True,1,0.45579949021339417,0.45579949021339417,escalate_to_human;provision_vm;send_notification;quarantine_system;generate_report,0.45579949;0.44583222;0.41619989;0.41599923;0.41107157,937,paraphrase_variant,
Paraphrase,1175,write an audit entry for the HR group.,log_audit_event,log_audit_event,log_audit_event,True,1,0.29179587960243225,0.29179587960243225,log_audit_event;send_notification;generate_report;check_status;quarantine_system,0.29179588;0.26927164;0.23257548;0.22048783;0.21875228,940,paraphrase_original,
Paraphrase,1176,"Hey, can you write an audit entry for the hr group.",log_audit_event,log_audit_event,log_audit_event,True,1,0.3757622539997101,0.3757622539997101,log_audit_event;send_notification;generate_report;quarantine_system;db_write,0.37576225;0.36453518;0.34967637;0.31158644;0.29369211,940,paraphrase_variant,
Paraphrase,1177,Could someone write an audit entry for the hr group?,log_audit_event,log_audit_event,log_audit_event,True,1,0.33602413535118103,0.33602413535118103,log_audit_event;send_notification;generate_report;quarantine_system;escalate_to_human,0.33602414;0.31642982;0.29404950;0.25662109;0.25208983,940,paraphrase_variant,
Paraphrase,1178,Kindly write an audit entry for the hr group.,log_audit_event,log_audit_event,log_audit_event,True,1,0.33427131175994873,0.33427131175994873,log_audit_event;send_notification;generate_report;quarantine_system;escalate_to_human,0.33427131;0.29007369;0.28532794;0.25645632;0.25017086,940,paraphrase_variant,
Paraphrase,1179,It would help if write an audit entry for the hr group.,log_audit_event,log_audit_event,log_audit_event,True,1,0.36395135521888733,0.36395135521888733,log_audit_event;send_notification;generate_report;quarantine_system;check_status,0.36395136;0.33639562;0.32064998;0.28477624;0.28146926,940,paraphrase_variant,
Paraphrase,1180,create a trail entry for auth-svc-04.,log_audit_event,log_audit_event,reset_password,False,2,0.30696386098861694,0.2595593333244324,reset_password;log_audit_event;create_ticket;generate_report;scan_malware,0.30696386;0.25955933;0.25128996;0.24268809;0.23299991,945,paraphrase_original,
Paraphrase,1181,create a trail entry for auth-svc-04 -- that's what needs to happen.,log_audit_event,log_audit_event,reset_password,False,3,0.3326420187950134,0.2851042151451111,reset_password;generate_report;log_audit_event;scan_malware;provision_vm,0.33264202;0.29309857;0.28510422;0.28396907;0.28091809,945,paraphrase_variant,
Paraphrase,1182,Quick one -- create a trail entry for auth-svc-04.,log_audit_event,log_audit_event,reset_password,False,4,0.316895067691803,0.2842075824737549,reset_password;generate_report;create_ticket;log_audit_event;provision_vm,0.31689507;0.29823935;0.29505402;0.28420758;0.27312088,945,paraphrase_variant,
Paraphrase,1183,Could someone create a trail entry for auth-svc-04?,log_audit_event,log_audit_event,reset_password,False,2,0.3253258168697357,0.31175538897514343,reset_password;log_audit_event;create_ticket;generate_report;scan_malware,0.32532582;0.31175539;0.28830153;0.28419924;0.25820577,945,paraphrase_variant,
Paraphrase,1184,Would you mind create a trail entry for auth-svc-04.,log_audit_event,log_audit_event,reset_password,False,3,0.350215345621109,0.3305788040161133,reset_password;generate_report;log_audit_event;scan_malware;create_ticket,0.35021535;0.33895916;0.33057880;0.32492647;0.32131994,945,paraphrase_variant,
Paraphrase,1185,Please store an audit record for ml-infer-05.,log_audit_event,log_audit_event,db_write,False,7,0.43618226051330566,0.269467294216156,db_write;db_read;generate_report;scan_malware;send_notification,0.43618226;0.40503237;0.32304835;0.29173800;0.28078780,950,paraphrase_original,
Paraphrase,1186,Could you please store an audit record for ml-infer-05.,log_audit_event,log_audit_event,db_write,False,5,0.4569541811943054,0.29201072454452515,db_write;db_read;generate_report;scan_malware;log_audit_event,0.45695418;0.43068564;0.34001029;0.29704615;0.29201072,950,paraphrase_variant,
Paraphrase,1187,It would help if store an audit record for ml-infer-05.,log_audit_event,log_audit_event,db_write,False,7,0.42318227887153625,0.26028817892074585,db_write;db_read;generate_report;scan_malware;send_notification,0.42318228;0.41923353;0.31676161;0.27136388;0.27068391,950,paraphrase_variant,
Paraphrase,1188,Is it possible to store an audit record for ml-infer-05?,log_audit_event,log_audit_event,db_write,False,6,0.40279823541641235,0.20524045825004578,db_write;db_read;generate_report;scan_malware;check_status,0.40279824;0.39368498;0.25513700;0.24202333;0.21290614,950,paraphrase_variant,
Paraphrase,1189,"Hey, can you store an audit record for ml-infer-05.",log_audit_event,log_audit_event,db_write,False,8,0.4801529049873352,0.2975417375564575,db_write;db_read;generate_report;scan_malware;send_notification,0.48015290;0.44592151;0.37386200;0.33610788;0.32506114,950,paraphrase_variant,
Paraphrase,1190,Can you capture the Engineering event in the audit trail?,log_audit_event,log_audit_event,log_audit_event,True,1,0.3662664592266083,0.3662664592266083,log_audit_event;generate_report;scan_malware;quarantine_system;create_ticket,0.36626646;0.33685988;0.32063168;0.31915587;0.30804503,957,paraphrase_original,
Paraphrase,1191,Kindly capture the engineering event in the audit trail.,log_audit_event,log_audit_event,log_audit_event,True,1,0.3796411156654358,0.3796411156654358,log_audit_event;generate_report;create_ticket;quarantine_system;scan_malware,0.37964112;0.33475798;0.31499264;0.31239218;0.29998443,957,paraphrase_variant,
Paraphrase,1192,Gonna need you to capture the engineering event in the audit trail.,log_audit_event,log_audit_event,generate_report,False,2,0.4052836000919342,0.4024750888347626,generate_report;log_audit_event;quarantine_system;create_ticket;send_notification,0.40528360;0.40247509;0.37868702;0.35726389;0.35646370,957,paraphrase_variant,
Paraphrase,1193,capture the engineering event in the audit trail -- that's what needs to happen.,log_audit_event,log_audit_event,log_audit_event,True,1,0.3467795252799988,0.3467795252799988,log_audit_event;generate_report;quarantine_system;send_notification;scan_malware,0.34677953;0.32709837;0.32615542;0.29397449;0.29360175,957,paraphrase_variant,
Paraphrase,1194,Could someone capture the engineering event in the audit trail?,log_audit_event,log_audit_event,log_audit_event,True,1,0.3727301061153412,0.3727301061153412,log_audit_event;generate_report;create_ticket;quarantine_system;escalate_to_human,0.37273011;0.33114532;0.30155694;0.29150808;0.28461432,957,paraphrase_variant,
Paraphrase,1195,Can you document the action taken on staging-db-02?,log_audit_event,log_audit_event,db_write,False,11,0.4265352189540863,0.25299856066703796,db_write;db_read;generate_report;send_notification;check_status,0.42653522;0.41159460;0.33446079;0.32870853;0.32430607,960,paraphrase_original,
Paraphrase,1196,Is it possible to document the action taken on staging-db-02?,log_audit_event,log_audit_event,db_write,False,11,0.37264230847358704,0.21306762099266052,db_write;db_read;check_status;generate_report;send_notification,0.37264231;0.35923043;0.29082939;0.27900290;0.27391887,960,paraphrase_variant,
Paraphrase,1197,Do me a favor and document the action taken on staging-db-02.,log_audit_event,log_audit_event,db_write,False,12,0.3898128569126129,0.2217307835817337,db_write;generate_report;create_ticket;db_read;escalate_to_human,0.38981286;0.32908866;0.32162967;0.31988004;0.31664553,960,paraphrase_variant,
Paraphrase,1198,We request that you document the action taken on staging-db-02.,log_audit_event,log_audit_event,db_write,False,11,0.44483983516693115,0.3023475706577301,db_write;db_read;send_notification;generate_report;check_status,0.44483984;0.41245481;0.38282359;0.37038627;0.35230252,960,paraphrase_variant,
Paraphrase,1199,The situation requires document the action taken on staging-db-02.,log_audit_event,log_audit_event,db_write,False,11,0.4286530017852783,0.2643398642539978,db_write;db_read;escalate_to_human;generate_report;create_ticket,0.42865300;0.39341393;0.38431016;0.36925510;0.35949448,960,paraphrase_variant,
Paraphrase,1200,Could you capture staging-db-02's event in the audit log for me?,log_audit_event,log_audit_event,db_read,False,3,0.36760297417640686,0.3282751739025116,db_read;db_write;log_audit_event;generate_report;check_status,0.36760297;0.36308950;0.32827517;0.27243870;0.26236472,965,paraphrase_original,
Paraphrase,1201,Would you mind capture staging-db-02's event in the audit log for me.,log_audit_event,log_audit_event,db_read,False,3,0.39609190821647644,0.36772802472114563,db_read;db_write;log_audit_event;generate_report;check_status,0.39609191;0.39407343;0.36772802;0.31846610;0.27937910,965,paraphrase_variant,
Paraphrase,1202,Who can capture staging-db-02's event in the audit log for me?,log_audit_event,log_audit_event,db_read,False,3,0.30562132596969604,0.28240224719047546,db_read;db_write;log_audit_event;generate_report;check_status,0.30562133;0.29081708;0.28240225;0.22054461;0.18478182,965,paraphrase_variant,
Paraphrase,1203,What we need is for capture staging-db-02's event in the audit log for me.,log_audit_event,log_audit_event,db_read,False,3,0.37198352813720703,0.2976053059101105,db_read;db_write;log_audit_event;check_status;generate_report,0.37198353;0.34195840;0.29760531;0.26400045;0.23074076,965,paraphrase_variant,
Paraphrase,1204,Do me a favor and capture staging-db-02's event in the audit log for me.,log_audit_event,log_audit_event,db_write,False,3,0.34798356890678406,0.31459540128707886,db_write;db_read;log_audit_event;generate_report;check_status,0.34798357;0.34313476;0.31459540;0.27387130;0.23563853,965,paraphrase_variant,
Paraphrase,1205,Could you store an audit record for staging-db-02 for me?,log_audit_event,log_audit_event,db_read,False,7,0.4679371416568756,0.1963440477848053,db_read;db_write;generate_report;check_status;send_notification,0.46793714;0.44885138;0.25023249;0.23755595;0.20962392,966,paraphrase_original,
Paraphrase,1206,Would you mind store an audit record for staging-db-02 for me.,log_audit_event,log_audit_event,db_read,False,7,0.44978252053260803,0.2087545543909073,db_read;db_write;generate_report;check_status;scan_malware,0.44978252;0.44132632;0.25757051;0.22265100;0.21624164,966,paraphrase_variant,
Paraphrase,1207,What we need is for store an audit record for staging-db-02 for me.,log_audit_event,log_audit_event,db_read,False,6,0.4489651620388031,0.16471809148788452,db_read;db_write;check_status;generate_report;send_notification,0.44896516;0.40818357;0.24436733;0.19775710;0.17410129,966,paraphrase_variant,
Paraphrase,1208,Would anyone be able to store an audit record for staging-db-02 for me?,log_audit_event,log_audit_event,db_read,False,5,0.4534083306789398,0.2040509581565857,db_read;db_write;generate_report;check_status;log_audit_event,0.45340833;0.42587537;0.24602762;0.22677532;0.20405096,966,paraphrase_variant,
Paraphrase,1209,Do me a favor and store an audit record for staging-db-02 for me.,log_audit_event,log_audit_event,db_write,False,7,0.4026181101799011,0.1660812944173813,db_write;db_read;generate_report;check_status;scan_malware,0.40261811;0.40189028;0.22514752;0.20525728;0.17601311,966,paraphrase_variant,
Paraphrase,1210,Could you add Eve's action to the audit log for me?,log_audit_event,log_audit_event,log_audit_event,True,1,0.46521666646003723,0.46521666646003723,log_audit_event;generate_report;db_write;quarantine_system;provision_vm,0.46521667;0.40706193;0.38316444;0.35533723;0.34191099,967,paraphrase_original,
Paraphrase,1211,I'd appreciate it if you could add eve's action to the audit log for me.,log_audit_event,log_audit_event,log_audit_event,True,1,0.48872852325439453,0.48872852325439453,log_audit_event;generate_report;db_write;quarantine_system;send_notification,0.48872852;0.42586318;0.39344811;0.36890477;0.35423154,967,paraphrase_variant,
Paraphrase,1212,Quick one -- add eve's action to the audit log for me.,log_audit_event,log_audit_event,log_audit_event,True,1,0.4436361789703369,0.4436361789703369,log_audit_event;generate_report;db_write;quarantine_system;provision_vm,0.44363618;0.41120985;0.38039839;0.34704959;0.33153680,967,paraphrase_variant,
Paraphrase,1213,What we need is for add eve's action to the audit log for me.,log_audit_event,log_audit_event,log_audit_event,True,1,0.4558647572994232,0.4558647572994232,log_audit_event;generate_report;db_write;quarantine_system;escalate_to_human,0.45586476;0.39044920;0.36403900;0.33961639;0.33465731,967,paraphrase_variant,
Paraphrase,1214,Would anyone be able to add eve's action to the audit log for me?,log_audit_event,log_audit_event,log_audit_event,True,1,0.4551604390144348,0.4551604390144348,log_audit_event;generate_report;db_write;quarantine_system;escalate_to_human,0.45516044;0.39786229;0.36233255;0.33713022;0.33369890,967,paraphrase_variant,
Paraphrase,1215,I need you to write a compliance entry for #42017.,log_audit_event,log_audit_event,generate_report,False,10,0.5168004035949707,0.40626078844070435,generate_report;provision_vm;send_notification;create_ticket;process_refund,0.51680040;0.51156008;0.51108325;0.50256479;0.47339559,972,paraphrase_original,
Paraphrase,1216,Gonna need you to write a compliance entry for #42017.,log_audit_event,log_audit_event,generate_report,False,9,0.4930490255355835,0.38841018080711365,generate_report;send_notification;provision_vm;create_ticket;process_refund,0.49304903;0.48853299;0.48186255;0.46395305;0.45332587,972,paraphrase_variant,
Paraphrase,1217,Would anyone be able to write a compliance entry for #42017?,log_audit_event,log_audit_event,generate_report,False,9,0.506841242313385,0.400729238986969,generate_report;send_notification;create_ticket;provision_vm;process_refund,0.50684124;0.49597082;0.48842809;0.48171908;0.43388936,972,paraphrase_variant,
Paraphrase,1218,The situation requires write a compliance entry for #42017.,log_audit_event,log_audit_event,create_ticket,False,10,0.5340961813926697,0.39898061752319336,create_ticket;generate_report;provision_vm;send_notification;process_refund,0.53409618;0.52715528;0.52704555;0.51690513;0.48129219,972,paraphrase_variant,
Paraphrase,1219,Would you mind write a compliance entry for #42017.,log_audit_event,log_audit_event,generate_report,False,10,0.5151675939559937,0.4030357301235199,generate_report;provision_vm;send_notification;create_ticket;process_refund,0.51516759;0.50937772;0.49678996;0.49245542;0.46371502,972,paraphrase_variant,
Paraphrase,1220,I need you to store an audit record for Eve.,log_audit_event,log_audit_event,db_write,False,4,0.45037537813186646,0.2926403880119324,db_write;db_read;generate_report;log_audit_event;quarantine_system,0.45037538;0.39892909;0.32507491;0.29264039;0.27443939,974,paraphrase_original,
Paraphrase,1221,Please store an audit record for eve.,log_audit_event,log_audit_event,db_write,False,4,0.38760051131248474,0.26398470997810364,db_write;db_read;generate_report;log_audit_event;scan_malware,0.38760051;0.33432886;0.27645195;0.26398471;0.24117242,974,paraphrase_variant,
Paraphrase,1222,store an audit record for eve -- that's what needs to happen.,log_audit_event,log_audit_event,db_write,False,7,0.38176870346069336,0.221379816532135,db_write;db_read;generate_report;scan_malware;quarantine_system,0.38176870;0.32811970;0.26227799;0.23986484;0.23700872,974,paraphrase_variant,
Paraphrase,1223,Would anyone be able to store an audit record for eve?,log_audit_event,log_audit_event,db_write,False,4,0.4128935635089874,0.2627745568752289,db_write;db_read;generate_report;log_audit_event;scan_malware,0.41289356;0.38877818;0.28421000;0.26277456;0.24501108,974,paraphrase_variant,
Paraphrase,1224,Do me a favor and store an audit record for eve.,log_audit_event,log_audit_event,db_write,False,4,0.3286823034286499,0.2121409773826599,db_write;db_read;generate_report;log_audit_event;scan_malware,0.32868230;0.26701072;0.21975896;0.21214098;0.18502015,974,paraphrase_variant,
Paraphrase,1225,We should create an audit trail entry for HR.,log_audit_event,log_audit_event,log_audit_event,True,1,0.3135735094547272,0.3135735094547272,log_audit_event;quarantine_system;generate_report;check_status;db_read,0.31357351;0.26510018;0.26238927;0.26125729;0.25510129,985,paraphrase_original,
Paraphrase,1226,Need you to we should create an audit trail entry for hr.,log_audit_event,log_audit_event,log_audit_event,True,1,0.35878583788871765,0.35878583788871765,log_audit_event;db_read;check_status;generate_report;quarantine_system,0.35878584;0.30792671;0.30622488;0.30331168;0.28882578,985,paraphrase_variant,
Paraphrase,1227,Would anyone be able to we should create an audit trail entry for hr?,log_audit_event,log_audit_event,log_audit_event,True,1,0.333939790725708,0.333939790725708,log_audit_event;generate_report;scan_malware;db_read;quarantine_system,0.33393979;0.29698715;0.27567792;0.26721254;0.26322860,985,paraphrase_variant,
Paraphrase,1228,Please we should create an audit trail entry for hr.,log_audit_event,log_audit_event,log_audit_event,True,1,0.3467133343219757,0.3467133343219757,log_audit_event;generate_report;scan_malware;quarantine_system;check_status,0.34671333;0.29928628;0.29391766;0.29360795;0.26686683,985,paraphrase_variant,
Paraphrase,1229,The situation requires we should create an audit trail entry for hr.,log_audit_event,log_audit_event,log_audit_event,True,1,0.34399184584617615,0.34399184584617615,log_audit_event;generate_report;quarantine_system;escalate_to_human;check_status,0.34399185;0.31219411;0.30050859;0.29245231;0.28352672,985,paraphrase_variant,
Paraphrase,1230,Let's capture ml-infer-05's event in the audit log.,log_audit_event,log_audit_event,log_audit_event,True,1,0.39073970913887024,0.39073970913887024,log_audit_event;generate_report;db_write;quarantine_system;db_read,0.39073971;0.32967058;0.29713428;0.27996659;0.27742153,989,paraphrase_original,
Paraphrase,1231,Would anyone be able to let's capture ml-infer-05's event in the audit log?,log_audit_event,log_audit_event,log_audit_event,True,1,0.3730488419532776,0.3730488419532776,log_audit_event;generate_report;db_write;db_read;scan_malware,0.37304884;0.29641843;0.27191556;0.25670531;0.24843353,989,paraphrase_variant,
Paraphrase,1232,Gonna need you to let's capture ml-infer-05's event in the audit log.,log_audit_event,log_audit_event,log_audit_event,True,1,0.43343350291252136,0.43343350291252136,log_audit_event;generate_report;db_write;quarantine_system;db_read,0.43343350;0.39719254;0.35987520;0.35356694;0.33873016,989,paraphrase_variant,
Paraphrase,1233,What we need is for let's capture ml-infer-05's event in the audit log.,log_audit_event,log_audit_event,log_audit_event,True,1,0.3685491681098938,0.3685491681098938,log_audit_event;generate_report;db_write;db_read;check_status,0.36854917;0.28126958;0.25949842;0.25265539;0.24795054,989,paraphrase_variant,
Paraphrase,1234,Kindly let's capture ml-infer-05's event in the audit log.,log_audit_event,log_audit_event,log_audit_event,True,1,0.3715219497680664,0.3715219497680664,log_audit_event;generate_report;db_write;db_read;scan_malware,0.37152195;0.29541039;0.26885068;0.26105219;0.25400212,989,paraphrase_variant,
Paraphrase,1235,Let's create an audit trail entry for #20891.,log_audit_event,log_audit_event,generate_report,False,3,0.41462844610214233,0.3753775954246521,generate_report;provision_vm;log_audit_event;quarantine_system;send_notification,0.41462845;0.37813786;0.37537760;0.37008020;0.36875406,993,paraphrase_original,
Paraphrase,1236,What we need is for let's create an audit trail entry for #20891.,log_audit_event,log_audit_event,generate_report,False,2,0.40982750058174133,0.39255428314208984,generate_report;log_audit_event;send_notification;db_write;provision_vm,0.40982750;0.39255428;0.37631041;0.35930085;0.35686612,993,paraphrase_variant,
Paraphrase,1237,Is it possible to let's create an audit trail entry for #20891?,log_audit_event,log_audit_event,generate_report,False,2,0.4035579562187195,0.3708529472351074,generate_report;log_audit_event;provision_vm;send_notification;scan_malware,0.40355796;0.37085295;0.36422801;0.36156648;0.35924640,993,paraphrase_variant,
Paraphrase,1238,Would you mind let's create an audit trail entry for #20891.,log_audit_event,log_audit_event,generate_report,False,2,0.4434592127799988,0.41033172607421875,generate_report;log_audit_event;provision_vm;quarantine_system;send_notification,0.44345921;0.41033173;0.39559570;0.38432756;0.38143116,993,paraphrase_variant,
Paraphrase,1239,Gonna need you to let's create an audit trail entry for #20891.,log_audit_event,log_audit_event,generate_report,False,5,0.4422447383403778,0.39549899101257324,generate_report;provision_vm;quarantine_system;send_notification;log_audit_event,0.44224474;0.39985549;0.39926741;0.39908823;0.39549899,993,paraphrase_variant,
Paraphrase,1240,Kindly write an audit entry for Bob.,log_audit_event,log_audit_event,log_audit_event,True,1,0.28720688819885254,0.28720688819885254,log_audit_event;quarantine_system;escalate_to_human;generate_report;scan_malware,0.28720689;0.28415537;0.28364187;0.26488012;0.25805655,996,paraphrase_original,
Paraphrase,1241,Is it possible to write an audit entry for bob?,log_audit_event,log_audit_event,quarantine_system,False,2,0.280609130859375,0.2790289521217346,quarantine_system;log_audit_event;escalate_to_human;scan_malware;send_notification,0.28060913;0.27902895;0.27531400;0.27211410;0.27130076,996,paraphrase_variant,
Paraphrase,1242,The situation requires write an audit entry for bob.,log_audit_event,log_audit_event,escalate_to_human,False,5,0.3716277778148651,0.3076387345790863,escalate_to_human;quarantine_system;send_notification;generate_report;log_audit_event,0.37162778;0.31613109;0.31008312;0.30812803;0.30763873,996,paraphrase_variant,
Paraphrase,1243,Kindly write an audit entry for bob.,log_audit_event,log_audit_event,log_audit_event,True,1,0.28720688819885254,0.28720688819885254,log_audit_event;quarantine_system;escalate_to_human;generate_report;scan_malware,0.28720689;0.28415537;0.28364187;0.26488012;0.25805655,996,paraphrase_variant,
Paraphrase,1244,"Yo, write an audit entry for bob.",log_audit_event,log_audit_event,escalate_to_human,False,5,0.29606300592422485,0.26065880060195923,escalate_to_human;send_notification;quarantine_system;generate_report;log_audit_event,0.29606301;0.28637359;0.28620550;0.27217078;0.26065880,996,paraphrase_variant,
Paraphrase,1245,Kindly add an audit log entry for ml-infer-05.,log_audit_event,log_audit_event,log_audit_event,True,1,0.38136857748031616,0.38136857748031616,log_audit_event;db_write;db_read;generate_report;scan_malware,0.38136858;0.32032090;0.30882755;0.30859223;0.29472563,999,paraphrase_original,
Paraphrase,1246,"Yo, add an audit log entry for ml-infer-05.",log_audit_event,log_audit_event,log_audit_event,True,1,0.4024415910243988,0.4024415910243988,log_audit_event;db_write;generate_report;db_read;scan_malware,0.40244159;0.37098509;0.36242372;0.34729123;0.31651962,999,paraphrase_variant,
Paraphrase,1247,Please add an audit log entry for ml-infer-05.,log_audit_event,log_audit_event,log_audit_event,True,1,0.41019877791404724,0.41019877791404724,log_audit_event;db_write;generate_report;db_read;scan_malware,0.41019878;0.35080656;0.35047114;0.33049545;0.31805670,999,paraphrase_variant,
Paraphrase,1248,add an audit log entry for ml-infer-05 -- that's what needs to happen.,log_audit_event,log_audit_event,log_audit_event,True,1,0.35058286786079407,0.35058286786079407,log_audit_event;db_write;db_read;generate_report;scan_malware,0.35058287;0.31419173;0.30977979;0.29616609;0.26412761,999,paraphrase_variant,
Paraphrase,1249,Is it possible to add an audit log entry for ml-infer-05?,log_audit_event,log_audit_event,log_audit_event,True,1,0.32853683829307556,0.32853683829307556,log_audit_event;db_write;generate_report;db_read;scan_malware,0.32853684;0.31929675;0.28549668;0.26636267;0.26466957,999,paraphrase_variant,
Paraphrase,1250,Kindly document the event for HR in the audit log.,log_audit_event,log_audit_event,log_audit_event,True,1,0.3978785574436188,0.3978785574436188,log_audit_event;generate_report;create_ticket;check_status;quarantine_system,0.39787856;0.27722794;0.26132232;0.25650033;0.25175467,1000,paraphrase_original,
Paraphrase,1251,It would help if document the event for hr in the audit log.,log_audit_event,log_audit_event,log_audit_event,True,1,0.3909129500389099,0.3909129500389099,log_audit_event;check_status;generate_report;db_read;create_ticket,0.39091295;0.31407601;0.30290648;0.28611675;0.27981892,1000,paraphrase_variant,
Paraphrase,1252,Is it possible to document the event for hr in the audit log?,log_audit_event,log_audit_event,log_audit_event,True,1,0.34115856885910034,0.34115856885910034,log_audit_event;create_ticket;generate_report;check_status;db_read,0.34115857;0.23412660;0.23232025;0.23126404;0.19941558,1000,paraphrase_variant,
Paraphrase,1253,Quick one -- document the event for hr in the audit log.,log_audit_event,log_audit_event,log_audit_event,True,1,0.37855029106140137,0.37855029106140137,log_audit_event;generate_report;check_status;create_ticket;db_read,0.37855029;0.30067936;0.28889307;0.27386653;0.25369814,1000,paraphrase_variant,
Paraphrase,1254,Please document the event for hr in the audit log.,log_audit_event,log_audit_event,log_audit_event,True,1,0.41775158047676086,0.41775158047676086,log_audit_event;generate_report;check_status;create_ticket;quarantine_system,0.41775158;0.31368232;0.29802072;0.28241768;0.28093517,1000,paraphrase_variant,
