query,dag_id,dag_text,tools,edges,topo_family,source,split,strict_fix_applied,had_duplicate_node_labels,original_tools,tool_count,canonical_dag_hash,canonical_toolset_hash,num_nodes,num_edges,query_condition,structural_twin_group,heldout_topology,dataset_version
"Start by checking the service status. Once that's done, escalate the case to a human and check the user's profile at the same time. After both of those tasks are completed, update the subscription plan.",329,"check_service_status -> escalate_case_to_human, check_service_status -> read_user_profile, escalate_case_to_human -> update_subscription_plan, read_user_profile -> update_subscription_plan",check_service_status;escalate_case_to_human;read_user_profile;update_subscription_plan,0->1;0->2;1->3;2->3,diamond,azure_gpt4o,test_topology_heldout,False,False,check_service_status;escalate_case_to_human;read_user_profile;update_subscription_plan,15,ea358ac50f94103d,0de72cfd5282af57,4,4,standard,0de72cfd5282af57,True,campaign_v4
"Start by reviewing the access logs. Once that's done, check if the services are running as expected and simultaneously evaluate which path the task should take. After both of these are completed, log the final outcome into the database.",330,"check_service_status -> write_database_record, read_access_logs -> check_service_status, read_access_logs -> route_task_by_condition, route_task_by_condition -> write_database_record",read_access_logs;check_service_status;route_task_by_condition;write_database_record,0->1;0->2;1->3;2->3,diamond,azure_gpt4o,test_topology_heldout,False,False,read_access_logs;check_service_status;route_task_by_condition;write_database_record,15,e4349b1470f8fbd4,ddc9f58e6b96ddc5,4,4,standard,ddc9f58e6b96ddc5,True,campaign_v4
"Can you restart the service first, then while you're looking up the database record, also update the subscription plan? After both of those are done, check the service status to confirm everything is working.",331,"read_database_record -> check_service_status, restart_service -> read_database_record, restart_service -> update_subscription_plan, update_subscription_plan -> check_service_status",restart_service;read_database_record;update_subscription_plan;check_service_status,0->1;0->2;1->3;2->3,diamond,azure_gpt4o,test_topology_heldout,False,False,restart_service;read_database_record;update_subscription_plan;check_service_status,15,59b64606dd7743c9,f15b5bdcdfe86051,4,4,standard,f15b5bdcdfe86051,True,campaign_v4
"First, update the database with the necessary information. Once that's done, create a support ticket and check the user's subscription status at the same time. After both of those tasks are complete, run a malware scan on the system.",332,"create_support_ticket -> scan_system_for_malware, read_subscription_status -> scan_system_for_malware, write_database_record -> create_support_ticket, write_database_record -> read_subscription_status",write_database_record;create_support_ticket;read_subscription_status;scan_system_for_malware,0->1;0->2;1->3;2->3,diamond,azure_gpt4o,test_topology_heldout,False,False,write_database_record;create_support_ticket;read_subscription_status;scan_system_for_malware,15,5b21bd02e0172cbb,0c5151e3f011293f,4,4,standard,0c5151e3f011293f,True,campaign_v4
"First, review the access logs. After that's done, update the subscription plan and escalate the case to a human in parallel. Once both of those tasks are finished, create a support ticket.",333,"escalate_case_to_human -> create_support_ticket, read_access_logs -> escalate_case_to_human, read_access_logs -> update_subscription_plan, update_subscription_plan -> create_support_ticket",read_access_logs;update_subscription_plan;escalate_case_to_human;create_support_ticket,0->1;0->2;1->3;2->3,diamond,azure_gpt4o,test_topology_heldout,False,False,read_access_logs;update_subscription_plan;escalate_case_to_human;create_support_ticket,15,23b66380a4b7fbeb,a4e9dd916ffb29f8,4,4,standard,a4e9dd916ffb29f8,True,campaign_v4
"Start by opening a new support ticket. After that, gather details from the database while simultaneously notifying the user group. Once both of those are finished, check the access logs.",334,"create_support_ticket -> dispatch_message_to_usergroup, create_support_ticket -> read_database_record, dispatch_message_to_usergroup -> read_access_logs, read_database_record -> read_access_logs",create_support_ticket;read_database_record;dispatch_message_to_usergroup;read_access_logs,0->1;0->2;1->3;2->3,diamond,azure_gpt4o,test_topology_heldout,False,False,create_support_ticket;read_database_record;dispatch_message_to_usergroup;read_access_logs,15,ee7375770c72cc3f,853b791d55302a54,4,4,standard,853b791d55302a54,True,campaign_v4
"Start by checking the subscription status. Once that’s done, look up the database records and update the subscription plan at the same time. After both tasks finish, retrieve the user profile.",335,"read_database_record -> read_user_profile, read_subscription_status -> read_database_record, read_subscription_status -> update_subscription_plan, update_subscription_plan -> read_user_profile",read_subscription_status;read_database_record;update_subscription_plan;read_user_profile,0->1;0->2;1->3;2->3,diamond,azure_gpt4o,test_topology_heldout,False,False,read_subscription_status;read_database_record;update_subscription_plan;read_user_profile,15,8cfc720dbf5f6e8e,fd8096ddef26125f,4,4,standard,fd8096ddef26125f,True,campaign_v4
"Can you route the task first, then check the subscription status and update the plan simultaneously? After both are done, restart the service.",336,"read_subscription_status -> restart_service, route_task_by_condition -> read_subscription_status, route_task_by_condition -> update_subscription_plan, update_subscription_plan -> restart_service",route_task_by_condition;read_subscription_status;update_subscription_plan;restart_service,0->1;0->2;1->3;2->3,diamond,azure_gpt4o,test_topology_heldout,False,False,route_task_by_condition;read_subscription_status;update_subscription_plan;restart_service,15,05501ef15b6284f9,b5d6369b2878b7ca,4,4,standard,b5d6369b2878b7ca,True,campaign_v4
"Start by determining the appropriate path for the task. Then, depending on the result, either update the username or escalate the case to a human, both of which can happen at the same time. Once those are completed, proceed to open a support ticket.",337,"edit_username -> create_support_ticket, escalate_case_to_human -> create_support_ticket, route_task_by_condition -> edit_username, route_task_by_condition -> escalate_case_to_human",route_task_by_condition;edit_username;escalate_case_to_human;create_support_ticket,0->1;0->2;1->3;2->3,diamond,azure_gpt4o,test_topology_heldout,False,False,route_task_by_condition;edit_username;escalate_case_to_human;create_support_ticket,15,be5b849831fa2dc3,d79166b7074cf5a8,4,4,standard,d79166b7074cf5a8,True,campaign_v4
"First, check the current status of the service. Once that's done, retrieve the user’s information from the database and update their subscription plan simultaneously. Finally, after both of those steps are complete, create a support ticket to confirm the changes or handle any issues.",338,"check_service_status -> read_database_record, check_service_status -> update_subscription_plan, read_database_record -> create_support_ticket, update_subscription_plan -> create_support_ticket",check_service_status;read_database_record;update_subscription_plan;create_support_ticket,0->1;0->2;1->3;2->3,diamond,azure_gpt4o,test_topology_heldout,False,False,check_service_status;read_database_record;update_subscription_plan;create_support_ticket,15,66515d91548c178d,189210a80ea0fe42,4,4,standard,189210a80ea0fe42,True,campaign_v4
"Can you escalate the issue to a human first? After that, restart the service and check its status simultaneously. Once both of those are done, fetch the relevant database record.",339,"check_service_status -> read_database_record, escalate_case_to_human -> check_service_status, escalate_case_to_human -> restart_service, restart_service -> read_database_record",escalate_case_to_human;restart_service;check_service_status;read_database_record,0->1;0->2;1->3;2->3,diamond,azure_gpt4o,test_topology_heldout,False,False,escalate_case_to_human;restart_service;check_service_status;read_database_record,15,eb2a2b4a417650f2,d3e1111161034a81,4,4,standard,d3e1111161034a81,True,campaign_v4
"Please create a support ticket first, and once that's done, send a message to the user group and check the subscription status simultaneously. After both of those tasks are completed, restart the service.",340,"create_support_ticket -> dispatch_message_to_usergroup, create_support_ticket -> read_subscription_status, dispatch_message_to_usergroup -> restart_service, read_subscription_status -> restart_service",create_support_ticket;dispatch_message_to_usergroup;read_subscription_status;restart_service,0->1;0->2;1->3;2->3,diamond,azure_gpt4o,test_topology_heldout,False,False,create_support_ticket;dispatch_message_to_usergroup;read_subscription_status;restart_service,15,a7d2731e5734d981,a99573f022f7e6d6,4,4,standard,a99573f022f7e6d6,True,campaign_v4
"First, update the user's subscription plan. Once that's done, send a message to the user group and retrieve the relevant database record at the same time. After both the message is sent and the database record is retrieved, proceed to route the task based on the conditions.",341,"dispatch_message_to_usergroup -> route_task_by_condition, read_database_record -> route_task_by_condition, update_subscription_plan -> dispatch_message_to_usergroup, update_subscription_plan -> read_database_record",update_subscription_plan;dispatch_message_to_usergroup;read_database_record;route_task_by_condition,0->1;0->2;1->3;2->3,diamond,azure_gpt4o,test_topology_heldout,False,False,update_subscription_plan;dispatch_message_to_usergroup;read_database_record;route_task_by_condition,15,60ef4f8781b9a425,4cc62b3107e11691,4,4,standard,4cc62b3107e11691,True,campaign_v4
"First, send a message to the user group. After that, simultaneously check the system for malware and retrieve the user's profile. Once both of those are done, reset the user's password.",342,"dispatch_message_to_usergroup -> read_user_profile, dispatch_message_to_usergroup -> scan_system_for_malware, read_user_profile -> reset_user_password, scan_system_for_malware -> reset_user_password",dispatch_message_to_usergroup;read_user_profile;scan_system_for_malware;reset_user_password,0->1;0->2;1->3;2->3,diamond,azure_gpt4o,test_topology_heldout,False,False,dispatch_message_to_usergroup;read_user_profile;scan_system_for_malware;reset_user_password,15,609ebc2e2fa9a094,624e4da59323ab53,4,4,standard,624e4da59323ab53,True,campaign_v4
"Please update the username first. After that, restart the service and scan the system for malware simultaneously. Once both of those are completed, retrieve the relevant database record.",343,"edit_username -> restart_service, edit_username -> scan_system_for_malware, restart_service -> read_database_record, scan_system_for_malware -> read_database_record",edit_username;restart_service;scan_system_for_malware;read_database_record,0->1;0->2;1->3;2->3,diamond,azure_gpt4o,test_topology_heldout,False,False,edit_username;restart_service;scan_system_for_malware;read_database_record,15,3d058bfc96d6a334,a1358fbcc1b0d77f,4,4,standard,a1358fbcc1b0d77f,True,campaign_v4
"Please reset the user password first. After that, restart the service and scan the system for malware at the same time. Once both of those are complete, go ahead and read the user profile.",344,"reset_user_password -> restart_service, reset_user_password -> scan_system_for_malware, restart_service -> read_user_profile, scan_system_for_malware -> read_user_profile",reset_user_password;restart_service;scan_system_for_malware;read_user_profile,0->1;0->2;1->3;2->3,diamond,azure_gpt4o,test_topology_heldout,False,False,reset_user_password;restart_service;scan_system_for_malware;read_user_profile,15,b2f1b3ae15772961,55b170f7f10e0c9b,4,4,standard,55b170f7f10e0c9b,True,campaign_v4
"Please escalate the case to a human first. After that, update the username and write the details in the database at the same time. Once both of those are done, retrieve the updated record from the database.",345,"edit_username -> read_database_record, escalate_case_to_human -> edit_username, escalate_case_to_human -> write_database_record, write_database_record -> read_database_record",escalate_case_to_human;edit_username;write_database_record;read_database_record,0->1;0->2;1->3;2->3,diamond,azure_gpt4o,test_topology_heldout,False,False,escalate_case_to_human;edit_username;write_database_record;read_database_record,15,66d791d3971efa71,880b877bd57671e2,4,4,standard,880b877bd57671e2,True,campaign_v4
"Start by changing the username. After that, scan the system for any malware while simultaneously restarting the service. Once both tasks are finished, save the necessary details in the database.",346,"edit_username -> restart_service, edit_username -> scan_system_for_malware, restart_service -> write_database_record, scan_system_for_malware -> write_database_record",edit_username;scan_system_for_malware;restart_service;write_database_record,0->1;0->2;1->3;2->3,diamond,azure_gpt4o,test_topology_heldout,False,False,edit_username;scan_system_for_malware;restart_service;write_database_record,15,9688d6d2aec7fa4a,ee93b61c36e0bf7f,4,4,standard,ee93b61c36e0bf7f,True,campaign_v4
"Please start by creating a support ticket. Once that's done, simultaneously review the access logs and update the username. After both of those tasks are complete, escalate the case to a human if needed.",347,"create_support_ticket -> edit_username, create_support_ticket -> read_access_logs, edit_username -> escalate_case_to_human, read_access_logs -> escalate_case_to_human",create_support_ticket;read_access_logs;edit_username;escalate_case_to_human,0->1;0->2;1->3;2->3,diamond,azure_gpt4o,test_topology_heldout,False,False,create_support_ticket;read_access_logs;edit_username;escalate_case_to_human,15,fd13355ce6819849,0209b63839f5e916,4,4,standard,0209b63839f5e916,True,campaign_v4
"Please start by creating a support ticket. Once that's done, reset the user's password and restart the service at the same time. After both of those are finished, check the user's subscription status.",348,"create_support_ticket -> reset_user_password, create_support_ticket -> restart_service, reset_user_password -> read_subscription_status, restart_service -> read_subscription_status",create_support_ticket;reset_user_password;restart_service;read_subscription_status,0->1;0->2;1->3;2->3,diamond,azure_gpt4o,test_topology_heldout,False,False,create_support_ticket;reset_user_password;restart_service;read_subscription_status,15,925e16e304eb00ec,270224d53a6a1e69,4,4,standard,270224d53a6a1e69,True,campaign_v4
"Please upgrade the subscription plan first. Once that's done, send a message to the user group and reset the password for the user at the same time. After both of those tasks are completed, record the final updates in the database.",349,"dispatch_message_to_usergroup -> write_database_record, reset_user_password -> write_database_record, update_subscription_plan -> dispatch_message_to_usergroup, update_subscription_plan -> reset_user_password",update_subscription_plan;dispatch_message_to_usergroup;reset_user_password;write_database_record,0->1;0->2;1->3;2->3,diamond,azure_gpt4o,test_topology_heldout,False,False,update_subscription_plan;dispatch_message_to_usergroup;reset_user_password;write_database_record,15,b535b30a0c016765,70a8c2630bcbe4df,4,4,standard,70a8c2630bcbe4df,True,campaign_v4
"First, save the necessary details in the database. After that, update the username and create a support ticket at the same time. Once both of those are complete, proceed to change the subscription plan.",350,"create_support_ticket -> update_subscription_plan, edit_username -> update_subscription_plan, write_database_record -> create_support_ticket, write_database_record -> edit_username",write_database_record;edit_username;create_support_ticket;update_subscription_plan,0->1;0->2;1->3;2->3,diamond,azure_gpt4o,test_topology_heldout,False,False,write_database_record;edit_username;create_support_ticket;update_subscription_plan,15,7be5ff7f36184e04,0c701555c5b8adbb,4,4,standard,0c701555c5b8adbb,True,campaign_v4
"Start by checking the subscription status. Once that's done, simultaneously scan the system for malware and verify the service status. After both of those are finished, retrieve the necessary database record.",351,"check_service_status -> read_database_record, read_subscription_status -> check_service_status, read_subscription_status -> scan_system_for_malware, scan_system_for_malware -> read_database_record",read_subscription_status;scan_system_for_malware;check_service_status;read_database_record,0->1;0->2;1->3;2->3,diamond,azure_gpt4o,test_topology_heldout,False,False,read_subscription_status;scan_system_for_malware;check_service_status;read_database_record,15,b8129842091fa0d0,2d8810c84313aac1,4,4,standard,2d8810c84313aac1,True,campaign_v4
"Can you first check the subscription status? Then, once that's done, update the database and check the service status at the same time. Finally, escalate the case to a human after both of those are finished.",352,"check_service_status -> escalate_case_to_human, read_subscription_status -> check_service_status, read_subscription_status -> write_database_record, write_database_record -> escalate_case_to_human",read_subscription_status;write_database_record;check_service_status;escalate_case_to_human,0->1;0->2;1->3;2->3,diamond,azure_gpt4o,test_topology_heldout,False,False,read_subscription_status;write_database_record;check_service_status;escalate_case_to_human,15,9b4748f4b8de187b,d2319a70eb4c8665,4,4,standard,d2319a70eb4c8665,True,campaign_v4
"Start by upgrading the subscription plan. After that, split into two tasks: one to decide how to route the task based on conditions, and the other to restart the service. Once both of these are finished, update the username as the final step.",353,"restart_service -> edit_username, route_task_by_condition -> edit_username, update_subscription_plan -> restart_service, update_subscription_plan -> route_task_by_condition",update_subscription_plan;route_task_by_condition;restart_service;edit_username,0->1;0->2;1->3;2->3,diamond,azure_gpt4o,test_topology_heldout,False,False,update_subscription_plan;route_task_by_condition;restart_service;edit_username,15,c391bf70f51b0df2,fc6fbfc5a25fdda8,4,4,standard,fc6fbfc5a25fdda8,True,campaign_v4
"Start by scanning the system for any malware. After that, while checking the user profile, also update the database with any necessary records. Once both of those are done, decide the next steps based on the conditions, and finally review the access logs.",354,"read_user_profile -> route_task_by_condition, route_task_by_condition -> read_access_logs, scan_system_for_malware -> read_user_profile, scan_system_for_malware -> write_database_record, write_database_record -> route_task_by_condition",scan_system_for_malware;read_user_profile;write_database_record;route_task_by_condition;read_access_logs,0->1;0->2;1->3;2->3;3->4,asymmetric_fork_join,azure_gpt4o,test_topology_heldout,False,False,scan_system_for_malware;read_user_profile;write_database_record;route_task_by_condition;read_access_logs,15,b1c0e08ab08b64e3,d7dcd22b09fe3bf0,5,5,standard,d7dcd22b09fe3bf0,True,campaign_v4
"Start by adding a record to the database. Once that's done, check the service status and scan the system for malware at the same time. After both of those finish, read the subscription status, and finally send a message to the user group.",355,"check_service_status -> read_subscription_status, read_subscription_status -> dispatch_message_to_usergroup, scan_system_for_malware -> read_subscription_status, write_database_record -> check_service_status, write_database_record -> scan_system_for_malware",write_database_record;check_service_status;scan_system_for_malware;read_subscription_status;dispatch_message_to_usergroup,0->1;0->2;1->3;2->3;3->4,asymmetric_fork_join,azure_gpt4o,test_topology_heldout,False,False,write_database_record;check_service_status;scan_system_for_malware;read_subscription_status;dispatch_message_to_usergroup,15,d1d13a996c6b1f08,1f9d429ae91d252b,5,5,standard,1f9d429ae91d252b,True,campaign_v4
"Start by checking the user's subscription status. Based on that, either update their subscription plan or open a support ticket to address any issues. Once both of those are done, decide the next action depending on the outcomes, and finally reset the user's password if needed.",356,"create_support_ticket -> route_task_by_condition, read_subscription_status -> create_support_ticket, read_subscription_status -> update_subscription_plan, route_task_by_condition -> reset_user_password, update_subscription_plan -> route_task_by_condition",read_subscription_status;update_subscription_plan;create_support_ticket;route_task_by_condition;reset_user_password,0->1;0->2;1->3;2->3;3->4,asymmetric_fork_join,azure_gpt4o,test_topology_heldout,False,False,read_subscription_status;update_subscription_plan;create_support_ticket;route_task_by_condition;reset_user_password,15,0489e71886522dbd,823961d0e4c5b72f,5,5,standard,823961d0e4c5b72f,True,campaign_v4
"Start by retrieving the user's profile information. Then, at the same time, reset their password and check the service's current status. Once both of those tasks are finished, access the database to retrieve the necessary records. Finally, send a message to the user group after reviewing the database information.",357,"check_service_status -> read_database_record, read_database_record -> dispatch_message_to_usergroup, read_user_profile -> check_service_status, read_user_profile -> reset_user_password, reset_user_password -> read_database_record",read_user_profile;reset_user_password;check_service_status;read_database_record;dispatch_message_to_usergroup,0->1;0->2;1->3;2->3;3->4,asymmetric_fork_join,azure_gpt4o,test_topology_heldout,False,False,read_user_profile;reset_user_password;check_service_status;read_database_record;dispatch_message_to_usergroup,15,05c2f4d8fd9f82cf,27aabe02d9dc4bbe,5,5,standard,27aabe02d9dc4bbe,True,campaign_v4
"Please start by opening a support ticket. Once that's done, update the username and log a record into the database at the same time. After both of those are completed, reset the user's password. Finally, check the status of the service after the password reset is finished.",358,"create_support_ticket -> edit_username, create_support_ticket -> write_database_record, edit_username -> reset_user_password, reset_user_password -> check_service_status, write_database_record -> reset_user_password",create_support_ticket;edit_username;write_database_record;reset_user_password;check_service_status,0->1;0->2;1->3;2->3;3->4,asymmetric_fork_join,azure_gpt4o,test_topology_heldout,False,False,create_support_ticket;edit_username;write_database_record;reset_user_password;check_service_status,15,59acaa0aa66d8aea,c8ef58f2738fcbec,5,5,standard,c8ef58f2738fcbec,True,campaign_v4
"I need to create a support ticket first. After that, update the database and restart the service at the same time. Once both are done, route the task based on specific conditions, and finally escalate to a human if needed.",359,"create_support_ticket -> restart_service, create_support_ticket -> write_database_record, restart_service -> route_task_by_condition, route_task_by_condition -> escalate_case_to_human, write_database_record -> route_task_by_condition",create_support_ticket;write_database_record;restart_service;route_task_by_condition;escalate_case_to_human,0->1;0->2;1->3;2->3;3->4,asymmetric_fork_join,azure_gpt4o,test_topology_heldout,False,False,create_support_ticket;write_database_record;restart_service;route_task_by_condition;escalate_case_to_human,15,d2ad2bdc42d70c67,d4b1cfef75877b72,5,5,standard,d4b1cfef75877b72,True,campaign_v4
"Start by saving the data into the database. Once that's done, send a message to the user group and fetch the user's profile simultaneously. After both the message is sent and the profile is retrieved, check the database for additional details. Finally, after reviewing the database, verify the user's subscription status.",360,"dispatch_message_to_usergroup -> read_database_record, read_database_record -> read_subscription_status, read_user_profile -> read_database_record, write_database_record -> dispatch_message_to_usergroup, write_database_record -> read_user_profile",write_database_record;dispatch_message_to_usergroup;read_user_profile;read_database_record;read_subscription_status,0->1;0->2;1->3;2->3;3->4,asymmetric_fork_join,azure_gpt4o,test_topology_heldout,False,False,write_database_record;dispatch_message_to_usergroup;read_user_profile;read_database_record;read_subscription_status,15,86d88b612dfe0c2e,7bec1dd9ec50e7e5,5,5,standard,7bec1dd9ec50e7e5,True,campaign_v4
"Start by checking if the service is running properly. Then, while you're updating the username, also create a support ticket at the same time. Once both of those are done, decide the next steps based on the conditions, and after that, check the subscription status.",361,"check_service_status -> create_support_ticket, check_service_status -> edit_username, create_support_ticket -> route_task_by_condition, edit_username -> route_task_by_condition, route_task_by_condition -> read_subscription_status",check_service_status;edit_username;create_support_ticket;route_task_by_condition;read_subscription_status,0->1;0->2;1->3;2->3;3->4,asymmetric_fork_join,azure_gpt4o,test_topology_heldout,False,False,check_service_status;edit_username;create_support_ticket;route_task_by_condition;read_subscription_status,15,3c702f4958f0b994,ee40470d8d4327be,5,5,standard,ee40470d8d4327be,True,campaign_v4
"Start by restarting the service. Once that's done, update the subscription plan and scan the system for malware at the same time. After both of these are finished, write a record to the database, and finally reset the user's password.",362,"restart_service -> scan_system_for_malware, restart_service -> update_subscription_plan, scan_system_for_malware -> write_database_record, update_subscription_plan -> write_database_record, write_database_record -> reset_user_password",restart_service;update_subscription_plan;scan_system_for_malware;write_database_record;reset_user_password,0->1;0->2;1->3;2->3;3->4,asymmetric_fork_join,azure_gpt4o,test_topology_heldout,False,False,restart_service;update_subscription_plan;scan_system_for_malware;write_database_record;reset_user_password,15,afa18152d743cfce,bced4666439a8325,5,5,standard,bced4666439a8325,True,campaign_v4
"Start by resetting the user’s password. Once that’s done, simultaneously scan the system for malware and update their username. After both of those tasks are complete, create a support ticket. Finally, route the task based on the ticket details.",363,"create_support_ticket -> route_task_by_condition, edit_username -> create_support_ticket, reset_user_password -> edit_username, reset_user_password -> scan_system_for_malware, scan_system_for_malware -> create_support_ticket",reset_user_password;scan_system_for_malware;edit_username;create_support_ticket;route_task_by_condition,0->1;0->2;1->3;2->3;3->4,asymmetric_fork_join,azure_gpt4o,test_topology_heldout,False,False,reset_user_password;scan_system_for_malware;edit_username;create_support_ticket;route_task_by_condition,15,697362c3fe3dac35,1957b8a0d3e0497b,5,5,standard,1957b8a0d3e0497b,True,campaign_v4
"Start by scanning the system for any malware. Once that's done, decide the next steps based on the results and, at the same time, create a support ticket if needed. After both of these are complete, update the database with the relevant information. Finally, check the subscription status after the database has been updated.",364,"create_support_ticket -> write_database_record, route_task_by_condition -> write_database_record, scan_system_for_malware -> create_support_ticket, scan_system_for_malware -> route_task_by_condition, write_database_record -> read_subscription_status",scan_system_for_malware;route_task_by_condition;create_support_ticket;write_database_record;read_subscription_status,0->1;0->2;1->3;2->3;3->4,asymmetric_fork_join,azure_gpt4o,test_topology_heldout,False,False,scan_system_for_malware;route_task_by_condition;create_support_ticket;write_database_record;read_subscription_status,15,fde778f66b06d202,030b02e3371d0000,5,5,standard,030b02e3371d0000,True,campaign_v4
"Can you first check the subscription status? After that, depending on the results, route the task and simultaneously verify the service availability. Once both of those are completed, retrieve the required database records, and finally, send a message to the appropriate user group.",365,"check_service_status -> read_database_record, read_database_record -> dispatch_message_to_usergroup, read_subscription_status -> check_service_status, read_subscription_status -> route_task_by_condition, route_task_by_condition -> read_database_record",read_subscription_status;route_task_by_condition;check_service_status;read_database_record;dispatch_message_to_usergroup,0->1;0->2;1->3;2->3;3->4,asymmetric_fork_join,azure_gpt4o,test_topology_heldout,False,False,read_subscription_status;route_task_by_condition;check_service_status;read_database_record;dispatch_message_to_usergroup,15,40fde4465d19d522,6e5178d70f230ea4,5,5,standard,6e5178d70f230ea4,True,campaign_v4
"Start by scanning the system for any malware. Once that’s done, simultaneously check the database records and open a new support ticket. After those two tasks are completed, reset the user password, and finally review the access logs.",366,"create_support_ticket -> reset_user_password, read_database_record -> reset_user_password, reset_user_password -> read_access_logs, scan_system_for_malware -> create_support_ticket, scan_system_for_malware -> read_database_record",scan_system_for_malware;read_database_record;create_support_ticket;reset_user_password;read_access_logs,0->1;0->2;1->3;2->3;3->4,asymmetric_fork_join,azure_gpt4o,test_topology_heldout,False,False,scan_system_for_malware;read_database_record;create_support_ticket;reset_user_password;read_access_logs,15,ae574b4c8fc5b4bd,0ab6adfeec57ccd4,5,5,standard,0ab6adfeec57ccd4,True,campaign_v4
"First, confirm the current status of the service. Based on that, route the task to the appropriate condition while simultaneously creating a support ticket if needed. Once both are finished, record the necessary details in the database, and finally, when the database updates are completed, check the subscription status.",367,"check_service_status -> create_support_ticket, check_service_status -> route_task_by_condition, create_support_ticket -> write_database_record, route_task_by_condition -> write_database_record, write_database_record -> read_subscription_status",check_service_status;route_task_by_condition;create_support_ticket;write_database_record;read_subscription_status,0->1;0->2;1->3;2->3;3->4,asymmetric_fork_join,azure_gpt4o,test_topology_heldout,False,False,check_service_status;route_task_by_condition;create_support_ticket;write_database_record;read_subscription_status,15,c672f691d7cd2580,60a79f9731e8aae1,5,5,standard,60a79f9731e8aae1,True,campaign_v4
"Please start by creating a support ticket. Once that's done, update the subscription plan and send a message to the user group at the same time. After both of those tasks are complete, reset the user password. Finally, escalate the case to a human once the password has been reset.",368,"create_support_ticket -> dispatch_message_to_usergroup, create_support_ticket -> update_subscription_plan, dispatch_message_to_usergroup -> reset_user_password, reset_user_password -> escalate_case_to_human, update_subscription_plan -> reset_user_password",create_support_ticket;update_subscription_plan;dispatch_message_to_usergroup;reset_user_password;escalate_case_to_human,0->1;0->2;1->3;2->3;3->4,asymmetric_fork_join,azure_gpt4o,test_topology_heldout,False,False,create_support_ticket;update_subscription_plan;dispatch_message_to_usergroup;reset_user_password;escalate_case_to_human,15,bd44849adf18f2cc,d52f84c0460493f7,5,5,standard,d52f84c0460493f7,True,campaign_v4
"First, verify the subscription status. Then, at the same time, check the database record and assess the service status. Once both of those are done, evaluate the conditions to decide the next step, and finally, send a message to the appropriate user group.",369,"check_service_status -> route_task_by_condition, read_database_record -> route_task_by_condition, read_subscription_status -> check_service_status, read_subscription_status -> read_database_record, route_task_by_condition -> dispatch_message_to_usergroup",read_subscription_status;read_database_record;check_service_status;route_task_by_condition;dispatch_message_to_usergroup,0->1;0->2;1->3;2->3;3->4,asymmetric_fork_join,azure_gpt4o,test_topology_heldout,False,False,read_subscription_status;read_database_record;check_service_status;route_task_by_condition;dispatch_message_to_usergroup,15,2e124797549c79ef,6e5178d70f230ea4,5,5,standard,6e5178d70f230ea4,True,campaign_v4
"Start by scanning the system for malware. Once that’s done, check the access logs and verify the subscription status at the same time. After both of those are complete, review the user’s profile, and finally reset their password.",370,"read_access_logs -> read_user_profile, read_subscription_status -> read_user_profile, read_user_profile -> reset_user_password, scan_system_for_malware -> read_access_logs, scan_system_for_malware -> read_subscription_status",scan_system_for_malware;read_access_logs;read_subscription_status;read_user_profile;reset_user_password,0->1;0->2;1->3;2->3;3->4,asymmetric_fork_join,azure_gpt4o,test_topology_heldout,False,False,scan_system_for_malware;read_access_logs;read_subscription_status;read_user_profile;reset_user_password,15,f812117b515e039d,43014c93315d9d4e,5,5,standard,43014c93315d9d4e,True,campaign_v4
"First, analyze the access logs. Once that's done, simultaneously check the subscription status and retrieve the user profile. After both are complete, send a message to the user group. Finally, reset the user's password after the message has been dispatched.",371,"dispatch_message_to_usergroup -> reset_user_password, read_access_logs -> read_subscription_status, read_access_logs -> read_user_profile, read_subscription_status -> dispatch_message_to_usergroup, read_user_profile -> dispatch_message_to_usergroup",read_access_logs;read_subscription_status;read_user_profile;dispatch_message_to_usergroup;reset_user_password,0->1;0->2;1->3;2->3;3->4,asymmetric_fork_join,azure_gpt4o,test_topology_heldout,False,False,read_access_logs;read_subscription_status;read_user_profile;dispatch_message_to_usergroup;reset_user_password,15,d57e13e1676ce5b5,8f8aba1cc9b37775,5,5,standard,8f8aba1cc9b37775,True,campaign_v4
"Start by checking the subscription status. Then, while creating a support ticket, also review the access logs. Once both of those are done, restart the service, and after that, update the database with the necessary details.",372,"create_support_ticket -> restart_service, read_access_logs -> restart_service, read_subscription_status -> create_support_ticket, read_subscription_status -> read_access_logs, restart_service -> write_database_record",read_subscription_status;create_support_ticket;read_access_logs;restart_service;write_database_record,0->1;0->2;1->3;2->3;3->4,asymmetric_fork_join,azure_gpt4o,test_topology_heldout,False,False,read_subscription_status;create_support_ticket;read_access_logs;restart_service;write_database_record,15,c312bd658c62fcb3,7bdb97f144a7cee3,5,5,standard,7bdb97f144a7cee3,True,campaign_v4
"Start by fetching the database record. Once that's done, simultaneously check the user's profile and escalate the issue to a human. After both of these are complete, proceed to modify the user's subscription plan. Finally, retrieve the updated subscription status to confirm the changes.",373,"escalate_case_to_human -> update_subscription_plan, read_database_record -> escalate_case_to_human, read_database_record -> read_user_profile, read_user_profile -> update_subscription_plan, update_subscription_plan -> read_subscription_status",read_database_record;escalate_case_to_human;read_user_profile;update_subscription_plan;read_subscription_status,0->1;0->2;1->3;2->3;3->4,asymmetric_fork_join,azure_gpt4o,test_topology_heldout,False,False,read_database_record;escalate_case_to_human;read_user_profile;update_subscription_plan;read_subscription_status,15,f571bc725b6fe832,8620d93d55f70522,5,5,standard,8620d93d55f70522,True,campaign_v4
"Save the information in the database first. Then, based on conditions, decide how to handle the task and escalate it to a human if needed. Once both of those are done, perform a malware scan, and after that, review the access logs.",374,"escalate_case_to_human -> scan_system_for_malware, route_task_by_condition -> scan_system_for_malware, scan_system_for_malware -> read_access_logs, write_database_record -> escalate_case_to_human, write_database_record -> route_task_by_condition",write_database_record;route_task_by_condition;escalate_case_to_human;scan_system_for_malware;read_access_logs,0->1;0->2;1->3;2->3;3->4,asymmetric_fork_join,azure_gpt4o,test_topology_heldout,False,False,write_database_record;route_task_by_condition;escalate_case_to_human;scan_system_for_malware;read_access_logs,15,80d178fda47a5db6,10d7e395a1c4620a,5,5,standard,10d7e395a1c4620a,True,campaign_v4
"Start by reading the user profile. Once that's done, simultaneously check their subscription status and update their record in the database. After both of those tasks are complete, retrieve the updated record from the database, and finally, create a support ticket based on the information retrieved.",375,"read_database_record -> create_support_ticket, read_subscription_status -> read_database_record, read_user_profile -> read_subscription_status, read_user_profile -> write_database_record, write_database_record -> read_database_record",read_user_profile;read_subscription_status;write_database_record;read_database_record;create_support_ticket,0->1;0->2;1->3;2->3;3->4,asymmetric_fork_join,azure_gpt4o,test_topology_heldout,False,False,read_user_profile;read_subscription_status;write_database_record;read_database_record;create_support_ticket,15,be4015b4e8cf67a5,afb9bce554166153,5,5,standard,afb9bce554166153,True,campaign_v4
"First, update the username, then record it in the database while also retrieving the relevant database details. After both of those are done, adjust the subscription plan, and finally restart the service once the plan has been updated.",376,"edit_username -> read_database_record, edit_username -> write_database_record, read_database_record -> update_subscription_plan, update_subscription_plan -> restart_service, write_database_record -> update_subscription_plan",edit_username;write_database_record;read_database_record;update_subscription_plan;restart_service,0->1;0->2;1->3;2->3;3->4,asymmetric_fork_join,azure_gpt4o,test_topology_heldout,False,False,edit_username;write_database_record;read_database_record;update_subscription_plan;restart_service,15,f6f7e5b330366f7d,95bae6c16f77ece0,5,5,standard,95bae6c16f77ece0,True,campaign_v4
"Please restart the service first. After that, simultaneously review the user profiles and check the access logs. Once both of those are done, send a message to the user group. Finally, update the subscription plan after the message has been sent.",377,"dispatch_message_to_usergroup -> update_subscription_plan, read_access_logs -> dispatch_message_to_usergroup, read_user_profile -> dispatch_message_to_usergroup, restart_service -> read_access_logs, restart_service -> read_user_profile",restart_service;read_user_profile;read_access_logs;dispatch_message_to_usergroup;update_subscription_plan,0->1;0->2;1->3;2->3;3->4,asymmetric_fork_join,azure_gpt4o,test_topology_heldout,False,False,restart_service;read_user_profile;read_access_logs;dispatch_message_to_usergroup;update_subscription_plan,15,346b35476e65ddbe,360de9bb925c0741,5,5,standard,360de9bb925c0741,True,campaign_v4
"Start by checking the user's subscription status. At the same time, check the service's current status. Once both checks are done, retrieve the user's database record. After that, escalate the issue to a human if necessary, and then reset the user's password when escalation is complete.",378,"check_service_status -> escalate_case_to_human, escalate_case_to_human -> reset_user_password, read_database_record -> escalate_case_to_human, read_subscription_status -> check_service_status, read_subscription_status -> read_database_record",read_subscription_status;read_database_record;check_service_status;escalate_case_to_human;reset_user_password,0->1;0->2;1->3;2->3;3->4,asymmetric_fork_join,azure_gpt4o,test_topology_heldout,False,False,read_subscription_status;read_database_record;check_service_status;escalate_case_to_human;reset_user_password,15,d7d6b7f998d91da9,673a52fd3910ec2f,5,5,standard,673a52fd3910ec2f,True,campaign_v4
"First, verify the current status of the service, then escalate the issue to a human if needed. After that, check the user's profile to gather their details, and finally, proceed with updating their subscription plan.",379,"check_service_status -> escalate_case_to_human, escalate_case_to_human -> read_user_profile, read_user_profile -> update_subscription_plan",check_service_status;escalate_case_to_human;read_user_profile;update_subscription_plan,0->1;1->2;2->3,chain_medium_4,azure_gpt4o,candidate_only,False,False,check_service_status;escalate_case_to_human;read_user_profile;update_subscription_plan,15,bd42c4c5c0d89796,0de72cfd5282af57,4,3,standard,0de72cfd5282af57,False,campaign_v4
"Can you check the service status first, and then once that’s done, escalate the case to a human while simultaneously pulling up the user profile and updating their subscription plan?",380,"check_service_status -> escalate_case_to_human, check_service_status -> read_user_profile, check_service_status -> update_subscription_plan",check_service_status;escalate_case_to_human;read_user_profile;update_subscription_plan,0->1;0->2;0->3,fanout_3,azure_gpt4o,candidate_only,False,False,check_service_status;escalate_case_to_human;read_user_profile;update_subscription_plan,15,79ed7d222b5333cd,0de72cfd5282af57,4,3,standard,0de72cfd5282af57,False,campaign_v4
"Start by checking the service status, reading the user profile, and escalating the case to a human representative all at the same time. Once these are completed, go ahead and update the subscription plan.",381,"check_service_status -> update_subscription_plan, escalate_case_to_human -> update_subscription_plan, read_user_profile -> update_subscription_plan",check_service_status;escalate_case_to_human;read_user_profile;update_subscription_plan,0->3;1->3;2->3,fanin_3,azure_gpt4o,candidate_only,False,False,check_service_status;escalate_case_to_human;read_user_profile;update_subscription_plan,15,ced08e246fabe705,0de72cfd5282af57,4,3,standard,0de72cfd5282af57,False,campaign_v4
"First, check the status of the service and escalate the issue to a human at the same time. Once both of those are done, read the user profile, and after that, update their subscription plan.",382,"check_service_status -> read_user_profile, escalate_case_to_human -> read_user_profile, read_user_profile -> update_subscription_plan",check_service_status;escalate_case_to_human;read_user_profile;update_subscription_plan,0->2;1->2;2->3,y_shape,azure_gpt4o,candidate_only,False,False,check_service_status;escalate_case_to_human;read_user_profile;update_subscription_plan,15,29133123737edd28,0de72cfd5282af57,4,3,standard,0de72cfd5282af57,False,campaign_v4
"First, check the service status. After that, escalate the issue to a human. Once the escalation is complete, simultaneously review the user's profile and make any necessary updates to their subscription plan.",383,"check_service_status -> escalate_case_to_human, escalate_case_to_human -> read_user_profile, escalate_case_to_human -> update_subscription_plan",check_service_status;escalate_case_to_human;read_user_profile;update_subscription_plan,0->1;1->2;1->3,inverted_y,azure_gpt4o,candidate_only,False,False,check_service_status;escalate_case_to_human;read_user_profile;update_subscription_plan,15,2693128efd2fb0bf,0de72cfd5282af57,4,3,standard,0de72cfd5282af57,False,campaign_v4
"First, access the logs to gather data. Then, confirm the current status of the service. Next, depending on the service status, decide the appropriate action. After that, update the database with the results.",384,"check_service_status -> route_task_by_condition, read_access_logs -> check_service_status, route_task_by_condition -> write_database_record",read_access_logs;check_service_status;route_task_by_condition;write_database_record,0->1;1->2;2->3,chain_medium_4,azure_gpt4o,candidate_only,False,False,read_access_logs;check_service_status;route_task_by_condition;write_database_record,15,61f500fc4a7d1b34,ddc9f58e6b96ddc5,4,3,standard,ddc9f58e6b96ddc5,False,campaign_v4
"Start by reviewing the access logs. Once that's done, check the current status of the service. At the same time, use the information to decide how to route a task and make a record in the database.",385,"read_access_logs -> check_service_status, read_access_logs -> route_task_by_condition, read_access_logs -> write_database_record",read_access_logs;check_service_status;route_task_by_condition;write_database_record,0->1;0->2;0->3,fanout_3,azure_gpt4o,candidate_only,False,False,read_access_logs;check_service_status;route_task_by_condition;write_database_record,15,a38f02ad421ebdcd,ddc9f58e6b96ddc5,4,3,standard,ddc9f58e6b96ddc5,False,campaign_v4
"I need a workflow where you check the service status and analyze access logs at the same time, then route tasks based on conditions. After all of those are done, update the database with the results.",386,"check_service_status -> write_database_record, read_access_logs -> write_database_record, route_task_by_condition -> write_database_record",read_access_logs;check_service_status;route_task_by_condition;write_database_record,0->3;1->3;2->3,fanin_3,azure_gpt4o,candidate_only,False,False,read_access_logs;check_service_status;route_task_by_condition;write_database_record,15,45c4d1d7b077030c,ddc9f58e6b96ddc5,4,3,standard,ddc9f58e6b96ddc5,False,campaign_v4
"Start by reading the access logs and checking the service status at the same time. Once both are done, decide what to do based on the results. After that, write the final decision into the database.",387,"check_service_status -> route_task_by_condition, read_access_logs -> route_task_by_condition, route_task_by_condition -> write_database_record",read_access_logs;check_service_status;route_task_by_condition;write_database_record,0->2;1->2;2->3,y_shape,azure_gpt4o,candidate_only,False,False,read_access_logs;check_service_status;route_task_by_condition;write_database_record,15,64cb221e304e9226,ddc9f58e6b96ddc5,4,3,standard,ddc9f58e6b96ddc5,False,campaign_v4
"Start by reviewing the access logs. Once that's done, check the service status. After verifying the service, decide the next steps based on the results and also record the relevant data in the database at the same time.",388,"check_service_status -> route_task_by_condition, check_service_status -> write_database_record, read_access_logs -> check_service_status",read_access_logs;check_service_status;route_task_by_condition;write_database_record,0->1;1->2;1->3,inverted_y,azure_gpt4o,candidate_only,False,False,read_access_logs;check_service_status;route_task_by_condition;write_database_record,15,5d413246ff28502c,ddc9f58e6b96ddc5,4,3,standard,ddc9f58e6b96ddc5,False,campaign_v4
"First, restart the service. Then, read the database record. Next, update the subscription plan. After that, check the service status to ensure everything is running smoothly.",389,"read_database_record -> update_subscription_plan, restart_service -> read_database_record, update_subscription_plan -> check_service_status",restart_service;read_database_record;update_subscription_plan;check_service_status,0->1;1->2;2->3,chain_medium_4,azure_gpt4o,candidate_only,False,False,restart_service;read_database_record;update_subscription_plan;check_service_status,15,2edcc900e794434b,f15b5bdcdfe86051,4,3,standard,f15b5bdcdfe86051,False,campaign_v4
"Restart the service first, and after that, check the current status, read the database, and update the subscription plan simultaneously.",390,"restart_service -> check_service_status, restart_service -> read_database_record, restart_service -> update_subscription_plan",restart_service;read_database_record;update_subscription_plan;check_service_status,0->1;0->2;0->3,fanout_3,azure_gpt4o,candidate_only,False,False,restart_service;read_database_record;update_subscription_plan;check_service_status,15,db988833a0730098,f15b5bdcdfe86051,4,3,standard,f15b5bdcdfe86051,False,campaign_v4
"Please restart the service, update the subscription plan, and retrieve the database record all at the same time. After those are finished, check the service status.",391,"read_database_record -> check_service_status, restart_service -> check_service_status, update_subscription_plan -> check_service_status",restart_service;read_database_record;update_subscription_plan;check_service_status,0->3;1->3;2->3,fanin_3,azure_gpt4o,candidate_only,False,False,restart_service;read_database_record;update_subscription_plan;check_service_status,15,e888f186dae244ff,f15b5bdcdfe86051,4,3,standard,f15b5bdcdfe86051,False,campaign_v4
"Please restart the service and fetch the database record at the same time. After both of those are done, update the subscription plan, and then check the service status.",392,"read_database_record -> update_subscription_plan, restart_service -> update_subscription_plan, update_subscription_plan -> check_service_status",restart_service;read_database_record;update_subscription_plan;check_service_status,0->2;1->2;2->3,y_shape,azure_gpt4o,candidate_only,False,False,restart_service;read_database_record;update_subscription_plan;check_service_status,15,ec1461716d0403ca,f15b5bdcdfe86051,4,3,standard,f15b5bdcdfe86051,False,campaign_v4
"Restart the service first. After that, fetch the database record. Once the record is retrieved, update the subscription plan and check the service status at the same time.",393,"read_database_record -> check_service_status, read_database_record -> update_subscription_plan, restart_service -> read_database_record",restart_service;read_database_record;update_subscription_plan;check_service_status,0->1;1->2;1->3,inverted_y,azure_gpt4o,candidate_only,False,False,restart_service;read_database_record;update_subscription_plan;check_service_status,15,759b8a9432ba7c1f,f15b5bdcdfe86051,4,3,standard,f15b5bdcdfe86051,False,campaign_v4
"First, write a record in the database. Then, use that information to create a support ticket. Next, check the subscription status. After that, scan the system for any malware issues. Complete these steps in this order.",394,"create_support_ticket -> read_subscription_status, read_subscription_status -> scan_system_for_malware, write_database_record -> create_support_ticket",write_database_record;create_support_ticket;read_subscription_status;scan_system_for_malware,0->1;1->2;2->3,chain_medium_4,azure_gpt4o,candidate_only,False,False,write_database_record;create_support_ticket;read_subscription_status;scan_system_for_malware,15,1b352ec6ccb85141,0c5151e3f011293f,4,3,standard,0c5151e3f011293f,False,campaign_v4
"First, save the necessary information in the database. After that, create a support ticket, check the subscription status, and perform a malware scan all at the same time.",395,"write_database_record -> create_support_ticket, write_database_record -> read_subscription_status, write_database_record -> scan_system_for_malware",write_database_record;create_support_ticket;read_subscription_status;scan_system_for_malware,0->1;0->2;0->3,fanout_3,azure_gpt4o,candidate_only,False,False,write_database_record;create_support_ticket;read_subscription_status;scan_system_for_malware,15,ff9478b78b00613c,0c5151e3f011293f,4,3,standard,0c5151e3f011293f,False,campaign_v4
"Please start by logging the necessary data in the database, then check the subscription status and create a support ticket simultaneously. After all of that is completed, proceed to scan the system for malware.",396,"create_support_ticket -> scan_system_for_malware, read_subscription_status -> scan_system_for_malware, write_database_record -> scan_system_for_malware",write_database_record;create_support_ticket;read_subscription_status;scan_system_for_malware,0->3;1->3;2->3,fanin_3,azure_gpt4o,candidate_only,False,False,write_database_record;create_support_ticket;read_subscription_status;scan_system_for_malware,15,fbddba426bc44e83,0c5151e3f011293f,4,3,standard,0c5151e3f011293f,False,campaign_v4
"Please start by adding a record to the database and opening a support ticket at the same time. Once both of those are done, check the subscription status. After verifying the subscription, perform a malware scan on the system.",397,"create_support_ticket -> read_subscription_status, read_subscription_status -> scan_system_for_malware, write_database_record -> read_subscription_status",write_database_record;create_support_ticket;read_subscription_status;scan_system_for_malware,0->2;1->2;2->3,y_shape,azure_gpt4o,candidate_only,False,False,write_database_record;create_support_ticket;read_subscription_status;scan_system_for_malware,15,b632e098375d1d32,0c5151e3f011293f,4,3,standard,0c5151e3f011293f,False,campaign_v4
"Start by adding a new record to the database. After that, create a support ticket. Once the ticket is created, check the subscription status and scan the system for malware at the same time.",398,"create_support_ticket -> read_subscription_status, create_support_ticket -> scan_system_for_malware, write_database_record -> create_support_ticket",write_database_record;create_support_ticket;read_subscription_status;scan_system_for_malware,0->1;1->2;1->3,inverted_y,azure_gpt4o,candidate_only,False,False,write_database_record;create_support_ticket;read_subscription_status;scan_system_for_malware,15,1efd5721a0badb80,0c5151e3f011293f,4,3,standard,0c5151e3f011293f,False,campaign_v4
"First, check the access logs to gather the necessary information, then proceed to update the user's subscription plan. After that, escalate the issue to a human if needed, and finally, create a support ticket to document everything.",399,"escalate_case_to_human -> create_support_ticket, read_access_logs -> update_subscription_plan, update_subscription_plan -> escalate_case_to_human",read_access_logs;update_subscription_plan;escalate_case_to_human;create_support_ticket,0->1;1->2;2->3,chain_medium_4,azure_gpt4o,candidate_only,False,False,read_access_logs;update_subscription_plan;escalate_case_to_human;create_support_ticket,15,142062e49c4a1222,a4e9dd916ffb29f8,4,3,standard,a4e9dd916ffb29f8,False,campaign_v4
"Can you first review the access logs, then update the subscription plan, and while you're at it, also escalate the issue to a human and open a support ticket simultaneously?",400,"read_access_logs -> create_support_ticket, read_access_logs -> escalate_case_to_human, read_access_logs -> update_subscription_plan",read_access_logs;update_subscription_plan;escalate_case_to_human;create_support_ticket,0->1;0->2;0->3,fanout_3,azure_gpt4o,candidate_only,False,False,read_access_logs;update_subscription_plan;escalate_case_to_human;create_support_ticket,15,79f693d46d9f0819,a4e9dd916ffb29f8,4,3,standard,a4e9dd916ffb29f8,False,campaign_v4
"First, read the access logs, update the subscription plan, and escalate the issue to a human — all at the same time. After those are done, create a support ticket to summarize everything.",401,"escalate_case_to_human -> create_support_ticket, read_access_logs -> create_support_ticket, update_subscription_plan -> create_support_ticket",read_access_logs;update_subscription_plan;escalate_case_to_human;create_support_ticket,0->3;1->3;2->3,fanin_3,azure_gpt4o,candidate_only,False,False,read_access_logs;update_subscription_plan;escalate_case_to_human;create_support_ticket,15,635462bd8c480c4b,a4e9dd916ffb29f8,4,3,standard,a4e9dd916ffb29f8,False,campaign_v4
"Start by reviewing the access logs and updating the subscription plan at the same time. Once both of those tasks are completed, escalate the issue to a human agent. After that, create a support ticket to finalize the process.",402,"escalate_case_to_human -> create_support_ticket, read_access_logs -> escalate_case_to_human, update_subscription_plan -> escalate_case_to_human",read_access_logs;update_subscription_plan;escalate_case_to_human;create_support_ticket,0->2;1->2;2->3,y_shape,azure_gpt4o,candidate_only,False,False,read_access_logs;update_subscription_plan;escalate_case_to_human;create_support_ticket,15,758a7f26e4a4b8fe,a4e9dd916ffb29f8,4,3,standard,a4e9dd916ffb29f8,False,campaign_v4
"First, review the access logs thoroughly. After that, update the subscription plan. Once the plan is updated, create a support ticket and escalate the issue to a human specialist, both simultaneously.",403,"read_access_logs -> update_subscription_plan, update_subscription_plan -> create_support_ticket, update_subscription_plan -> escalate_case_to_human",read_access_logs;update_subscription_plan;escalate_case_to_human;create_support_ticket,0->1;1->2;1->3,inverted_y,azure_gpt4o,candidate_only,False,False,read_access_logs;update_subscription_plan;escalate_case_to_human;create_support_ticket,15,dba1b1ca71dd34ea,a4e9dd916ffb29f8,4,3,standard,a4e9dd916ffb29f8,False,campaign_v4
"First, create a support ticket to log the issue. Then, once that's done, check the relevant database record for more details. Next, send a notification to the appropriate user group based on the information from the database. Finally, review the access logs to ensure everything is in order.",404,"create_support_ticket -> read_database_record, dispatch_message_to_usergroup -> read_access_logs, read_database_record -> dispatch_message_to_usergroup",create_support_ticket;read_database_record;dispatch_message_to_usergroup;read_access_logs,0->1;1->2;2->3,chain_medium_4,azure_gpt4o,candidate_only,False,False,create_support_ticket;read_database_record;dispatch_message_to_usergroup;read_access_logs,15,8c207d0fbc94f190,853b791d55302a54,4,3,standard,853b791d55302a54,False,campaign_v4
"Start by creating a support ticket. Once the ticket is created, check the database record, send a message to the user group, and review the access logs all at the same time.",405,"create_support_ticket -> dispatch_message_to_usergroup, create_support_ticket -> read_access_logs, create_support_ticket -> read_database_record",create_support_ticket;read_database_record;dispatch_message_to_usergroup;read_access_logs,0->1;0->2;0->3,fanout_3,azure_gpt4o,candidate_only,False,False,create_support_ticket;read_database_record;dispatch_message_to_usergroup;read_access_logs,15,7d48356a1cb8ad97,853b791d55302a54,4,3,standard,853b791d55302a54,False,campaign_v4
"First, create a support ticket, look up the database record, and notify the user group all at the same time. Once those three tasks are done, check the access logs.",406,"create_support_ticket -> read_access_logs, dispatch_message_to_usergroup -> read_access_logs, read_database_record -> read_access_logs",create_support_ticket;read_database_record;dispatch_message_to_usergroup;read_access_logs,0->3;1->3;2->3,fanin_3,azure_gpt4o,candidate_only,False,False,create_support_ticket;read_database_record;dispatch_message_to_usergroup;read_access_logs,15,c5efe3e1769688e9,853b791d55302a54,4,3,standard,853b791d55302a54,False,campaign_v4
"Please start by creating a support ticket and retrieving the database record at the same time. After both tasks are finished, notify the user group. Finally, once the message is sent to the group, review the access logs.",407,"create_support_ticket -> dispatch_message_to_usergroup, dispatch_message_to_usergroup -> read_access_logs, read_database_record -> dispatch_message_to_usergroup",create_support_ticket;read_database_record;dispatch_message_to_usergroup;read_access_logs,0->2;1->2;2->3,y_shape,azure_gpt4o,candidate_only,False,False,create_support_ticket;read_database_record;dispatch_message_to_usergroup;read_access_logs,15,ea9612c5410cef1b,853b791d55302a54,4,3,standard,853b791d55302a54,False,campaign_v4
"I need to create a support ticket first. After that's done, pull up the relevant database records. Once you've checked those, send a message to the user group and check the access logs at the same time.",408,"create_support_ticket -> read_database_record, read_database_record -> dispatch_message_to_usergroup, read_database_record -> read_access_logs",create_support_ticket;read_database_record;dispatch_message_to_usergroup;read_access_logs,0->1;1->2;1->3,inverted_y,azure_gpt4o,candidate_only,False,False,create_support_ticket;read_database_record;dispatch_message_to_usergroup;read_access_logs,15,791d8b45a8341d9d,853b791d55302a54,4,3,standard,853b791d55302a54,False,campaign_v4
"First, check the user's subscription status. Then, retrieve the corresponding database record. Next, update their subscription plan if needed. After that, access the user profile to confirm everything is set correctly.",409,"read_database_record -> update_subscription_plan, read_subscription_status -> read_database_record, update_subscription_plan -> read_user_profile",read_subscription_status;read_database_record;update_subscription_plan;read_user_profile,0->1;1->2;2->3,chain_medium_4,azure_gpt4o,candidate_only,False,False,read_subscription_status;read_database_record;update_subscription_plan;read_user_profile,15,4100e8b81d491075,fd8096ddef26125f,4,3,standard,fd8096ddef26125f,False,campaign_v4
"First, check the current subscription status. Once you have that information, retrieve the database record, update the subscription plan, and access the user's profile all at the same time.",410,"read_subscription_status -> read_database_record, read_subscription_status -> read_user_profile, read_subscription_status -> update_subscription_plan",read_subscription_status;read_database_record;update_subscription_plan;read_user_profile,0->1;0->2;0->3,fanout_3,azure_gpt4o,candidate_only,False,False,read_subscription_status;read_database_record;update_subscription_plan;read_user_profile,15,e7ed8c401b054157,fd8096ddef26125f,4,3,standard,fd8096ddef26125f,False,campaign_v4
"Can you first check my subscription status and database records at the same time, then update my subscription plan, and finally look into my user profile once all those tasks are done?",411,"read_database_record -> read_user_profile, read_subscription_status -> read_user_profile, update_subscription_plan -> read_user_profile",read_subscription_status;read_database_record;update_subscription_plan;read_user_profile,0->3;1->3;2->3,fanin_3,azure_gpt4o,candidate_only,False,False,read_subscription_status;read_database_record;update_subscription_plan;read_user_profile,15,3f5e2074cd37014a,fd8096ddef26125f,4,3,standard,fd8096ddef26125f,False,campaign_v4
"Check the subscription status and fetch the database record at the same time. Once both of these are done, update the subscription plan, and after that, retrieve the user's profile.",412,"read_database_record -> update_subscription_plan, read_subscription_status -> update_subscription_plan, update_subscription_plan -> read_user_profile",read_subscription_status;read_database_record;update_subscription_plan;read_user_profile,0->2;1->2;2->3,y_shape,azure_gpt4o,candidate_only,False,False,read_subscription_status;read_database_record;update_subscription_plan;read_user_profile,15,04f58cdca1f3c952,fd8096ddef26125f,4,3,standard,fd8096ddef26125f,False,campaign_v4
"Can you first check my subscription status, and then based on that, retrieve the database record? After the record is ready, please update my subscription plan. Also, while you're retrieving the record, look up my user profile at the same time.",413,"read_database_record -> read_user_profile, read_database_record -> update_subscription_plan, read_subscription_status -> read_database_record",read_subscription_status;read_database_record;update_subscription_plan;read_user_profile,0->1;1->2;1->3,inverted_y,azure_gpt4o,candidate_only,False,False,read_subscription_status;read_database_record;update_subscription_plan;read_user_profile,15,fba41963a66c8da8,fd8096ddef26125f,4,3,standard,fd8096ddef26125f,False,campaign_v4
"First, check the condition to decide the task path. Then, read the subscription status. Next, update the subscription plan based on the status. After that, restart the service to apply the changes.",414,"read_subscription_status -> update_subscription_plan, route_task_by_condition -> read_subscription_status, update_subscription_plan -> restart_service",route_task_by_condition;read_subscription_status;update_subscription_plan;restart_service,0->1;1->2;2->3,chain_medium_4,azure_gpt4o,candidate_only,False,False,route_task_by_condition;read_subscription_status;update_subscription_plan;restart_service,15,4e464d8a1214f739,b5d6369b2878b7ca,4,3,standard,b5d6369b2878b7ca,False,campaign_v4
"First, sort the task based on its condition. Then, check the subscription status, update the subscription plan, and restart the service all at the same time.",415,"route_task_by_condition -> read_subscription_status, route_task_by_condition -> restart_service, route_task_by_condition -> update_subscription_plan",route_task_by_condition;read_subscription_status;update_subscription_plan;restart_service,0->1;0->2;0->3,fanout_3,azure_gpt4o,candidate_only,False,False,route_task_by_condition;read_subscription_status;update_subscription_plan;restart_service,15,ce7d2d3c1ac2e881,b5d6369b2878b7ca,4,3,standard,b5d6369b2878b7ca,False,campaign_v4
"Check the subscription status, update the subscription plan if necessary, and ensure both are done before restarting the service. The first two actions can happen simultaneously.",416,"read_subscription_status -> restart_service, route_task_by_condition -> restart_service, update_subscription_plan -> restart_service",route_task_by_condition;read_subscription_status;update_subscription_plan;restart_service,0->3;1->3;2->3,fanin_3,azure_gpt4o,candidate_only,False,False,route_task_by_condition;read_subscription_status;update_subscription_plan;restart_service,15,12d72d206bf8cbcb,b5d6369b2878b7ca,4,3,standard,b5d6369b2878b7ca,False,campaign_v4
"Start by checking the subscription status and deciding the task route at the same time. Once both are done, update the subscription plan, and after that, restart the service.",417,"read_subscription_status -> update_subscription_plan, route_task_by_condition -> update_subscription_plan, update_subscription_plan -> restart_service",route_task_by_condition;read_subscription_status;update_subscription_plan;restart_service,0->2;1->2;2->3,y_shape,azure_gpt4o,candidate_only,False,False,route_task_by_condition;read_subscription_status;update_subscription_plan;restart_service,15,249ca4431581de63,b5d6369b2878b7ca,4,3,standard,b5d6369b2878b7ca,False,campaign_v4
"First, determine the task's condition to decide the workflow path. Then, check the subscription status. After that, either update the subscription plan or restart the service—those two steps can happen at the same time.",418,"read_subscription_status -> restart_service, read_subscription_status -> update_subscription_plan, route_task_by_condition -> read_subscription_status",route_task_by_condition;read_subscription_status;update_subscription_plan;restart_service,0->1;1->2;1->3,inverted_y,azure_gpt4o,candidate_only,False,False,route_task_by_condition;read_subscription_status;update_subscription_plan;restart_service,15,8cd888c4ce86c1c7,b5d6369b2878b7ca,4,3,standard,b5d6369b2878b7ca,False,campaign_v4
"First, evaluate the situation to decide how to proceed. Then update the username if necessary. After that, involve a human agent to review the case. Finally, create a support ticket to document the issue.",419,"edit_username -> escalate_case_to_human, escalate_case_to_human -> create_support_ticket, route_task_by_condition -> edit_username",route_task_by_condition;edit_username;escalate_case_to_human;create_support_ticket,0->1;1->2;2->3,chain_medium_4,azure_gpt4o,candidate_only,False,False,route_task_by_condition;edit_username;escalate_case_to_human;create_support_ticket,15,b1ad7527a354815d,d79166b7074cf5a8,4,3,standard,d79166b7074cf5a8,False,campaign_v4
"Start by evaluating the task and deciding the next steps. Based on the result, update the username, escalate the issue to a human agent, and create a support ticket simultaneously.",420,"route_task_by_condition -> create_support_ticket, route_task_by_condition -> edit_username, route_task_by_condition -> escalate_case_to_human",route_task_by_condition;edit_username;escalate_case_to_human;create_support_ticket,0->1;0->2;0->3,fanout_3,azure_gpt4o,candidate_only,False,False,route_task_by_condition;edit_username;escalate_case_to_human;create_support_ticket,15,2dea469d37dcfbad,d79166b7074cf5a8,4,3,standard,d79166b7074cf5a8,False,campaign_v4
"Start by deciding how to route the task. While doing that, update the username and escalate to a human if needed. Once all of these are done, create a support ticket to handle the issue further.",421,"edit_username -> create_support_ticket, escalate_case_to_human -> create_support_ticket, route_task_by_condition -> create_support_ticket",route_task_by_condition;edit_username;escalate_case_to_human;create_support_ticket,0->3;1->3;2->3,fanin_3,azure_gpt4o,candidate_only,False,False,route_task_by_condition;edit_username;escalate_case_to_human;create_support_ticket,15,969be59cd413aa23,d79166b7074cf5a8,4,3,standard,d79166b7074cf5a8,False,campaign_v4
"Start by determining the next steps for the task based on its condition. While that's happening, update the username as needed. Once both are finished, escalate the case to a human agent, and after that, create a support ticket to document everything.",422,"edit_username -> escalate_case_to_human, escalate_case_to_human -> create_support_ticket, route_task_by_condition -> escalate_case_to_human",route_task_by_condition;edit_username;escalate_case_to_human;create_support_ticket,0->2;1->2;2->3,y_shape,azure_gpt4o,candidate_only,False,False,route_task_by_condition;edit_username;escalate_case_to_human;create_support_ticket,15,145b74282cdaa981,d79166b7074cf5a8,4,3,standard,d79166b7074cf5a8,False,campaign_v4
"First, figure out where to send the task. Once that's decided, update the username if needed. After updating, escalate the case to a person and open a ticket simultaneously.",423,"edit_username -> create_support_ticket, edit_username -> escalate_case_to_human, route_task_by_condition -> edit_username",route_task_by_condition;edit_username;escalate_case_to_human;create_support_ticket,0->1;1->2;1->3,inverted_y,azure_gpt4o,candidate_only,False,False,route_task_by_condition;edit_username;escalate_case_to_human;create_support_ticket,15,bca2fcf913677cee,d79166b7074cf5a8,4,3,standard,d79166b7074cf5a8,False,campaign_v4
"First, I need you to check if the service is running properly. Then, find the relevant database record for the user. Next, update their subscription plan as needed. After that, create a support ticket to confirm the changes.",424,"check_service_status -> read_database_record, read_database_record -> update_subscription_plan, update_subscription_plan -> create_support_ticket",check_service_status;read_database_record;update_subscription_plan;create_support_ticket,0->1;1->2;2->3,chain_medium_4,azure_gpt4o,candidate_only,False,False,check_service_status;read_database_record;update_subscription_plan;create_support_ticket,15,b185b887f0eb975d,189210a80ea0fe42,4,3,standard,189210a80ea0fe42,False,campaign_v4
"First, verify the status of the service. Once that's done, simultaneously fetch the user's database record, update their subscription plan, and create a support ticket.",425,"check_service_status -> create_support_ticket, check_service_status -> read_database_record, check_service_status -> update_subscription_plan",check_service_status;read_database_record;update_subscription_plan;create_support_ticket,0->1;0->2;0->3,fanout_3,azure_gpt4o,candidate_only,False,False,check_service_status;read_database_record;update_subscription_plan;create_support_ticket,15,7b07d74f7b9effa6,189210a80ea0fe42,4,3,standard,189210a80ea0fe42,False,campaign_v4
"Can you first check the current service status? Once that's done, retrieve the user record from the database. After that, update the user's subscription plan and create a support ticket at the same time.",426,"check_service_status -> read_database_record, read_database_record -> create_support_ticket, read_database_record -> update_subscription_plan",check_service_status;read_database_record;update_subscription_plan;create_support_ticket,0->1;1->2;1->3,inverted_y,azure_gpt4o,candidate_only,False,False,check_service_status;read_database_record;update_subscription_plan;create_support_ticket,15,c50cf6e5f89b55cb,189210a80ea0fe42,4,3,standard,189210a80ea0fe42,False,campaign_v4
"First escalate the case to a human to ensure proper review, then restart the service to address the issue. After that, check the service status to confirm it's working properly, and finally, read the database record to verify the data is correct.",427,"check_service_status -> read_database_record, escalate_case_to_human -> restart_service, restart_service -> check_service_status",escalate_case_to_human;restart_service;check_service_status;read_database_record,0->1;1->2;2->3,chain_medium_4,azure_gpt4o,candidate_only,False,False,escalate_case_to_human;restart_service;check_service_status;read_database_record,15,74c4e4917c5987a3,d3e1111161034a81,4,3,standard,d3e1111161034a81,False,campaign_v4
"First, escalate the issue to a human. Once that's done, restart the service, check its status, and retrieve the database record, all at the same time.",428,"escalate_case_to_human -> check_service_status, escalate_case_to_human -> read_database_record, escalate_case_to_human -> restart_service",escalate_case_to_human;restart_service;check_service_status;read_database_record,0->1;0->2;0->3,fanout_3,azure_gpt4o,candidate_only,False,False,escalate_case_to_human;restart_service;check_service_status;read_database_record,15,dd8def89918d0a59,d3e1111161034a81,4,3,standard,d3e1111161034a81,False,campaign_v4
"Start by escalating the issue to a human. At the same time, restart the service and check its status. Once all of that is done, retrieve the data from the database.",429,"check_service_status -> read_database_record, escalate_case_to_human -> read_database_record, restart_service -> read_database_record",escalate_case_to_human;restart_service;check_service_status;read_database_record,0->3;1->3;2->3,fanin_3,azure_gpt4o,candidate_only,False,False,escalate_case_to_human;restart_service;check_service_status;read_database_record,15,a0a048f3d75d3042,d3e1111161034a81,4,3,standard,d3e1111161034a81,False,campaign_v4
"First, escalate the issue to a human, then restart the service. Once both of these are completed, check the service status. Finally, after verifying the status, retrieve the relevant database records.",430,"check_service_status -> read_database_record, escalate_case_to_human -> check_service_status, restart_service -> check_service_status",escalate_case_to_human;restart_service;check_service_status;read_database_record,0->2;1->2;2->3,y_shape,azure_gpt4o,candidate_only,False,False,escalate_case_to_human;restart_service;check_service_status;read_database_record,15,c8531275a20f6a18,d3e1111161034a81,4,3,standard,d3e1111161034a81,False,campaign_v4
"Can you escalate this issue to a human first? After that, restart the service, and once it's restarted, check the service status and read the database record simultaneously.",431,"escalate_case_to_human -> restart_service, restart_service -> check_service_status, restart_service -> read_database_record",escalate_case_to_human;restart_service;check_service_status;read_database_record,0->1;1->2;1->3,inverted_y,azure_gpt4o,candidate_only,False,False,escalate_case_to_human;restart_service;check_service_status;read_database_record,15,89922576bed6c2de,d3e1111161034a81,4,3,standard,d3e1111161034a81,False,campaign_v4
"I need to create a support ticket first. Once that's done, send a message to the user group. After that, check the subscription status, and finally, restart the service.",432,"create_support_ticket -> dispatch_message_to_usergroup, dispatch_message_to_usergroup -> read_subscription_status, read_subscription_status -> restart_service",create_support_ticket;dispatch_message_to_usergroup;read_subscription_status;restart_service,0->1;1->2;2->3,chain_medium_4,azure_gpt4o,candidate_only,False,False,create_support_ticket;dispatch_message_to_usergroup;read_subscription_status;restart_service,15,10311d9c4cc52cf7,a99573f022f7e6d6,4,3,standard,a99573f022f7e6d6,False,campaign_v4
"Please open a support ticket first. After that, notify the user group, check the subscription status, and restart the service all at the same time.",433,"create_support_ticket -> dispatch_message_to_usergroup, create_support_ticket -> read_subscription_status, create_support_ticket -> restart_service",create_support_ticket;dispatch_message_to_usergroup;read_subscription_status;restart_service,0->1;0->2;0->3,fanout_3,azure_gpt4o,candidate_only,False,False,create_support_ticket;dispatch_message_to_usergroup;read_subscription_status;restart_service,15,2913e758dd526096,a99573f022f7e6d6,4,3,standard,a99573f022f7e6d6,False,campaign_v4
"Please create a support ticket, send a message to the user group, and check the subscription status all at the same time. Once those are finished, go ahead and restart the service.",434,"create_support_ticket -> restart_service, dispatch_message_to_usergroup -> restart_service, read_subscription_status -> restart_service",create_support_ticket;dispatch_message_to_usergroup;read_subscription_status;restart_service,0->3;1->3;2->3,fanin_3,azure_gpt4o,candidate_only,False,False,create_support_ticket;dispatch_message_to_usergroup;read_subscription_status;restart_service,15,b09db51731cc78a8,a99573f022f7e6d6,4,3,standard,a99573f022f7e6d6,False,campaign_v4
"Please create a support ticket and notify the user group at the same time. Once both of those tasks are done, check the subscription status. After confirming the subscription, restart the service.",435,"create_support_ticket -> read_subscription_status, dispatch_message_to_usergroup -> read_subscription_status, read_subscription_status -> restart_service",create_support_ticket;dispatch_message_to_usergroup;read_subscription_status;restart_service,0->2;1->2;2->3,y_shape,azure_gpt4o,candidate_only,False,False,create_support_ticket;dispatch_message_to_usergroup;read_subscription_status;restart_service,15,5fa799875cae0346,a99573f022f7e6d6,4,3,standard,a99573f022f7e6d6,False,campaign_v4
"Start by filing a support ticket. Once that's done, send a message to the user group. After the message has gone out, simultaneously check the subscription status and restart the service.",436,"create_support_ticket -> dispatch_message_to_usergroup, dispatch_message_to_usergroup -> read_subscription_status, dispatch_message_to_usergroup -> restart_service",create_support_ticket;dispatch_message_to_usergroup;read_subscription_status;restart_service,0->1;1->2;1->3,inverted_y,azure_gpt4o,candidate_only,False,False,create_support_ticket;dispatch_message_to_usergroup;read_subscription_status;restart_service,15,536d679fc6ba0fc8,a99573f022f7e6d6,4,3,standard,a99573f022f7e6d6,False,campaign_v4
"First, update the user's subscription plan to ensure it's current. Then, send an announcement to the relevant group of users about the change. Next, retrieve their account details from the database. After that, evaluate the retrieved information to determine the appropriate next steps for the task.",437,"dispatch_message_to_usergroup -> read_database_record, read_database_record -> route_task_by_condition, update_subscription_plan -> dispatch_message_to_usergroup",update_subscription_plan;dispatch_message_to_usergroup;read_database_record;route_task_by_condition,0->1;1->2;2->3,chain_medium_4,azure_gpt4o,candidate_only,False,False,update_subscription_plan;dispatch_message_to_usergroup;read_database_record;route_task_by_condition,15,7bee67b1419f460e,4cc62b3107e11691,4,3,standard,4cc62b3107e11691,False,campaign_v4
"Please update the subscription plan first. Once that’s done, notify the user group, retrieve the user data, and route the task, with all these happening at the same time.",438,"update_subscription_plan -> dispatch_message_to_usergroup, update_subscription_plan -> read_database_record, update_subscription_plan -> route_task_by_condition",update_subscription_plan;dispatch_message_to_usergroup;read_database_record;route_task_by_condition,0->1;0->2;0->3,fanout_3,azure_gpt4o,candidate_only,False,False,update_subscription_plan;dispatch_message_to_usergroup;read_database_record;route_task_by_condition,15,369b16754752bf1f,4cc62b3107e11691,4,3,standard,4cc62b3107e11691,False,campaign_v4
"Please update the subscription plan, notify the user group, and fetch the database record all at the same time. Once those are completed, assign the next tasks based on the specific conditions.",439,"dispatch_message_to_usergroup -> route_task_by_condition, read_database_record -> route_task_by_condition, update_subscription_plan -> route_task_by_condition",update_subscription_plan;dispatch_message_to_usergroup;read_database_record;route_task_by_condition,0->3;1->3;2->3,fanin_3,azure_gpt4o,candidate_only,False,False,update_subscription_plan;dispatch_message_to_usergroup;read_database_record;route_task_by_condition,15,2487c856158aa4a8,4cc62b3107e11691,4,3,standard,4cc62b3107e11691,False,campaign_v4
"Please update the subscription plan and notify the user group at the same time. After both of those are done, retrieve the database record, and finally, route the task based on its result.",440,"dispatch_message_to_usergroup -> read_database_record, read_database_record -> route_task_by_condition, update_subscription_plan -> read_database_record",update_subscription_plan;dispatch_message_to_usergroup;read_database_record;route_task_by_condition,0->2;1->2;2->3,y_shape,azure_gpt4o,candidate_only,False,False,update_subscription_plan;dispatch_message_to_usergroup;read_database_record;route_task_by_condition,15,89ab95befe5ae0c2,4cc62b3107e11691,4,3,standard,4cc62b3107e11691,False,campaign_v4
"I need to update the subscription plan first. Once that's done, send a message to the user group. After sending the message, look up the database record and simultaneously route the task based on conditions.",441,"dispatch_message_to_usergroup -> read_database_record, dispatch_message_to_usergroup -> route_task_by_condition, update_subscription_plan -> dispatch_message_to_usergroup",update_subscription_plan;dispatch_message_to_usergroup;read_database_record;route_task_by_condition,0->1;1->2;1->3,inverted_y,azure_gpt4o,candidate_only,False,False,update_subscription_plan;dispatch_message_to_usergroup;read_database_record;route_task_by_condition,15,eb0b06066a4ab08b,4cc62b3107e11691,4,3,standard,4cc62b3107e11691,False,campaign_v4
"First, send a message to the user group. Once that's done, read the user's profile information. After that, perform a malware scan on the system. Finally, reset the user's password if everything checks out.",442,"dispatch_message_to_usergroup -> read_user_profile, read_user_profile -> scan_system_for_malware, scan_system_for_malware -> reset_user_password",dispatch_message_to_usergroup;read_user_profile;scan_system_for_malware;reset_user_password,0->1;1->2;2->3,chain_medium_4,azure_gpt4o,candidate_only,False,False,dispatch_message_to_usergroup;read_user_profile;scan_system_for_malware;reset_user_password,15,b288761a077bb0f8,624e4da59323ab53,4,3,standard,624e4da59323ab53,False,campaign_v4
"First, send a message to the user group. After that, check the user profile, scan the system for malware, and reset the user's password at the same time.",443,"dispatch_message_to_usergroup -> read_user_profile, dispatch_message_to_usergroup -> reset_user_password, dispatch_message_to_usergroup -> scan_system_for_malware",dispatch_message_to_usergroup;read_user_profile;scan_system_for_malware;reset_user_password,0->1;0->2;0->3,fanout_3,azure_gpt4o,candidate_only,False,False,dispatch_message_to_usergroup;read_user_profile;scan_system_for_malware;reset_user_password,15,641e8decaba85ecd,624e4da59323ab53,4,3,standard,624e4da59323ab53,False,campaign_v4
"Start by sending a message to the user group. At the same time, check the user's profile and scan the system for any malware. Once all of these tasks are done, reset the user's password.",444,"dispatch_message_to_usergroup -> reset_user_password, read_user_profile -> reset_user_password, scan_system_for_malware -> reset_user_password",dispatch_message_to_usergroup;read_user_profile;scan_system_for_malware;reset_user_password,0->3;1->3;2->3,fanin_3,azure_gpt4o,candidate_only,False,False,dispatch_message_to_usergroup;read_user_profile;scan_system_for_malware;reset_user_password,15,87127aefe96e77ad,624e4da59323ab53,4,3,standard,624e4da59323ab53,False,campaign_v4
"First, send a message to the user group. At the same time, fetch the user's profile information. Once both of these are done, scan the system for any malware. Finally, after the scan completes, reset the user's password.",445,"dispatch_message_to_usergroup -> scan_system_for_malware, read_user_profile -> scan_system_for_malware, scan_system_for_malware -> reset_user_password",dispatch_message_to_usergroup;read_user_profile;scan_system_for_malware;reset_user_password,0->2;1->2;2->3,y_shape,azure_gpt4o,candidate_only,False,False,dispatch_message_to_usergroup;read_user_profile;scan_system_for_malware;reset_user_password,15,d6e5d79cddf4a21a,624e4da59323ab53,4,3,standard,624e4da59323ab53,False,campaign_v4
"Start by sending out a message to the user group. After that, retrieve the user profile information. Once the profile has been retrieved, scan the system for any malware while also resetting the user's password at the same time.",446,"dispatch_message_to_usergroup -> read_user_profile, read_user_profile -> reset_user_password, read_user_profile -> scan_system_for_malware",dispatch_message_to_usergroup;read_user_profile;scan_system_for_malware;reset_user_password,0->1;1->2;1->3,inverted_y,azure_gpt4o,candidate_only,False,False,dispatch_message_to_usergroup;read_user_profile;scan_system_for_malware;reset_user_password,15,1e14bae161147f51,624e4da59323ab53,4,3,standard,624e4da59323ab53,False,campaign_v4
"First, update the username in the system, then restart the service. After that, perform a malware scan on the system, and finally retrieve a record from the database.",447,"edit_username -> restart_service, restart_service -> scan_system_for_malware, scan_system_for_malware -> read_database_record",edit_username;restart_service;scan_system_for_malware;read_database_record,0->1;1->2;2->3,chain_medium_4,azure_gpt4o,candidate_only,False,False,edit_username;restart_service;scan_system_for_malware;read_database_record,15,f27110170f95ef8e,a1358fbcc1b0d77f,4,3,standard,a1358fbcc1b0d77f,False,campaign_v4
"First, update the username. After that, restart the service and, at the same time, run a malware check and pull a record from the database.",448,"edit_username -> read_database_record, edit_username -> restart_service, edit_username -> scan_system_for_malware",edit_username;restart_service;scan_system_for_malware;read_database_record,0->1;0->2;0->3,fanout_3,azure_gpt4o,candidate_only,False,False,edit_username;restart_service;scan_system_for_malware;read_database_record,15,00c454908c1378f6,a1358fbcc1b0d77f,4,3,standard,a1358fbcc1b0d77f,False,campaign_v4
"Please update the username, restart the service, and scan the system for malware all at the same time. Then, once those are all finished, retrieve the database record.",449,"edit_username -> read_database_record, restart_service -> read_database_record, scan_system_for_malware -> read_database_record",edit_username;restart_service;scan_system_for_malware;read_database_record,0->3;1->3;2->3,fanin_3,azure_gpt4o,candidate_only,False,False,edit_username;restart_service;scan_system_for_malware;read_database_record,15,1c09e4f90e25c284,a1358fbcc1b0d77f,4,3,standard,a1358fbcc1b0d77f,False,campaign_v4
"First, update the username, and restart the service at the same time. Once both are finished, scan the system for any malware. After that, retrieve the database records.",450,"edit_username -> scan_system_for_malware, restart_service -> scan_system_for_malware, scan_system_for_malware -> read_database_record",edit_username;restart_service;scan_system_for_malware;read_database_record,0->2;1->2;2->3,y_shape,azure_gpt4o,candidate_only,False,False,edit_username;restart_service;scan_system_for_malware;read_database_record,15,3b1b259572bd4d1e,a1358fbcc1b0d77f,4,3,standard,a1358fbcc1b0d77f,False,campaign_v4
"Please change the username first, then restart the service. Once the service restart is complete, scan the system for malware and check the database records at the same time.",451,"edit_username -> restart_service, restart_service -> read_database_record, restart_service -> scan_system_for_malware",edit_username;restart_service;scan_system_for_malware;read_database_record,0->1;1->2;1->3,inverted_y,azure_gpt4o,candidate_only,False,False,edit_username;restart_service;scan_system_for_malware;read_database_record,15,8c9b4b5365d81d0e,a1358fbcc1b0d77f,4,3,standard,a1358fbcc1b0d77f,False,campaign_v4
"First, reset the user's password. Then, restart the service. Next, scan the system for any signs of malware. Finally, read the user's profile to verify their details.",452,"reset_user_password -> restart_service, restart_service -> scan_system_for_malware, scan_system_for_malware -> read_user_profile",reset_user_password;restart_service;scan_system_for_malware;read_user_profile,0->1;1->2;2->3,chain_medium_4,azure_gpt4o,candidate_only,False,False,reset_user_password;restart_service;scan_system_for_malware;read_user_profile,15,adc636bc44ba2a4e,55b170f7f10e0c9b,4,3,standard,55b170f7f10e0c9b,False,campaign_v4
"I need to reset a user's password first, and then restart the service. At the same time as restarting, also scan the system for malware and check the user's profile details.",453,"reset_user_password -> read_user_profile, reset_user_password -> restart_service, reset_user_password -> scan_system_for_malware",reset_user_password;restart_service;scan_system_for_malware;read_user_profile,0->1;0->2;0->3,fanout_3,azure_gpt4o,candidate_only,False,False,reset_user_password;restart_service;scan_system_for_malware;read_user_profile,15,0850869dcdfedcc1,55b170f7f10e0c9b,4,3,standard,55b170f7f10e0c9b,False,campaign_v4
"Please reset the user's password, restart the service, and scan the system for malware all at the same time. After those are completed, check the user profile to ensure everything is in order.",454,"reset_user_password -> read_user_profile, restart_service -> read_user_profile, scan_system_for_malware -> read_user_profile",reset_user_password;restart_service;scan_system_for_malware;read_user_profile,0->3;1->3;2->3,fanin_3,azure_gpt4o,candidate_only,False,False,reset_user_password;restart_service;scan_system_for_malware;read_user_profile,15,29d9e8b68b8c14d2,55b170f7f10e0c9b,4,3,standard,55b170f7f10e0c9b,False,campaign_v4
"Please reset the user password and restart the service at the same time. After both tasks are done, scan the system for any malware, and once that's complete, read the user profile.",455,"reset_user_password -> scan_system_for_malware, restart_service -> scan_system_for_malware, scan_system_for_malware -> read_user_profile",reset_user_password;restart_service;scan_system_for_malware;read_user_profile,0->2;1->2;2->3,y_shape,azure_gpt4o,candidate_only,False,False,reset_user_password;restart_service;scan_system_for_malware;read_user_profile,15,c806019e4c97d9ee,55b170f7f10e0c9b,4,3,standard,55b170f7f10e0c9b,False,campaign_v4
"First, reset the user's password. Once that’s done, restart the service. After restarting, scan the system for malware while simultaneously reviewing the user’s profile.",456,"reset_user_password -> restart_service, restart_service -> read_user_profile, restart_service -> scan_system_for_malware",reset_user_password;restart_service;scan_system_for_malware;read_user_profile,0->1;1->2;1->3,inverted_y,azure_gpt4o,candidate_only,False,False,reset_user_password;restart_service;scan_system_for_malware;read_user_profile,15,d71df9e38cb39f6b,55b170f7f10e0c9b,4,3,standard,55b170f7f10e0c9b,False,campaign_v4
"First, escalate this issue to a human agent. Once that's done, update the user's name in the system. After that, make sure to save the updated information to the database. Finally, retrieve the saved data from the database to confirm everything is correct.",457,"edit_username -> write_database_record, escalate_case_to_human -> edit_username, write_database_record -> read_database_record",escalate_case_to_human;edit_username;write_database_record;read_database_record,0->1;1->2;2->3,chain_medium_4,azure_gpt4o,candidate_only,False,False,escalate_case_to_human;edit_username;write_database_record;read_database_record,15,4f59876fb759f03b,880b877bd57671e2,4,3,standard,880b877bd57671e2,False,campaign_v4
"Please escalate this case to a human first. Once that's done, I need you to update the username while simultaneously writing and retrieving the relevant database records.",458,"escalate_case_to_human -> edit_username, escalate_case_to_human -> read_database_record, escalate_case_to_human -> write_database_record",escalate_case_to_human;edit_username;write_database_record;read_database_record,0->1;0->2;0->3,fanout_3,azure_gpt4o,candidate_only,False,False,escalate_case_to_human;edit_username;write_database_record;read_database_record,15,d9896657d16787b9,880b877bd57671e2,4,3,standard,880b877bd57671e2,False,campaign_v4
"Can you first escalate this case to a human, edit the username, and write a new record in the database at the same time? After all of those are done, retrieve the relevant database information.",459,"edit_username -> read_database_record, escalate_case_to_human -> read_database_record, write_database_record -> read_database_record",escalate_case_to_human;edit_username;write_database_record;read_database_record,0->3;1->3;2->3,fanin_3,azure_gpt4o,candidate_only,False,False,escalate_case_to_human;edit_username;write_database_record;read_database_record,15,278504460c326788,880b877bd57671e2,4,3,standard,880b877bd57671e2,False,campaign_v4
"Start by escalating the case to a human and editing the username at the same time. Once both tasks are finished, save the information to the database. After saving, retrieve the stored details from the database.",460,"edit_username -> write_database_record, escalate_case_to_human -> write_database_record, write_database_record -> read_database_record",escalate_case_to_human;edit_username;write_database_record;read_database_record,0->2;1->2;2->3,y_shape,azure_gpt4o,candidate_only,False,False,escalate_case_to_human;edit_username;write_database_record;read_database_record,15,8094cc058cce63e4,880b877bd57671e2,4,3,standard,880b877bd57671e2,False,campaign_v4
"Start by escalating the case to a human. After that's done, update the username. Once the username is updated, simultaneously save this change to the database and retrieve the corresponding record from it.",461,"edit_username -> read_database_record, edit_username -> write_database_record, escalate_case_to_human -> edit_username",escalate_case_to_human;edit_username;write_database_record;read_database_record,0->1;1->2;1->3,inverted_y,azure_gpt4o,candidate_only,False,False,escalate_case_to_human;edit_username;write_database_record;read_database_record,15,6697dfbd4c125a23,880b877bd57671e2,4,3,standard,880b877bd57671e2,False,campaign_v4
"First, update the username. Then, run a system scan to check for any malware. Next, restart the service. After that, record the necessary details in the database.",462,"edit_username -> scan_system_for_malware, restart_service -> write_database_record, scan_system_for_malware -> restart_service",edit_username;scan_system_for_malware;restart_service;write_database_record,0->1;1->2;2->3,chain_medium_4,azure_gpt4o,candidate_only,False,False,edit_username;scan_system_for_malware;restart_service;write_database_record,15,e8dd7669f92c7eae,ee93b61c36e0bf7f,4,3,standard,ee93b61c36e0bf7f,False,campaign_v4
"Change the username first, then scan the system for malware, restart the service, and update the database all at the same time.",463,"edit_username -> restart_service, edit_username -> scan_system_for_malware, edit_username -> write_database_record",edit_username;scan_system_for_malware;restart_service;write_database_record,0->1;0->2;0->3,fanout_3,azure_gpt4o,candidate_only,False,False,edit_username;scan_system_for_malware;restart_service;write_database_record,15,bb609499cac304fc,ee93b61c36e0bf7f,4,3,standard,ee93b61c36e0bf7f,False,campaign_v4
"Please update the username, scan the system for viruses, and restart the service concurrently. After all of these are done, make sure to add a new record to the database.",464,"edit_username -> write_database_record, restart_service -> write_database_record, scan_system_for_malware -> write_database_record",edit_username;scan_system_for_malware;restart_service;write_database_record,0->3;1->3;2->3,fanin_3,azure_gpt4o,candidate_only,False,False,edit_username;scan_system_for_malware;restart_service;write_database_record,15,f5f415580e347ad2,ee93b61c36e0bf7f,4,3,standard,ee93b61c36e0bf7f,False,campaign_v4
"Please update the username and scan the system for any malware at the same time. Once both of those are done, restart the service. After the service has restarted, record the necessary information in the database.",465,"edit_username -> restart_service, restart_service -> write_database_record, scan_system_for_malware -> restart_service",edit_username;scan_system_for_malware;restart_service;write_database_record,0->2;1->2;2->3,y_shape,azure_gpt4o,candidate_only,False,False,edit_username;scan_system_for_malware;restart_service;write_database_record,15,a420568f4e0f6bfb,ee93b61c36e0bf7f,4,3,standard,ee93b61c36e0bf7f,False,campaign_v4
"Change the username first, then check for any malware on the system. After the malware scan is done, restart the service and update the database at the same time.",466,"edit_username -> scan_system_for_malware, scan_system_for_malware -> restart_service, scan_system_for_malware -> write_database_record",edit_username;scan_system_for_malware;restart_service;write_database_record,0->1;1->2;1->3,inverted_y,azure_gpt4o,candidate_only,False,False,edit_username;scan_system_for_malware;restart_service;write_database_record,15,ea603b2a4be94424,ee93b61c36e0bf7f,4,3,standard,ee93b61c36e0bf7f,False,campaign_v4
"First, create a support ticket. Then, review the access logs to gather more details. Next, update the username as needed. Finally, escalate the case to a human for further assistance if necessary.",467,"create_support_ticket -> read_access_logs, edit_username -> escalate_case_to_human, read_access_logs -> edit_username",create_support_ticket;read_access_logs;edit_username;escalate_case_to_human,0->1;1->2;2->3,chain_medium_4,azure_gpt4o,candidate_only,False,False,create_support_ticket;read_access_logs;edit_username;escalate_case_to_human,15,97bd6367014f8620,0209b63839f5e916,4,3,standard,0209b63839f5e916,False,campaign_v4
"Please create a support ticket first, then check the access logs and update the username at the same time. If needed, escalate the case to a human after the ticket is created.",468,"create_support_ticket -> edit_username, create_support_ticket -> escalate_case_to_human, create_support_ticket -> read_access_logs",create_support_ticket;read_access_logs;edit_username;escalate_case_to_human,0->1;0->2;0->3,fanout_3,azure_gpt4o,candidate_only,False,False,create_support_ticket;read_access_logs;edit_username;escalate_case_to_human,15,9eb306edc965f759,0209b63839f5e916,4,3,standard,0209b63839f5e916,False,campaign_v4
"Create a support ticket. While that's happening, look at the access logs and update the username. Once all those are completed, escalate the issue to a human for further handling.",469,"create_support_ticket -> escalate_case_to_human, edit_username -> escalate_case_to_human, read_access_logs -> escalate_case_to_human",create_support_ticket;read_access_logs;edit_username;escalate_case_to_human,0->3;1->3;2->3,fanin_3,azure_gpt4o,candidate_only,False,False,create_support_ticket;read_access_logs;edit_username;escalate_case_to_human,15,ce6a3346edafec94,0209b63839f5e916,4,3,standard,0209b63839f5e916,False,campaign_v4
"Please start by creating a support ticket and checking the access logs at the same time. Once both of those are finished, update the username. Finally, escalate the case to a human if necessary.",470,"create_support_ticket -> edit_username, edit_username -> escalate_case_to_human, read_access_logs -> edit_username",create_support_ticket;read_access_logs;edit_username;escalate_case_to_human,0->2;1->2;2->3,y_shape,azure_gpt4o,candidate_only,False,False,create_support_ticket;read_access_logs;edit_username;escalate_case_to_human,15,95622dbc308504c7,0209b63839f5e916,4,3,standard,0209b63839f5e916,False,campaign_v4
"I need to create a support ticket first. After that’s done, check the access logs. Once the logs are reviewed, update the username if needed and also escalate the issue to a human simultaneously.",471,"create_support_ticket -> read_access_logs, read_access_logs -> edit_username, read_access_logs -> escalate_case_to_human",create_support_ticket;read_access_logs;edit_username;escalate_case_to_human,0->1;1->2;1->3,inverted_y,azure_gpt4o,candidate_only,False,False,create_support_ticket;read_access_logs;edit_username;escalate_case_to_human,15,5fb74de3f22f4dc2,0209b63839f5e916,4,3,standard,0209b63839f5e916,False,campaign_v4
"First, I need to create a support ticket for the issue. Then, reset the user's password to ensure security. After that, restart the affected service, and finally, check the subscription status to confirm everything is in order.",472,"create_support_ticket -> reset_user_password, reset_user_password -> restart_service, restart_service -> read_subscription_status",create_support_ticket;reset_user_password;restart_service;read_subscription_status,0->1;1->2;2->3,chain_medium_4,azure_gpt4o,candidate_only,False,False,create_support_ticket;reset_user_password;restart_service;read_subscription_status,15,71683917bed1b8cb,270224d53a6a1e69,4,3,standard,270224d53a6a1e69,False,campaign_v4
"Please start by creating a support ticket. Once that's done, reset the user's password, restart the service, and check the subscription status all at the same time.",473,"create_support_ticket -> read_subscription_status, create_support_ticket -> reset_user_password, create_support_ticket -> restart_service",create_support_ticket;reset_user_password;restart_service;read_subscription_status,0->1;0->2;0->3,fanout_3,azure_gpt4o,candidate_only,False,False,create_support_ticket;reset_user_password;restart_service;read_subscription_status,15,ce3a9e0f4cbad96b,270224d53a6a1e69,4,3,standard,270224d53a6a1e69,False,campaign_v4
"Please create a support ticket, reset the user password, and restart the service all at the same time. Once those are done, check the subscription status.",474,"create_support_ticket -> read_subscription_status, reset_user_password -> read_subscription_status, restart_service -> read_subscription_status",create_support_ticket;reset_user_password;restart_service;read_subscription_status,0->3;1->3;2->3,fanin_3,azure_gpt4o,candidate_only,False,False,create_support_ticket;reset_user_password;restart_service;read_subscription_status,15,2b49bd8afc0d4ff4,270224d53a6a1e69,4,3,standard,270224d53a6a1e69,False,campaign_v4
"Please create a support ticket and reset the user's password at the same time. Once both of those are done, restart the service. After the service is restarted, check the subscription status.",475,"create_support_ticket -> restart_service, reset_user_password -> restart_service, restart_service -> read_subscription_status",create_support_ticket;reset_user_password;restart_service;read_subscription_status,0->2;1->2;2->3,y_shape,azure_gpt4o,candidate_only,False,False,create_support_ticket;reset_user_password;restart_service;read_subscription_status,15,ff1b8e43206891be,270224d53a6a1e69,4,3,standard,270224d53a6a1e69,False,campaign_v4
"Can you create a support ticket first? Once that's done, reset the user's password. After the password reset, restart the service and check the subscription status simultaneously.",476,"create_support_ticket -> reset_user_password, reset_user_password -> read_subscription_status, reset_user_password -> restart_service",create_support_ticket;reset_user_password;restart_service;read_subscription_status,0->1;1->2;1->3,inverted_y,azure_gpt4o,candidate_only,False,False,create_support_ticket;reset_user_password;restart_service;read_subscription_status,15,90aa39fa7141679c,270224d53a6a1e69,4,3,standard,270224d53a6a1e69,False,campaign_v4
"First, update the subscription plan for the user. Then, send a message to the appropriate user group. Next, reset the user's password. After that, record the necessary details in the database.",477,"dispatch_message_to_usergroup -> reset_user_password, reset_user_password -> write_database_record, update_subscription_plan -> dispatch_message_to_usergroup",update_subscription_plan;dispatch_message_to_usergroup;reset_user_password;write_database_record,0->1;1->2;2->3,chain_medium_4,azure_gpt4o,candidate_only,False,False,update_subscription_plan;dispatch_message_to_usergroup;reset_user_password;write_database_record,15,333cb6589a1e8c71,70a8c2630bcbe4df,4,3,standard,70a8c2630bcbe4df,False,campaign_v4
"Please update the subscription plan first. Once that’s done, send a message to the user group, reset the user passwords, and update the database records simultaneously.",478,"update_subscription_plan -> dispatch_message_to_usergroup, update_subscription_plan -> reset_user_password, update_subscription_plan -> write_database_record",update_subscription_plan;dispatch_message_to_usergroup;reset_user_password;write_database_record,0->1;0->2;0->3,fanout_3,azure_gpt4o,candidate_only,False,False,update_subscription_plan;dispatch_message_to_usergroup;reset_user_password;write_database_record,15,ef1323ae2ae2167f,70a8c2630bcbe4df,4,3,standard,70a8c2630bcbe4df,False,campaign_v4
"Please upgrade the subscription plan, send a message to the user group, and reset the user's password simultaneously. Once all of those are completed, update the database with the new information.",479,"dispatch_message_to_usergroup -> write_database_record, reset_user_password -> write_database_record, update_subscription_plan -> write_database_record",update_subscription_plan;dispatch_message_to_usergroup;reset_user_password;write_database_record,0->3;1->3;2->3,fanin_3,azure_gpt4o,candidate_only,False,False,update_subscription_plan;dispatch_message_to_usergroup;reset_user_password;write_database_record,15,e452681435b384cc,70a8c2630bcbe4df,4,3,standard,70a8c2630bcbe4df,False,campaign_v4
"Please update the subscription plan and notify the user group at the same time, then reset the user's password after both are done, and finally record the updated information in the database.",480,"dispatch_message_to_usergroup -> reset_user_password, reset_user_password -> write_database_record, update_subscription_plan -> reset_user_password",update_subscription_plan;dispatch_message_to_usergroup;reset_user_password;write_database_record,0->2;1->2;2->3,y_shape,azure_gpt4o,candidate_only,False,False,update_subscription_plan;dispatch_message_to_usergroup;reset_user_password;write_database_record,15,88b8299574b5be5a,70a8c2630bcbe4df,4,3,standard,70a8c2630bcbe4df,False,campaign_v4
"Please start by changing the subscription plan. After that, notify the user group about the update. Once that notification is sent, reset the user password and update the database at the same time.",481,"dispatch_message_to_usergroup -> reset_user_password, dispatch_message_to_usergroup -> write_database_record, update_subscription_plan -> dispatch_message_to_usergroup",update_subscription_plan;dispatch_message_to_usergroup;reset_user_password;write_database_record,0->1;1->2;1->3,inverted_y,azure_gpt4o,candidate_only,False,False,update_subscription_plan;dispatch_message_to_usergroup;reset_user_password;write_database_record,15,8e91af154f0097b0,70a8c2630bcbe4df,4,3,standard,70a8c2630bcbe4df,False,campaign_v4
"First, add a new record to the database. Then update the username for the user. After that, create a support ticket to track the changes. Finally, adjust the subscription plan as needed.",482,"create_support_ticket -> update_subscription_plan, edit_username -> create_support_ticket, write_database_record -> edit_username",write_database_record;edit_username;create_support_ticket;update_subscription_plan,0->1;1->2;2->3,chain_medium_4,azure_gpt4o,candidate_only,False,False,write_database_record;edit_username;create_support_ticket;update_subscription_plan,15,746ab9da39ae90b1,0c701555c5b8adbb,4,3,standard,0c701555c5b8adbb,False,campaign_v4
"Start by adding a new entry to the database. Once that’s done, update the username, create a support ticket, and adjust the subscription plan all at the same time.",483,"write_database_record -> create_support_ticket, write_database_record -> edit_username, write_database_record -> update_subscription_plan",write_database_record;edit_username;create_support_ticket;update_subscription_plan,0->1;0->2;0->3,fanout_3,azure_gpt4o,candidate_only,False,False,write_database_record;edit_username;create_support_ticket;update_subscription_plan,15,441a1ac0fc6cb7a1,0c701555c5b8adbb,4,3,standard,0c701555c5b8adbb,False,campaign_v4
"I need to update a subscription plan, but first, make sure to record the data in the database, change the username, and open a support ticket. These three tasks can happen at the same time, but the subscription update should only happen after all of them are finished.",484,"create_support_ticket -> update_subscription_plan, edit_username -> update_subscription_plan, write_database_record -> update_subscription_plan",write_database_record;edit_username;create_support_ticket;update_subscription_plan,0->3;1->3;2->3,fanin_3,azure_gpt4o,candidate_only,False,False,write_database_record;edit_username;create_support_ticket;update_subscription_plan,15,2d274678b5829d13,0c701555c5b8adbb,4,3,standard,0c701555c5b8adbb,False,campaign_v4
"Start by recording the necessary data in the database and updating the username simultaneously. Once both of those are completed, proceed to open a support ticket. After the ticket is created, update the user’s subscription plan.",485,"create_support_ticket -> update_subscription_plan, edit_username -> create_support_ticket, write_database_record -> create_support_ticket",write_database_record;edit_username;create_support_ticket;update_subscription_plan,0->2;1->2;2->3,y_shape,azure_gpt4o,candidate_only,False,False,write_database_record;edit_username;create_support_ticket;update_subscription_plan,15,0b84c666fb0b8974,0c701555c5b8adbb,4,3,standard,0c701555c5b8adbb,False,campaign_v4
"First, record the new data in the database. After that, update the username. Once the username is updated, create a support ticket and update the subscription plan at the same time.",486,"edit_username -> create_support_ticket, edit_username -> update_subscription_plan, write_database_record -> edit_username",write_database_record;edit_username;create_support_ticket;update_subscription_plan,0->1;1->2;1->3,inverted_y,azure_gpt4o,candidate_only,False,False,write_database_record;edit_username;create_support_ticket;update_subscription_plan,15,eabc8f36357d3161,0c701555c5b8adbb,4,3,standard,0c701555c5b8adbb,False,campaign_v4
"First, check the subscription status to ensure it's active. Then, perform a malware scan on the system. After that, verify the status of the service. Finally, retrieve the relevant record from the database.",487,"check_service_status -> read_database_record, read_subscription_status -> scan_system_for_malware, scan_system_for_malware -> check_service_status",read_subscription_status;scan_system_for_malware;check_service_status;read_database_record,0->1;1->2;2->3,chain_medium_4,azure_gpt4o,candidate_only,False,False,read_subscription_status;scan_system_for_malware;check_service_status;read_database_record,15,b37f626ce363868b,2d8810c84313aac1,4,3,standard,2d8810c84313aac1,False,campaign_v4
"First, check the subscription status. After that, simultaneously scan the system for malware, check the service status, and retrieve the database record.",488,"read_subscription_status -> check_service_status, read_subscription_status -> read_database_record, read_subscription_status -> scan_system_for_malware",read_subscription_status;scan_system_for_malware;check_service_status;read_database_record,0->1;0->2;0->3,fanout_3,azure_gpt4o,candidate_only,False,False,read_subscription_status;scan_system_for_malware;check_service_status;read_database_record,15,fccde5db44902463,2d8810c84313aac1,4,3,standard,2d8810c84313aac1,False,campaign_v4
"Can you first check my subscription status, scan the system for malware, and verify the service status all at the same time, and then, once all of those are done, retrieve the relevant database information?",489,"check_service_status -> read_database_record, read_subscription_status -> read_database_record, scan_system_for_malware -> read_database_record",read_subscription_status;scan_system_for_malware;check_service_status;read_database_record,0->3;1->3;2->3,fanin_3,azure_gpt4o,candidate_only,False,False,read_subscription_status;scan_system_for_malware;check_service_status;read_database_record,15,e5ddb5c056753b29,2d8810c84313aac1,4,3,standard,2d8810c84313aac1,False,campaign_v4
"Start by checking the subscription status and scanning the system for malware at the same time. After both of those are done, verify the service status. Finally, once the service status is confirmed, fetch the relevant database record.",490,"check_service_status -> read_database_record, read_subscription_status -> check_service_status, scan_system_for_malware -> check_service_status",read_subscription_status;scan_system_for_malware;check_service_status;read_database_record,0->2;1->2;2->3,y_shape,azure_gpt4o,candidate_only,False,False,read_subscription_status;scan_system_for_malware;check_service_status;read_database_record,15,74326978ee6055f8,2d8810c84313aac1,4,3,standard,2d8810c84313aac1,False,campaign_v4
"Start by checking if the subscription is active. After that, scan the system to ensure it's free of malware. Once the scan is complete, simultaneously check the service's status and retrieve a record from the database.",491,"read_subscription_status -> scan_system_for_malware, scan_system_for_malware -> check_service_status, scan_system_for_malware -> read_database_record",read_subscription_status;scan_system_for_malware;check_service_status;read_database_record,0->1;1->2;1->3,inverted_y,azure_gpt4o,candidate_only,False,False,read_subscription_status;scan_system_for_malware;check_service_status;read_database_record,15,e073690b2715a711,2d8810c84313aac1,4,3,standard,2d8810c84313aac1,False,campaign_v4
"First, check the subscription status of the account. Then, update the database with the relevant information. After that, verify whether the service is functioning properly. Finally, if necessary, escalate the issue to a human for further assistance.",492,"check_service_status -> escalate_case_to_human, read_subscription_status -> write_database_record, write_database_record -> check_service_status",read_subscription_status;write_database_record;check_service_status;escalate_case_to_human,0->1;1->2;2->3,chain_medium_4,azure_gpt4o,candidate_only,False,False,read_subscription_status;write_database_record;check_service_status;escalate_case_to_human,15,50559b47e9395f23,d2319a70eb4c8665,4,3,standard,d2319a70eb4c8665,False,campaign_v4
"First, check the subscription status. Once that's done, update the database with the information while also checking the service status and escalating the issue to a human if needed, all at the same time.",493,"read_subscription_status -> check_service_status, read_subscription_status -> escalate_case_to_human, read_subscription_status -> write_database_record",read_subscription_status;write_database_record;check_service_status;escalate_case_to_human,0->1;0->2;0->3,fanout_3,azure_gpt4o,candidate_only,False,False,read_subscription_status;write_database_record;check_service_status;escalate_case_to_human,15,fbb8f656885d1c05,d2319a70eb4c8665,4,3,standard,d2319a70eb4c8665,False,campaign_v4
"Can you check the subscription status, verify the service is operational, and update the database at the same time? Once all of those are done, escalate the case to a human for further review.",494,"check_service_status -> escalate_case_to_human, read_subscription_status -> escalate_case_to_human, write_database_record -> escalate_case_to_human",read_subscription_status;write_database_record;check_service_status;escalate_case_to_human,0->3;1->3;2->3,fanin_3,azure_gpt4o,candidate_only,False,False,read_subscription_status;write_database_record;check_service_status;escalate_case_to_human,15,5c5cf9e6afa42e7a,d2319a70eb4c8665,4,3,standard,d2319a70eb4c8665,False,campaign_v4
"Please check the subscription status first. While you're updating the database records, also ensure the subscription status is reviewed. Once both tasks are done, verify the service status. If the service isn't working, escalate it to a human for further action.",495,"check_service_status -> escalate_case_to_human, read_subscription_status -> check_service_status, write_database_record -> check_service_status",read_subscription_status;write_database_record;check_service_status;escalate_case_to_human,0->2;1->2;2->3,y_shape,azure_gpt4o,candidate_only,False,False,read_subscription_status;write_database_record;check_service_status;escalate_case_to_human,15,7a32522a67d80a79,d2319a70eb4c8665,4,3,standard,d2319a70eb4c8665,False,campaign_v4
"Start by checking the subscription status, then update the database based on that information. Once the database update is complete, proceed to check the service status and escalate the case to a human at the same time.",496,"read_subscription_status -> write_database_record, write_database_record -> check_service_status, write_database_record -> escalate_case_to_human",read_subscription_status;write_database_record;check_service_status;escalate_case_to_human,0->1;1->2;1->3,inverted_y,azure_gpt4o,candidate_only,False,False,read_subscription_status;write_database_record;check_service_status;escalate_case_to_human,15,44defeaf4ba0fb86,d2319a70eb4c8665,4,3,standard,d2319a70eb4c8665,False,campaign_v4
"First, update the subscription plan. Then, based on the update, decide how to route the task. After that, restart the service, and finally, make any necessary changes to the username.",497,"restart_service -> edit_username, route_task_by_condition -> restart_service, update_subscription_plan -> route_task_by_condition",update_subscription_plan;route_task_by_condition;restart_service;edit_username,0->1;1->2;2->3,chain_medium_4,azure_gpt4o,candidate_only,False,False,update_subscription_plan;route_task_by_condition;restart_service;edit_username,15,43fb2ad3dd425270,fc6fbfc5a25fdda8,4,3,standard,fc6fbfc5a25fdda8,False,campaign_v4
"Start by updating the subscription plan. Once that's done, decide on the next step based on conditions, restart the service, and update the username, all at the same time.",498,"update_subscription_plan -> edit_username, update_subscription_plan -> restart_service, update_subscription_plan -> route_task_by_condition",update_subscription_plan;route_task_by_condition;restart_service;edit_username,0->1;0->2;0->3,fanout_3,azure_gpt4o,candidate_only,False,False,update_subscription_plan;route_task_by_condition;restart_service;edit_username,15,38a590eeefe79b91,fc6fbfc5a25fdda8,4,3,standard,fc6fbfc5a25fdda8,False,campaign_v4
"Please update the subscription plan, and at the same time, figure out the appropriate routing for tasks. Once both of those are completed, restart the service. Finally, after all those steps are done, update the username.",499,"restart_service -> edit_username, route_task_by_condition -> edit_username, update_subscription_plan -> edit_username",update_subscription_plan;route_task_by_condition;restart_service;edit_username,0->3;1->3;2->3,fanin_3,azure_gpt4o,candidate_only,False,False,update_subscription_plan;route_task_by_condition;restart_service;edit_username,15,497d8144f8ca15a8,fc6fbfc5a25fdda8,4,3,standard,fc6fbfc5a25fdda8,False,campaign_v4
"Please update the subscription plan and determine the appropriate task route at the same time. After both are done, restart the service, and once that's finished, update the username.",500,"restart_service -> edit_username, route_task_by_condition -> restart_service, update_subscription_plan -> restart_service",update_subscription_plan;route_task_by_condition;restart_service;edit_username,0->2;1->2;2->3,y_shape,azure_gpt4o,candidate_only,False,False,update_subscription_plan;route_task_by_condition;restart_service;edit_username,15,ebca1f1be2bc7c83,fc6fbfc5a25fdda8,4,3,standard,fc6fbfc5a25fdda8,False,campaign_v4
"Can you first update the subscription plan, then based on the outcome, route the task accordingly? After the routing is done, I'd like you to restart the service and change the username at the same time.",501,"route_task_by_condition -> edit_username, route_task_by_condition -> restart_service, update_subscription_plan -> route_task_by_condition",update_subscription_plan;route_task_by_condition;restart_service;edit_username,0->1;1->2;1->3,inverted_y,azure_gpt4o,candidate_only,False,False,update_subscription_plan;route_task_by_condition;restart_service;edit_username,15,a4a1525d8d461e61,fc6fbfc5a25fdda8,4,3,standard,fc6fbfc5a25fdda8,False,campaign_v4
"First, scan the system for any malware. Then, read the user profile data to gather necessary information. Next, save the details to the database. After that, determine the next step based on the conditions provided. Finally, review the access logs to complete the process.",502,"read_user_profile -> write_database_record, route_task_by_condition -> read_access_logs, scan_system_for_malware -> read_user_profile, write_database_record -> route_task_by_condition",scan_system_for_malware;read_user_profile;write_database_record;route_task_by_condition;read_access_logs,0->1;1->2;2->3;3->4,chain_long_5,azure_gpt4o,candidate_only,False,False,scan_system_for_malware;read_user_profile;write_database_record;route_task_by_condition;read_access_logs,15,4ae979fff009f008,d7dcd22b09fe3bf0,5,4,standard,d7dcd22b09fe3bf0,False,campaign_v4
"Scan the system for any malware first. Then, once the scan is complete, read the user profile to gather necessary information. After both tasks are finished, update the database. Finally, route the task based on conditions and check the access logs simultaneously.",503,"read_user_profile -> write_database_record, scan_system_for_malware -> write_database_record, write_database_record -> read_access_logs, write_database_record -> route_task_by_condition",scan_system_for_malware;read_user_profile;write_database_record;route_task_by_condition;read_access_logs,0->2;1->2;2->3;2->4,hourglass,azure_gpt4o,candidate_only,False,False,scan_system_for_malware;read_user_profile;write_database_record;route_task_by_condition;read_access_logs,15,6cf15c95a8661dca,d7dcd22b09fe3bf0,5,4,standard,d7dcd22b09fe3bf0,False,campaign_v4
"Start by scanning the system for any malware. Once that's done, gather the user profile information. At the same time, update the database with the necessary details. After the database update is complete, decide the next steps based on specific conditions. Finally, review the access logs after both the user profile is ready and the task routing is completed.",504,"read_user_profile -> read_access_logs, route_task_by_condition -> read_access_logs, scan_system_for_malware -> read_user_profile, write_database_record -> route_task_by_condition",scan_system_for_malware;read_user_profile;write_database_record;route_task_by_condition;read_access_logs,0->1;2->3;1->4;3->4,w_shape,azure_gpt4o,candidate_only,False,False,scan_system_for_malware;read_user_profile;write_database_record;route_task_by_condition;read_access_logs,15,b05c10477ac90173,d7dcd22b09fe3bf0,5,4,standard,d7dcd22b09fe3bf0,False,campaign_v4
"Start by scanning the system for any malware. Once that's done, check the user profile and update the database at the same time. After those tasks are finished, determine the next steps based on conditions, and finally, review the access logs once the routing is complete.",505,"route_task_by_condition -> read_access_logs, scan_system_for_malware -> read_user_profile, scan_system_for_malware -> route_task_by_condition, scan_system_for_malware -> write_database_record",scan_system_for_malware;read_user_profile;write_database_record;route_task_by_condition;read_access_logs,0->1;0->2;0->3;3->4,multi_branch_independent,azure_gpt4o,candidate_only,False,False,scan_system_for_malware;read_user_profile;write_database_record;route_task_by_condition;read_access_logs,15,708b20a2779a1337,d7dcd22b09fe3bf0,5,4,standard,d7dcd22b09fe3bf0,False,campaign_v4
"Start by scanning the system for any malware. Once that is done, simultaneously check the user profile, log the necessary data in the database, route the task based on conditions, and review the access logs.",506,"scan_system_for_malware -> read_access_logs, scan_system_for_malware -> read_user_profile, scan_system_for_malware -> route_task_by_condition, scan_system_for_malware -> write_database_record",scan_system_for_malware;read_user_profile;write_database_record;route_task_by_condition;read_access_logs,0->1;0->2;0->3;0->4,wide_fanout,azure_gpt4o,candidate_only,False,False,scan_system_for_malware;read_user_profile;write_database_record;route_task_by_condition;read_access_logs,15,f6232f5988b9e070,d7dcd22b09fe3bf0,5,4,standard,d7dcd22b09fe3bf0,False,campaign_v4
"Start by scanning the system for any malware. After that's done, access the user profile and log the information into the database. At the same time as you're looking into the user profile, retrieve the access logs. Once both the database update and the log review are complete, proceed to assign the task based on the gathered data.",507,"read_access_logs -> route_task_by_condition, read_user_profile -> write_database_record, scan_system_for_malware -> read_user_profile, write_database_record -> route_task_by_condition",scan_system_for_malware;read_user_profile;write_database_record;route_task_by_condition;read_access_logs,0->1;1->2;2->3;4->3,deep_asymmetric_merge,azure_gpt4o,candidate_only,False,False,scan_system_for_malware;read_user_profile;write_database_record;route_task_by_condition;read_access_logs,15,8c199c55425a5901,d7dcd22b09fe3bf0,5,4,standard,d7dcd22b09fe3bf0,False,campaign_v4
"First, add a new record to the database. Then, check the current status of the service. After that, perform a malware scan on the system. Once that's done, retrieve the subscription details, and finally, send a message to the specified user group.",508,"check_service_status -> scan_system_for_malware, read_subscription_status -> dispatch_message_to_usergroup, scan_system_for_malware -> read_subscription_status, write_database_record -> check_service_status",write_database_record;check_service_status;scan_system_for_malware;read_subscription_status;dispatch_message_to_usergroup,0->1;1->2;2->3;3->4,chain_long_5,azure_gpt4o,candidate_only,False,False,write_database_record;check_service_status;scan_system_for_malware;read_subscription_status;dispatch_message_to_usergroup,15,35ef73e1546a9135,1f9d429ae91d252b,5,4,standard,1f9d429ae91d252b,False,campaign_v4
"Start by writing a new record in the database. After that, check the service status. Once both of these are completed, scan the system for any malware. When the scan is done, proceed to check the subscription status and also send a message to the user group at the same time.",509,"check_service_status -> scan_system_for_malware, scan_system_for_malware -> dispatch_message_to_usergroup, scan_system_for_malware -> read_subscription_status, write_database_record -> scan_system_for_malware",write_database_record;check_service_status;scan_system_for_malware;read_subscription_status;dispatch_message_to_usergroup,0->2;1->2;2->3;2->4,hourglass,azure_gpt4o,candidate_only,False,False,write_database_record;check_service_status;scan_system_for_malware;read_subscription_status;dispatch_message_to_usergroup,15,f45fc78888823473,1f9d429ae91d252b,5,4,standard,1f9d429ae91d252b,False,campaign_v4
"Start by saving a record to the database. Once that's done, check the status of the service. At the same time as you're checking the service status, scan the system for malware. After the malware scan is complete, check the subscription details. Finally, once both the service status and subscription details are ready, send a message to the user group.",510,"check_service_status -> dispatch_message_to_usergroup, read_subscription_status -> dispatch_message_to_usergroup, scan_system_for_malware -> read_subscription_status, write_database_record -> check_service_status",write_database_record;check_service_status;scan_system_for_malware;read_subscription_status;dispatch_message_to_usergroup,0->1;2->3;1->4;3->4,w_shape,azure_gpt4o,candidate_only,False,False,write_database_record;check_service_status;scan_system_for_malware;read_subscription_status;dispatch_message_to_usergroup,15,17981dc2634b159f,1f9d429ae91d252b,5,4,standard,1f9d429ae91d252b,False,campaign_v4
"Start by adding the necessary details to the database. Once that’s done, check if the service is running properly, scan the system for any malware, and verify the subscription status—all of these can happen at the same time. After confirming the subscription is active, send a message to the appropriate user group.",511,"read_subscription_status -> dispatch_message_to_usergroup, write_database_record -> check_service_status, write_database_record -> read_subscription_status, write_database_record -> scan_system_for_malware",write_database_record;check_service_status;scan_system_for_malware;read_subscription_status;dispatch_message_to_usergroup,0->1;0->2;0->3;3->4,multi_branch_independent,azure_gpt4o,candidate_only,False,False,write_database_record;check_service_status;scan_system_for_malware;read_subscription_status;dispatch_message_to_usergroup,15,1e08b61cc672448f,1f9d429ae91d252b,5,4,standard,1f9d429ae91d252b,False,campaign_v4
"Start by saving the necessary details in the database. Once that’s done, simultaneously check the service status, scan the system for any malware, read the subscription details, and send a message to the user group.",512,"write_database_record -> check_service_status, write_database_record -> dispatch_message_to_usergroup, write_database_record -> read_subscription_status, write_database_record -> scan_system_for_malware",write_database_record;check_service_status;scan_system_for_malware;read_subscription_status;dispatch_message_to_usergroup,0->1;0->2;0->3;0->4,wide_fanout,azure_gpt4o,candidate_only,False,False,write_database_record;check_service_status;scan_system_for_malware;read_subscription_status;dispatch_message_to_usergroup,15,f4a067659e499862,1f9d429ae91d252b,5,4,standard,1f9d429ae91d252b,False,campaign_v4
"Start by saving the necessary information in the database, then check if the service is running. After that, perform a malware scan on the system. At the same time, send a message to the user group. Finally, once the scan and the message dispatch are both completed, verify the subscription status.",513,"check_service_status -> scan_system_for_malware, dispatch_message_to_usergroup -> read_subscription_status, scan_system_for_malware -> read_subscription_status, write_database_record -> check_service_status",write_database_record;check_service_status;scan_system_for_malware;read_subscription_status;dispatch_message_to_usergroup,0->1;1->2;2->3;4->3,deep_asymmetric_merge,azure_gpt4o,candidate_only,False,False,write_database_record;check_service_status;scan_system_for_malware;read_subscription_status;dispatch_message_to_usergroup,15,9ffc5ba125b8946b,1f9d429ae91d252b,5,4,standard,1f9d429ae91d252b,False,campaign_v4
"First, check the subscription status of the user. Then, if needed, update their plan. After that, create a support ticket to document the changes. Next, decide the appropriate next steps based on the situation, and finally, reset the user's password if required.",514,"create_support_ticket -> route_task_by_condition, read_subscription_status -> update_subscription_plan, route_task_by_condition -> reset_user_password, update_subscription_plan -> create_support_ticket",read_subscription_status;update_subscription_plan;create_support_ticket;route_task_by_condition;reset_user_password,0->1;1->2;2->3;3->4,chain_long_5,azure_gpt4o,candidate_only,False,False,read_subscription_status;update_subscription_plan;create_support_ticket;route_task_by_condition;reset_user_password,15,440618f432e79738,823961d0e4c5b72f,5,4,standard,823961d0e4c5b72f,False,campaign_v4
"First, check the subscription status and update the subscription plan. Once both are done, open a support ticket. After the ticket is created, handle routing and reset the user password at the same time.",515,"create_support_ticket -> reset_user_password, create_support_ticket -> route_task_by_condition, read_subscription_status -> create_support_ticket, update_subscription_plan -> create_support_ticket",read_subscription_status;update_subscription_plan;create_support_ticket;route_task_by_condition;reset_user_password,0->2;1->2;2->3;2->4,hourglass,azure_gpt4o,candidate_only,False,False,read_subscription_status;update_subscription_plan;create_support_ticket;route_task_by_condition;reset_user_password,15,4437c098ccc4abd7,823961d0e4c5b72f,5,4,standard,823961d0e4c5b72f,False,campaign_v4
"First, check the current subscription status. Then, update the subscription plan based on the information found. At the same time, submit a support ticket to flag any issues. Once both the subscription update and support ticket routing are done, reset the user's password.",516,"create_support_ticket -> route_task_by_condition, read_subscription_status -> update_subscription_plan, route_task_by_condition -> reset_user_password, update_subscription_plan -> reset_user_password",read_subscription_status;update_subscription_plan;create_support_ticket;route_task_by_condition;reset_user_password,0->1;2->3;1->4;3->4,w_shape,azure_gpt4o,candidate_only,False,False,read_subscription_status;update_subscription_plan;create_support_ticket;route_task_by_condition;reset_user_password,15,39013b3d03dc65b1,823961d0e4c5b72f,5,4,standard,823961d0e4c5b72f,False,campaign_v4
"First, check the user's subscription status. Based on the result, update the subscription plan while also creating a support ticket if needed and routing the task. Once the routing is completed, reset the user's password if necessary.",517,"read_subscription_status -> create_support_ticket, read_subscription_status -> route_task_by_condition, read_subscription_status -> update_subscription_plan, route_task_by_condition -> reset_user_password",read_subscription_status;update_subscription_plan;create_support_ticket;route_task_by_condition;reset_user_password,0->1;0->2;0->3;3->4,multi_branch_independent,azure_gpt4o,candidate_only,False,False,read_subscription_status;update_subscription_plan;create_support_ticket;route_task_by_condition;reset_user_password,15,87acea085eb8884b,823961d0e4c5b72f,5,4,standard,823961d0e4c5b72f,False,campaign_v4
"First, check the user's subscription status. After that's done, update the subscription plan if needed, create a support ticket if there's an issue, route any required follow-up tasks, and reset the user's password. The last three tasks can happen at the same time after checking the status.",518,"read_subscription_status -> create_support_ticket, read_subscription_status -> reset_user_password, read_subscription_status -> route_task_by_condition, read_subscription_status -> update_subscription_plan",read_subscription_status;update_subscription_plan;create_support_ticket;route_task_by_condition;reset_user_password,0->1;0->2;0->3;0->4,wide_fanout,azure_gpt4o,candidate_only,False,False,read_subscription_status;update_subscription_plan;create_support_ticket;route_task_by_condition;reset_user_password,15,96a7065e56cfd2f8,823961d0e4c5b72f,5,4,standard,823961d0e4c5b72f,False,campaign_v4
"Can you first check my subscription status, then update my plan? After that, open a support ticket for me. At the same time, please reset my password. Once both the ticket and password reset are done, route the tasks accordingly.",519,"create_support_ticket -> route_task_by_condition, read_subscription_status -> update_subscription_plan, reset_user_password -> route_task_by_condition, update_subscription_plan -> create_support_ticket",read_subscription_status;update_subscription_plan;create_support_ticket;route_task_by_condition;reset_user_password,0->1;1->2;2->3;4->3,deep_asymmetric_merge,azure_gpt4o,candidate_only,False,False,read_subscription_status;update_subscription_plan;create_support_ticket;route_task_by_condition;reset_user_password,15,cb9dfc2292935616,823961d0e4c5b72f,5,4,standard,823961d0e4c5b72f,False,campaign_v4
"Please start by retrieving my profile information, then reset my password. After that, check the status of the service, followed by accessing the relevant database record. Finally, send a message to the user group.",520,"check_service_status -> read_database_record, read_database_record -> dispatch_message_to_usergroup, read_user_profile -> reset_user_password, reset_user_password -> check_service_status",read_user_profile;reset_user_password;check_service_status;read_database_record;dispatch_message_to_usergroup,0->1;1->2;2->3;3->4,chain_long_5,azure_gpt4o,candidate_only,False,False,read_user_profile;reset_user_password;check_service_status;read_database_record;dispatch_message_to_usergroup,15,cb1cb453079eea18,27aabe02d9dc4bbe,5,4,standard,27aabe02d9dc4bbe,False,campaign_v4
"First, retrieve the user's profile and reset their password at the same time. Once both are finished, check the service status. After checking the status, fetch the relevant database record and send a message to the appropriate user group concurrently.",521,"check_service_status -> dispatch_message_to_usergroup, check_service_status -> read_database_record, read_user_profile -> check_service_status, reset_user_password -> check_service_status",read_user_profile;reset_user_password;check_service_status;read_database_record;dispatch_message_to_usergroup,0->2;1->2;2->3;2->4,hourglass,azure_gpt4o,candidate_only,False,False,read_user_profile;reset_user_password;check_service_status;read_database_record;dispatch_message_to_usergroup,15,63ec2c0828dd4117,27aabe02d9dc4bbe,5,4,standard,27aabe02d9dc4bbe,False,campaign_v4
"Please start by checking my profile details and resetting my password. At the same time, check the system status and fetch the database record. Once both the password reset and the database lookup are done, send a message to the relevant user group.",522,"check_service_status -> read_database_record, read_database_record -> dispatch_message_to_usergroup, read_user_profile -> reset_user_password, reset_user_password -> dispatch_message_to_usergroup",read_user_profile;reset_user_password;check_service_status;read_database_record;dispatch_message_to_usergroup,0->1;2->3;1->4;3->4,w_shape,azure_gpt4o,candidate_only,False,False,read_user_profile;reset_user_password;check_service_status;read_database_record;dispatch_message_to_usergroup,15,8bbc963ec149cd79,27aabe02d9dc4bbe,5,4,standard,27aabe02d9dc4bbe,False,campaign_v4
"First, retrieve the user's profile information. Once that's done, reset their password and also verify the service status simultaneously. Afterward, access the necessary database records, and when that's complete, send a message to the relevant user group.",523,"read_database_record -> dispatch_message_to_usergroup, read_user_profile -> check_service_status, read_user_profile -> read_database_record, read_user_profile -> reset_user_password",read_user_profile;reset_user_password;check_service_status;read_database_record;dispatch_message_to_usergroup,0->1;0->2;0->3;3->4,multi_branch_independent,azure_gpt4o,candidate_only,False,False,read_user_profile;reset_user_password;check_service_status;read_database_record;dispatch_message_to_usergroup,15,b7408e45fa86a259,27aabe02d9dc4bbe,5,4,standard,27aabe02d9dc4bbe,False,campaign_v4
"First, retrieve the user's profile information, and once that's done, reset their password, check the status of the service, access the database record, and send a message to the user group. The last four tasks can happen at the same time after the profile is read.",524,"read_user_profile -> check_service_status, read_user_profile -> dispatch_message_to_usergroup, read_user_profile -> read_database_record, read_user_profile -> reset_user_password",read_user_profile;reset_user_password;check_service_status;read_database_record;dispatch_message_to_usergroup,0->1;0->2;0->3;0->4,wide_fanout,azure_gpt4o,candidate_only,False,False,read_user_profile;reset_user_password;check_service_status;read_database_record;dispatch_message_to_usergroup,15,3f00b5f328921fac,27aabe02d9dc4bbe,5,4,standard,27aabe02d9dc4bbe,False,campaign_v4
"First, retrieve the user's profile information. After that, reset their password and then verify the service status. Simultaneously with the service check, send out a notification to the user group. Once both the service check and notification are done, access the related database record.",525,"check_service_status -> read_database_record, dispatch_message_to_usergroup -> read_database_record, read_user_profile -> reset_user_password, reset_user_password -> check_service_status",read_user_profile;reset_user_password;check_service_status;read_database_record;dispatch_message_to_usergroup,0->1;1->2;2->3;4->3,deep_asymmetric_merge,azure_gpt4o,candidate_only,False,False,read_user_profile;reset_user_password;check_service_status;read_database_record;dispatch_message_to_usergroup,15,4afe9b6532086003,27aabe02d9dc4bbe,5,4,standard,27aabe02d9dc4bbe,False,campaign_v4
"First, create a support ticket for the issue. Then, update the username as needed. Next, record the changes in the database. After that, reset the user's password. Finally, check the current service status to ensure everything is working properly.",526,"create_support_ticket -> edit_username, edit_username -> write_database_record, reset_user_password -> check_service_status, write_database_record -> reset_user_password",create_support_ticket;edit_username;write_database_record;reset_user_password;check_service_status,0->1;1->2;2->3;3->4,chain_long_5,azure_gpt4o,candidate_only,False,False,create_support_ticket;edit_username;write_database_record;reset_user_password;check_service_status,15,05001a5fce06566d,c8ef58f2738fcbec,5,4,standard,c8ef58f2738fcbec,False,campaign_v4
"Please start by creating a support ticket and editing the user's username at the same time. After both are done, update the database with the necessary information. Once the database is updated, reset the user's password and check the service status simultaneously.",527,"create_support_ticket -> write_database_record, edit_username -> write_database_record, write_database_record -> check_service_status, write_database_record -> reset_user_password",create_support_ticket;edit_username;write_database_record;reset_user_password;check_service_status,0->2;1->2;2->3;2->4,hourglass,azure_gpt4o,candidate_only,False,False,create_support_ticket;edit_username;write_database_record;reset_user_password;check_service_status,15,4260410b26f8e08a,c8ef58f2738fcbec,5,4,standard,c8ef58f2738fcbec,False,campaign_v4
"Create a support ticket first, then update the username. At the same time, write a new record to the database. Once both the username is updated and the database record is written, reset the user password. Finally, check the service status after the username is updated and the password is reset.",528,"create_support_ticket -> edit_username, edit_username -> check_service_status, reset_user_password -> check_service_status, write_database_record -> reset_user_password",create_support_ticket;edit_username;write_database_record;reset_user_password;check_service_status,0->1;2->3;1->4;3->4,w_shape,azure_gpt4o,candidate_only,False,False,create_support_ticket;edit_username;write_database_record;reset_user_password;check_service_status,15,938f18d3b230c07b,c8ef58f2738fcbec,5,4,standard,c8ef58f2738fcbec,False,campaign_v4
"Start by creating a support ticket. Once that’s done, change the username, update the database, and reset the password all at the same time. After the password reset is complete, check the service status.",529,"create_support_ticket -> edit_username, create_support_ticket -> reset_user_password, create_support_ticket -> write_database_record, reset_user_password -> check_service_status",create_support_ticket;edit_username;write_database_record;reset_user_password;check_service_status,0->1;0->2;0->3;3->4,multi_branch_independent,azure_gpt4o,candidate_only,False,False,create_support_ticket;edit_username;write_database_record;reset_user_password;check_service_status,15,3cd0c01c0a114a2c,c8ef58f2738fcbec,5,4,standard,c8ef58f2738fcbec,False,campaign_v4
"Please start by creating a support ticket. Once it's done, update the username, reset the user's password, write the record to the database, and check the service status — all of these tasks should happen at the same time.",530,"create_support_ticket -> check_service_status, create_support_ticket -> edit_username, create_support_ticket -> reset_user_password, create_support_ticket -> write_database_record",create_support_ticket;edit_username;write_database_record;reset_user_password;check_service_status,0->1;0->2;0->3;0->4,wide_fanout,azure_gpt4o,candidate_only,False,False,create_support_ticket;edit_username;write_database_record;reset_user_password;check_service_status,15,76bd11ccc6c156f9,c8ef58f2738fcbec,5,4,standard,c8ef58f2738fcbec,False,campaign_v4
"Can you first open a support ticket and then update the username? After that, add a record to the database, and once that's done, reset the user's password. Also, make sure to check the service status and reset the password only after the status is confirmed.",531,"check_service_status -> reset_user_password, create_support_ticket -> edit_username, edit_username -> write_database_record, write_database_record -> reset_user_password",create_support_ticket;edit_username;write_database_record;reset_user_password;check_service_status,0->1;1->2;2->3;4->3,deep_asymmetric_merge,azure_gpt4o,candidate_only,False,False,create_support_ticket;edit_username;write_database_record;reset_user_password;check_service_status,15,a4383ce1065a803b,c8ef58f2738fcbec,5,4,standard,c8ef58f2738fcbec,False,campaign_v4
"First, create a support ticket to log the issue. Then, update the database with the relevant details. Next, restart the service to ensure it’s functioning properly. After that, determine how to handle the task based on conditions, and finally, escalate it to a human if necessary.",532,"create_support_ticket -> write_database_record, restart_service -> route_task_by_condition, route_task_by_condition -> escalate_case_to_human, write_database_record -> restart_service",create_support_ticket;write_database_record;restart_service;route_task_by_condition;escalate_case_to_human,0->1;1->2;2->3;3->4,chain_long_5,azure_gpt4o,candidate_only,False,False,create_support_ticket;write_database_record;restart_service;route_task_by_condition;escalate_case_to_human,15,a955c86d5c7c7983,d4b1cfef75877b72,5,4,standard,d4b1cfef75877b72,False,campaign_v4
"First, create a support ticket and update the database at the same time. Once both are done, restart the service. After the service restarts, decide whether to route the task based on a condition or escalate the case to a human.",533,"create_support_ticket -> restart_service, restart_service -> escalate_case_to_human, restart_service -> route_task_by_condition, write_database_record -> restart_service",create_support_ticket;write_database_record;restart_service;route_task_by_condition;escalate_case_to_human,0->2;1->2;2->3;2->4,hourglass,azure_gpt4o,candidate_only,False,False,create_support_ticket;write_database_record;restart_service;route_task_by_condition;escalate_case_to_human,15,fdaee0a2a6274b19,d4b1cfef75877b72,5,4,standard,d4b1cfef75877b72,False,campaign_v4
"Create a support ticket first, then record the details in the database. At the same time, restart the service. Once the service is restarted, decide how to route the task. After both the database update and task routing are finished, escalate the case to a human if needed.",534,"create_support_ticket -> write_database_record, restart_service -> route_task_by_condition, route_task_by_condition -> escalate_case_to_human, write_database_record -> escalate_case_to_human",create_support_ticket;write_database_record;restart_service;route_task_by_condition;escalate_case_to_human,0->1;2->3;1->4;3->4,w_shape,azure_gpt4o,candidate_only,False,False,create_support_ticket;write_database_record;restart_service;route_task_by_condition;escalate_case_to_human,15,2a3435f711053ad4,d4b1cfef75877b72,5,4,standard,d4b1cfef75877b72,False,campaign_v4
"Start by creating a support ticket. Once that's done, update the database and restart the service at the same time. Then, decide how to handle the task, and if needed, escalate it to a human once the decision is made.",535,"create_support_ticket -> restart_service, create_support_ticket -> route_task_by_condition, create_support_ticket -> write_database_record, route_task_by_condition -> escalate_case_to_human",create_support_ticket;write_database_record;restart_service;route_task_by_condition;escalate_case_to_human,0->1;0->2;0->3;3->4,multi_branch_independent,azure_gpt4o,candidate_only,False,False,create_support_ticket;write_database_record;restart_service;route_task_by_condition;escalate_case_to_human,15,03f82b3d5081d3f0,d4b1cfef75877b72,5,4,standard,d4b1cfef75877b72,False,campaign_v4
"Create a support ticket first. After that's done, simultaneously update the database, restart the service, route the task based on conditions, and escalate the case to a human if necessary.",536,"create_support_ticket -> escalate_case_to_human, create_support_ticket -> restart_service, create_support_ticket -> route_task_by_condition, create_support_ticket -> write_database_record",create_support_ticket;write_database_record;restart_service;route_task_by_condition;escalate_case_to_human,0->1;0->2;0->3;0->4,wide_fanout,azure_gpt4o,candidate_only,False,False,create_support_ticket;write_database_record;restart_service;route_task_by_condition;escalate_case_to_human,15,ed829de37897a8ae,d4b1cfef75877b72,5,4,standard,d4b1cfef75877b72,False,campaign_v4
"I need to create a support ticket, and once that's done, update the database record. After that, restart the service. When the service is restarted, route the task based on conditions, but only after the case has been escalated to a human in parallel with the service restart.",537,"create_support_ticket -> write_database_record, escalate_case_to_human -> route_task_by_condition, restart_service -> route_task_by_condition, write_database_record -> restart_service",create_support_ticket;write_database_record;restart_service;route_task_by_condition;escalate_case_to_human,0->1;1->2;2->3;4->3,deep_asymmetric_merge,azure_gpt4o,candidate_only,False,False,create_support_ticket;write_database_record;restart_service;route_task_by_condition;escalate_case_to_human,15,3dac282a78234b06,d4b1cfef75877b72,5,4,standard,d4b1cfef75877b72,False,campaign_v4
"First, update the database with the necessary information. Then, notify the user group about the update. Next, retrieve the profile of the users in the group, followed by fetching the relevant database records for them. Finally, confirm their subscription status to complete the process.",538,"dispatch_message_to_usergroup -> read_user_profile, read_database_record -> read_subscription_status, read_user_profile -> read_database_record, write_database_record -> dispatch_message_to_usergroup",write_database_record;dispatch_message_to_usergroup;read_user_profile;read_database_record;read_subscription_status,0->1;1->2;2->3;3->4,chain_long_5,azure_gpt4o,candidate_only,False,False,write_database_record;dispatch_message_to_usergroup;read_user_profile;read_database_record;read_subscription_status,15,ffd7a1a92f23b552,7bec1dd9ec50e7e5,5,4,standard,7bec1dd9ec50e7e5,False,campaign_v4
"Create a new record in the database, and send a message to the user group. Once both are finished, retrieve the user profile. After the profile is retrieved, simultaneously fetch the subscription details and access the associated database record.",539,"dispatch_message_to_usergroup -> read_user_profile, read_user_profile -> read_database_record, read_user_profile -> read_subscription_status, write_database_record -> read_user_profile",write_database_record;dispatch_message_to_usergroup;read_user_profile;read_database_record;read_subscription_status,0->2;1->2;2->3;2->4,hourglass,azure_gpt4o,candidate_only,False,False,write_database_record;dispatch_message_to_usergroup;read_user_profile;read_database_record;read_subscription_status,15,05d97ae3c92de16a,7bec1dd9ec50e7e5,5,4,standard,7bec1dd9ec50e7e5,False,campaign_v4
"First, save the record in the database, and once that's done, send a message to the user group. While that's happening, retrieve the user's profile and use that to pull their database record. After both the message is sent and the database record is retrieved, check the user's subscription status.",540,"dispatch_message_to_usergroup -> read_subscription_status, read_database_record -> read_subscription_status, read_user_profile -> read_database_record, write_database_record -> dispatch_message_to_usergroup",write_database_record;dispatch_message_to_usergroup;read_user_profile;read_database_record;read_subscription_status,0->1;2->3;1->4;3->4,w_shape,azure_gpt4o,candidate_only,False,False,write_database_record;dispatch_message_to_usergroup;read_user_profile;read_database_record;read_subscription_status,15,7bb0f34b479bb480,7bec1dd9ec50e7e5,5,4,standard,7bec1dd9ec50e7e5,False,campaign_v4
"Start by saving some information into the database. Once that’s done, notify a group of users, check individual user profiles, and retrieve a record from the database—all at the same time. After the record is retrieved, confirm the user’s subscription status.",541,"read_database_record -> read_subscription_status, write_database_record -> dispatch_message_to_usergroup, write_database_record -> read_database_record, write_database_record -> read_user_profile",write_database_record;dispatch_message_to_usergroup;read_user_profile;read_database_record;read_subscription_status,0->1;0->2;0->3;3->4,multi_branch_independent,azure_gpt4o,candidate_only,False,False,write_database_record;dispatch_message_to_usergroup;read_user_profile;read_database_record;read_subscription_status,15,52b04974e355fb0f,7bec1dd9ec50e7e5,5,4,standard,7bec1dd9ec50e7e5,False,campaign_v4
"Start by saving the necessary information to the database. Once that's done, send a notification to the user group, and simultaneously retrieve the user profile, check the subscription status, and read the saved record.",542,"write_database_record -> dispatch_message_to_usergroup, write_database_record -> read_database_record, write_database_record -> read_subscription_status, write_database_record -> read_user_profile",write_database_record;dispatch_message_to_usergroup;read_user_profile;read_database_record;read_subscription_status,0->1;0->2;0->3;0->4,wide_fanout,azure_gpt4o,candidate_only,False,False,write_database_record;dispatch_message_to_usergroup;read_user_profile;read_database_record;read_subscription_status,15,a713e4a8a177eedc,7bec1dd9ec50e7e5,5,4,standard,7bec1dd9ec50e7e5,False,campaign_v4
"Start by adding a record to the database. Once that’s done, send a message to the user group. After the message is sent, retrieve the user profile. At the same time as checking the subscription status, fetch the database record once both are completed.",543,"dispatch_message_to_usergroup -> read_user_profile, read_subscription_status -> read_database_record, read_user_profile -> read_database_record, write_database_record -> dispatch_message_to_usergroup",write_database_record;dispatch_message_to_usergroup;read_user_profile;read_database_record;read_subscription_status,0->1;1->2;2->3;4->3,deep_asymmetric_merge,azure_gpt4o,candidate_only,False,False,write_database_record;dispatch_message_to_usergroup;read_user_profile;read_database_record;read_subscription_status,15,c2fe3d386fc63e96,7bec1dd9ec50e7e5,5,4,standard,7bec1dd9ec50e7e5,False,campaign_v4
"Can you check the service status first, then update the username? After that, please create a support ticket, route the task based on conditions, and finally check the subscription status.",544,"check_service_status -> edit_username, create_support_ticket -> route_task_by_condition, edit_username -> create_support_ticket, route_task_by_condition -> read_subscription_status",check_service_status;edit_username;create_support_ticket;route_task_by_condition;read_subscription_status,0->1;1->2;2->3;3->4,chain_long_5,azure_gpt4o,candidate_only,False,False,check_service_status;edit_username;create_support_ticket;route_task_by_condition;read_subscription_status,15,b906fa5e58f576fc,ee40470d8d4327be,5,4,standard,ee40470d8d4327be,False,campaign_v4
"Please check the service status and edit the username first. Once both of those are done, create a support ticket. After the ticket is created, handle routing tasks and check the subscription status at the same time.",545,"check_service_status -> create_support_ticket, create_support_ticket -> read_subscription_status, create_support_ticket -> route_task_by_condition, edit_username -> create_support_ticket",check_service_status;edit_username;create_support_ticket;route_task_by_condition;read_subscription_status,0->2;1->2;2->3;2->4,hourglass,azure_gpt4o,candidate_only,False,False,check_service_status;edit_username;create_support_ticket;route_task_by_condition;read_subscription_status,15,0ee3639959a8a257,ee40470d8d4327be,5,4,standard,ee40470d8d4327be,False,campaign_v4
"Start by checking the service status. Once that's done, update the username. At the same time, create a support ticket. After the ticket is created, decide on the next steps based on the conditions. Finally, once both the username is updated and the task routing is complete, review the subscription status.",546,"check_service_status -> edit_username, create_support_ticket -> route_task_by_condition, edit_username -> read_subscription_status, route_task_by_condition -> read_subscription_status",check_service_status;edit_username;create_support_ticket;route_task_by_condition;read_subscription_status,0->1;2->3;1->4;3->4,w_shape,azure_gpt4o,candidate_only,False,False,check_service_status;edit_username;create_support_ticket;route_task_by_condition;read_subscription_status,15,a3a6f272e7c599a8,ee40470d8d4327be,5,4,standard,ee40470d8d4327be,False,campaign_v4
"Start by checking the service status. After that's done, update the username and file a support ticket at the same time. Once those are complete, decide the next step based on conditions, and then check the subscription details.",547,"check_service_status -> create_support_ticket, check_service_status -> edit_username, check_service_status -> route_task_by_condition, route_task_by_condition -> read_subscription_status",check_service_status;edit_username;create_support_ticket;route_task_by_condition;read_subscription_status,0->1;0->2;0->3;3->4,multi_branch_independent,azure_gpt4o,candidate_only,False,False,check_service_status;edit_username;create_support_ticket;route_task_by_condition;read_subscription_status,15,c99973563e13ebdb,ee40470d8d4327be,5,4,standard,ee40470d8d4327be,False,campaign_v4
"Start by checking the service status. Once that's done, update the username, file a support ticket, route the task based on conditions, and check the subscription status, all at the same time.",548,"check_service_status -> create_support_ticket, check_service_status -> edit_username, check_service_status -> read_subscription_status, check_service_status -> route_task_by_condition",check_service_status;edit_username;create_support_ticket;route_task_by_condition;read_subscription_status,0->1;0->2;0->3;0->4,wide_fanout,azure_gpt4o,candidate_only,False,False,check_service_status;edit_username;create_support_ticket;route_task_by_condition;read_subscription_status,15,61f92e127f5a60e4,ee40470d8d4327be,5,4,standard,ee40470d8d4327be,False,campaign_v4
"Can you start by checking the service status, then edit the username? After that, create a support ticket. Finally, once you've looked up the subscription status and created the ticket, route the task based on both results happening simultaneously.",549,"check_service_status -> edit_username, create_support_ticket -> route_task_by_condition, edit_username -> create_support_ticket, read_subscription_status -> route_task_by_condition",check_service_status;edit_username;create_support_ticket;route_task_by_condition;read_subscription_status,0->1;1->2;2->3;4->3,deep_asymmetric_merge,azure_gpt4o,candidate_only,False,False,check_service_status;edit_username;create_support_ticket;route_task_by_condition;read_subscription_status,15,ef246720b30379d6,ee40470d8d4327be,5,4,standard,ee40470d8d4327be,False,campaign_v4
"First, restart the service, then proceed to update the subscription plan. After that, scan the system for any malware. Once the scan is complete, write a record to the database, and finally, reset the user's password.",550,"restart_service -> update_subscription_plan, scan_system_for_malware -> write_database_record, update_subscription_plan -> scan_system_for_malware, write_database_record -> reset_user_password",restart_service;update_subscription_plan;scan_system_for_malware;write_database_record;reset_user_password,0->1;1->2;2->3;3->4,chain_long_5,azure_gpt4o,candidate_only,False,False,restart_service;update_subscription_plan;scan_system_for_malware;write_database_record;reset_user_password,15,990100a21e602e80,bced4666439a8325,5,4,standard,bced4666439a8325,False,campaign_v4
"First, restart the service and update the subscription plan. Once both are done, scan the system for malware. After the scan is complete, update the database and reset the user password at the same time.",551,"restart_service -> scan_system_for_malware, scan_system_for_malware -> reset_user_password, scan_system_for_malware -> write_database_record, update_subscription_plan -> scan_system_for_malware",restart_service;update_subscription_plan;scan_system_for_malware;write_database_record;reset_user_password,0->2;1->2;2->3;2->4,hourglass,azure_gpt4o,candidate_only,False,False,restart_service;update_subscription_plan;scan_system_for_malware;write_database_record;reset_user_password,15,b779bdab30e6fb2b,bced4666439a8325,5,4,standard,bced4666439a8325,False,campaign_v4
"Please restart the service first, then update the subscription plan. At the same time, scan the system for malware and, once that’s complete, write a record to the database. Finally, reset the user password after both the subscription update and database record are done.",552,"restart_service -> update_subscription_plan, scan_system_for_malware -> write_database_record, update_subscription_plan -> reset_user_password, write_database_record -> reset_user_password",restart_service;update_subscription_plan;scan_system_for_malware;write_database_record;reset_user_password,0->1;2->3;1->4;3->4,w_shape,azure_gpt4o,candidate_only,False,False,restart_service;update_subscription_plan;scan_system_for_malware;write_database_record;reset_user_password,15,e8a9ed148203922f,bced4666439a8325,5,4,standard,bced4666439a8325,False,campaign_v4
"Restart the service first. After that, update the subscription plan, scan the system for malware, and write a record to the database all at the same time. Once the database update is done, reset the user password.",553,"restart_service -> scan_system_for_malware, restart_service -> update_subscription_plan, restart_service -> write_database_record, write_database_record -> reset_user_password",restart_service;update_subscription_plan;scan_system_for_malware;write_database_record;reset_user_password,0->1;0->2;0->3;3->4,multi_branch_independent,azure_gpt4o,candidate_only,False,False,restart_service;update_subscription_plan;scan_system_for_malware;write_database_record;reset_user_password,15,eb6f97975f535ec6,bced4666439a8325,5,4,standard,bced4666439a8325,False,campaign_v4
"Please restart the service first. Once that's done, update the subscription plan and simultaneously scan the system for any malware, write a record to the database, and reset the user's password.",554,"restart_service -> reset_user_password, restart_service -> scan_system_for_malware, restart_service -> update_subscription_plan, restart_service -> write_database_record",restart_service;update_subscription_plan;scan_system_for_malware;write_database_record;reset_user_password,0->1;0->2;0->3;0->4,wide_fanout,azure_gpt4o,candidate_only,False,False,restart_service;update_subscription_plan;scan_system_for_malware;write_database_record;reset_user_password,15,14ca7f0eec549b52,bced4666439a8325,5,4,standard,bced4666439a8325,False,campaign_v4
"Please restart the service first, then update the subscription plan. After that, scan the system for malware. At the same time as scanning for malware, reset the user password. Finally, once both the malware scan and the password reset are finished, write the new data to the database.",555,"reset_user_password -> write_database_record, restart_service -> update_subscription_plan, scan_system_for_malware -> write_database_record, update_subscription_plan -> scan_system_for_malware",restart_service;update_subscription_plan;scan_system_for_malware;write_database_record;reset_user_password,0->1;1->2;2->3;4->3,deep_asymmetric_merge,azure_gpt4o,candidate_only,False,False,restart_service;update_subscription_plan;scan_system_for_malware;write_database_record;reset_user_password,15,e45fda1e0c229c03,bced4666439a8325,5,4,standard,bced4666439a8325,False,campaign_v4
"First, reset the user's password. Then, scan the system to ensure there’s no malware. Next, update the username if needed. After that, submit a support ticket for tracking. Finally, route the task based on the specific condition.",556,"create_support_ticket -> route_task_by_condition, edit_username -> create_support_ticket, reset_user_password -> scan_system_for_malware, scan_system_for_malware -> edit_username",reset_user_password;scan_system_for_malware;edit_username;create_support_ticket;route_task_by_condition,0->1;1->2;2->3;3->4,chain_long_5,azure_gpt4o,candidate_only,False,False,reset_user_password;scan_system_for_malware;edit_username;create_support_ticket;route_task_by_condition,15,98823e9b56e9b7dc,1957b8a0d3e0497b,5,4,standard,1957b8a0d3e0497b,False,campaign_v4
"I need to reset a user's password and scan the system for malware simultaneously. Once those are done, update the username. After updating the username, please create a support ticket and route the task based on conditions.",557,"edit_username -> create_support_ticket, edit_username -> route_task_by_condition, reset_user_password -> edit_username, scan_system_for_malware -> edit_username",reset_user_password;scan_system_for_malware;edit_username;create_support_ticket;route_task_by_condition,0->2;1->2;2->3;2->4,hourglass,azure_gpt4o,candidate_only,False,False,reset_user_password;scan_system_for_malware;edit_username;create_support_ticket;route_task_by_condition,15,cf5d5a7473074174,1957b8a0d3e0497b,5,4,standard,1957b8a0d3e0497b,False,campaign_v4
"Please reset the user password first, then scan the system for any malware. At the same time, update the username and, once that's done, create a support ticket. Finally, once both the malware scan and ticket creation are completed, route the task based on the outcome.",558,"create_support_ticket -> route_task_by_condition, edit_username -> create_support_ticket, reset_user_password -> scan_system_for_malware, scan_system_for_malware -> route_task_by_condition",reset_user_password;scan_system_for_malware;edit_username;create_support_ticket;route_task_by_condition,0->1;2->3;1->4;3->4,w_shape,azure_gpt4o,candidate_only,False,False,reset_user_password;scan_system_for_malware;edit_username;create_support_ticket;route_task_by_condition,15,fb1c042f6374c04c,1957b8a0d3e0497b,5,4,standard,1957b8a0d3e0497b,False,campaign_v4
"Please reset the user's password first. After that, can you simultaneously scan the system for any malware and update the user's username? Once those are done, create a support ticket and, after the ticket is created, route the task based on the conditions.",559,"create_support_ticket -> route_task_by_condition, reset_user_password -> create_support_ticket, reset_user_password -> edit_username, reset_user_password -> scan_system_for_malware",reset_user_password;scan_system_for_malware;edit_username;create_support_ticket;route_task_by_condition,0->1;0->2;0->3;3->4,multi_branch_independent,azure_gpt4o,candidate_only,False,False,reset_user_password;scan_system_for_malware;edit_username;create_support_ticket;route_task_by_condition,15,34a0aa880cbc3dfb,1957b8a0d3e0497b,5,4,standard,1957b8a0d3e0497b,False,campaign_v4
"Please reset the user's password first. After that, scan the system for any malware, update the username, and create a support ticket all at the same time. Once those tasks are finished, route the task based on the outcome.",560,"reset_user_password -> create_support_ticket, reset_user_password -> edit_username, reset_user_password -> route_task_by_condition, reset_user_password -> scan_system_for_malware",reset_user_password;scan_system_for_malware;edit_username;create_support_ticket;route_task_by_condition,0->1;0->2;0->3;0->4,wide_fanout,azure_gpt4o,candidate_only,False,False,reset_user_password;scan_system_for_malware;edit_username;create_support_ticket;route_task_by_condition,15,63cea380b0436469,1957b8a0d3e0497b,5,4,standard,1957b8a0d3e0497b,False,campaign_v4
"Please reset the user's password first, then scan the system for malware. After that, update the username. At the same time as you're preparing to update the username, assess where to route the task. Finally, once both the username is updated and the task routing is complete, create a support ticket.",561,"edit_username -> create_support_ticket, reset_user_password -> scan_system_for_malware, route_task_by_condition -> create_support_ticket, scan_system_for_malware -> edit_username",reset_user_password;scan_system_for_malware;edit_username;create_support_ticket;route_task_by_condition,0->1;1->2;2->3;4->3,deep_asymmetric_merge,azure_gpt4o,candidate_only,False,False,reset_user_password;scan_system_for_malware;edit_username;create_support_ticket;route_task_by_condition,15,1fcb20da2dee48b7,1957b8a0d3e0497b,5,4,standard,1957b8a0d3e0497b,False,campaign_v4
"First, scan the system to detect any malware. Then, based on the results, decide how to proceed with routing the task. Next, open a support ticket for the identified issue. After that, record the details in the database. Finally, check the subscription status to ensure everything is up to date.",562,"create_support_ticket -> write_database_record, route_task_by_condition -> create_support_ticket, scan_system_for_malware -> route_task_by_condition, write_database_record -> read_subscription_status",scan_system_for_malware;route_task_by_condition;create_support_ticket;write_database_record;read_subscription_status,0->1;1->2;2->3;3->4,chain_long_5,azure_gpt4o,candidate_only,False,False,scan_system_for_malware;route_task_by_condition;create_support_ticket;write_database_record;read_subscription_status,15,856c6fbb8fd7a11e,030b02e3371d0000,5,4,standard,030b02e3371d0000,False,campaign_v4
"Start by scanning the system for malware. Once that's done, decide the next steps based on conditions. After both of those tasks are complete, create a support ticket. Then, simultaneously update the database and check the subscription status.",563,"create_support_ticket -> read_subscription_status, create_support_ticket -> write_database_record, route_task_by_condition -> create_support_ticket, scan_system_for_malware -> create_support_ticket",scan_system_for_malware;route_task_by_condition;create_support_ticket;write_database_record;read_subscription_status,0->2;1->2;2->3;2->4,hourglass,azure_gpt4o,candidate_only,False,False,scan_system_for_malware;route_task_by_condition;create_support_ticket;write_database_record;read_subscription_status,15,ea666f17a3d05d0f,030b02e3371d0000,5,4,standard,030b02e3371d0000,False,campaign_v4
"Start by scanning the system for malware. Once that’s done, split the tasks: one checks the conditions to decide the next action, and the other creates a support ticket. After the support ticket is completed, log the details in the database. Finally, after both the database update and the condition routing are finished, check the user's subscription status.",564,"create_support_ticket -> write_database_record, route_task_by_condition -> read_subscription_status, scan_system_for_malware -> route_task_by_condition, write_database_record -> read_subscription_status",scan_system_for_malware;route_task_by_condition;create_support_ticket;write_database_record;read_subscription_status,0->1;2->3;1->4;3->4,w_shape,azure_gpt4o,candidate_only,False,False,scan_system_for_malware;route_task_by_condition;create_support_ticket;write_database_record;read_subscription_status,15,4d46f37dee536814,030b02e3371d0000,5,4,standard,030b02e3371d0000,False,campaign_v4
"Start by scanning the system for any malware. Once that's done, route tasks based on the results and simultaneously create a support ticket if needed and log the findings in the database. Finally, check the subscription status, but only after the database has been updated.",565,"scan_system_for_malware -> create_support_ticket, scan_system_for_malware -> route_task_by_condition, scan_system_for_malware -> write_database_record, write_database_record -> read_subscription_status",scan_system_for_malware;route_task_by_condition;create_support_ticket;write_database_record;read_subscription_status,0->1;0->2;0->3;3->4,multi_branch_independent,azure_gpt4o,candidate_only,False,False,scan_system_for_malware;route_task_by_condition;create_support_ticket;write_database_record;read_subscription_status,15,e3e3ec029ae44087,030b02e3371d0000,5,4,standard,030b02e3371d0000,False,campaign_v4
"Can you first scan my system for any malware, and then once that's done, simultaneously check my subscription status, log a record in the database, and create a support ticket if needed?",566,"scan_system_for_malware -> create_support_ticket, scan_system_for_malware -> read_subscription_status, scan_system_for_malware -> route_task_by_condition, scan_system_for_malware -> write_database_record",scan_system_for_malware;route_task_by_condition;create_support_ticket;write_database_record;read_subscription_status,0->1;0->2;0->3;0->4,wide_fanout,azure_gpt4o,candidate_only,False,False,scan_system_for_malware;route_task_by_condition;create_support_ticket;write_database_record;read_subscription_status,15,07c76fe3a4b13329,030b02e3371d0000,5,4,standard,030b02e3371d0000,False,campaign_v4
"Start by scanning the system for any malware. Once that's done, decide what to do next based on the results. If action is needed, create a support ticket and update the database record, but only after checking the subscription status at the same time.",567,"create_support_ticket -> write_database_record, read_subscription_status -> write_database_record, route_task_by_condition -> create_support_ticket, scan_system_for_malware -> route_task_by_condition",scan_system_for_malware;route_task_by_condition;create_support_ticket;write_database_record;read_subscription_status,0->1;1->2;2->3;4->3,deep_asymmetric_merge,azure_gpt4o,candidate_only,False,False,scan_system_for_malware;route_task_by_condition;create_support_ticket;write_database_record;read_subscription_status,15,e07d378d17226520,030b02e3371d0000,5,4,standard,030b02e3371d0000,False,campaign_v4
"First, check the subscription status of the user. Then, based on the result, decide the next steps. After that, verify the status of the service and see if it’s operational. Next, retrieve the corresponding record from the database. Finally, send a message to the relevant user group with the details.",568,"check_service_status -> read_database_record, read_database_record -> dispatch_message_to_usergroup, read_subscription_status -> route_task_by_condition, route_task_by_condition -> check_service_status",read_subscription_status;route_task_by_condition;check_service_status;read_database_record;dispatch_message_to_usergroup,0->1;1->2;2->3;3->4,chain_long_5,azure_gpt4o,candidate_only,False,False,read_subscription_status;route_task_by_condition;check_service_status;read_database_record;dispatch_message_to_usergroup,15,60a2e460b4aed40e,6e5178d70f230ea4,5,4,standard,6e5178d70f230ea4,False,campaign_v4
"First, check the subscription details and determine the task route simultaneously. After both are done, verify the service status. Once the service status is confirmed, retrieve the database records and notify the user group at the same time.",569,"check_service_status -> dispatch_message_to_usergroup, check_service_status -> read_database_record, read_subscription_status -> check_service_status, route_task_by_condition -> check_service_status",read_subscription_status;route_task_by_condition;check_service_status;read_database_record;dispatch_message_to_usergroup,0->2;1->2;2->3;2->4,hourglass,azure_gpt4o,candidate_only,False,False,read_subscription_status;route_task_by_condition;check_service_status;read_database_record;dispatch_message_to_usergroup,15,42df7c0cede269cb,6e5178d70f230ea4,5,4,standard,6e5178d70f230ea4,False,campaign_v4
"Check the subscription details first so we know how to proceed. Based on those results, route the task accordingly. At the same time, verify the service is operational and, after confirming that, pull the required data from the database. Once both the routing and the database lookup are complete, send a message to the appropriate user group.",570,"check_service_status -> read_database_record, read_database_record -> dispatch_message_to_usergroup, read_subscription_status -> route_task_by_condition, route_task_by_condition -> dispatch_message_to_usergroup",read_subscription_status;route_task_by_condition;check_service_status;read_database_record;dispatch_message_to_usergroup,0->1;2->3;1->4;3->4,w_shape,azure_gpt4o,candidate_only,False,False,read_subscription_status;route_task_by_condition;check_service_status;read_database_record;dispatch_message_to_usergroup,15,f9702435d380389d,6e5178d70f230ea4,5,4,standard,6e5178d70f230ea4,False,campaign_v4
"Start by checking the subscription status. Once that's done, use the result to determine the next steps. At the same time, verify the service status and fetch data from the database. Finally, after retrieving the database information, send a notification to the appropriate group.",571,"read_database_record -> dispatch_message_to_usergroup, read_subscription_status -> check_service_status, read_subscription_status -> read_database_record, read_subscription_status -> route_task_by_condition",read_subscription_status;route_task_by_condition;check_service_status;read_database_record;dispatch_message_to_usergroup,0->1;0->2;0->3;3->4,multi_branch_independent,azure_gpt4o,candidate_only,False,False,read_subscription_status;route_task_by_condition;check_service_status;read_database_record;dispatch_message_to_usergroup,15,98eefb7e07977f0a,6e5178d70f230ea4,5,4,standard,6e5178d70f230ea4,False,campaign_v4
"Start by checking the subscription status, then based on that, determine how to route the task. At the same time, check the service status, look up the database record, and send notifications to the user group.",572,"read_subscription_status -> check_service_status, read_subscription_status -> dispatch_message_to_usergroup, read_subscription_status -> read_database_record, read_subscription_status -> route_task_by_condition",read_subscription_status;route_task_by_condition;check_service_status;read_database_record;dispatch_message_to_usergroup,0->1;0->2;0->3;0->4,wide_fanout,azure_gpt4o,candidate_only,False,False,read_subscription_status;route_task_by_condition;check_service_status;read_database_record;dispatch_message_to_usergroup,15,cd7755cc84ec66e5,6e5178d70f230ea4,5,4,standard,6e5178d70f230ea4,False,campaign_v4
"Start by checking the subscription status. Based on that, decide how to route the task. Once the routing is done, check the service status. At the same time, send a message to the user group. After both the service check and the message dispatch are completed, look up the necessary database records.",573,"check_service_status -> read_database_record, dispatch_message_to_usergroup -> read_database_record, read_subscription_status -> route_task_by_condition, route_task_by_condition -> check_service_status",read_subscription_status;route_task_by_condition;check_service_status;read_database_record;dispatch_message_to_usergroup,0->1;1->2;2->3;4->3,deep_asymmetric_merge,azure_gpt4o,candidate_only,False,False,read_subscription_status;route_task_by_condition;check_service_status;read_database_record;dispatch_message_to_usergroup,15,607267b5fbc65e0f,6e5178d70f230ea4,5,4,standard,6e5178d70f230ea4,False,campaign_v4
"First, scan the system to check for any malware. Once that's done, read the relevant database record. Afterward, create a support ticket based on the information retrieved. Then, reset the user's password, and finally, review the access logs for any unusual activity.",574,"create_support_ticket -> reset_user_password, read_database_record -> create_support_ticket, reset_user_password -> read_access_logs, scan_system_for_malware -> read_database_record",scan_system_for_malware;read_database_record;create_support_ticket;reset_user_password;read_access_logs,0->1;1->2;2->3;3->4,chain_long_5,azure_gpt4o,candidate_only,False,False,scan_system_for_malware;read_database_record;create_support_ticket;reset_user_password;read_access_logs,15,3ca83b61140267e6,0ab6adfeec57ccd4,5,4,standard,0ab6adfeec57ccd4,False,campaign_v4
"First, scan the system for any malware and read the database records simultaneously. Once both of these steps are done, create a support ticket. After the ticket is created, reset the user's password and review the access logs in parallel.",575,"create_support_ticket -> read_access_logs, create_support_ticket -> reset_user_password, read_database_record -> create_support_ticket, scan_system_for_malware -> create_support_ticket",scan_system_for_malware;read_database_record;create_support_ticket;reset_user_password;read_access_logs,0->2;1->2;2->3;2->4,hourglass,azure_gpt4o,candidate_only,False,False,scan_system_for_malware;read_database_record;create_support_ticket;reset_user_password;read_access_logs,15,d95bdccbd8b4ded4,0ab6adfeec57ccd4,5,4,standard,0ab6adfeec57ccd4,False,campaign_v4
"Start by scanning the system for any malware. Once that's done, retrieve the relevant database record. At the same time, create a support ticket. After the ticket is created, reset the user’s password, and finally, review the access logs once both the database record and password reset are completed.",576,"create_support_ticket -> reset_user_password, read_database_record -> read_access_logs, reset_user_password -> read_access_logs, scan_system_for_malware -> read_database_record",scan_system_for_malware;read_database_record;create_support_ticket;reset_user_password;read_access_logs,0->1;2->3;1->4;3->4,w_shape,azure_gpt4o,candidate_only,False,False,scan_system_for_malware;read_database_record;create_support_ticket;reset_user_password;read_access_logs,15,e8a3813bbf9ccd2d,0ab6adfeec57ccd4,5,4,standard,0ab6adfeec57ccd4,False,campaign_v4
"Please start by scanning the system for malware. Once that's done, simultaneously check the database record and create a support ticket. Also, reset the user password, and after the password is reset, review the access logs.",577,"reset_user_password -> read_access_logs, scan_system_for_malware -> create_support_ticket, scan_system_for_malware -> read_database_record, scan_system_for_malware -> reset_user_password",scan_system_for_malware;read_database_record;create_support_ticket;reset_user_password;read_access_logs,0->1;0->2;0->3;3->4,multi_branch_independent,azure_gpt4o,candidate_only,False,False,scan_system_for_malware;read_database_record;create_support_ticket;reset_user_password;read_access_logs,15,d039a485d8ac38d8,0ab6adfeec57ccd4,5,4,standard,0ab6adfeec57ccd4,False,campaign_v4
"Please start by scanning the system for any malware. Once that's done, simultaneously check the database records, create a support ticket, reset the user's password, and review the access logs.",578,"scan_system_for_malware -> create_support_ticket, scan_system_for_malware -> read_access_logs, scan_system_for_malware -> read_database_record, scan_system_for_malware -> reset_user_password",scan_system_for_malware;read_database_record;create_support_ticket;reset_user_password;read_access_logs,0->1;0->2;0->3;0->4,wide_fanout,azure_gpt4o,candidate_only,False,False,scan_system_for_malware;read_database_record;create_support_ticket;reset_user_password;read_access_logs,15,69a5f659fb509cf8,0ab6adfeec57ccd4,5,4,standard,0ab6adfeec57ccd4,False,campaign_v4
"Start by scanning the system for any malware. Once that's done, pull up the relevant database records. Afterward, create a support ticket based on the findings. While doing this, also review the access logs. Finally, reset the user's password, but only after both the ticket is created and the log review is complete.",579,"create_support_ticket -> reset_user_password, read_access_logs -> reset_user_password, read_database_record -> create_support_ticket, scan_system_for_malware -> read_database_record",scan_system_for_malware;read_database_record;create_support_ticket;reset_user_password;read_access_logs,0->1;1->2;2->3;4->3,deep_asymmetric_merge,azure_gpt4o,candidate_only,False,False,scan_system_for_malware;read_database_record;create_support_ticket;reset_user_password;read_access_logs,15,bde563d77343f2a4,0ab6adfeec57ccd4,5,4,standard,0ab6adfeec57ccd4,False,campaign_v4
"First, verify the current status of the service. Then, based on that status, decide how to handle the next step. After that, generate a support ticket if needed, and once that's done, make sure the relevant information is recorded in the database. Finally, check the user's subscription details to complete the process.",580,"check_service_status -> route_task_by_condition, create_support_ticket -> write_database_record, route_task_by_condition -> create_support_ticket, write_database_record -> read_subscription_status",check_service_status;route_task_by_condition;create_support_ticket;write_database_record;read_subscription_status,0->1;1->2;2->3;3->4,chain_long_5,azure_gpt4o,candidate_only,False,False,check_service_status;route_task_by_condition;create_support_ticket;write_database_record;read_subscription_status,15,edfc3ab06d7ec2b8,60a79f9731e8aae1,5,4,standard,60a79f9731e8aae1,False,campaign_v4
"First, check the service status to ensure everything is operational. Then, depending on the conditions, route the task appropriately. Once those steps are complete, create a support ticket. After the ticket is created, update the database and simultaneously verify the subscription details.",581,"check_service_status -> create_support_ticket, create_support_ticket -> read_subscription_status, create_support_ticket -> write_database_record, route_task_by_condition -> create_support_ticket",check_service_status;route_task_by_condition;create_support_ticket;write_database_record;read_subscription_status,0->2;1->2;2->3;2->4,hourglass,azure_gpt4o,candidate_only,False,False,check_service_status;route_task_by_condition;create_support_ticket;write_database_record;read_subscription_status,15,571eb46df4312819,60a79f9731e8aae1,5,4,standard,60a79f9731e8aae1,False,campaign_v4
"Start by checking the service status. Depending on the result, decide what to do next. If needed, create a support ticket while simultaneously recording it in the database. Once both of those tasks are done, check the subscription status.",582,"check_service_status -> route_task_by_condition, create_support_ticket -> write_database_record, route_task_by_condition -> read_subscription_status, write_database_record -> read_subscription_status",check_service_status;route_task_by_condition;create_support_ticket;write_database_record;read_subscription_status,0->1;2->3;1->4;3->4,w_shape,azure_gpt4o,candidate_only,False,False,check_service_status;route_task_by_condition;create_support_ticket;write_database_record;read_subscription_status,15,677f6a31a7a040cf,60a79f9731e8aae1,5,4,standard,60a79f9731e8aae1,False,campaign_v4
"First, check the service status. Based on the result, route the task and simultaneously create a support ticket and log the result in the database. After the database update is complete, check the subscription status.",583,"check_service_status -> create_support_ticket, check_service_status -> route_task_by_condition, check_service_status -> write_database_record, write_database_record -> read_subscription_status",check_service_status;route_task_by_condition;create_support_ticket;write_database_record;read_subscription_status,0->1;0->2;0->3;3->4,multi_branch_independent,azure_gpt4o,candidate_only,False,False,check_service_status;route_task_by_condition;create_support_ticket;write_database_record;read_subscription_status,15,697941f03c57384f,60a79f9731e8aae1,5,4,standard,60a79f9731e8aae1,False,campaign_v4
"Start by checking the current status of the service. Once that's done, handle the next steps simultaneously: create a support ticket, save details to the database, and check the user subscription status. Make sure to route the task depending on the conditions after the initial check is complete.",584,"check_service_status -> create_support_ticket, check_service_status -> read_subscription_status, check_service_status -> route_task_by_condition, check_service_status -> write_database_record",check_service_status;route_task_by_condition;create_support_ticket;write_database_record;read_subscription_status,0->1;0->2;0->3;0->4,wide_fanout,azure_gpt4o,candidate_only,False,False,check_service_status;route_task_by_condition;create_support_ticket;write_database_record;read_subscription_status,15,72600dfaf35bb55d,60a79f9731e8aae1,5,4,standard,60a79f9731e8aae1,False,campaign_v4
"Start by checking the service status. Based on the result, decide how to handle the task. If needed, create a support ticket. At the same time, check the user's subscription status. Once both the ticket is created and the subscription details are ready, store everything in the database.",585,"check_service_status -> route_task_by_condition, create_support_ticket -> write_database_record, read_subscription_status -> write_database_record, route_task_by_condition -> create_support_ticket",check_service_status;route_task_by_condition;create_support_ticket;write_database_record;read_subscription_status,0->1;1->2;2->3;4->3,deep_asymmetric_merge,azure_gpt4o,candidate_only,False,False,check_service_status;route_task_by_condition;create_support_ticket;write_database_record;read_subscription_status,15,5b67433dbbed0004,60a79f9731e8aae1,5,4,standard,60a79f9731e8aae1,False,campaign_v4
"First, create a support ticket for the issue, then update the user's subscription plan as needed. Next, send a message to the relevant user group to inform them of the changes. After that, reset the user's password to ensure security. Finally, escalate the case to a human if further assistance is required.",586,"create_support_ticket -> update_subscription_plan, dispatch_message_to_usergroup -> reset_user_password, reset_user_password -> escalate_case_to_human, update_subscription_plan -> dispatch_message_to_usergroup",create_support_ticket;update_subscription_plan;dispatch_message_to_usergroup;reset_user_password;escalate_case_to_human,0->1;1->2;2->3;3->4,chain_long_5,azure_gpt4o,candidate_only,False,False,create_support_ticket;update_subscription_plan;dispatch_message_to_usergroup;reset_user_password;escalate_case_to_human,15,a9142515c88c3717,d52f84c0460493f7,5,4,standard,d52f84c0460493f7,False,campaign_v4
"Create a support ticket and update the subscription plan first. Once both are completed, send a message to the user group. After that, reset the user's password and escalate the case to a human, if needed.",587,"create_support_ticket -> dispatch_message_to_usergroup, dispatch_message_to_usergroup -> escalate_case_to_human, dispatch_message_to_usergroup -> reset_user_password, update_subscription_plan -> dispatch_message_to_usergroup",create_support_ticket;update_subscription_plan;dispatch_message_to_usergroup;reset_user_password;escalate_case_to_human,0->2;1->2;2->3;2->4,hourglass,azure_gpt4o,candidate_only,False,False,create_support_ticket;update_subscription_plan;dispatch_message_to_usergroup;reset_user_password;escalate_case_to_human,15,69c47b6786eb4bef,d52f84c0460493f7,5,4,standard,d52f84c0460493f7,False,campaign_v4
"Please start by creating a support ticket. Once that's done, update the subscription plan. At the same time, send a message to the user group and reset the user's password after that. Finally, escalate the case to a human after both the subscription update and password reset are completed.",588,"create_support_ticket -> update_subscription_plan, dispatch_message_to_usergroup -> reset_user_password, reset_user_password -> escalate_case_to_human, update_subscription_plan -> escalate_case_to_human",create_support_ticket;update_subscription_plan;dispatch_message_to_usergroup;reset_user_password;escalate_case_to_human,0->1;2->3;1->4;3->4,w_shape,azure_gpt4o,candidate_only,False,False,create_support_ticket;update_subscription_plan;dispatch_message_to_usergroup;reset_user_password;escalate_case_to_human,15,658249e6a72bc16c,d52f84c0460493f7,5,4,standard,d52f84c0460493f7,False,campaign_v4
"Create a support ticket first. After that's done, update the user's subscription and send a message to their group at the same time. Reset the user's password as well after the ticket is created. Finally, escalate the case to a human once the password has been reset.",589,"create_support_ticket -> dispatch_message_to_usergroup, create_support_ticket -> reset_user_password, create_support_ticket -> update_subscription_plan, reset_user_password -> escalate_case_to_human",create_support_ticket;update_subscription_plan;dispatch_message_to_usergroup;reset_user_password;escalate_case_to_human,0->1;0->2;0->3;3->4,multi_branch_independent,azure_gpt4o,candidate_only,False,False,create_support_ticket;update_subscription_plan;dispatch_message_to_usergroup;reset_user_password;escalate_case_to_human,15,8bc7b787c23edb35,d52f84c0460493f7,5,4,standard,d52f84c0460493f7,False,campaign_v4
"First, create a support ticket. Once that's done, update the user's subscription plan, reset their password, and send a message to the user group all at the same time. If needed, escalate the case to a human after the ticket is created.",590,"create_support_ticket -> dispatch_message_to_usergroup, create_support_ticket -> escalate_case_to_human, create_support_ticket -> reset_user_password, create_support_ticket -> update_subscription_plan",create_support_ticket;update_subscription_plan;dispatch_message_to_usergroup;reset_user_password;escalate_case_to_human,0->1;0->2;0->3;0->4,wide_fanout,azure_gpt4o,candidate_only,False,False,create_support_ticket;update_subscription_plan;dispatch_message_to_usergroup;reset_user_password;escalate_case_to_human,15,805adb6e809c1b27,d52f84c0460493f7,5,4,standard,d52f84c0460493f7,False,campaign_v4
"Create a support ticket first, then update the subscription plan. Once that's done, send a message to the user group. At the same time, escalate the case to a human. Finally, reset the user's password after both the message and the escalation are complete.",591,"create_support_ticket -> update_subscription_plan, dispatch_message_to_usergroup -> reset_user_password, escalate_case_to_human -> reset_user_password, update_subscription_plan -> dispatch_message_to_usergroup",create_support_ticket;update_subscription_plan;dispatch_message_to_usergroup;reset_user_password;escalate_case_to_human,0->1;1->2;2->3;4->3,deep_asymmetric_merge,azure_gpt4o,candidate_only,False,False,create_support_ticket;update_subscription_plan;dispatch_message_to_usergroup;reset_user_password;escalate_case_to_human,15,3845602c2926dc63,d52f84c0460493f7,5,4,standard,d52f84c0460493f7,False,campaign_v4
"First, check the subscription status of the user. Then, retrieve the relevant record from the database. Next, confirm that the service is functioning correctly. After that, decide how to proceed based on the situation. Finally, send a message to the appropriate group of users.",592,"check_service_status -> route_task_by_condition, read_database_record -> check_service_status, read_subscription_status -> read_database_record, route_task_by_condition -> dispatch_message_to_usergroup",read_subscription_status;read_database_record;check_service_status;route_task_by_condition;dispatch_message_to_usergroup,0->1;1->2;2->3;3->4,chain_long_5,azure_gpt4o,candidate_only,False,False,read_subscription_status;read_database_record;check_service_status;route_task_by_condition;dispatch_message_to_usergroup,15,0bf3a4c4b19721b0,6e5178d70f230ea4,5,4,standard,6e5178d70f230ea4,False,campaign_v4
"First, check the subscription status and fetch the database record at the same time. Once both are done, verify the service status. Then, based on the service's condition, either assign tasks accordingly or notify the user group.",593,"check_service_status -> dispatch_message_to_usergroup, check_service_status -> route_task_by_condition, read_database_record -> check_service_status, read_subscription_status -> check_service_status",read_subscription_status;read_database_record;check_service_status;route_task_by_condition;dispatch_message_to_usergroup,0->2;1->2;2->3;2->4,hourglass,azure_gpt4o,candidate_only,False,False,read_subscription_status;read_database_record;check_service_status;route_task_by_condition;dispatch_message_to_usergroup,15,40f2a5d0f8117dd1,6e5178d70f230ea4,5,4,standard,6e5178d70f230ea4,False,campaign_v4
"Can you first check if the subscription is active and then gather the database records? At the same time, confirm the service status, and once that's done, decide the next steps based on the conditions before notifying the user group.",594,"check_service_status -> route_task_by_condition, read_database_record -> dispatch_message_to_usergroup, read_subscription_status -> read_database_record, route_task_by_condition -> dispatch_message_to_usergroup",read_subscription_status;read_database_record;check_service_status;route_task_by_condition;dispatch_message_to_usergroup,0->1;2->3;1->4;3->4,w_shape,azure_gpt4o,candidate_only,False,False,read_subscription_status;read_database_record;check_service_status;route_task_by_condition;dispatch_message_to_usergroup,15,8bc68ba216ebf677,6e5178d70f230ea4,5,4,standard,6e5178d70f230ea4,False,campaign_v4
"Please start by checking the subscription status. Once that's done, pull the related database record and check the service's condition at the same time. After both of those are complete, decide the appropriate course of action and then send a message to the relevant group.",595,"read_subscription_status -> check_service_status, read_subscription_status -> read_database_record, read_subscription_status -> route_task_by_condition, route_task_by_condition -> dispatch_message_to_usergroup",read_subscription_status;read_database_record;check_service_status;route_task_by_condition;dispatch_message_to_usergroup,0->1;0->2;0->3;3->4,multi_branch_independent,azure_gpt4o,candidate_only,False,False,read_subscription_status;read_database_record;check_service_status;route_task_by_condition;dispatch_message_to_usergroup,15,607e0fadc03d3064,6e5178d70f230ea4,5,4,standard,6e5178d70f230ea4,False,campaign_v4
"Start by checking the subscription status. After that, retrieve the corresponding database records. Once those are ready, verify the service status. Simultaneously, send a message to the user group. Finally, route the task based on the condition after both the service check and message dispatch are complete.",596,"check_service_status -> route_task_by_condition, dispatch_message_to_usergroup -> route_task_by_condition, read_database_record -> check_service_status, read_subscription_status -> read_database_record",read_subscription_status;read_database_record;check_service_status;route_task_by_condition;dispatch_message_to_usergroup,0->1;1->2;2->3;4->3,deep_asymmetric_merge,azure_gpt4o,candidate_only,False,False,read_subscription_status;read_database_record;check_service_status;route_task_by_condition;dispatch_message_to_usergroup,15,5a2b0fb3bef77f35,6e5178d70f230ea4,5,4,standard,6e5178d70f230ea4,False,campaign_v4
"First, scan the system for any malware. Then, go through the access logs to check for any suspicious activity. Once that's done, verify the subscription status of the user. After that, review the user's profile information. Finally, reset the user's password as the last step.",597,"read_access_logs -> read_subscription_status, read_subscription_status -> read_user_profile, read_user_profile -> reset_user_password, scan_system_for_malware -> read_access_logs",scan_system_for_malware;read_access_logs;read_subscription_status;read_user_profile;reset_user_password,0->1;1->2;2->3;3->4,chain_long_5,azure_gpt4o,candidate_only,False,False,scan_system_for_malware;read_access_logs;read_subscription_status;read_user_profile;reset_user_password,15,1b4956072a22f7ba,43014c93315d9d4e,5,4,standard,43014c93315d9d4e,False,campaign_v4
"First, scan the system to ensure it's free of malware. While reviewing the access logs simultaneously, move on to check the subscription status once both tasks are finished. After verifying the subscription, pull up the user profile and reset their password.",598,"read_access_logs -> read_subscription_status, read_subscription_status -> read_user_profile, read_subscription_status -> reset_user_password, scan_system_for_malware -> read_subscription_status",scan_system_for_malware;read_access_logs;read_subscription_status;read_user_profile;reset_user_password,0->2;1->2;2->3;2->4,hourglass,azure_gpt4o,candidate_only,False,False,scan_system_for_malware;read_access_logs;read_subscription_status;read_user_profile;reset_user_password,15,87cc02ed7ab9af7d,43014c93315d9d4e,5,4,standard,43014c93315d9d4e,False,campaign_v4
"Start by scanning the system for malware. Once that's done, check the access logs. At the same time, verify the subscription status and use that information to view the user's profile. After both the access logs and the user profile are reviewed, reset the user's password.",599,"read_access_logs -> reset_user_password, read_subscription_status -> read_user_profile, read_user_profile -> reset_user_password, scan_system_for_malware -> read_access_logs",scan_system_for_malware;read_access_logs;read_subscription_status;read_user_profile;reset_user_password,0->1;2->3;1->4;3->4,w_shape,azure_gpt4o,candidate_only,False,False,scan_system_for_malware;read_access_logs;read_subscription_status;read_user_profile;reset_user_password,15,70209d3c65daca38,43014c93315d9d4e,5,4,standard,43014c93315d9d4e,False,campaign_v4
"Start by scanning the system for any malware. Once that’s done, simultaneously check the access logs, verify the subscription status, and review the user profile. After the user profile is reviewed, reset the user’s password.",600,"read_user_profile -> reset_user_password, scan_system_for_malware -> read_access_logs, scan_system_for_malware -> read_subscription_status, scan_system_for_malware -> read_user_profile",scan_system_for_malware;read_access_logs;read_subscription_status;read_user_profile;reset_user_password,0->1;0->2;0->3;3->4,multi_branch_independent,azure_gpt4o,candidate_only,False,False,scan_system_for_malware;read_access_logs;read_subscription_status;read_user_profile;reset_user_password,15,f563dc531c9565df,43014c93315d9d4e,5,4,standard,43014c93315d9d4e,False,campaign_v4
"Start by scanning the system for any malware. Once the scan is complete, simultaneously check the access logs, subscription details, and user profiles. After all of these are done, reset the user password.",601,"scan_system_for_malware -> read_access_logs, scan_system_for_malware -> read_subscription_status, scan_system_for_malware -> read_user_profile, scan_system_for_malware -> reset_user_password",scan_system_for_malware;read_access_logs;read_subscription_status;read_user_profile;reset_user_password,0->1;0->2;0->3;0->4,wide_fanout,azure_gpt4o,candidate_only,False,False,scan_system_for_malware;read_access_logs;read_subscription_status;read_user_profile;reset_user_password,15,8e52ae6e8aed80e3,43014c93315d9d4e,5,4,standard,43014c93315d9d4e,False,campaign_v4
"Start by scanning the system for any malware. Once that's done, check the access logs. After reviewing the access logs, verify the subscription status. At the same time, reset the user's password. Finally, after both the subscription status is confirmed and the password reset is complete, retrieve the user's profile information.",602,"read_access_logs -> read_subscription_status, read_subscription_status -> read_user_profile, reset_user_password -> read_user_profile, scan_system_for_malware -> read_access_logs",scan_system_for_malware;read_access_logs;read_subscription_status;read_user_profile;reset_user_password,0->1;1->2;2->3;4->3,deep_asymmetric_merge,azure_gpt4o,candidate_only,False,False,scan_system_for_malware;read_access_logs;read_subscription_status;read_user_profile;reset_user_password,15,e8badc2d0c36f03b,43014c93315d9d4e,5,4,standard,43014c93315d9d4e,False,campaign_v4
"First, examine the access logs to gather information. Then, check the user's subscription status. Next, review the user profile details. After that, send a message to the entire user group. Finally, reset the password for the user.",603,"dispatch_message_to_usergroup -> reset_user_password, read_access_logs -> read_subscription_status, read_subscription_status -> read_user_profile, read_user_profile -> dispatch_message_to_usergroup",read_access_logs;read_subscription_status;read_user_profile;dispatch_message_to_usergroup;reset_user_password,0->1;1->2;2->3;3->4,chain_long_5,azure_gpt4o,candidate_only,False,False,read_access_logs;read_subscription_status;read_user_profile;dispatch_message_to_usergroup;reset_user_password,15,74fe479643a5d29d,8f8aba1cc9b37775,5,4,standard,8f8aba1cc9b37775,False,campaign_v4
"Please start by checking the access logs and the subscription status simultaneously. Once both are done, examine the user profile. After the profile is reviewed, send a message to the user group and reset the user's password.",604,"read_access_logs -> read_user_profile, read_subscription_status -> read_user_profile, read_user_profile -> dispatch_message_to_usergroup, read_user_profile -> reset_user_password",read_access_logs;read_subscription_status;read_user_profile;dispatch_message_to_usergroup;reset_user_password,0->2;1->2;2->3;2->4,hourglass,azure_gpt4o,candidate_only,False,False,read_access_logs;read_subscription_status;read_user_profile;dispatch_message_to_usergroup;reset_user_password,15,6bc84381969a3dfb,8f8aba1cc9b37775,5,4,standard,8f8aba1cc9b37775,False,campaign_v4
"Start by reviewing the access logs, then check the user’s subscription status. At the same time, retrieve their profile information. Once the profile is ready, send a message to their user group. After completing both the subscription check and the message dispatch, reset their password.",605,"dispatch_message_to_usergroup -> reset_user_password, read_access_logs -> read_subscription_status, read_subscription_status -> reset_user_password, read_user_profile -> dispatch_message_to_usergroup",read_access_logs;read_subscription_status;read_user_profile;dispatch_message_to_usergroup;reset_user_password,0->1;2->3;1->4;3->4,w_shape,azure_gpt4o,candidate_only,False,False,read_access_logs;read_subscription_status;read_user_profile;dispatch_message_to_usergroup;reset_user_password,15,9e9a3a1974db6eb5,8f8aba1cc9b37775,5,4,standard,8f8aba1cc9b37775,False,campaign_v4
"Start by reviewing the access logs. Once that's done, check the subscription status and gather the user's profile information at the same time. After both of those are complete, send a message to the user group. Finally, reset the user's password after the message has been sent.",606,"dispatch_message_to_usergroup -> reset_user_password, read_access_logs -> dispatch_message_to_usergroup, read_access_logs -> read_subscription_status, read_access_logs -> read_user_profile",read_access_logs;read_subscription_status;read_user_profile;dispatch_message_to_usergroup;reset_user_password,0->1;0->2;0->3;3->4,multi_branch_independent,azure_gpt4o,candidate_only,False,False,read_access_logs;read_subscription_status;read_user_profile;dispatch_message_to_usergroup;reset_user_password,15,70aaeead91867a08,8f8aba1cc9b37775,5,4,standard,8f8aba1cc9b37775,False,campaign_v4
"Start by checking the access logs. Once that's finished, check the subscription status and look at the user profile at the same time. When both are complete, send a message to the user group and reset the user's password simultaneously.",607,"read_access_logs -> dispatch_message_to_usergroup, read_access_logs -> read_subscription_status, read_access_logs -> read_user_profile, read_access_logs -> reset_user_password",read_access_logs;read_subscription_status;read_user_profile;dispatch_message_to_usergroup;reset_user_password,0->1;0->2;0->3;0->4,wide_fanout,azure_gpt4o,candidate_only,False,False,read_access_logs;read_subscription_status;read_user_profile;dispatch_message_to_usergroup;reset_user_password,15,01a994d008f4a34e,8f8aba1cc9b37775,5,4,standard,8f8aba1cc9b37775,False,campaign_v4
"Start by reviewing the access logs. Once that's done, check the user's subscription status, then examine their profile. After both the password has been reset and the profile review is complete, send a group message to notify users.",608,"read_access_logs -> read_subscription_status, read_subscription_status -> read_user_profile, read_user_profile -> dispatch_message_to_usergroup, reset_user_password -> dispatch_message_to_usergroup",read_access_logs;read_subscription_status;read_user_profile;dispatch_message_to_usergroup;reset_user_password,0->1;1->2;2->3;4->3,deep_asymmetric_merge,azure_gpt4o,candidate_only,False,False,read_access_logs;read_subscription_status;read_user_profile;dispatch_message_to_usergroup;reset_user_password,15,b0b9a7b92827f8f4,8f8aba1cc9b37775,5,4,standard,8f8aba1cc9b37775,False,campaign_v4
"Can you first check the subscription status, then open a support ticket? After that, look into the access logs, restart the service, and finally update the database with the results.",609,"create_support_ticket -> read_access_logs, read_access_logs -> restart_service, read_subscription_status -> create_support_ticket, restart_service -> write_database_record",read_subscription_status;create_support_ticket;read_access_logs;restart_service;write_database_record,0->1;1->2;2->3;3->4,chain_long_5,azure_gpt4o,candidate_only,False,False,read_subscription_status;create_support_ticket;read_access_logs;restart_service;write_database_record,15,cc11184c055408d2,7bdb97f144a7cee3,5,4,standard,7bdb97f144a7cee3,False,campaign_v4
"Can you first check the subscription status and create a support ticket? Once those are done, gather the access logs. After finishing that, restart the service and update the database at the same time.",610,"create_support_ticket -> read_access_logs, read_access_logs -> restart_service, read_access_logs -> write_database_record, read_subscription_status -> read_access_logs",read_subscription_status;create_support_ticket;read_access_logs;restart_service;write_database_record,0->2;1->2;2->3;2->4,hourglass,azure_gpt4o,candidate_only,False,False,read_subscription_status;create_support_ticket;read_access_logs;restart_service;write_database_record,15,cda5bddbc25e711e,7bdb97f144a7cee3,5,4,standard,7bdb97f144a7cee3,False,campaign_v4
"First, check the subscription status. While you're doing that, also review the access logs. Once both tasks are done, open a support ticket and restart the service simultaneously. Finally, update the database once the service is restarted and the ticket is created.",611,"create_support_ticket -> write_database_record, read_access_logs -> restart_service, read_subscription_status -> create_support_ticket, restart_service -> write_database_record",read_subscription_status;create_support_ticket;read_access_logs;restart_service;write_database_record,0->1;2->3;1->4;3->4,w_shape,azure_gpt4o,candidate_only,False,False,read_subscription_status;create_support_ticket;read_access_logs;restart_service;write_database_record,15,6413c95925d2e654,7bdb97f144a7cee3,5,4,standard,7bdb97f144a7cee3,False,campaign_v4
"First, check the subscription status. After that, start two tasks at the same time: review the user’s access logs and open a support ticket. Once those are done, restart the service, and finally update the database after the restart is complete.",612,"read_subscription_status -> create_support_ticket, read_subscription_status -> read_access_logs, read_subscription_status -> restart_service, restart_service -> write_database_record",read_subscription_status;create_support_ticket;read_access_logs;restart_service;write_database_record,0->1;0->2;0->3;3->4,multi_branch_independent,azure_gpt4o,candidate_only,False,False,read_subscription_status;create_support_ticket;read_access_logs;restart_service;write_database_record,15,27a82a416421f2fd,7bdb97f144a7cee3,5,4,standard,7bdb97f144a7cee3,False,campaign_v4
"First, verify the subscription status. Once that's done, create a support ticket, access the logs, restart the service, and update the database all at the same time.",613,"read_subscription_status -> create_support_ticket, read_subscription_status -> read_access_logs, read_subscription_status -> restart_service, read_subscription_status -> write_database_record",read_subscription_status;create_support_ticket;read_access_logs;restart_service;write_database_record,0->1;0->2;0->3;0->4,wide_fanout,azure_gpt4o,candidate_only,False,False,read_subscription_status;create_support_ticket;read_access_logs;restart_service;write_database_record,15,50b751728fbc4400,7bdb97f144a7cee3,5,4,standard,7bdb97f144a7cee3,False,campaign_v4
"First, verify the subscription status. Once that's done, open a support ticket. After the ticket is created, check the access logs. At the same time, update the database. When both the logs have been reviewed and the database is updated, restart the service.",614,"create_support_ticket -> read_access_logs, read_access_logs -> restart_service, read_subscription_status -> create_support_ticket, write_database_record -> restart_service",read_subscription_status;create_support_ticket;read_access_logs;restart_service;write_database_record,0->1;1->2;2->3;4->3,deep_asymmetric_merge,azure_gpt4o,candidate_only,False,False,read_subscription_status;create_support_ticket;read_access_logs;restart_service;write_database_record,15,4a101b3eb30dc2d8,7bdb97f144a7cee3,5,4,standard,7bdb97f144a7cee3,False,campaign_v4
"First, retrieve the necessary record from the database. Then escalate the case to a human agent for review. Next, access the user's profile details. After that, adjust the subscription plan as needed. Finally, confirm the updated subscription status.",615,"escalate_case_to_human -> read_user_profile, read_database_record -> escalate_case_to_human, read_user_profile -> update_subscription_plan, update_subscription_plan -> read_subscription_status",read_database_record;escalate_case_to_human;read_user_profile;update_subscription_plan;read_subscription_status,0->1;1->2;2->3;3->4,chain_long_5,azure_gpt4o,candidate_only,False,False,read_database_record;escalate_case_to_human;read_user_profile;update_subscription_plan;read_subscription_status,15,8707e4725cad5177,8620d93d55f70522,5,4,standard,8620d93d55f70522,False,campaign_v4
"Start by retrieving the database record, then escalate the case to a human. After both of these are finished, access the user profile. Once the profile is loaded, simultaneously update the subscription plan and check the subscription status.",616,"escalate_case_to_human -> read_user_profile, read_database_record -> read_user_profile, read_user_profile -> read_subscription_status, read_user_profile -> update_subscription_plan",read_database_record;escalate_case_to_human;read_user_profile;update_subscription_plan;read_subscription_status,0->2;1->2;2->3;2->4,hourglass,azure_gpt4o,candidate_only,False,False,read_database_record;escalate_case_to_human;read_user_profile;update_subscription_plan;read_subscription_status,15,d5dde4663b68c47c,8620d93d55f70522,5,4,standard,8620d93d55f70522,False,campaign_v4
"Please start by pulling the database record, and once that's done, escalate the case to a human. At the same time, fetch the user profile, and after it's retrieved, go ahead and update the subscription plan. Once both the escalation and subscription update are complete, check the subscription status.",617,"escalate_case_to_human -> read_subscription_status, read_database_record -> escalate_case_to_human, read_user_profile -> update_subscription_plan, update_subscription_plan -> read_subscription_status",read_database_record;escalate_case_to_human;read_user_profile;update_subscription_plan;read_subscription_status,0->1;2->3;1->4;3->4,w_shape,azure_gpt4o,candidate_only,False,False,read_database_record;escalate_case_to_human;read_user_profile;update_subscription_plan;read_subscription_status,15,f87333ebefacb38e,8620d93d55f70522,5,4,standard,8620d93d55f70522,False,campaign_v4
"Start by retrieving the database record. Once that's done, escalate the case to a human, check the user profile, and update the subscription plan all at the same time. After the subscription plan is updated, review the current subscription status.",618,"read_database_record -> escalate_case_to_human, read_database_record -> read_user_profile, read_database_record -> update_subscription_plan, update_subscription_plan -> read_subscription_status",read_database_record;escalate_case_to_human;read_user_profile;update_subscription_plan;read_subscription_status,0->1;0->2;0->3;3->4,multi_branch_independent,azure_gpt4o,candidate_only,False,False,read_database_record;escalate_case_to_human;read_user_profile;update_subscription_plan;read_subscription_status,15,a980ea303724e9f8,8620d93d55f70522,5,4,standard,8620d93d55f70522,False,campaign_v4
"Start by retrieving information from the database. After that, escalate the case to a human for review, and at the same time, check the user's profile, verify their subscription status, and update their subscription plan.",619,"read_database_record -> escalate_case_to_human, read_database_record -> read_subscription_status, read_database_record -> read_user_profile, read_database_record -> update_subscription_plan",read_database_record;escalate_case_to_human;read_user_profile;update_subscription_plan;read_subscription_status,0->1;0->2;0->3;0->4,wide_fanout,azure_gpt4o,candidate_only,False,False,read_database_record;escalate_case_to_human;read_user_profile;update_subscription_plan;read_subscription_status,15,fa2649f602351bca,8620d93d55f70522,5,4,standard,8620d93d55f70522,False,campaign_v4
"Start by retrieving the database record, then escalate the case to a human. Once that's done, look at the user profile and check the subscription status at the same time. Finally, update the subscription plan after both tasks are completed.",620,"escalate_case_to_human -> read_user_profile, read_database_record -> escalate_case_to_human, read_subscription_status -> update_subscription_plan, read_user_profile -> update_subscription_plan",read_database_record;escalate_case_to_human;read_user_profile;update_subscription_plan;read_subscription_status,0->1;1->2;2->3;4->3,deep_asymmetric_merge,azure_gpt4o,candidate_only,False,False,read_database_record;escalate_case_to_human;read_user_profile;update_subscription_plan;read_subscription_status,15,8442de0dcbf855fd,8620d93d55f70522,5,4,standard,8620d93d55f70522,False,campaign_v4
"First, record the necessary details in the database. Then, assess the situation and decide the appropriate next steps based on the conditions. If needed, escalate the case to a human for review. After that, perform a thorough malware scan on the system. Finally, review the access logs to ensure everything is in order.",621,"escalate_case_to_human -> scan_system_for_malware, route_task_by_condition -> escalate_case_to_human, scan_system_for_malware -> read_access_logs, write_database_record -> route_task_by_condition",write_database_record;route_task_by_condition;escalate_case_to_human;scan_system_for_malware;read_access_logs,0->1;1->2;2->3;3->4,chain_long_5,azure_gpt4o,candidate_only,False,False,write_database_record;route_task_by_condition;escalate_case_to_human;scan_system_for_malware;read_access_logs,15,aef919f5a184f393,10d7e395a1c4620a,5,4,standard,10d7e395a1c4620a,False,campaign_v4
"First, create a database entry, and then determine where the task should go. After both of these are completed, escalate the case to a human operator. Once the case has been escalated, simultaneously scan the system for malware and check the access logs.",622,"escalate_case_to_human -> read_access_logs, escalate_case_to_human -> scan_system_for_malware, route_task_by_condition -> escalate_case_to_human, write_database_record -> escalate_case_to_human",write_database_record;route_task_by_condition;escalate_case_to_human;scan_system_for_malware;read_access_logs,0->2;1->2;2->3;2->4,hourglass,azure_gpt4o,candidate_only,False,False,write_database_record;route_task_by_condition;escalate_case_to_human;scan_system_for_malware;read_access_logs,15,d2732eafa66bd551,10d7e395a1c4620a,5,4,standard,10d7e395a1c4620a,False,campaign_v4
"Start by adding a record to the database. Once that's done, decide the next steps based on certain conditions. At the same time, escalate a case for human review. After both tasks are completed, run a malware scan. Finally, once the scan is done and the routing decision is made, check the access logs.",623,"escalate_case_to_human -> scan_system_for_malware, route_task_by_condition -> read_access_logs, scan_system_for_malware -> read_access_logs, write_database_record -> route_task_by_condition",write_database_record;route_task_by_condition;escalate_case_to_human;scan_system_for_malware;read_access_logs,0->1;2->3;1->4;3->4,w_shape,azure_gpt4o,candidate_only,False,False,write_database_record;route_task_by_condition;escalate_case_to_human;scan_system_for_malware;read_access_logs,15,940d260221e6a9ab,10d7e395a1c4620a,5,4,standard,10d7e395a1c4620a,False,campaign_v4
"Start by saving the information into the database. Then, based on the saved data, determine the next steps and route tasks accordingly. While routing tasks, also check the system for malware. Once the malware scan is done, review the system's access logs. If needed, escalate the case to a human after the database entry is complete.",624,"scan_system_for_malware -> read_access_logs, write_database_record -> escalate_case_to_human, write_database_record -> route_task_by_condition, write_database_record -> scan_system_for_malware",write_database_record;route_task_by_condition;escalate_case_to_human;scan_system_for_malware;read_access_logs,0->1;0->2;0->3;3->4,multi_branch_independent,azure_gpt4o,candidate_only,False,False,write_database_record;route_task_by_condition;escalate_case_to_human;scan_system_for_malware;read_access_logs,15,680b968d3b499076,10d7e395a1c4620a,5,4,standard,10d7e395a1c4620a,False,campaign_v4
"Start by creating a database record. Once that's done, simultaneously decide the next action based on conditions, escalate the issue to a human if needed, scan the system for malware, and check the access logs.",625,"write_database_record -> escalate_case_to_human, write_database_record -> read_access_logs, write_database_record -> route_task_by_condition, write_database_record -> scan_system_for_malware",write_database_record;route_task_by_condition;escalate_case_to_human;scan_system_for_malware;read_access_logs,0->1;0->2;0->3;0->4,wide_fanout,azure_gpt4o,candidate_only,False,False,write_database_record;route_task_by_condition;escalate_case_to_human;scan_system_for_malware;read_access_logs,15,5b632e59187196ae,10d7e395a1c4620a,5,4,standard,10d7e395a1c4620a,False,campaign_v4
"First, write a record in the database. After that, decide how to route the task based on certain conditions. If needed, escalate the issue to a human. Simultaneously, review the access logs while the system is being scanned for malware. The scan should only start after both the escalation and log review are done.",626,"escalate_case_to_human -> scan_system_for_malware, read_access_logs -> scan_system_for_malware, route_task_by_condition -> escalate_case_to_human, write_database_record -> route_task_by_condition",write_database_record;route_task_by_condition;escalate_case_to_human;scan_system_for_malware;read_access_logs,0->1;1->2;2->3;4->3,deep_asymmetric_merge,azure_gpt4o,candidate_only,False,False,write_database_record;route_task_by_condition;escalate_case_to_human;scan_system_for_malware;read_access_logs,15,4bf2101a80cbb0df,10d7e395a1c4620a,5,4,standard,10d7e395a1c4620a,False,campaign_v4
"First, retrieve the user's profile information. Then, check their subscription status. After that, update the database with the relevant details. Next, confirm the update by reviewing the database record. Finally, open a support ticket to handle any outstanding issues.",627,"read_database_record -> create_support_ticket, read_subscription_status -> write_database_record, read_user_profile -> read_subscription_status, write_database_record -> read_database_record",read_user_profile;read_subscription_status;write_database_record;read_database_record;create_support_ticket,0->1;1->2;2->3;3->4,chain_long_5,azure_gpt4o,candidate_only,False,False,read_user_profile;read_subscription_status;write_database_record;read_database_record;create_support_ticket,15,cfdbb6855f4e0278,afb9bce554166153,5,4,standard,afb9bce554166153,False,campaign_v4
"First, gather the user profile and check the subscription status at the same time. Once both are done, update the database with the necessary information. After the database is updated, fetch the new database record and also create a support ticket based on the changes.",628,"read_subscription_status -> write_database_record, read_user_profile -> write_database_record, write_database_record -> create_support_ticket, write_database_record -> read_database_record",read_user_profile;read_subscription_status;write_database_record;read_database_record;create_support_ticket,0->2;1->2;2->3;2->4,hourglass,azure_gpt4o,candidate_only,False,False,read_user_profile;read_subscription_status;write_database_record;read_database_record;create_support_ticket,15,15c688d86b10b8ca,afb9bce554166153,5,4,standard,afb9bce554166153,False,campaign_v4
"Start by getting the user's profile information, then check their subscription status. At the same time, record some data in the database. Once the subscription status is verified and the database record has been reviewed, create a support ticket based on the results.",629,"read_database_record -> create_support_ticket, read_subscription_status -> create_support_ticket, read_user_profile -> read_subscription_status, write_database_record -> read_database_record",read_user_profile;read_subscription_status;write_database_record;read_database_record;create_support_ticket,0->1;2->3;1->4;3->4,w_shape,azure_gpt4o,candidate_only,False,False,read_user_profile;read_subscription_status;write_database_record;read_database_record;create_support_ticket,15,723ad139f49bd7b5,afb9bce554166153,5,4,standard,afb9bce554166153,False,campaign_v4
"Start by retrieving the user profile. Once that’s done, check their subscription status and simultaneously update or read a record in the database. After the database record is read, create a support ticket based on the information.",630,"read_database_record -> create_support_ticket, read_user_profile -> read_database_record, read_user_profile -> read_subscription_status, read_user_profile -> write_database_record",read_user_profile;read_subscription_status;write_database_record;read_database_record;create_support_ticket,0->1;0->2;0->3;3->4,multi_branch_independent,azure_gpt4o,candidate_only,False,False,read_user_profile;read_subscription_status;write_database_record;read_database_record;create_support_ticket,15,6f0b17b8fe4aa015,afb9bce554166153,5,4,standard,afb9bce554166153,False,campaign_v4
"Start by retrieving the user’s profile information. After that, check their subscription status. At the same time, update the database record, access existing database details, and open a support ticket.",631,"read_user_profile -> create_support_ticket, read_user_profile -> read_database_record, read_user_profile -> read_subscription_status, read_user_profile -> write_database_record",read_user_profile;read_subscription_status;write_database_record;read_database_record;create_support_ticket,0->1;0->2;0->3;0->4,wide_fanout,azure_gpt4o,candidate_only,False,False,read_user_profile;read_subscription_status;write_database_record;read_database_record;create_support_ticket,15,4af5d32b9ece1af3,afb9bce554166153,5,4,standard,afb9bce554166153,False,campaign_v4
"Start by retrieving the user profile, then check their subscription status. Once that's done, update a record in the database. At the same time, create a support ticket. After both the database is updated and the ticket is created, retrieve the updated record from the database.",632,"create_support_ticket -> read_database_record, read_subscription_status -> write_database_record, read_user_profile -> read_subscription_status, write_database_record -> read_database_record",read_user_profile;read_subscription_status;write_database_record;read_database_record;create_support_ticket,0->1;1->2;2->3;4->3,deep_asymmetric_merge,azure_gpt4o,candidate_only,False,False,read_user_profile;read_subscription_status;write_database_record;read_database_record;create_support_ticket,15,589888affe46efa9,afb9bce554166153,5,4,standard,afb9bce554166153,False,campaign_v4
"First, update the username, then save the changes to the database. After that, retrieve the new record from the database, update the subscription plan accordingly, and finally restart the service to apply everything.",633,"edit_username -> write_database_record, read_database_record -> update_subscription_plan, update_subscription_plan -> restart_service, write_database_record -> read_database_record",edit_username;write_database_record;read_database_record;update_subscription_plan;restart_service,0->1;1->2;2->3;3->4,chain_long_5,azure_gpt4o,candidate_only,False,False,edit_username;write_database_record;read_database_record;update_subscription_plan;restart_service,15,21308137eeaa5eec,95bae6c16f77ece0,5,4,standard,95bae6c16f77ece0,False,campaign_v4
"Start by changing the user's name, then save the updated information to the database. Once both of those are finished, retrieve the user's data. After that, update their subscription plan and restart the service at the same time.",634,"edit_username -> read_database_record, read_database_record -> restart_service, read_database_record -> update_subscription_plan, write_database_record -> read_database_record",edit_username;write_database_record;read_database_record;update_subscription_plan;restart_service,0->2;1->2;2->3;2->4,hourglass,azure_gpt4o,candidate_only,False,False,edit_username;write_database_record;read_database_record;update_subscription_plan;restart_service,15,eba43cb9f85079ae,95bae6c16f77ece0,5,4,standard,95bae6c16f77ece0,False,campaign_v4
"Start by changing the username, then save it to the database. While that's happening, retrieve the user's details from the database and, once you have them, update their subscription plan. Finally, restart the service after both the database update and subscription update are done.",635,"edit_username -> write_database_record, read_database_record -> update_subscription_plan, update_subscription_plan -> restart_service, write_database_record -> restart_service",edit_username;write_database_record;read_database_record;update_subscription_plan;restart_service,0->1;2->3;1->4;3->4,w_shape,azure_gpt4o,candidate_only,False,False,edit_username;write_database_record;read_database_record;update_subscription_plan;restart_service,15,7ef6cc38fbc651ea,95bae6c16f77ece0,5,4,standard,95bae6c16f77ece0,False,campaign_v4
"First, update the username. Once that's done, save the new information to the database, check the account details, and change the subscription plan all at the same time. Finally, restart the service after the subscription update is complete.",636,"edit_username -> read_database_record, edit_username -> update_subscription_plan, edit_username -> write_database_record, update_subscription_plan -> restart_service",edit_username;write_database_record;read_database_record;update_subscription_plan;restart_service,0->1;0->2;0->3;3->4,multi_branch_independent,azure_gpt4o,candidate_only,False,False,edit_username;write_database_record;read_database_record;update_subscription_plan;restart_service,15,932979a8dd68aa97,95bae6c16f77ece0,5,4,standard,95bae6c16f77ece0,False,campaign_v4
"First, update the user's name. Once that's done, save the changes to the database, check the updated records, modify the user's subscription plan, and restart the service. The database update, record check, plan update, and service restart can all happen at the same time after the name is updated.",637,"edit_username -> read_database_record, edit_username -> restart_service, edit_username -> update_subscription_plan, edit_username -> write_database_record",edit_username;write_database_record;read_database_record;update_subscription_plan;restart_service,0->1;0->2;0->3;0->4,wide_fanout,azure_gpt4o,candidate_only,False,False,edit_username;write_database_record;read_database_record;update_subscription_plan;restart_service,15,4acb515e09550f19,95bae6c16f77ece0,5,4,standard,95bae6c16f77ece0,False,campaign_v4
"Can you update a username first, save the details to the database, then retrieve that information? Also, while you're doing that, restart the service, and only after both are done, update the subscription plan.",638,"edit_username -> write_database_record, read_database_record -> update_subscription_plan, restart_service -> update_subscription_plan, write_database_record -> read_database_record",edit_username;write_database_record;read_database_record;update_subscription_plan;restart_service,0->1;1->2;2->3;4->3,deep_asymmetric_merge,azure_gpt4o,candidate_only,False,False,edit_username;write_database_record;read_database_record;update_subscription_plan;restart_service,15,96352f111fc1cb76,95bae6c16f77ece0,5,4,standard,95bae6c16f77ece0,False,campaign_v4
"First, restart the service. Then, read the user profile. Next, after reviewing the profile, check the access logs. After that, send a message to the user group. Finally, update the subscription plan.",639,"dispatch_message_to_usergroup -> update_subscription_plan, read_access_logs -> dispatch_message_to_usergroup, read_user_profile -> read_access_logs, restart_service -> read_user_profile",restart_service;read_user_profile;read_access_logs;dispatch_message_to_usergroup;update_subscription_plan,0->1;1->2;2->3;3->4,chain_long_5,azure_gpt4o,candidate_only,False,False,restart_service;read_user_profile;read_access_logs;dispatch_message_to_usergroup;update_subscription_plan,15,fdf5464aa635a380,360de9bb925c0741,5,4,standard,360de9bb925c0741,False,campaign_v4
"Restart the service first. After that, read the user profile and access logs simultaneously. Once the logs are reviewed, notify the user group and update the subscription plan at the same time.",640,"read_access_logs -> dispatch_message_to_usergroup, read_access_logs -> update_subscription_plan, read_user_profile -> read_access_logs, restart_service -> read_access_logs",restart_service;read_user_profile;read_access_logs;dispatch_message_to_usergroup;update_subscription_plan,0->2;1->2;2->3;2->4,hourglass,azure_gpt4o,candidate_only,False,False,restart_service;read_user_profile;read_access_logs;dispatch_message_to_usergroup;update_subscription_plan,15,e954e78277ced751,360de9bb925c0741,5,4,standard,360de9bb925c0741,False,campaign_v4
"Restart the service first, then check the user's profile. While that's happening, review the access logs and send out a message to the user group. Once both the profile review and the messaging are done, update the user's subscription plan.",641,"dispatch_message_to_usergroup -> update_subscription_plan, read_access_logs -> dispatch_message_to_usergroup, read_user_profile -> update_subscription_plan, restart_service -> read_user_profile",restart_service;read_user_profile;read_access_logs;dispatch_message_to_usergroup;update_subscription_plan,0->1;2->3;1->4;3->4,w_shape,azure_gpt4o,candidate_only,False,False,restart_service;read_user_profile;read_access_logs;dispatch_message_to_usergroup;update_subscription_plan,15,b2574767434b65ef,360de9bb925c0741,5,4,standard,360de9bb925c0741,False,campaign_v4
"First, restart the service. Once that's done, read the user profile and access logs simultaneously. After both of those are complete, send a message to the user group. Finally, update the subscription plan after the message has been sent.",642,"dispatch_message_to_usergroup -> update_subscription_plan, restart_service -> dispatch_message_to_usergroup, restart_service -> read_access_logs, restart_service -> read_user_profile",restart_service;read_user_profile;read_access_logs;dispatch_message_to_usergroup;update_subscription_plan,0->1;0->2;0->3;3->4,multi_branch_independent,azure_gpt4o,candidate_only,False,False,restart_service;read_user_profile;read_access_logs;dispatch_message_to_usergroup;update_subscription_plan,15,403e0ce7d2415c7d,360de9bb925c0741,5,4,standard,360de9bb925c0741,False,campaign_v4
"Restart the service first. Once that’s done, simultaneously check the user profiles, review the access logs, notify the user group, and adjust the subscription plan.",643,"restart_service -> dispatch_message_to_usergroup, restart_service -> read_access_logs, restart_service -> read_user_profile, restart_service -> update_subscription_plan",restart_service;read_user_profile;read_access_logs;dispatch_message_to_usergroup;update_subscription_plan,0->1;0->2;0->3;0->4,wide_fanout,azure_gpt4o,candidate_only,False,False,restart_service;read_user_profile;read_access_logs;dispatch_message_to_usergroup;update_subscription_plan,15,e27978a04307ad1b,360de9bb925c0741,5,4,standard,360de9bb925c0741,False,campaign_v4
"Please restart the service first, then check the user profile. After that, review the access logs. At the same time, update the subscription plan. Once both the access logs are reviewed and the subscription plan is updated, send a notification to the user group.",644,"read_access_logs -> dispatch_message_to_usergroup, read_user_profile -> read_access_logs, restart_service -> read_user_profile, update_subscription_plan -> dispatch_message_to_usergroup",restart_service;read_user_profile;read_access_logs;dispatch_message_to_usergroup;update_subscription_plan,0->1;1->2;2->3;4->3,deep_asymmetric_merge,azure_gpt4o,candidate_only,False,False,restart_service;read_user_profile;read_access_logs;dispatch_message_to_usergroup;update_subscription_plan,15,86fe87b63f86db6e,360de9bb925c0741,5,4,standard,360de9bb925c0741,False,campaign_v4
"First, verify the subscription status. Then, retrieve the database record. Next, check if the service is running. After that, escalate the issue to a human agent if necessary. Finally, reset the user’s password.",645,"check_service_status -> escalate_case_to_human, escalate_case_to_human -> reset_user_password, read_database_record -> check_service_status, read_subscription_status -> read_database_record",read_subscription_status;read_database_record;check_service_status;escalate_case_to_human;reset_user_password,0->1;1->2;2->3;3->4,chain_long_5,azure_gpt4o,candidate_only,False,False,read_subscription_status;read_database_record;check_service_status;escalate_case_to_human;reset_user_password,15,79e23fc8e30ba971,673a52fd3910ec2f,5,4,standard,673a52fd3910ec2f,False,campaign_v4
"Check the subscription status and retrieve the user database details simultaneously, then verify the service status. After that, depending on the results, either escalate the case to a human or reset the user's password.",646,"check_service_status -> escalate_case_to_human, check_service_status -> reset_user_password, read_database_record -> check_service_status, read_subscription_status -> check_service_status",read_subscription_status;read_database_record;check_service_status;escalate_case_to_human;reset_user_password,0->2;1->2;2->3;2->4,hourglass,azure_gpt4o,candidate_only,False,False,read_subscription_status;read_database_record;check_service_status;escalate_case_to_human;reset_user_password,15,23b0a6c204f51cc5,673a52fd3910ec2f,5,4,standard,673a52fd3910ec2f,False,campaign_v4
"Check the user's subscription status first. Once that's done, retrieve their database record. At the same time, verify the service is operational. If any issues are found with the service, escalate it to a human. Finally, reset the user's password after both the database lookup and the escalation (if needed) are complete.",647,"check_service_status -> escalate_case_to_human, escalate_case_to_human -> reset_user_password, read_database_record -> reset_user_password, read_subscription_status -> read_database_record",read_subscription_status;read_database_record;check_service_status;escalate_case_to_human;reset_user_password,0->1;2->3;1->4;3->4,w_shape,azure_gpt4o,candidate_only,False,False,read_subscription_status;read_database_record;check_service_status;escalate_case_to_human;reset_user_password,15,51a8f3c2692e87ec,673a52fd3910ec2f,5,4,standard,673a52fd3910ec2f,False,campaign_v4
"First, check the user's subscription status. Once that's done, simultaneously access their database record and verify the service status. If needed, escalate the issue to a human. After the escalation is completed, reset their password.",648,"escalate_case_to_human -> reset_user_password, read_subscription_status -> check_service_status, read_subscription_status -> escalate_case_to_human, read_subscription_status -> read_database_record",read_subscription_status;read_database_record;check_service_status;escalate_case_to_human;reset_user_password,0->1;0->2;0->3;3->4,multi_branch_independent,azure_gpt4o,candidate_only,False,False,read_subscription_status;read_database_record;check_service_status;escalate_case_to_human;reset_user_password,15,0ffba8f414cf7f5a,673a52fd3910ec2f,5,4,standard,673a52fd3910ec2f,False,campaign_v4
"Can you first verify the subscription status, and then check the database record and the service status at the same time? After that, escalate the issue to a human and reset the password simultaneously.",649,"read_subscription_status -> check_service_status, read_subscription_status -> escalate_case_to_human, read_subscription_status -> read_database_record, read_subscription_status -> reset_user_password",read_subscription_status;read_database_record;check_service_status;escalate_case_to_human;reset_user_password,0->1;0->2;0->3;0->4,wide_fanout,azure_gpt4o,candidate_only,False,False,read_subscription_status;read_database_record;check_service_status;escalate_case_to_human;reset_user_password,15,d8a626d44f1e2cc0,673a52fd3910ec2f,5,4,standard,673a52fd3910ec2f,False,campaign_v4
"Check the user's subscription status first. Then, look up their database record. Once you have the database details, verify the service's current status. At the same time, reset the user's password. After both the service check and the password reset are completed, escalate the issue to a human agent.",650,"check_service_status -> escalate_case_to_human, read_database_record -> check_service_status, read_subscription_status -> read_database_record, reset_user_password -> escalate_case_to_human",read_subscription_status;read_database_record;check_service_status;escalate_case_to_human;reset_user_password,0->1;1->2;2->3;4->3,deep_asymmetric_merge,azure_gpt4o,candidate_only,False,False,read_subscription_status;read_database_record;check_service_status;escalate_case_to_human;reset_user_password,15,5ec432b5ea9d8618,673a52fd3910ec2f,5,4,standard,673a52fd3910ec2f,False,campaign_v4
