model,mean_ged_error,mrr@1,mrr@3,mrr@5,recall@1,recall@3,recall@5,tool_set_f1
LEGR,0.3072916666666667,0.9375,0.9557291666666666,0.9557291666666666,0.9375,0.9739583333333334,0.9739583333333334,0.9699074074074074
S-BERT,4.083333333333333,0.28125,0.404513888888889,0.432638888888889,0.28125,0.5729166666666666,0.6979166666666666,0.5787615740740741
BM25,5.666666666666667,0.020833333333333332,0.03819444444444444,0.04756944444444444,0.020833333333333332,0.0625,0.10416666666666667,0.32754629629629634
