source_row_id,original_query,query,ground_truth,generation_type,lexical_cues_removed,paraphrase_family,confusable_with,ground_truth_tool,class_id,predicted_tool,correct,rank,top5_tools
6,bring up Bob's account information.,bring up Bob's account information.,query_database,paraphrase_original,,6,,db_read,0,db_read,True,1,db_read;db_write;process_refund;generate_report;update_subscription
6,bring up Bob's account information.,"Yo, bring up bob's account information.",query_database,paraphrase_variant,,6,,db_read,0,db_read,True,1,db_read;db_write;generate_report;process_refund;reset_password
6,bring up Bob's account information.,We request that you bring up bob's account information.,query_database,paraphrase_variant,,6,,db_read,0,db_read,True,1,db_read;db_write;generate_report;process_refund;update_subscription
6,bring up Bob's account information.,Is it possible to bring up bob's account information?,query_database,paraphrase_variant,,6,,db_read,0,db_read,True,1,db_read;db_write;generate_report;update_subscription;reset_password
6,bring up Bob's account information.,bring up bob's account information -- that's what needs to happen.,query_database,paraphrase_variant,,6,,db_read,0,db_read,True,1,db_read;generate_report;process_refund;quarantine_system;db_write
11,Please check the database entry for Eve.,Please check the database entry for Eve.,query_database,paraphrase_original,,11,,db_read,0,db_read,True,1,db_read;db_write;generate_report;log_audit_event;provision_vm
11,Please check the database entry for Eve.,Is it possible to check the database entry for eve?,query_database,paraphrase_variant,,11,,db_read,0,db_read,True,1,db_read;db_write;log_audit_event;generate_report;check_status
11,Please check the database entry for Eve.,What we need is for check the database entry for eve.,query_database,paraphrase_variant,,11,,db_read,0,db_read,True,1,db_read;db_write;generate_report;log_audit_event;check_status
11,Please check the database entry for Eve.,Quick one -- check the database entry for eve.,query_database,paraphrase_variant,,11,,db_read,0,db_read,True,1,db_read;db_write;generate_report;log_audit_event;provision_vm
11,Please check the database entry for Eve.,Would you mind check the database entry for eve.,query_database,paraphrase_variant,,11,,db_read,0,db_read,True,1,db_read;db_write;generate_report;log_audit_event;provision_vm
18,Can you check the database for #53698?,Can you check the database for #53698?,query_database,paraphrase_original,,18,,db_read,0,db_read,True,1,db_read;db_write;generate_report;log_audit_event;check_status
18,Can you check the database for #53698?,Quick one -- check the database for #53698.,query_database,paraphrase_variant,,18,,db_read,0,db_read,True,1,db_read;db_write;generate_report;log_audit_event;process_refund
18,Can you check the database for #53698?,We request that you check the database for #53698.,query_database,paraphrase_variant,,18,,db_read,0,db_read,True,1,db_read;db_write;generate_report;log_audit_event;check_status
18,Can you check the database for #53698?,check the database for #53698 -- that's what needs to happen.,query_database,paraphrase_variant,,18,,db_read,0,db_read,True,1,db_read;db_write;generate_report;process_refund;log_audit_event
18,Can you check the database for #53698?,Would anyone be able to check the database for #53698?,query_database,paraphrase_variant,,18,,db_read,0,db_read,True,1,db_read;db_write;generate_report;log_audit_event;check_status
19,Can you pull the details associated with #53698?,Can you pull the details associated with #53698?,query_database,paraphrase_original,,19,,db_read,0,db_read,True,1,db_read;generate_report;db_write;process_refund;log_audit_event
19,Can you pull the details associated with #53698?,Gonna need you to pull the details associated with #53698.,query_database,paraphrase_variant,,19,,db_read,0,generate_report,False,2,generate_report;db_read;db_write;process_refund;create_ticket
19,Can you pull the details associated with #53698?,What we need is for pull the details associated with #53698.,query_database,paraphrase_variant,,19,,db_read,0,generate_report,False,2,generate_report;db_read;db_write;create_ticket;process_refund
19,Can you pull the details associated with #53698?,Who can pull the details associated with #53698?,query_database,paraphrase_variant,,19,,db_read,0,db_read,True,1,db_read;generate_report;log_audit_event;process_refund;db_write
19,Can you pull the details associated with #53698?,Would you mind pull the details associated with #53698.,query_database,paraphrase_variant,,19,,db_read,0,generate_report,False,4,generate_report;db_write;process_refund;db_read;create_ticket
22,Can you bring up the database entry for #20891?,Can you bring up the database entry for #20891?,query_database,paraphrase_original,,22,,db_read,0,db_write,False,2,db_write;db_read;generate_report;log_audit_event;process_refund
22,Can you bring up the database entry for #20891?,Would anyone be able to bring up the database entry for #20891?,query_database,paraphrase_variant,,22,,db_read,0,db_write,False,2,db_write;db_read;generate_report;log_audit_event;process_refund
22,Can you bring up the database entry for #20891?,Quick one -- bring up the database entry for #20891.,query_database,paraphrase_variant,,22,,db_read,0,db_write,False,2,db_write;db_read;generate_report;process_refund;create_ticket
22,Can you bring up the database entry for #20891?,What we need is for bring up the database entry for #20891.,query_database,paraphrase_variant,,22,,db_read,0,db_write,False,2,db_write;db_read;generate_report;create_ticket;log_audit_event
22,Can you bring up the database entry for #20891?,Would you mind bring up the database entry for #20891.,query_database,paraphrase_variant,,22,,db_read,0,db_write,False,2,db_write;db_read;generate_report;log_audit_event;process_refund
23,Can you read back the data for #60122?,Can you read back the data for #60122?,query_database,paraphrase_original,,23,,db_read,0,db_read,True,1,db_read;db_write;generate_report;process_refund;log_audit_event
23,Can you read back the data for #60122?,Gonna need you to read back the data for #60122.,query_database,paraphrase_variant,,23,,db_read,0,db_read,True,1,db_read;db_write;generate_report;process_refund;provision_vm
23,Can you read back the data for #60122?,Would anyone be able to read back the data for #60122?,query_database,paraphrase_variant,,23,,db_read,0,db_read,True,1,db_read;db_write;generate_report;process_refund;log_audit_event
23,Can you read back the data for #60122?,We request that you read back the data for #60122.,query_database,paraphrase_variant,,23,,db_read,0,db_read,True,1,db_read;db_write;generate_report;process_refund;send_notification
23,Can you read back the data for #60122?,It would help if read back the data for #60122.,query_database,paraphrase_variant,,23,,db_read,0,db_read,True,1,db_read;db_write;generate_report;process_refund;check_status
40,We should look up the record for Charlie.,We should look up the record for Charlie.,query_database,paraphrase_original,,40,,db_read,0,db_read,True,1,db_read;generate_report;log_audit_event;process_refund;quarantine_system
40,We should look up the record for Charlie.,Is it possible to we should look up the record for charlie?,query_database,paraphrase_variant,,40,,db_read,0,db_read,True,1,db_read;generate_report;log_audit_event;create_ticket;check_status
40,We should look up the record for Charlie.,The situation requires we should look up the record for charlie.,query_database,paraphrase_variant,,40,,db_read,0,generate_report,False,7,generate_report;log_audit_event;create_ticket;process_refund;quarantine_system
40,We should look up the record for Charlie.,Could you please we should look up the record for charlie.,query_database,paraphrase_variant,,40,,db_read,0,db_read,True,1,db_read;log_audit_event;generate_report;process_refund;db_write
40,We should look up the record for Charlie.,Quick one -- we should look up the record for charlie.,query_database,paraphrase_variant,,40,,db_read,0,generate_report,False,2,generate_report;db_read;process_refund;log_audit_event;create_ticket
47,We should search the database for Charlie.,We should search the database for Charlie.,query_database,paraphrase_original,,47,,db_read,0,db_read,True,1,db_read;db_write;generate_report;quarantine_system;process_refund
47,We should search the database for Charlie.,we should search the database for charlie -- that's what needs to happen.,query_database,paraphrase_variant,,47,,db_read,0,db_read,True,1,db_read;db_write;generate_report;quarantine_system;process_refund
47,We should search the database for Charlie.,Would anyone be able to we should search the database for charlie?,query_database,paraphrase_variant,,47,,db_read,0,db_read,True,1,db_read;db_write;generate_report;scan_malware;log_audit_event
47,We should search the database for Charlie.,Kindly we should search the database for charlie.,query_database,paraphrase_variant,,47,,db_read,0,db_read,True,1,db_read;db_write;generate_report;log_audit_event;process_refund
47,We should search the database for Charlie.,Need you to we should search the database for charlie.,query_database,paraphrase_variant,,47,,db_read,0,db_read,True,1,db_read;db_write;generate_report;log_audit_event;process_refund
48,Let's look up the record for Charlie.,Let's look up the record for Charlie.,query_database,paraphrase_original,,48,,db_read,0,db_read,True,1,db_read;process_refund;generate_report;log_audit_event;db_write
48,Let's look up the record for Charlie.,What we need is for let's look up the record for charlie.,query_database,paraphrase_variant,,48,,db_read,0,generate_report,False,3,generate_report;create_ticket;db_read;process_refund;check_status
48,Let's look up the record for Charlie.,Quick one -- let's look up the record for charlie.,query_database,paraphrase_variant,,48,,db_read,0,generate_report,False,2,generate_report;db_read;process_refund;create_ticket;db_write
48,Let's look up the record for Charlie.,Would you mind let's look up the record for charlie.,query_database,paraphrase_variant,,48,,db_read,0,db_read,True,1,db_read;generate_report;process_refund;db_write;log_audit_event
48,Let's look up the record for Charlie.,Who can let's look up the record for charlie?,query_database,paraphrase_variant,,48,,db_read,0,db_read,True,1,db_read;generate_report;log_audit_event;process_refund;create_ticket
49,Let's retrieve the entry for #10234.,Let's retrieve the entry for #10234.,query_database,paraphrase_original,,49,,db_read,0,db_read,True,1,db_read;process_refund;generate_report;db_write;log_audit_event
49,Let's retrieve the entry for #10234.,Is it possible to let's retrieve the entry for #10234?,query_database,paraphrase_variant,,49,,db_read,0,db_read,True,1,db_read;process_refund;generate_report;log_audit_event;db_write
49,Let's retrieve the entry for #10234.,We request that you let's retrieve the entry for #10234.,query_database,paraphrase_variant,,49,,db_read,0,db_read,True,1,db_read;generate_report;process_refund;log_audit_event;create_ticket
49,Let's retrieve the entry for #10234.,The situation requires let's retrieve the entry for #10234.,query_database,paraphrase_variant,,49,,db_read,0,process_refund,False,3,process_refund;generate_report;db_read;create_ticket;log_audit_event
49,Let's retrieve the entry for #10234.,Need you to let's retrieve the entry for #10234.,query_database,paraphrase_variant,,49,,db_read,0,db_read,True,1,db_read;generate_report;process_refund;db_write;log_audit_event
51,Let's pull the details associated with #42017.,Let's pull the details associated with #42017.,query_database,paraphrase_original,,51,,db_read,0,generate_report,False,6,generate_report;process_refund;provision_vm;send_notification;create_ticket
51,Let's pull the details associated with #42017.,Please let's pull the details associated with #42017.,query_database,paraphrase_variant,,51,,db_read,0,process_refund,False,8,process_refund;generate_report;provision_vm;send_notification;create_ticket
51,Let's pull the details associated with #42017.,Could someone let's pull the details associated with #42017?,query_database,paraphrase_variant,,51,,db_read,0,process_refund,False,6,process_refund;generate_report;send_notification;provision_vm;create_ticket
51,Let's pull the details associated with #42017.,"Yo, let's pull the details associated with #42017.",query_database,paraphrase_variant,,51,,db_read,0,generate_report,False,8,generate_report;process_refund;provision_vm;send_notification;create_ticket
51,Let's pull the details associated with #42017.,The situation requires let's pull the details associated with #42017.,query_database,paraphrase_variant,,51,,db_read,0,generate_report,False,13,generate_report;create_ticket;process_refund;send_notification;provision_vm
53,Let's search for transaction #10234 in the database.,Let's search for transaction #10234 in the database.,query_database,paraphrase_original,,53,,db_read,0,db_read,True,1,db_read;db_write;log_audit_event;generate_report;process_refund
53,Let's search for transaction #10234 in the database.,Could someone let's search for transaction #10234 in the database?,query_database,paraphrase_variant,,53,,db_read,0,db_read,True,1,db_read;log_audit_event;db_write;generate_report;check_status
53,Let's search for transaction #10234 in the database.,Could you please let's search for transaction #10234 in the database.,query_database,paraphrase_variant,,53,,db_read,0,db_read,True,1,db_read;db_write;log_audit_event;generate_report;process_refund
53,Let's search for transaction #10234 in the database.,Quick one -- let's search for transaction #10234 in the database.,query_database,paraphrase_variant,,53,,db_read,0,db_read,True,1,db_read;db_write;log_audit_event;generate_report;process_refund
53,Let's search for transaction #10234 in the database.,let's search for transaction #10234 in the database -- that's what needs to happen.,query_database,paraphrase_variant,,53,,db_read,0,db_read,True,1,db_read;db_write;generate_report;log_audit_event;process_refund
56,Kindly look up the record for #31450.,Kindly look up the record for #31450.,query_database,paraphrase_original,,56,,db_read,0,db_read,True,1,db_read;generate_report;log_audit_event;process_refund;db_write
56,Kindly look up the record for #31450.,"Yo, look up the record for #31450.",query_database,paraphrase_variant,,56,,db_read,0,db_read,True,1,db_read;generate_report;db_write;process_refund;log_audit_event
56,Kindly look up the record for #31450.,look up the record for #31450 -- that's what needs to happen.,query_database,paraphrase_variant,,56,,db_read,0,generate_report,False,5,generate_report;create_ticket;process_refund;db_write;db_read
56,Kindly look up the record for #31450.,Who can look up the record for #31450?,query_database,paraphrase_variant,,56,,db_read,0,db_read,True,1,db_read;generate_report;log_audit_event;db_write;process_refund
56,Kindly look up the record for #31450.,Would you mind look up the record for #31450.,query_database,paraphrase_variant,,56,,db_read,0,db_read,True,1,db_read;db_write;generate_report;process_refund;log_audit_event
62,Kindly bring up the database entry for #53698.,Kindly bring up the database entry for #53698.,query_database,paraphrase_original,,62,,db_read,0,db_read,True,1,db_read;db_write;generate_report;log_audit_event;process_refund
62,Kindly bring up the database entry for #53698.,Gonna need you to bring up the database entry for #53698.,query_database,paraphrase_variant,,62,,db_read,0,db_read,True,1,db_read;db_write;generate_report;log_audit_event;process_refund
62,Kindly bring up the database entry for #53698.,We request that you bring up the database entry for #53698.,query_database,paraphrase_variant,,62,,db_read,0,db_read,True,1,db_read;db_write;generate_report;log_audit_event;process_refund
62,Kindly bring up the database entry for #53698.,bring up the database entry for #53698 -- that's what needs to happen.,query_database,paraphrase_variant,,62,,db_read,0,db_write,False,2,db_write;db_read;generate_report;process_refund;provision_vm
62,Kindly bring up the database entry for #53698.,Would anyone be able to bring up the database entry for #53698?,query_database,paraphrase_variant,,62,,db_read,0,db_read,True,1,db_read;db_write;generate_report;log_audit_event;process_refund
67,save the latest data for Bob to the database.,save the latest data for Bob to the database.,update_database,paraphrase_original,,67,,db_write,1,db_read,False,2,db_read;db_write;generate_report;process_refund;provision_vm
67,save the latest data for Bob to the database.,Would anyone be able to save the latest data for bob to the database?,update_database,paraphrase_variant,,67,,db_write,1,db_read,False,2,db_read;db_write;generate_report;process_refund;provision_vm
67,save the latest data for Bob to the database.,It would help if save the latest data for bob to the database.,update_database,paraphrase_variant,,67,,db_write,1,db_read,False,2,db_read;db_write;generate_report;process_refund;provision_vm
67,save the latest data for Bob to the database.,We request that you save the latest data for bob to the database.,update_database,paraphrase_variant,,67,,db_write,1,db_read,False,2,db_read;db_write;generate_report;process_refund;provision_vm
67,save the latest data for Bob to the database.,Do me a favor and save the latest data for bob to the database.,update_database,paraphrase_variant,,67,,db_write,1,db_write,True,1,db_write;db_read;generate_report;process_refund;provision_vm
70,commit the new record for Alice to the database.,commit the new record for Alice to the database.,update_database,paraphrase_original,,70,,db_write,1,db_write,True,1,db_write;db_read;generate_report;create_ticket;process_refund
70,commit the new record for Alice to the database.,commit the new record for alice to the database -- that's what needs to happen.,update_database,paraphrase_variant,,70,,db_write,1,db_write,True,1,db_write;generate_report;db_read;create_ticket;process_refund
70,commit the new record for Alice to the database.,"Hey, can you commit the new record for alice to the database.",update_database,paraphrase_variant,,70,,db_write,1,db_write,True,1,db_write;db_read;generate_report;create_ticket;process_refund
70,commit the new record for Alice to the database.,Would you mind commit the new record for alice to the database.,update_database,paraphrase_variant,,70,,db_write,1,db_write,True,1,db_write;db_read;generate_report;create_ticket;process_refund
70,commit the new record for Alice to the database.,Would anyone be able to commit the new record for alice to the database?,update_database,paraphrase_variant,,70,,db_write,1,db_write,True,1,db_write;generate_report;db_read;create_ticket;log_audit_event
77,Please persist the changes for Frank.,Please persist the changes for Frank.,update_database,paraphrase_original,,77,,db_write,1,provision_vm,False,3,provision_vm;update_subscription;db_write;process_refund;create_ticket
77,Please persist the changes for Frank.,I'd appreciate it if you could persist the changes for frank.,update_database,paraphrase_variant,,77,,db_write,1,provision_vm,False,2,provision_vm;db_write;update_subscription;create_ticket;process_refund
77,Please persist the changes for Frank.,Who can persist the changes for frank?,update_database,paraphrase_variant,,77,,db_write,1,provision_vm,False,7,provision_vm;update_subscription;create_ticket;escalate_to_human;process_refund
77,Please persist the changes for Frank.,"Yo, persist the changes for frank.",update_database,paraphrase_variant,,77,,db_write,1,provision_vm,False,3,provision_vm;update_subscription;db_write;process_refund;create_ticket
77,Please persist the changes for Frank.,The situation requires persist the changes for frank.,update_database,paraphrase_variant,,77,,db_write,1,provision_vm,False,5,provision_vm;update_subscription;process_refund;create_ticket;db_write
78,Please commit the new record for Grace to the database.,Please commit the new record for Grace to the database.,update_database,paraphrase_original,,78,,db_write,1,db_write,True,1,db_write;db_read;generate_report;log_audit_event;process_refund
78,Please commit the new record for Grace to the database.,Who can commit the new record for grace to the database?,update_database,paraphrase_variant,,78,,db_write,1,db_write,True,1,db_write;db_read;log_audit_event;generate_report;reset_password
78,Please commit the new record for Grace to the database.,Need you to commit the new record for grace to the database.,update_database,paraphrase_variant,,78,,db_write,1,db_write,True,1,db_write;db_read;generate_report;log_audit_event;create_ticket
78,Please commit the new record for Grace to the database.,We request that you commit the new record for grace to the database.,update_database,paraphrase_variant,,78,,db_write,1,db_write,True,1,db_write;db_read;generate_report;log_audit_event;create_ticket
78,Please commit the new record for Grace to the database.,commit the new record for grace to the database -- that's what needs to happen.,update_database,paraphrase_variant,,78,,db_write,1,db_write,True,1,db_write;db_read;generate_report;log_audit_event;process_refund
82,Please apply the database update for Finance.,Please apply the database update for Finance.,update_database,paraphrase_original,,82,,db_write,1,db_write,True,1,db_write;db_read;generate_report;process_refund;log_audit_event
82,Please apply the database update for Finance.,Is it possible to apply the database update for finance?,update_database,paraphrase_variant,,82,,db_write,1,db_write,True,1,db_write;db_read;generate_report;process_refund;reset_password
82,Please apply the database update for Finance.,Kindly apply the database update for finance.,update_database,paraphrase_variant,,82,,db_write,1,db_write,True,1,db_write;db_read;generate_report;process_refund;log_audit_event
82,Please apply the database update for Finance.,What we need is for apply the database update for finance.,update_database,paraphrase_variant,,82,,db_write,1,db_write,True,1,db_write;db_read;generate_report;log_audit_event;process_refund
82,Please apply the database update for Finance.,Need you to apply the database update for finance.,update_database,paraphrase_variant,,82,,db_write,1,db_write,True,1,db_write;db_read;generate_report;process_refund;log_audit_event
85,Can you persist the database update for #53698?,Can you persist the database update for #53698?,update_database,paraphrase_original,,85,,db_write,1,db_write,True,1,db_write;db_read;generate_report;process_refund;provision_vm
85,Can you persist the database update for #53698?,Would anyone be able to persist the database update for #53698?,update_database,paraphrase_variant,,85,,db_write,1,db_write,True,1,db_write;db_read;generate_report;process_refund;provision_vm
85,Can you persist the database update for #53698?,persist the database update for #53698 -- that's what needs to happen.,update_database,paraphrase_variant,,85,,db_write,1,db_write,True,1,db_write;db_read;generate_report;process_refund;provision_vm
85,Can you persist the database update for #53698?,Would you mind persist the database update for #53698.,update_database,paraphrase_variant,,85,,db_write,1,db_write,True,1,db_write;db_read;generate_report;process_refund;provision_vm
85,Can you persist the database update for #53698?,Gonna need you to persist the database update for #53698.,update_database,paraphrase_variant,,85,,db_write,1,db_write,True,1,db_write;db_read;generate_report;process_refund;provision_vm
91,Could you store the Finance configuration in the database for me?,Could you store the Finance configuration in the database for me?,update_database,paraphrase_original,,91,,db_write,1,db_write,True,1,db_write;db_read;generate_report;process_refund;update_subscription
91,Could you store the Finance configuration in the database for me?,store the finance configuration in the database for me -- that's what needs to happen.,update_database,paraphrase_variant,,91,,db_write,1,db_write,True,1,db_write;db_read;generate_report;process_refund;provision_vm
91,Could you store the Finance configuration in the database for me?,Could someone store the finance configuration in the database for me?,update_database,paraphrase_variant,,91,,db_write,1,db_write,True,1,db_write;db_read;generate_report;process_refund;reset_password
91,Could you store the Finance configuration in the database for me?,"Hey, can you store the finance configuration in the database for me.",update_database,paraphrase_variant,,91,,db_write,1,db_write,True,1,db_write;db_read;generate_report;process_refund;reset_password
91,Could you store the Finance configuration in the database for me?,Please store the finance configuration in the database for me.,update_database,paraphrase_variant,,91,,db_write,1,db_write,True,1,db_write;db_read;generate_report;process_refund;update_subscription
94,Could you commit the new record for Charlie to the database for me?,Could you commit the new record for Charlie to the database for me?,update_database,paraphrase_original,,94,,db_write,1,db_write,True,1,db_write;db_read;generate_report;create_ticket;provision_vm
94,Could you commit the new record for Charlie to the database for me?,I'd appreciate it if you could commit the new record for charlie to the database for me.,update_database,paraphrase_variant,,94,,db_write,1,db_write,True,1,db_write;db_read;generate_report;create_ticket;process_refund
94,Could you commit the new record for Charlie to the database for me?,Would anyone be able to commit the new record for charlie to the database for me?,update_database,paraphrase_variant,,94,,db_write,1,db_write,True,1,db_write;db_read;generate_report;create_ticket;process_refund
94,Could you commit the new record for Charlie to the database for me?,Gonna need you to commit the new record for charlie to the database for me.,update_database,paraphrase_variant,,94,,db_write,1,db_write,True,1,db_write;db_read;generate_report;create_ticket;process_refund
94,Could you commit the new record for Charlie to the database for me?,It would help if commit the new record for charlie to the database for me.,update_database,paraphrase_variant,,94,,db_write,1,db_write,True,1,db_write;db_read;generate_report;create_ticket;process_refund
96,Could you store the revised data tied to #60122 for me?,Could you store the revised data tied to #60122 for me?,update_database,paraphrase_original,,96,,db_write,1,db_write,True,1,db_write;db_read;generate_report;process_refund;log_audit_event
96,Could you store the revised data tied to #60122 for me?,Could someone store the revised data tied to #60122 for me?,update_database,paraphrase_variant,,96,,db_write,1,db_write,True,1,db_write;db_read;generate_report;process_refund;log_audit_event
96,Could you store the revised data tied to #60122 for me?,It would help if store the revised data tied to #60122 for me.,update_database,paraphrase_variant,,96,,db_write,1,db_write,True,1,db_write;db_read;generate_report;process_refund;create_ticket
96,Could you store the revised data tied to #60122 for me?,"Yo, store the revised data tied to #60122 for me.",update_database,paraphrase_variant,,96,,db_write,1,db_write,True,1,db_write;db_read;generate_report;process_refund;create_ticket
96,Could you store the revised data tied to #60122 for me?,Please store the revised data tied to #60122 for me.,update_database,paraphrase_variant,,96,,db_write,1,db_write,True,1,db_write;db_read;generate_report;process_refund;provision_vm
104,I need you to store the revised details for Alice.,I need you to store the revised details for Alice.,update_database,paraphrase_original,,104,,db_write,1,db_write,True,1,db_write;generate_report;db_read;process_refund;log_audit_event
104,I need you to store the revised details for Alice.,It would help if store the revised details for alice.,update_database,paraphrase_variant,,104,,db_write,1,db_write,True,1,db_write;generate_report;db_read;process_refund;create_ticket
104,I need you to store the revised details for Alice.,"Hey, can you store the revised details for alice.",update_database,paraphrase_variant,,104,,db_write,1,db_write,True,1,db_write;generate_report;process_refund;db_read;log_audit_event
104,I need you to store the revised details for Alice.,I'd appreciate it if you could store the revised details for alice.,update_database,paraphrase_variant,,104,,db_write,1,db_write,True,1,db_write;generate_report;db_read;log_audit_event;process_refund
104,I need you to store the revised details for Alice.,Could someone store the revised details for alice?,update_database,paraphrase_variant,,104,,db_write,1,db_write,True,1,db_write;db_read;generate_report;log_audit_event;process_refund
107,We should save the latest data for Diana to the database.,We should save the latest data for Diana to the database.,update_database,paraphrase_original,,107,,db_write,1,db_write,True,1,db_write;db_read;generate_report;provision_vm;log_audit_event
107,We should save the latest data for Diana to the database.,The situation requires we should save the latest data for diana to the database.,update_database,paraphrase_variant,,107,,db_write,1,db_write,True,1,db_write;db_read;generate_report;provision_vm;process_refund
107,We should save the latest data for Diana to the database.,Do me a favor and we should save the latest data for diana to the database.,update_database,paraphrase_variant,,107,,db_write,1,db_write,True,1,db_write;db_read;generate_report;provision_vm;log_audit_event
107,We should save the latest data for Diana to the database.,I'd appreciate it if you could we should save the latest data for diana to the database.,update_database,paraphrase_variant,,107,,db_write,1,db_write,True,1,db_write;db_read;generate_report;log_audit_event;provision_vm
107,We should save the latest data for Diana to the database.,Is it possible to we should save the latest data for diana to the database?,update_database,paraphrase_variant,,107,,db_write,1,db_write,True,1,db_write;db_read;generate_report;log_audit_event;provision_vm
110,We should commit the new record for Bob to the database.,We should commit the new record for Bob to the database.,update_database,paraphrase_original,,110,,db_write,1,db_write,True,1,db_write;generate_report;db_read;create_ticket;provision_vm
110,We should commit the new record for Bob to the database.,Please we should commit the new record for bob to the database.,update_database,paraphrase_variant,,110,,db_write,1,db_write,True,1,db_write;generate_report;db_read;create_ticket;provision_vm
110,We should commit the new record for Bob to the database.,The situation requires we should commit the new record for bob to the database.,update_database,paraphrase_variant,,110,,db_write,1,db_write,True,1,db_write;generate_report;db_read;create_ticket;process_refund
110,We should commit the new record for Bob to the database.,Is it possible to we should commit the new record for bob to the database?,update_database,paraphrase_variant,,110,,db_write,1,db_write,True,1,db_write;db_read;generate_report;create_ticket;provision_vm
110,We should commit the new record for Bob to the database.,"Yo, we should commit the new record for bob to the database.",update_database,paraphrase_variant,,110,,db_write,1,db_write,True,1,db_write;generate_report;db_read;provision_vm;create_ticket
112,We should store the revised details for Frank.,We should store the revised details for Frank.,update_database,paraphrase_original,,112,,db_write,1,db_write,True,1,db_write;generate_report;update_subscription;process_refund;create_ticket
112,We should store the revised details for Frank.,Could you please we should store the revised details for frank.,update_database,paraphrase_variant,,112,,db_write,1,db_write,True,1,db_write;generate_report;create_ticket;provision_vm;process_refund
112,We should store the revised details for Frank.,The situation requires we should store the revised details for frank.,update_database,paraphrase_variant,,112,,db_write,1,db_write,True,1,db_write;create_ticket;generate_report;process_refund;provision_vm
112,We should store the revised details for Frank.,Would anyone be able to we should store the revised details for frank?,update_database,paraphrase_variant,,112,,db_write,1,db_write,True,1,db_write;generate_report;create_ticket;update_subscription;process_refund
112,We should store the revised details for Frank.,"Yo, we should store the revised details for frank.",update_database,paraphrase_variant,,112,,db_write,1,db_write,True,1,db_write;generate_report;provision_vm;update_subscription;create_ticket
115,Let's save the latest data for Frank to the database.,Let's save the latest data for Frank to the database.,update_database,paraphrase_original,,115,,db_write,1,db_write,True,1,db_write;db_read;generate_report;provision_vm;process_refund
115,Let's save the latest data for Frank to the database.,Is it possible to let's save the latest data for frank to the database?,update_database,paraphrase_variant,,115,,db_write,1,db_write,True,1,db_write;db_read;generate_report;provision_vm;process_refund
115,Let's save the latest data for Frank to the database.,I'd appreciate it if you could let's save the latest data for frank to the database.,update_database,paraphrase_variant,,115,,db_write,1,db_write,True,1,db_write;db_read;generate_report;provision_vm;create_ticket
115,Let's save the latest data for Frank to the database.,The situation requires let's save the latest data for frank to the database.,update_database,paraphrase_variant,,115,,db_write,1,db_write,True,1,db_write;db_read;generate_report;provision_vm;create_ticket
115,Let's save the latest data for Frank to the database.,Quick one -- let's save the latest data for frank to the database.,update_database,paraphrase_variant,,115,,db_write,1,db_write,True,1,db_write;db_read;generate_report;provision_vm;process_refund
118,Let's commit the Legal configuration update.,Let's commit the Legal configuration update.,update_database,paraphrase_original,,118,,db_write,1,process_refund,False,10,process_refund;provision_vm;create_ticket;update_subscription;generate_report
118,Let's commit the Legal configuration update.,Would anyone be able to let's commit the legal configuration update?,update_database,paraphrase_variant,,118,,db_write,1,create_ticket,False,11,create_ticket;provision_vm;process_refund;update_subscription;generate_report
118,Let's commit the Legal configuration update.,The situation requires let's commit the legal configuration update.,update_database,paraphrase_variant,,118,,db_write,1,create_ticket,False,12,create_ticket;process_refund;provision_vm;escalate_to_human;update_subscription
118,Let's commit the Legal configuration update.,Please let's commit the legal configuration update.,update_database,paraphrase_variant,,118,,db_write,1,process_refund,False,10,process_refund;provision_vm;create_ticket;update_subscription;generate_report
118,Let's commit the Legal configuration update.,Do me a favor and let's commit the legal configuration update.,update_database,paraphrase_variant,,118,,db_write,1,provision_vm,False,11,provision_vm;process_refund;create_ticket;update_subscription;generate_report
129,Kindly push Diana's data update into the database.,Kindly push Diana's data update into the database.,update_database,paraphrase_original,,129,,db_write,1,db_write,True,1,db_write;db_read;generate_report;provision_vm;create_ticket
129,Kindly push Diana's data update into the database.,Quick one -- push diana's data update into the database.,update_database,paraphrase_variant,,129,,db_write,1,db_write,True,1,db_write;db_read;generate_report;provision_vm;create_ticket
129,Kindly push Diana's data update into the database.,The situation requires push diana's data update into the database.,update_database,paraphrase_variant,,129,,db_write,1,db_write,True,1,db_write;db_read;generate_report;provision_vm;create_ticket
129,Kindly push Diana's data update into the database.,Could someone push diana's data update into the database?,update_database,paraphrase_variant,,129,,db_write,1,db_write,True,1,db_write;db_read;generate_report;provision_vm;create_ticket
129,Kindly push Diana's data update into the database.,We request that you push diana's data update into the database.,update_database,paraphrase_variant,,129,,db_write,1,db_write,True,1,db_write;db_read;generate_report;provision_vm;create_ticket
130,Kindly apply the database update for HR.,Kindly apply the database update for HR.,update_database,paraphrase_original,,130,,db_write,1,db_write,True,1,db_write;db_read;generate_report;process_refund;log_audit_event
130,Kindly apply the database update for HR.,Would anyone be able to apply the database update for hr?,update_database,paraphrase_variant,,130,,db_write,1,db_write,True,1,db_write;db_read;generate_report;log_audit_event;process_refund
130,Kindly apply the database update for HR.,Please apply the database update for hr.,update_database,paraphrase_variant,,130,,db_write,1,db_write,True,1,db_write;db_read;generate_report;process_refund;log_audit_event
130,Kindly apply the database update for HR.,Need you to apply the database update for hr.,update_database,paraphrase_variant,,130,,db_write,1,db_write,True,1,db_write;db_read;generate_report;process_refund;provision_vm
130,Kindly apply the database update for HR.,It would help if apply the database update for hr.,update_database,paraphrase_variant,,130,,db_write,1,db_write,True,1,db_write;db_read;generate_report;process_refund;log_audit_event
132,"When you have a moment, write the updated data for #31450 back to the database.","When you have a moment, write the updated data for #31450 back to the database.",update_database,paraphrase_original,,132,,db_write,1,db_write,True,1,db_write;db_read;generate_report;process_refund;provision_vm
132,"When you have a moment, write the updated data for #31450 back to the database.","Hey, can you when you have a moment, write the updated data for #31450 back to the database.",update_database,paraphrase_variant,,132,,db_write,1,db_write,True,1,db_write;db_read;generate_report;process_refund;provision_vm
132,"When you have a moment, write the updated data for #31450 back to the database.","We request that you when you have a moment, write the updated data for #31450 back to the database.",update_database,paraphrase_variant,,132,,db_write,1,db_write,True,1,db_write;db_read;generate_report;process_refund;provision_vm
132,"When you have a moment, write the updated data for #31450 back to the database.","What we need is for when you have a moment, write the updated data for #31450 back to the database.",update_database,paraphrase_variant,,132,,db_write,1,db_write,True,1,db_write;db_read;generate_report;process_refund;provision_vm
132,"When you have a moment, write the updated data for #31450 back to the database.","Who can when you have a moment, write the updated data for #31450 back to the database?",update_database,paraphrase_variant,,132,,db_write,1,db_write,True,1,db_write;db_read;generate_report;process_refund;log_audit_event
134,reset Bob's password.,reset Bob's password.,reset_password,paraphrase_original,,134,,reset_password,2,reset_password,True,1,reset_password;process_refund;restart_service;quarantine_system;update_subscription
134,reset Bob's password.,reset bob's password -- that's what needs to happen.,reset_password,paraphrase_variant,,134,,reset_password,2,reset_password,True,1,reset_password;process_refund;quarantine_system;provision_vm;log_audit_event
134,reset Bob's password.,"Hey, can you reset bob's password.",reset_password,paraphrase_variant,,134,,reset_password,2,reset_password,True,1,reset_password;process_refund;quarantine_system;log_audit_event;update_subscription
134,reset Bob's password.,Could you please reset bob's password.,reset_password,paraphrase_variant,,134,,reset_password,2,reset_password,True,1,reset_password;process_refund;log_audit_event;quarantine_system;db_write
134,reset Bob's password.,Who can reset bob's password?,reset_password,paraphrase_variant,,134,,reset_password,2,reset_password,True,1,reset_password;process_refund;log_audit_event;quarantine_system;update_subscription
140,trigger a credential reset for Alice.,trigger a credential reset for Alice.,reset_password,paraphrase_original,,140,,reset_password,2,reset_password,True,1,reset_password;process_refund;update_subscription;restart_service;escalate_to_human
140,trigger a credential reset for Alice.,The situation requires trigger a credential reset for alice.,reset_password,paraphrase_variant,,140,,reset_password,2,reset_password,True,1,reset_password;process_refund;escalate_to_human;provision_vm;log_audit_event
140,trigger a credential reset for Alice.,Could someone trigger a credential reset for alice?,reset_password,paraphrase_variant,,140,,reset_password,2,reset_password,True,1,reset_password;process_refund;log_audit_event;escalate_to_human;update_subscription
140,trigger a credential reset for Alice.,Could you please trigger a credential reset for alice.,reset_password,paraphrase_variant,,140,,reset_password,2,reset_password,True,1,reset_password;process_refund;log_audit_event;provision_vm;escalate_to_human
140,trigger a credential reset for Alice.,Need you to trigger a credential reset for alice.,reset_password,paraphrase_variant,,140,,reset_password,2,reset_password,True,1,reset_password;process_refund;log_audit_event;provision_vm;db_write
149,Please invalidate the old password and create a new one for Diana.,Please invalidate the old password and create a new one for Diana.,reset_password,paraphrase_original,,149,,reset_password,2,reset_password,True,1,reset_password;db_write;provision_vm;process_refund;log_audit_event
149,Please invalidate the old password and create a new one for Diana.,"Hey, can you invalidate the old password and create a new one for diana.",reset_password,paraphrase_variant,,149,,reset_password,2,reset_password,True,1,reset_password;db_write;provision_vm;process_refund;generate_report
149,Please invalidate the old password and create a new one for Diana.,invalidate the old password and create a new one for diana -- that's what needs to happen.,reset_password,paraphrase_variant,,149,,reset_password,2,reset_password,True,1,reset_password;db_write;process_refund;provision_vm;log_audit_event
149,Please invalidate the old password and create a new one for Diana.,Is it possible to invalidate the old password and create a new one for diana?,reset_password,paraphrase_variant,,149,,reset_password,2,reset_password,True,1,reset_password;db_write;log_audit_event;process_refund;provision_vm
149,Please invalidate the old password and create a new one for Diana.,Kindly invalidate the old password and create a new one for diana.,reset_password,paraphrase_variant,,149,,reset_password,2,reset_password,True,1,reset_password;db_write;process_refund;provision_vm;log_audit_event
167,I need you to issue a new password for Charlie.,I need you to issue a new password for Charlie.,reset_password,paraphrase_original,,167,,reset_password,2,reset_password,True,1,reset_password;process_refund;provision_vm;log_audit_event;quarantine_system
167,I need you to issue a new password for Charlie.,Who can issue a new password for charlie?,reset_password,paraphrase_variant,,167,,reset_password,2,reset_password,True,1,reset_password;log_audit_event;process_refund;scan_malware;create_ticket
167,I need you to issue a new password for Charlie.,I'd appreciate it if you could issue a new password for charlie.,reset_password,paraphrase_variant,,167,,reset_password,2,reset_password,True,1,reset_password;log_audit_event;process_refund;generate_report;provision_vm
167,I need you to issue a new password for Charlie.,The situation requires issue a new password for charlie.,reset_password,paraphrase_variant,,167,,reset_password,2,reset_password,True,1,reset_password;process_refund;quarantine_system;log_audit_event;create_ticket
167,I need you to issue a new password for Charlie.,Need you to issue a new password for charlie.,reset_password,paraphrase_variant,,167,,reset_password,2,reset_password,True,1,reset_password;process_refund;provision_vm;log_audit_event;quarantine_system
168,I need you to force a password reset for Diana.,I need you to force a password reset for Diana.,reset_password,paraphrase_original,,168,,reset_password,2,reset_password,True,1,reset_password;db_write;process_refund;log_audit_event;provision_vm
168,I need you to force a password reset for Diana.,I'd appreciate it if you could force a password reset for diana.,reset_password,paraphrase_variant,,168,,reset_password,2,reset_password,True,1,reset_password;db_write;log_audit_event;process_refund;provision_vm
168,I need you to force a password reset for Diana.,Who can force a password reset for diana?,reset_password,paraphrase_variant,,168,,reset_password,2,reset_password,True,1,reset_password;log_audit_event;process_refund;db_write;provision_vm
168,I need you to force a password reset for Diana.,force a password reset for diana -- that's what needs to happen.,reset_password,paraphrase_variant,,168,,reset_password,2,reset_password,True,1,reset_password;process_refund;quarantine_system;log_audit_event;provision_vm
168,I need you to force a password reset for Diana.,Gonna need you to force a password reset for diana.,reset_password,paraphrase_variant,,168,,reset_password,2,reset_password,True,1,reset_password;db_write;process_refund;provision_vm;log_audit_event
171,I need you to set a fresh password for Alice.,I need you to set a fresh password for Alice.,reset_password,paraphrase_original,,171,,reset_password,2,reset_password,True,1,reset_password;log_audit_event;process_refund;db_write;update_subscription
171,I need you to set a fresh password for Alice.,The situation requires set a fresh password for alice.,reset_password,paraphrase_variant,,171,,reset_password,2,reset_password,True,1,reset_password;process_refund;log_audit_event;escalate_to_human;update_subscription
171,I need you to set a fresh password for Alice.,Who can set a fresh password for alice?,reset_password,paraphrase_variant,,171,,reset_password,2,reset_password,True,1,reset_password;log_audit_event;process_refund;db_write;update_subscription
171,I need you to set a fresh password for Alice.,"Hey, can you set a fresh password for alice.",reset_password,paraphrase_variant,,171,,reset_password,2,reset_password,True,1,reset_password;log_audit_event;process_refund;db_write;update_subscription
171,I need you to set a fresh password for Alice.,Please set a fresh password for alice.,reset_password,paraphrase_variant,,171,,reset_password,2,reset_password,True,1,reset_password;log_audit_event;process_refund;update_subscription;db_write
174,We should reset Charlie's password.,We should reset Charlie's password.,reset_password,paraphrase_original,,174,,reset_password,2,reset_password,True,1,reset_password;quarantine_system;process_refund;scan_malware;provision_vm
174,We should reset Charlie's password.,What we need is for we should reset charlie's password.,reset_password,paraphrase_variant,,174,,reset_password,2,reset_password,True,1,reset_password;quarantine_system;process_refund;provision_vm;log_audit_event
174,We should reset Charlie's password.,Do me a favor and we should reset charlie's password.,reset_password,paraphrase_variant,,174,,reset_password,2,reset_password,True,1,reset_password;quarantine_system;scan_malware;process_refund;provision_vm
174,We should reset Charlie's password.,We request that you we should reset charlie's password.,reset_password,paraphrase_variant,,174,,reset_password,2,reset_password,True,1,reset_password;quarantine_system;process_refund;scan_malware;provision_vm
174,We should reset Charlie's password.,Could someone we should reset charlie's password?,reset_password,paraphrase_variant,,174,,reset_password,2,reset_password,True,1,reset_password;quarantine_system;scan_malware;log_audit_event;process_refund
175,We should issue a new password for Eve.,We should issue a new password for Eve.,reset_password,paraphrase_original,,175,,reset_password,2,reset_password,True,1,reset_password;provision_vm;log_audit_event;update_subscription;quarantine_system
175,We should issue a new password for Eve.,It would help if we should issue a new password for eve.,reset_password,paraphrase_variant,,175,,reset_password,2,reset_password,True,1,reset_password;provision_vm;log_audit_event;generate_report;quarantine_system
175,We should issue a new password for Eve.,I'd appreciate it if you could we should issue a new password for eve.,reset_password,paraphrase_variant,,175,,reset_password,2,reset_password,True,1,reset_password;log_audit_event;provision_vm;generate_report;scan_malware
175,We should issue a new password for Eve.,Who can we should issue a new password for eve?,reset_password,paraphrase_variant,,175,,reset_password,2,reset_password,True,1,reset_password;log_audit_event;provision_vm;escalate_to_human;create_ticket
175,We should issue a new password for Eve.,Need you to we should issue a new password for eve.,reset_password,paraphrase_variant,,175,,reset_password,2,reset_password,True,1,reset_password;log_audit_event;provision_vm;quarantine_system;scan_malware
176,We should force a password reset for Grace.,We should force a password reset for Grace.,reset_password,paraphrase_original,,176,,reset_password,2,reset_password,True,1,reset_password;log_audit_event;update_subscription;process_refund;quarantine_system
176,We should force a password reset for Grace.,Quick one -- we should force a password reset for grace.,reset_password,paraphrase_variant,,176,,reset_password,2,reset_password,True,1,reset_password;log_audit_event;process_refund;update_subscription;quarantine_system
176,We should force a password reset for Grace.,Would you mind we should force a password reset for grace.,reset_password,paraphrase_variant,,176,,reset_password,2,reset_password,True,1,reset_password;log_audit_event;update_subscription;process_refund;scan_malware
176,We should force a password reset for Grace.,What we need is for we should force a password reset for grace.,reset_password,paraphrase_variant,,176,,reset_password,2,reset_password,True,1,reset_password;log_audit_event;update_subscription;process_refund;quarantine_system
176,We should force a password reset for Grace.,Would anyone be able to we should force a password reset for grace?,reset_password,paraphrase_variant,,176,,reset_password,2,reset_password,True,1,reset_password;log_audit_event;update_subscription;scan_malware;process_refund
178,We should replace Eve's current password.,We should replace Eve's current password.,reset_password,paraphrase_original,,178,,reset_password,2,reset_password,True,1,reset_password;log_audit_event;update_subscription;provision_vm;quarantine_system
178,We should replace Eve's current password.,Could you please we should replace eve's current password.,reset_password,paraphrase_variant,,178,,reset_password,2,reset_password,True,1,reset_password;log_audit_event;update_subscription;scan_malware;provision_vm
178,We should replace Eve's current password.,It would help if we should replace eve's current password.,reset_password,paraphrase_variant,,178,,reset_password,2,reset_password,True,1,reset_password;log_audit_event;update_subscription;generate_report;provision_vm
178,We should replace Eve's current password.,Need you to we should replace eve's current password.,reset_password,paraphrase_variant,,178,,reset_password,2,reset_password,True,1,reset_password;log_audit_event;generate_report;update_subscription;db_write
178,We should replace Eve's current password.,Could someone we should replace eve's current password?,reset_password,paraphrase_variant,,178,,reset_password,2,reset_password,True,1,reset_password;log_audit_event;update_subscription;db_write;scan_malware
179,We should set a fresh password for Alice.,We should set a fresh password for Alice.,reset_password,paraphrase_original,,179,,reset_password,2,reset_password,True,1,reset_password;log_audit_event;process_refund;update_subscription;db_write
179,We should set a fresh password for Alice.,What we need is for we should set a fresh password for alice.,reset_password,paraphrase_variant,,179,,reset_password,2,reset_password,True,1,reset_password;log_audit_event;process_refund;update_subscription;db_write
179,We should set a fresh password for Alice.,Gonna need you to we should set a fresh password for alice.,reset_password,paraphrase_variant,,179,,reset_password,2,reset_password,True,1,reset_password;log_audit_event;process_refund;generate_report;db_write
179,We should set a fresh password for Alice.,Is it possible to we should set a fresh password for alice?,reset_password,paraphrase_variant,,179,,reset_password,2,reset_password,True,1,reset_password;log_audit_event;process_refund;update_subscription;db_write
179,We should set a fresh password for Alice.,Kindly we should set a fresh password for alice.,reset_password,paraphrase_variant,,179,,reset_password,2,reset_password,True,1,reset_password;log_audit_event;process_refund;update_subscription;escalate_to_human
181,We should invalidate the old password and create a new one for Frank.,We should invalidate the old password and create a new one for Frank.,reset_password,paraphrase_original,,181,,reset_password,2,reset_password,True,1,reset_password;provision_vm;update_subscription;process_refund;db_write
181,We should invalidate the old password and create a new one for Frank.,we should invalidate the old password and create a new one for frank -- that's what needs to happen.,reset_password,paraphrase_variant,,181,,reset_password,2,reset_password,True,1,reset_password;provision_vm;process_refund;update_subscription;quarantine_system
181,We should invalidate the old password and create a new one for Frank.,"Hey, can you we should invalidate the old password and create a new one for frank.",reset_password,paraphrase_variant,,181,,reset_password,2,reset_password,True,1,reset_password;provision_vm;update_subscription;process_refund;db_write
181,We should invalidate the old password and create a new one for Frank.,Would you mind we should invalidate the old password and create a new one for frank.,reset_password,paraphrase_variant,,181,,reset_password,2,reset_password,True,1,reset_password;provision_vm;update_subscription;process_refund;db_write
181,We should invalidate the old password and create a new one for Frank.,Who can we should invalidate the old password and create a new one for frank?,reset_password,paraphrase_variant,,181,,reset_password,2,reset_password,True,1,reset_password;provision_vm;process_refund;update_subscription;escalate_to_human
182,Let's reset Grace's password.,Let's reset Grace's password.,reset_password,paraphrase_original,,182,,reset_password,2,reset_password,True,1,reset_password;log_audit_event;update_subscription;process_refund;restart_service
182,Let's reset Grace's password.,Quick one -- let's reset grace's password.,reset_password,paraphrase_variant,,182,,reset_password,2,reset_password,True,1,reset_password;log_audit_event;process_refund;update_subscription;provision_vm
182,Let's reset Grace's password.,We request that you let's reset grace's password.,reset_password,paraphrase_variant,,182,,reset_password,2,reset_password,True,1,reset_password;log_audit_event;update_subscription;process_refund;provision_vm
182,Let's reset Grace's password.,Could someone let's reset grace's password?,reset_password,paraphrase_variant,,182,,reset_password,2,reset_password,True,1,reset_password;log_audit_event;update_subscription;process_refund;scan_malware
182,Let's reset Grace's password.,let's reset grace's password -- that's what needs to happen.,reset_password,paraphrase_variant,,182,,reset_password,2,reset_password,True,1,reset_password;log_audit_event;process_refund;update_subscription;quarantine_system
185,Let's rotate Bob's login credentials.,Let's rotate Bob's login credentials.,reset_password,paraphrase_original,,185,,reset_password,2,reset_password,True,1,reset_password;update_subscription;process_refund;quarantine_system;log_audit_event
185,Let's rotate Bob's login credentials.,Kindly let's rotate bob's login credentials.,reset_password,paraphrase_variant,,185,,reset_password,2,reset_password,True,1,reset_password;process_refund;update_subscription;quarantine_system;log_audit_event
185,Let's rotate Bob's login credentials.,The situation requires let's rotate bob's login credentials.,reset_password,paraphrase_variant,,185,,reset_password,2,reset_password,True,1,reset_password;process_refund;update_subscription;quarantine_system;log_audit_event
185,Let's rotate Bob's login credentials.,Gonna need you to let's rotate bob's login credentials.,reset_password,paraphrase_variant,,185,,reset_password,2,reset_password,True,1,reset_password;process_refund;update_subscription;quarantine_system;provision_vm
185,Let's rotate Bob's login credentials.,Could someone let's rotate bob's login credentials?,reset_password,paraphrase_variant,,185,,reset_password,2,reset_password,True,1,reset_password;update_subscription;process_refund;log_audit_event;quarantine_system
192,Kindly force a password reset for Eve.,Kindly force a password reset for Eve.,reset_password,paraphrase_original,,192,,reset_password,2,reset_password,True,1,reset_password;provision_vm;quarantine_system;log_audit_event;scan_malware
192,Kindly force a password reset for Eve.,What we need is for force a password reset for eve.,reset_password,paraphrase_variant,,192,,reset_password,2,reset_password,True,1,reset_password;provision_vm;log_audit_event;quarantine_system;update_subscription
192,Kindly force a password reset for Eve.,Who can force a password reset for eve?,reset_password,paraphrase_variant,,192,,reset_password,2,reset_password,True,1,reset_password;log_audit_event;provision_vm;update_subscription;quarantine_system
192,Kindly force a password reset for Eve.,Do me a favor and force a password reset for eve.,reset_password,paraphrase_variant,,192,,reset_password,2,reset_password,True,1,reset_password;provision_vm;log_audit_event;scan_malware;quarantine_system
192,Kindly force a password reset for Eve.,Kindly force a password reset for eve.,reset_password,paraphrase_variant,,192,,reset_password,2,reset_password,True,1,reset_password;provision_vm;quarantine_system;log_audit_event;scan_malware
194,Kindly replace Eve's current password.,Kindly replace Eve's current password.,reset_password,paraphrase_original,,194,,reset_password,2,reset_password,True,1,reset_password;log_audit_event;update_subscription;db_write;scan_malware
194,Kindly replace Eve's current password.,Could someone replace eve's current password?,reset_password,paraphrase_variant,,194,,reset_password,2,reset_password,True,1,reset_password;log_audit_event;update_subscription;db_write;process_refund
194,Kindly replace Eve's current password.,"Hey, can you replace eve's current password.",reset_password,paraphrase_variant,,194,,reset_password,2,reset_password,True,1,reset_password;log_audit_event;update_subscription;db_write;provision_vm
194,Kindly replace Eve's current password.,Please replace eve's current password.,reset_password,paraphrase_variant,,194,,reset_password,2,reset_password,True,1,reset_password;log_audit_event;update_subscription;provision_vm;db_write
194,Kindly replace Eve's current password.,The situation requires replace eve's current password.,reset_password,paraphrase_variant,,194,,reset_password,2,reset_password,True,1,reset_password;log_audit_event;provision_vm;update_subscription;quarantine_system
200,"When you have a moment, force a password reset for Grace.","When you have a moment, force a password reset for Grace.",reset_password,paraphrase_original,,200,,reset_password,2,reset_password,True,1,reset_password;log_audit_event;process_refund;restart_service;quarantine_system
200,"When you have a moment, force a password reset for Grace.","Is it possible to when you have a moment, force a password reset for grace?",reset_password,paraphrase_variant,,200,,reset_password,2,reset_password,True,1,reset_password;log_audit_event;process_refund;update_subscription;restart_service
200,"When you have a moment, force a password reset for Grace.","Quick one -- when you have a moment, force a password reset for grace.",reset_password,paraphrase_variant,,200,,reset_password,2,reset_password,True,1,reset_password;log_audit_event;process_refund;quarantine_system;restart_service
200,"When you have a moment, force a password reset for Grace.","We request that you when you have a moment, force a password reset for grace.",reset_password,paraphrase_variant,,200,,reset_password,2,reset_password,True,1,reset_password;log_audit_event;process_refund;quarantine_system;restart_service
200,"When you have a moment, force a password reset for Grace.","The situation requires when you have a moment, force a password reset for grace.",reset_password,paraphrase_variant,,200,,reset_password,2,reset_password,True,1,reset_password;log_audit_event;process_refund;quarantine_system;restart_service
201,open an incident ticket for payment-api-03.,open an incident ticket for payment-api-03.,create_ticket,paraphrase_original,,201,,create_ticket,3,create_ticket,True,1,create_ticket;log_audit_event;process_refund;generate_report;escalate_to_human
201,open an incident ticket for payment-api-03.,Could you please open an incident ticket for payment-api-03.,create_ticket,paraphrase_variant,,201,,create_ticket,3,log_audit_event,False,2,log_audit_event;create_ticket;process_refund;generate_report;escalate_to_human
201,open an incident ticket for payment-api-03.,The situation requires open an incident ticket for payment-api-03.,create_ticket,paraphrase_variant,,201,,create_ticket,3,create_ticket,True,1,create_ticket;log_audit_event;process_refund;generate_report;escalate_to_human
201,open an incident ticket for payment-api-03.,Could someone open an incident ticket for payment-api-03?,create_ticket,paraphrase_variant,,201,,create_ticket,3,log_audit_event,False,2,log_audit_event;create_ticket;process_refund;generate_report;escalate_to_human
201,open an incident ticket for payment-api-03.,"Hey, can you open an incident ticket for payment-api-03.",create_ticket,paraphrase_variant,,201,,create_ticket,3,log_audit_event,False,2,log_audit_event;create_ticket;process_refund;generate_report;scan_malware
204,log a helpdesk issue for Bob.,log a helpdesk issue for Bob.,create_ticket,paraphrase_original,,204,,create_ticket,3,create_ticket,True,1,create_ticket;log_audit_event;process_refund;escalate_to_human;generate_report
204,log a helpdesk issue for Bob.,"Hey, can you log a helpdesk issue for bob.",create_ticket,paraphrase_variant,,204,,create_ticket,3,create_ticket,True,1,create_ticket;log_audit_event;generate_report;process_refund;escalate_to_human
204,log a helpdesk issue for Bob.,Is it possible to log a helpdesk issue for bob?,create_ticket,paraphrase_variant,,204,,create_ticket,3,create_ticket,True,1,create_ticket;log_audit_event;generate_report;process_refund;escalate_to_human
204,log a helpdesk issue for Bob.,It would help if log a helpdesk issue for bob.,create_ticket,paraphrase_variant,,204,,create_ticket,3,create_ticket,True,1,create_ticket;log_audit_event;generate_report;process_refund;escalate_to_human
204,log a helpdesk issue for Bob.,Could you please log a helpdesk issue for bob.,create_ticket,paraphrase_variant,,204,,create_ticket,3,create_ticket,True,1,create_ticket;log_audit_event;process_refund;generate_report;escalate_to_human
207,open a service desk case for Alice.,open a service desk case for Alice.,create_ticket,paraphrase_original,,207,,create_ticket,3,escalate_to_human,False,2,escalate_to_human;create_ticket;send_notification;process_refund;provision_vm
207,open a service desk case for Alice.,Could you please open a service desk case for alice.,create_ticket,paraphrase_variant,,207,,create_ticket,3,escalate_to_human,False,2,escalate_to_human;create_ticket;send_notification;process_refund;generate_report
207,open a service desk case for Alice.,"Hey, can you open a service desk case for alice.",create_ticket,paraphrase_variant,,207,,create_ticket,3,escalate_to_human,False,2,escalate_to_human;create_ticket;provision_vm;process_refund;send_notification
207,open a service desk case for Alice.,The situation requires open a service desk case for alice.,create_ticket,paraphrase_variant,,207,,create_ticket,3,escalate_to_human,False,2,escalate_to_human;create_ticket;process_refund;send_notification;provision_vm
207,open a service desk case for Alice.,Who can open a service desk case for alice?,create_ticket,paraphrase_variant,,207,,create_ticket,3,escalate_to_human,False,2,escalate_to_human;create_ticket;process_refund;send_notification;log_audit_event
212,Please log an issue against staging-db-02.,Please log an issue against staging-db-02.,create_ticket,paraphrase_original,,212,,create_ticket,3,log_audit_event,False,2,log_audit_event;create_ticket;generate_report;db_write;db_read
212,Please log an issue against staging-db-02.,Could you please log an issue against staging-db-02.,create_ticket,paraphrase_variant,,212,,create_ticket,3,log_audit_event,False,2,log_audit_event;create_ticket;generate_report;db_write;db_read
212,Please log an issue against staging-db-02.,Quick one -- log an issue against staging-db-02.,create_ticket,paraphrase_variant,,212,,create_ticket,3,create_ticket,True,1,create_ticket;generate_report;log_audit_event;db_write;db_read
212,Please log an issue against staging-db-02.,Is it possible to log an issue against staging-db-02?,create_ticket,paraphrase_variant,,212,,create_ticket,3,log_audit_event,False,2,log_audit_event;create_ticket;generate_report;db_write;db_read
212,Please log an issue against staging-db-02.,What we need is for log an issue against staging-db-02.,create_ticket,paraphrase_variant,,212,,create_ticket,3,create_ticket,True,1,create_ticket;log_audit_event;generate_report;db_read;db_write
214,Please submit a ticket for Frank.,Please submit a ticket for Frank.,create_ticket,paraphrase_original,,214,,create_ticket,3,create_ticket,True,1,create_ticket;escalate_to_human;process_refund;generate_report;log_audit_event
214,Please submit a ticket for Frank.,"Hey, can you submit a ticket for frank.",create_ticket,paraphrase_variant,,214,,create_ticket,3,create_ticket,True,1,create_ticket;generate_report;log_audit_event;process_refund;escalate_to_human
214,Please submit a ticket for Frank.,I'd appreciate it if you could submit a ticket for frank.,create_ticket,paraphrase_variant,,214,,create_ticket,3,create_ticket,True,1,create_ticket;generate_report;log_audit_event;process_refund;provision_vm
214,Please submit a ticket for Frank.,Is it possible to submit a ticket for frank?,create_ticket,paraphrase_variant,,214,,create_ticket,3,create_ticket,True,1,create_ticket;log_audit_event;process_refund;escalate_to_human;generate_report
214,Please submit a ticket for Frank.,What we need is for submit a ticket for frank.,create_ticket,paraphrase_variant,,214,,create_ticket,3,create_ticket,True,1,create_ticket;generate_report;escalate_to_human;send_notification;provision_vm
221,Can you raise an incident for auth-svc-04?,Can you raise an incident for auth-svc-04?,create_ticket,paraphrase_original,,221,,create_ticket,3,log_audit_event,False,2,log_audit_event;create_ticket;reset_password;escalate_to_human;quarantine_system
221,Can you raise an incident for auth-svc-04?,raise an incident for auth-svc-04 -- that's what needs to happen.,create_ticket,paraphrase_variant,,221,,create_ticket,3,create_ticket,True,1,create_ticket;quarantine_system;log_audit_event;escalate_to_human;process_refund
221,Can you raise an incident for auth-svc-04?,We request that you raise an incident for auth-svc-04.,create_ticket,paraphrase_variant,,221,,create_ticket,3,log_audit_event,False,2,log_audit_event;create_ticket;quarantine_system;send_notification;process_refund
221,Can you raise an incident for auth-svc-04?,Gonna need you to raise an incident for auth-svc-04.,create_ticket,paraphrase_variant,,221,,create_ticket,3,create_ticket,True,1,create_ticket;log_audit_event;escalate_to_human;quarantine_system;reset_password
221,Can you raise an incident for auth-svc-04?,Who can raise an incident for auth-svc-04?,create_ticket,paraphrase_variant,,221,,create_ticket,3,log_audit_event,False,3,log_audit_event;escalate_to_human;create_ticket;reset_password;quarantine_system
224,Can you create a support issue for Finance?,Can you create a support issue for Finance?,create_ticket,paraphrase_original,,224,,create_ticket,3,create_ticket,True,1,create_ticket;generate_report;process_refund;log_audit_event;provision_vm
224,Can you create a support issue for Finance?,Is it possible to create a support issue for finance?,create_ticket,paraphrase_variant,,224,,create_ticket,3,create_ticket,True,1,create_ticket;escalate_to_human;generate_report;process_refund;log_audit_event
224,Can you create a support issue for Finance?,What we need is for create a support issue for finance.,create_ticket,paraphrase_variant,,224,,create_ticket,3,create_ticket,True,1,create_ticket;generate_report;process_refund;provision_vm;escalate_to_human
224,Can you create a support issue for Finance?,Please create a support issue for finance.,create_ticket,paraphrase_variant,,224,,create_ticket,3,create_ticket,True,1,create_ticket;generate_report;process_refund;provision_vm;log_audit_event
224,Can you create a support issue for Finance?,"Yo, create a support issue for finance.",create_ticket,paraphrase_variant,,224,,create_ticket,3,create_ticket,True,1,create_ticket;process_refund;provision_vm;generate_report;escalate_to_human
225,Could you open an incident ticket for cdn-edge-06 for me?,Could you open an incident ticket for cdn-edge-06 for me?,create_ticket,paraphrase_original,,225,,create_ticket,3,create_ticket,True,1,create_ticket;log_audit_event;generate_report;process_refund;escalate_to_human
225,Could you open an incident ticket for cdn-edge-06 for me?,Quick one -- open an incident ticket for cdn-edge-06 for me.,create_ticket,paraphrase_variant,,225,,create_ticket,3,create_ticket,True,1,create_ticket;process_refund;log_audit_event;generate_report;escalate_to_human
225,Could you open an incident ticket for cdn-edge-06 for me?,Would anyone be able to open an incident ticket for cdn-edge-06 for me?,create_ticket,paraphrase_variant,,225,,create_ticket,3,create_ticket,True,1,create_ticket;log_audit_event;generate_report;process_refund;escalate_to_human
225,Could you open an incident ticket for cdn-edge-06 for me?,It would help if open an incident ticket for cdn-edge-06 for me.,create_ticket,paraphrase_variant,,225,,create_ticket,3,create_ticket,True,1,create_ticket;log_audit_event;generate_report;process_refund;escalate_to_human
225,Could you open an incident ticket for cdn-edge-06 for me?,Kindly open an incident ticket for cdn-edge-06 for me.,create_ticket,paraphrase_variant,,225,,create_ticket,3,create_ticket,True,1,create_ticket;log_audit_event;process_refund;escalate_to_human;generate_report
227,Could you create an incident ticket for Diana for me?,Could you create an incident ticket for Diana for me?,create_ticket,paraphrase_original,,227,,create_ticket,3,create_ticket,True,1,create_ticket;log_audit_event;generate_report;escalate_to_human;process_refund
227,Could you create an incident ticket for Diana for me?,What we need is for create an incident ticket for diana for me.,create_ticket,paraphrase_variant,,227,,create_ticket,3,create_ticket,True,1,create_ticket;log_audit_event;generate_report;escalate_to_human;process_refund
227,Could you create an incident ticket for Diana for me?,Is it possible to create an incident ticket for diana for me?,create_ticket,paraphrase_variant,,227,,create_ticket,3,create_ticket,True,1,create_ticket;log_audit_event;generate_report;escalate_to_human;process_refund
227,Could you create an incident ticket for Diana for me?,Quick one -- create an incident ticket for diana for me.,create_ticket,paraphrase_variant,,227,,create_ticket,3,create_ticket,True,1,create_ticket;generate_report;escalate_to_human;log_audit_event;process_refund
227,Could you create an incident ticket for Diana for me?,Please create an incident ticket for diana for me.,create_ticket,paraphrase_variant,,227,,create_ticket,3,create_ticket,True,1,create_ticket;log_audit_event;generate_report;escalate_to_human;process_refund
228,Could you log a helpdesk issue for Frank for me?,Could you log a helpdesk issue for Frank for me?,create_ticket,paraphrase_original,,228,,create_ticket,3,create_ticket,True,1,create_ticket;log_audit_event;generate_report;process_refund;escalate_to_human
228,Could you log a helpdesk issue for Frank for me?,Gonna need you to log a helpdesk issue for frank for me.,create_ticket,paraphrase_variant,,228,,create_ticket,3,create_ticket,True,1,create_ticket;log_audit_event;generate_report;escalate_to_human;provision_vm
228,Could you log a helpdesk issue for Frank for me?,Could someone log a helpdesk issue for frank for me?,create_ticket,paraphrase_variant,,228,,create_ticket,3,create_ticket,True,1,create_ticket;log_audit_event;generate_report;process_refund;escalate_to_human
228,Could you log a helpdesk issue for Frank for me?,I'd appreciate it if you could log a helpdesk issue for frank for me.,create_ticket,paraphrase_variant,,228,,create_ticket,3,create_ticket,True,1,create_ticket;log_audit_event;generate_report;process_refund;provision_vm
228,Could you log a helpdesk issue for Frank for me?,log a helpdesk issue for frank for me -- that's what needs to happen.,create_ticket,paraphrase_variant,,228,,create_ticket,3,create_ticket,True,1,create_ticket;log_audit_event;generate_report;escalate_to_human;process_refund
230,Could you submit a ticket for host auth-svc-04 for me?,Could you submit a ticket for host auth-svc-04 for me?,create_ticket,paraphrase_original,,230,,create_ticket,3,create_ticket,True,1,create_ticket;log_audit_event;reset_password;scan_malware;generate_report
230,Could you submit a ticket for host auth-svc-04 for me?,What we need is for submit a ticket for host auth-svc-04 for me.,create_ticket,paraphrase_variant,,230,,create_ticket,3,create_ticket,True,1,create_ticket;log_audit_event;reset_password;generate_report;provision_vm
230,Could you submit a ticket for host auth-svc-04 for me?,Would anyone be able to submit a ticket for host auth-svc-04 for me?,create_ticket,paraphrase_variant,,230,,create_ticket,3,create_ticket,True,1,create_ticket;log_audit_event;reset_password;generate_report;scan_malware
230,Could you submit a ticket for host auth-svc-04 for me?,Could you please submit a ticket for host auth-svc-04 for me.,create_ticket,paraphrase_variant,,230,,create_ticket,3,create_ticket,True,1,create_ticket;log_audit_event;reset_password;scan_malware;generate_report
230,Could you submit a ticket for host auth-svc-04 for me?,"Yo, submit a ticket for host auth-svc-04 for me.",create_ticket,paraphrase_variant,,230,,create_ticket,3,create_ticket,True,1,create_ticket;reset_password;log_audit_event;scan_malware;quarantine_system
232,Could you create a service request for auth-svc-04 for me?,Could you create a service request for auth-svc-04 for me?,create_ticket,paraphrase_original,,232,,create_ticket,3,create_ticket,True,1,create_ticket;check_status;scan_malware;quarantine_system;provision_vm
232,Could you create a service request for auth-svc-04 for me?,Could someone create a service request for auth-svc-04 for me?,create_ticket,paraphrase_variant,,232,,create_ticket,3,create_ticket,True,1,create_ticket;check_status;scan_malware;quarantine_system;log_audit_event
232,Could you create a service request for auth-svc-04 for me?,I'd appreciate it if you could create a service request for auth-svc-04 for me.,create_ticket,paraphrase_variant,,232,,create_ticket,3,create_ticket,True,1,create_ticket;provision_vm;check_status;generate_report;log_audit_event
232,Could you create a service request for auth-svc-04 for me?,Need you to create a service request for auth-svc-04 for me.,create_ticket,paraphrase_variant,,232,,create_ticket,3,create_ticket,True,1,create_ticket;check_status;quarantine_system;provision_vm;restart_service
232,Could you create a service request for auth-svc-04 for me?,The situation requires create a service request for auth-svc-04 for me.,create_ticket,paraphrase_variant,,232,,create_ticket,3,create_ticket,True,1,create_ticket;quarantine_system;provision_vm;restart_service;check_status
233,I need you to open an incident ticket for prod-web-01.,I need you to open an incident ticket for prod-web-01.,create_ticket,paraphrase_original,,233,,create_ticket,3,create_ticket,True,1,create_ticket;log_audit_event;process_refund;generate_report;quarantine_system
233,I need you to open an incident ticket for prod-web-01.,Could someone open an incident ticket for prod-web-01?,create_ticket,paraphrase_variant,,233,,create_ticket,3,log_audit_event,False,2,log_audit_event;create_ticket;process_refund;generate_report;reset_password
233,I need you to open an incident ticket for prod-web-01.,The situation requires open an incident ticket for prod-web-01.,create_ticket,paraphrase_variant,,233,,create_ticket,3,create_ticket,True,1,create_ticket;log_audit_event;process_refund;quarantine_system;generate_report
233,I need you to open an incident ticket for prod-web-01.,Would you mind open an incident ticket for prod-web-01.,create_ticket,paraphrase_variant,,233,,create_ticket,3,create_ticket,True,1,create_ticket;log_audit_event;process_refund;generate_report;reset_password
233,I need you to open an incident ticket for prod-web-01.,Quick one -- open an incident ticket for prod-web-01.,create_ticket,paraphrase_variant,,233,,create_ticket,3,create_ticket,True,1,create_ticket;log_audit_event;process_refund;generate_report;quarantine_system
238,I need you to submit a ticket for Alice.,I need you to submit a ticket for Alice.,create_ticket,paraphrase_original,,238,,create_ticket,3,create_ticket,True,1,create_ticket;log_audit_event;escalate_to_human;process_refund;generate_report
238,I need you to submit a ticket for Alice.,The situation requires submit a ticket for alice.,create_ticket,paraphrase_variant,,238,,create_ticket,3,create_ticket,True,1,create_ticket;escalate_to_human;log_audit_event;process_refund;generate_report
238,I need you to submit a ticket for Alice.,Need you to submit a ticket for alice.,create_ticket,paraphrase_variant,,238,,create_ticket,3,create_ticket,True,1,create_ticket;log_audit_event;escalate_to_human;process_refund;generate_report
238,I need you to submit a ticket for Alice.,I'd appreciate it if you could submit a ticket for alice.,create_ticket,paraphrase_variant,,238,,create_ticket,3,create_ticket,True,1,create_ticket;log_audit_event;generate_report;process_refund;escalate_to_human
238,I need you to submit a ticket for Alice.,Would anyone be able to submit a ticket for alice?,create_ticket,paraphrase_variant,,238,,create_ticket,3,log_audit_event,False,2,log_audit_event;create_ticket;escalate_to_human;generate_report;process_refund
239,I need you to open a service desk case for Eve.,I need you to open a service desk case for Eve.,create_ticket,paraphrase_original,,239,,create_ticket,3,provision_vm,False,2,provision_vm;create_ticket;escalate_to_human;send_notification;generate_report
239,I need you to open a service desk case for Eve.,It would help if open a service desk case for eve.,create_ticket,paraphrase_variant,,239,,create_ticket,3,provision_vm,False,3,provision_vm;escalate_to_human;create_ticket;send_notification;generate_report
239,I need you to open a service desk case for Eve.,I'd appreciate it if you could open a service desk case for eve.,create_ticket,paraphrase_variant,,239,,create_ticket,3,provision_vm,False,3,provision_vm;generate_report;create_ticket;send_notification;escalate_to_human
239,I need you to open a service desk case for Eve.,Who can open a service desk case for eve?,create_ticket,paraphrase_variant,,239,,create_ticket,3,escalate_to_human,False,3,escalate_to_human;provision_vm;create_ticket;send_notification;generate_report
239,I need you to open a service desk case for Eve.,"Hey, can you open a service desk case for eve.",create_ticket,paraphrase_variant,,239,,create_ticket,3,provision_vm,False,4,provision_vm;escalate_to_human;send_notification;create_ticket;generate_report
243,We should create a support case for staging-db-02.,We should create a support case for staging-db-02.,create_ticket,paraphrase_original,,243,,create_ticket,3,create_ticket,True,1,create_ticket;generate_report;db_write;provision_vm;send_notification
243,We should create a support case for staging-db-02.,We request that you we should create a support case for staging-db-02.,create_ticket,paraphrase_variant,,243,,create_ticket,3,create_ticket,True,1,create_ticket;generate_report;provision_vm;db_write;send_notification
243,We should create a support case for staging-db-02.,Could someone we should create a support case for staging-db-02?,create_ticket,paraphrase_variant,,243,,create_ticket,3,create_ticket,True,1,create_ticket;generate_report;escalate_to_human;provision_vm;db_write
243,We should create a support case for staging-db-02.,we should create a support case for staging-db-02 -- that's what needs to happen.,create_ticket,paraphrase_variant,,243,,create_ticket,3,create_ticket,True,1,create_ticket;provision_vm;generate_report;db_write;send_notification
243,We should create a support case for staging-db-02.,"Hey, can you we should create a support case for staging-db-02.",create_ticket,paraphrase_variant,,243,,create_ticket,3,create_ticket,True,1,create_ticket;generate_report;db_write;provision_vm;send_notification
244,We should log an issue against prod-web-01.,We should log an issue against prod-web-01.,create_ticket,paraphrase_original,,244,,create_ticket,3,create_ticket,True,1,create_ticket;log_audit_event;quarantine_system;generate_report;process_refund
244,We should log an issue against prod-web-01.,Would anyone be able to we should log an issue against prod-web-01?,create_ticket,paraphrase_variant,,244,,create_ticket,3,log_audit_event,False,2,log_audit_event;create_ticket;generate_report;quarantine_system;scan_malware
244,We should log an issue against prod-web-01.,Could you please we should log an issue against prod-web-01.,create_ticket,paraphrase_variant,,244,,create_ticket,3,create_ticket,True,1,create_ticket;log_audit_event;quarantine_system;generate_report;scan_malware
244,We should log an issue against prod-web-01.,Gonna need you to we should log an issue against prod-web-01.,create_ticket,paraphrase_variant,,244,,create_ticket,3,create_ticket,True,1,create_ticket;log_audit_event;generate_report;quarantine_system;process_refund
244,We should log an issue against prod-web-01.,The situation requires we should log an issue against prod-web-01.,create_ticket,paraphrase_variant,,244,,create_ticket,3,create_ticket,True,1,create_ticket;log_audit_event;quarantine_system;generate_report;process_refund
254,Let's submit a ticket for Charlie.,Let's submit a ticket for Charlie.,create_ticket,paraphrase_original,,254,,create_ticket,3,create_ticket,True,1,create_ticket;process_refund;generate_report;escalate_to_human;log_audit_event
254,Let's submit a ticket for Charlie.,Who can let's submit a ticket for charlie?,create_ticket,paraphrase_variant,,254,,create_ticket,3,create_ticket,True,1,create_ticket;escalate_to_human;log_audit_event;process_refund;generate_report
254,Let's submit a ticket for Charlie.,Do me a favor and let's submit a ticket for charlie.,create_ticket,paraphrase_variant,,254,,create_ticket,3,create_ticket,True,1,create_ticket;process_refund;generate_report;log_audit_event;escalate_to_human
254,Let's submit a ticket for Charlie.,let's submit a ticket for charlie -- that's what needs to happen.,create_ticket,paraphrase_variant,,254,,create_ticket,3,create_ticket,True,1,create_ticket;escalate_to_human;process_refund;generate_report;provision_vm
254,Let's submit a ticket for Charlie.,Would you mind let's submit a ticket for charlie.,create_ticket,paraphrase_variant,,254,,create_ticket,3,create_ticket,True,1,create_ticket;process_refund;log_audit_event;generate_report;provision_vm
255,Let's open a tracking issue for cdn-edge-06.,Let's open a tracking issue for cdn-edge-06.,create_ticket,paraphrase_original,,255,,create_ticket,3,create_ticket,True,1,create_ticket;process_refund;generate_report;provision_vm;send_notification
255,Let's open a tracking issue for cdn-edge-06.,It would help if let's open a tracking issue for cdn-edge-06.,create_ticket,paraphrase_variant,,255,,create_ticket,3,create_ticket,True,1,create_ticket;generate_report;process_refund;send_notification;provision_vm
255,Let's open a tracking issue for cdn-edge-06.,I'd appreciate it if you could let's open a tracking issue for cdn-edge-06.,create_ticket,paraphrase_variant,,255,,create_ticket,3,create_ticket,True,1,create_ticket;generate_report;send_notification;log_audit_event;provision_vm
255,Let's open a tracking issue for cdn-edge-06.,"Hey, can you let's open a tracking issue for cdn-edge-06.",create_ticket,paraphrase_variant,,255,,create_ticket,3,create_ticket,True,1,create_ticket;generate_report;provision_vm;process_refund;send_notification
255,Let's open a tracking issue for cdn-edge-06.,Is it possible to let's open a tracking issue for cdn-edge-06?,create_ticket,paraphrase_variant,,255,,create_ticket,3,create_ticket,True,1,create_ticket;log_audit_event;provision_vm;generate_report;process_refund
256,Let's create a support issue for Legal.,Let's create a support issue for Legal.,create_ticket,paraphrase_original,,256,,create_ticket,3,create_ticket,True,1,create_ticket;escalate_to_human;process_refund;generate_report;log_audit_event
256,Let's create a support issue for Legal.,let's create a support issue for legal -- that's what needs to happen.,create_ticket,paraphrase_variant,,256,,create_ticket,3,create_ticket,True,1,create_ticket;escalate_to_human;process_refund;generate_report;send_notification
256,Let's create a support issue for Legal.,Would anyone be able to let's create a support issue for legal?,create_ticket,paraphrase_variant,,256,,create_ticket,3,create_ticket,True,1,create_ticket;escalate_to_human;send_notification;generate_report;log_audit_event
256,Let's create a support issue for Legal.,Quick one -- let's create a support issue for legal.,create_ticket,paraphrase_variant,,256,,create_ticket,3,create_ticket,True,1,create_ticket;escalate_to_human;process_refund;generate_report;send_notification
256,Let's create a support issue for Legal.,Would you mind let's create a support issue for legal.,create_ticket,paraphrase_variant,,256,,create_ticket,3,create_ticket,True,1,create_ticket;escalate_to_human;process_refund;generate_report;log_audit_event
265,"When you have a moment, open a support ticket for Grace.","When you have a moment, open a support ticket for Grace.",create_ticket,paraphrase_original,,265,,create_ticket,3,log_audit_event,False,2,log_audit_event;create_ticket;process_refund;check_status;escalate_to_human
265,"When you have a moment, open a support ticket for Grace.","Quick one -- when you have a moment, open a support ticket for grace.",create_ticket,paraphrase_variant,,265,,create_ticket,3,create_ticket,True,1,create_ticket;log_audit_event;process_refund;generate_report;escalate_to_human
265,"When you have a moment, open a support ticket for Grace.","Could you please when you have a moment, open a support ticket for grace.",create_ticket,paraphrase_variant,,265,,create_ticket,3,log_audit_event,False,2,log_audit_event;create_ticket;reset_password;generate_report;process_refund
265,"When you have a moment, open a support ticket for Grace.","What we need is for when you have a moment, open a support ticket for grace.",create_ticket,paraphrase_variant,,265,,create_ticket,3,create_ticket,True,1,create_ticket;log_audit_event;generate_report;send_notification;check_status
265,"When you have a moment, open a support ticket for Grace.","Is it possible to when you have a moment, open a support ticket for grace?",create_ticket,paraphrase_variant,,265,,create_ticket,3,log_audit_event,False,2,log_audit_event;create_ticket;process_refund;reset_password;generate_report
267,"When you have a moment, create an incident ticket for Grace.","When you have a moment, create an incident ticket for Grace.",create_ticket,paraphrase_original,,267,,create_ticket,3,log_audit_event,False,2,log_audit_event;create_ticket;escalate_to_human;process_refund;generate_report
267,"When you have a moment, create an incident ticket for Grace.","We request that you when you have a moment, create an incident ticket for grace.",create_ticket,paraphrase_variant,,267,,create_ticket,3,log_audit_event,False,2,log_audit_event;create_ticket;process_refund;send_notification;generate_report
267,"When you have a moment, create an incident ticket for Grace.","The situation requires when you have a moment, create an incident ticket for grace.",create_ticket,paraphrase_variant,,267,,create_ticket,3,log_audit_event,False,2,log_audit_event;create_ticket;escalate_to_human;process_refund;generate_report
267,"When you have a moment, create an incident ticket for Grace.","Is it possible to when you have a moment, create an incident ticket for grace?",create_ticket,paraphrase_variant,,267,,create_ticket,3,log_audit_event,False,2,log_audit_event;create_ticket;process_refund;escalate_to_human;generate_report
267,"When you have a moment, create an incident ticket for Grace.","Hey, can you when you have a moment, create an incident ticket for grace.",create_ticket,paraphrase_variant,,267,,create_ticket,3,log_audit_event,False,2,log_audit_event;create_ticket;process_refund;generate_report;reset_password
269,send an alert to Finance.,send an alert to Finance.,send_notification,paraphrase_original,,269,,send_notification,4,send_notification,True,1,send_notification;generate_report;process_refund;log_audit_event;create_ticket
269,send an alert to Finance.,Is it possible to send an alert to finance?,send_notification,paraphrase_variant,,269,,send_notification,4,log_audit_event,False,2,log_audit_event;send_notification;generate_report;create_ticket;process_refund
269,send an alert to Finance.,What we need is for send an alert to finance.,send_notification,paraphrase_variant,,269,,send_notification,4,send_notification,True,1,send_notification;generate_report;log_audit_event;create_ticket;process_refund
269,send an alert to Finance.,Gonna need you to send an alert to finance.,send_notification,paraphrase_variant,,269,,send_notification,4,generate_report,False,4,generate_report;log_audit_event;process_refund;send_notification;create_ticket
269,send an alert to Finance.,Could you please send an alert to finance.,send_notification,paraphrase_variant,,269,,send_notification,4,log_audit_event,False,3,log_audit_event;generate_report;send_notification;process_refund;create_ticket
271,send a heads-up to Alice.,send a heads-up to Alice.,send_notification,paraphrase_original,,271,,send_notification,4,escalate_to_human,False,4,escalate_to_human;process_refund;create_ticket;send_notification;provision_vm
271,send a heads-up to Alice.,We request that you send a heads-up to alice.,send_notification,paraphrase_variant,,271,,send_notification,4,escalate_to_human,False,3,escalate_to_human;create_ticket;send_notification;process_refund;provision_vm
271,send a heads-up to Alice.,Could someone send a heads-up to alice?,send_notification,paraphrase_variant,,271,,send_notification,4,escalate_to_human,False,4,escalate_to_human;create_ticket;process_refund;send_notification;generate_report
271,send a heads-up to Alice.,"Hey, can you send a heads-up to alice.",send_notification,paraphrase_variant,,271,,send_notification,4,escalate_to_human,False,5,escalate_to_human;create_ticket;process_refund;generate_report;send_notification
271,send a heads-up to Alice.,send a heads-up to alice -- that's what needs to happen.,send_notification,paraphrase_variant,,271,,send_notification,4,escalate_to_human,False,3,escalate_to_human;create_ticket;send_notification;process_refund;provision_vm
276,Please send an update to Diana.,Please send an update to Diana.,send_notification,paraphrase_original,,276,,send_notification,4,provision_vm,False,4,provision_vm;db_write;generate_report;send_notification;create_ticket
276,Please send an update to Diana.,The situation requires send an update to diana.,send_notification,paraphrase_variant,,276,,send_notification,4,provision_vm,False,4,provision_vm;escalate_to_human;create_ticket;send_notification;generate_report
276,Please send an update to Diana.,Who can send an update to diana?,send_notification,paraphrase_variant,,276,,send_notification,4,send_notification,True,1,send_notification;provision_vm;escalate_to_human;create_ticket;db_write
276,Please send an update to Diana.,"Yo, send an update to diana.",send_notification,paraphrase_variant,,276,,send_notification,4,provision_vm,False,4,provision_vm;db_write;generate_report;send_notification;create_ticket
276,Please send an update to Diana.,Please send an update to diana.,send_notification,paraphrase_variant,,276,,send_notification,4,provision_vm,False,4,provision_vm;db_write;generate_report;send_notification;create_ticket
282,Please alert Engineering.,Please alert Engineering.,send_notification,paraphrase_original,,282,,send_notification,4,send_notification,True,1,send_notification;quarantine_system;generate_report;provision_vm;log_audit_event
282,Please alert Engineering.,Do me a favor and alert engineering.,send_notification,paraphrase_variant,,282,,send_notification,4,send_notification,True,1,send_notification;quarantine_system;log_audit_event;escalate_to_human;generate_report
282,Please alert Engineering.,Would you mind alert engineering.,send_notification,paraphrase_variant,,282,,send_notification,4,quarantine_system,False,2,quarantine_system;send_notification;log_audit_event;provision_vm;generate_report
282,Please alert Engineering.,Would anyone be able to alert engineering?,send_notification,paraphrase_variant,,282,,send_notification,4,send_notification,True,1,send_notification;quarantine_system;log_audit_event;generate_report;escalate_to_human
282,Please alert Engineering.,It would help if alert engineering.,send_notification,paraphrase_variant,,282,,send_notification,4,send_notification,True,1,send_notification;generate_report;quarantine_system;log_audit_event;create_ticket
284,Can you send an update to Bob?,Can you send an update to Bob?,send_notification,paraphrase_original,,284,,send_notification,4,send_notification,True,1,send_notification;provision_vm;create_ticket;process_refund;quarantine_system
284,Can you send an update to Bob?,Could you please send an update to bob.,send_notification,paraphrase_variant,,284,,send_notification,4,send_notification,True,1,send_notification;provision_vm;create_ticket;process_refund;generate_report
284,Can you send an update to Bob?,It would help if send an update to bob.,send_notification,paraphrase_variant,,284,,send_notification,4,send_notification,True,1,send_notification;provision_vm;create_ticket;process_refund;quarantine_system
284,Can you send an update to Bob?,Gonna need you to send an update to bob.,send_notification,paraphrase_variant,,284,,send_notification,4,send_notification,True,1,send_notification;provision_vm;create_ticket;process_refund;generate_report
284,Can you send an update to Bob?,Would anyone be able to send an update to bob?,send_notification,paraphrase_variant,,284,,send_notification,4,send_notification,True,1,send_notification;provision_vm;create_ticket;generate_report;process_refund
285,Can you send an alert to Finance?,Can you send an alert to Finance?,send_notification,paraphrase_original,,285,,send_notification,4,log_audit_event,False,2,log_audit_event;send_notification;generate_report;process_refund;create_ticket
285,Can you send an alert to Finance?,What we need is for send an alert to finance.,send_notification,paraphrase_variant,,285,,send_notification,4,send_notification,True,1,send_notification;generate_report;log_audit_event;create_ticket;process_refund
285,Can you send an alert to Finance?,Who can send an alert to finance?,send_notification,paraphrase_variant,,285,,send_notification,4,send_notification,True,1,send_notification;log_audit_event;generate_report;create_ticket;process_refund
285,Can you send an alert to Finance?,Gonna need you to send an alert to finance.,send_notification,paraphrase_variant,,285,,send_notification,4,generate_report,False,4,generate_report;log_audit_event;process_refund;send_notification;create_ticket
285,Can you send an alert to Finance?,Could you please send an alert to finance.,send_notification,paraphrase_variant,,285,,send_notification,4,log_audit_event,False,3,log_audit_event;generate_report;send_notification;process_refund;create_ticket
288,Can you push a notification to Bob?,Can you push a notification to Bob?,send_notification,paraphrase_original,,288,,send_notification,4,send_notification,True,1,send_notification;provision_vm;create_ticket;quarantine_system;process_refund
288,Can you push a notification to Bob?,I'd appreciate it if you could push a notification to bob.,send_notification,paraphrase_variant,,288,,send_notification,4,send_notification,True,1,send_notification;provision_vm;create_ticket;quarantine_system;generate_report
288,Can you push a notification to Bob?,"Yo, push a notification to bob.",send_notification,paraphrase_variant,,288,,send_notification,4,send_notification,True,1,send_notification;provision_vm;quarantine_system;create_ticket;restart_service
288,Can you push a notification to Bob?,The situation requires push a notification to bob.,send_notification,paraphrase_variant,,288,,send_notification,4,send_notification,True,1,send_notification;create_ticket;provision_vm;quarantine_system;escalate_to_human
288,Can you push a notification to Bob?,Who can push a notification to bob?,send_notification,paraphrase_variant,,288,,send_notification,4,send_notification,True,1,send_notification;provision_vm;create_ticket;quarantine_system;escalate_to_human
289,Can you forward the latest update to Legal?,Can you forward the latest update to Legal?,send_notification,paraphrase_original,,289,,send_notification,4,process_refund,False,4,process_refund;escalate_to_human;update_subscription;send_notification;create_ticket
289,Can you forward the latest update to Legal?,It would help if forward the latest update to legal.,send_notification,paraphrase_variant,,289,,send_notification,4,create_ticket,False,3,create_ticket;process_refund;send_notification;generate_report;escalate_to_human
289,Can you forward the latest update to Legal?,"Hey, can you forward the latest update to legal.",send_notification,paraphrase_variant,,289,,send_notification,4,process_refund,False,3,process_refund;escalate_to_human;send_notification;create_ticket;generate_report
289,Can you forward the latest update to Legal?,Would you mind forward the latest update to legal.,send_notification,paraphrase_variant,,289,,send_notification,4,process_refund,False,4,process_refund;escalate_to_human;create_ticket;send_notification;log_audit_event
289,Can you forward the latest update to Legal?,Is it possible to forward the latest update to legal?,send_notification,paraphrase_variant,,289,,send_notification,4,escalate_to_human,False,5,escalate_to_human;process_refund;update_subscription;create_ticket;send_notification
291,Can you drop a message to Charlie?,Can you drop a message to Charlie?,send_notification,paraphrase_original,,291,,send_notification,4,send_notification,True,1,send_notification;quarantine_system;provision_vm;process_refund;create_ticket
291,Can you drop a message to Charlie?,Gonna need you to drop a message to charlie.,send_notification,paraphrase_variant,,291,,send_notification,4,send_notification,True,1,send_notification;provision_vm;quarantine_system;create_ticket;generate_report
291,Can you drop a message to Charlie?,It would help if drop a message to charlie.,send_notification,paraphrase_variant,,291,,send_notification,4,send_notification,True,1,send_notification;quarantine_system;provision_vm;create_ticket;escalate_to_human
291,Can you drop a message to Charlie?,Would you mind drop a message to charlie.,send_notification,paraphrase_variant,,291,,send_notification,4,send_notification,True,1,send_notification;provision_vm;quarantine_system;create_ticket;process_refund
291,Can you drop a message to Charlie?,Who can drop a message to charlie?,send_notification,paraphrase_variant,,291,,send_notification,4,send_notification,True,1,send_notification;quarantine_system;escalate_to_human;provision_vm;create_ticket
294,Could you email Alice the latest status for me?,Could you email Alice the latest status for me?,send_notification,paraphrase_original,,294,,send_notification,4,send_notification,True,1,send_notification;log_audit_event;generate_report;create_ticket;escalate_to_human
294,Could you email Alice the latest status for me?,Need you to email alice the latest status for me.,send_notification,paraphrase_variant,,294,,send_notification,4,create_ticket,False,2,create_ticket;send_notification;generate_report;log_audit_event;escalate_to_human
294,Could you email Alice the latest status for me?,Could someone email alice the latest status for me?,send_notification,paraphrase_variant,,294,,send_notification,4,send_notification,True,1,send_notification;log_audit_event;create_ticket;generate_report;escalate_to_human
294,Could you email Alice the latest status for me?,Could you please email alice the latest status for me.,send_notification,paraphrase_variant,,294,,send_notification,4,send_notification,True,1,send_notification;log_audit_event;create_ticket;generate_report;escalate_to_human
294,Could you email Alice the latest status for me?,It would help if email alice the latest status for me.,send_notification,paraphrase_variant,,294,,send_notification,4,send_notification,True,1,send_notification;create_ticket;generate_report;log_audit_event;escalate_to_human
299,Could you drop a message to the Engineering team for me?,Could you drop a message to the Engineering team for me?,send_notification,paraphrase_original,,299,,send_notification,4,send_notification,True,1,send_notification;provision_vm;create_ticket;quarantine_system;escalate_to_human
299,Could you drop a message to the Engineering team for me?,It would help if drop a message to the engineering team for me.,send_notification,paraphrase_variant,,299,,send_notification,4,send_notification,True,1,send_notification;create_ticket;provision_vm;generate_report;quarantine_system
299,Could you drop a message to the Engineering team for me?,"Yo, drop a message to the engineering team for me.",send_notification,paraphrase_variant,,299,,send_notification,4,send_notification,True,1,send_notification;provision_vm;create_ticket;quarantine_system;generate_report
299,Could you drop a message to the Engineering team for me?,Is it possible to drop a message to the engineering team for me?,send_notification,paraphrase_variant,,299,,send_notification,4,send_notification,True,1,send_notification;provision_vm;create_ticket;escalate_to_human;quarantine_system
299,Could you drop a message to the Engineering team for me?,Could you please drop a message to the engineering team for me.,send_notification,paraphrase_variant,,299,,send_notification,4,send_notification,True,1,send_notification;provision_vm;create_ticket;quarantine_system;generate_report
303,I need you to send a heads-up to Finance.,I need you to send a heads-up to Finance.,send_notification,paraphrase_original,,303,,send_notification,4,process_refund,False,10,process_refund;create_ticket;generate_report;db_write;provision_vm
303,I need you to send a heads-up to Finance.,Kindly send a heads-up to finance.,send_notification,paraphrase_variant,,303,,send_notification,4,process_refund,False,8,process_refund;create_ticket;generate_report;reset_password;provision_vm
303,I need you to send a heads-up to Finance.,Need you to send a heads-up to finance.,send_notification,paraphrase_variant,,303,,send_notification,4,process_refund,False,9,process_refund;create_ticket;generate_report;provision_vm;reset_password
303,I need you to send a heads-up to Finance.,Could someone send a heads-up to finance?,send_notification,paraphrase_variant,,303,,send_notification,4,create_ticket,False,8,create_ticket;process_refund;reset_password;generate_report;escalate_to_human
303,I need you to send a heads-up to Finance.,What we need is for send a heads-up to finance.,send_notification,paraphrase_variant,,303,,send_notification,4,create_ticket,False,6,create_ticket;process_refund;generate_report;provision_vm;escalate_to_human
307,I need you to drop a message to Diana.,I need you to drop a message to Diana.,send_notification,paraphrase_original,,307,,send_notification,4,send_notification,True,1,send_notification;provision_vm;create_ticket;generate_report;escalate_to_human
307,I need you to drop a message to Diana.,"Hey, can you drop a message to diana.",send_notification,paraphrase_variant,,307,,send_notification,4,send_notification,True,1,send_notification;provision_vm;generate_report;escalate_to_human;create_ticket
307,I need you to drop a message to Diana.,drop a message to diana -- that's what needs to happen.,send_notification,paraphrase_variant,,307,,send_notification,4,send_notification,True,1,send_notification;provision_vm;escalate_to_human;create_ticket;quarantine_system
307,I need you to drop a message to Diana.,Could someone drop a message to diana?,send_notification,paraphrase_variant,,307,,send_notification,4,send_notification,True,1,send_notification;provision_vm;escalate_to_human;create_ticket;generate_report
307,I need you to drop a message to Diana.,I'd appreciate it if you could drop a message to diana.,send_notification,paraphrase_variant,,307,,send_notification,4,send_notification,True,1,send_notification;generate_report;provision_vm;create_ticket;db_write
313,We should forward the latest update to Engineering.,We should forward the latest update to Engineering.,send_notification,paraphrase_original,,313,,send_notification,4,provision_vm,False,2,provision_vm;send_notification;quarantine_system;generate_report;escalate_to_human
313,We should forward the latest update to Engineering.,Could you please we should forward the latest update to engineering.,send_notification,paraphrase_variant,,313,,send_notification,4,provision_vm,False,2,provision_vm;send_notification;quarantine_system;create_ticket;generate_report
313,We should forward the latest update to Engineering.,Could someone we should forward the latest update to engineering?,send_notification,paraphrase_variant,,313,,send_notification,4,escalate_to_human,False,3,escalate_to_human;provision_vm;send_notification;create_ticket;quarantine_system
313,We should forward the latest update to Engineering.,"Yo, we should forward the latest update to engineering.",send_notification,paraphrase_variant,,313,,send_notification,4,provision_vm,False,2,provision_vm;send_notification;quarantine_system;generate_report;escalate_to_human
313,We should forward the latest update to Engineering.,we should forward the latest update to engineering -- that's what needs to happen.,send_notification,paraphrase_variant,,313,,send_notification,4,provision_vm,False,3,provision_vm;quarantine_system;send_notification;create_ticket;generate_report
315,We should drop a message to the Marketing team.,We should drop a message to the Marketing team.,send_notification,paraphrase_original,,315,,send_notification,4,send_notification,True,1,send_notification;provision_vm;restart_service;quarantine_system;escalate_to_human
315,We should drop a message to the Marketing team.,It would help if we should drop a message to the marketing team.,send_notification,paraphrase_variant,,315,,send_notification,4,send_notification,True,1,send_notification;provision_vm;create_ticket;escalate_to_human;quarantine_system
315,We should drop a message to the Marketing team.,Do me a favor and we should drop a message to the marketing team.,send_notification,paraphrase_variant,,315,,send_notification,4,send_notification,True,1,send_notification;provision_vm;restart_service;escalate_to_human;quarantine_system
315,We should drop a message to the Marketing team.,Is it possible to we should drop a message to the marketing team?,send_notification,paraphrase_variant,,315,,send_notification,4,send_notification,True,1,send_notification;provision_vm;escalate_to_human;quarantine_system;restart_service
315,We should drop a message to the Marketing team.,We request that you we should drop a message to the marketing team.,send_notification,paraphrase_variant,,315,,send_notification,4,send_notification,True,1,send_notification;provision_vm;quarantine_system;restart_service;escalate_to_human
316,Let's send an update to Grace.,Let's send an update to Grace.,send_notification,paraphrase_original,,316,,send_notification,4,update_subscription,False,3,update_subscription;reset_password;send_notification;provision_vm;log_audit_event
316,Let's send an update to Grace.,It would help if let's send an update to grace.,send_notification,paraphrase_variant,,316,,send_notification,4,update_subscription,False,2,update_subscription;send_notification;provision_vm;generate_report;log_audit_event
316,Let's send an update to Grace.,Who can let's send an update to grace?,send_notification,paraphrase_variant,,316,,send_notification,4,update_subscription,False,2,update_subscription;send_notification;provision_vm;reset_password;create_ticket
316,Let's send an update to Grace.,Need you to let's send an update to grace.,send_notification,paraphrase_variant,,316,,send_notification,4,send_notification,True,1,send_notification;provision_vm;update_subscription;log_audit_event;reset_password
316,Let's send an update to Grace.,Please let's send an update to grace.,send_notification,paraphrase_variant,,316,,send_notification,4,reset_password,False,4,reset_password;update_subscription;log_audit_event;send_notification;provision_vm
318,Let's email Diana the latest status.,Let's email Diana the latest status.,send_notification,paraphrase_original,,318,,send_notification,4,generate_report,False,2,generate_report;send_notification;log_audit_event;create_ticket;escalate_to_human
318,Let's email Diana the latest status.,What we need is for let's email diana the latest status.,send_notification,paraphrase_variant,,318,,send_notification,4,send_notification,True,1,send_notification;generate_report;create_ticket;log_audit_event;escalate_to_human
318,Let's email Diana the latest status.,Kindly let's email diana the latest status.,send_notification,paraphrase_variant,,318,,send_notification,4,generate_report,False,2,generate_report;send_notification;create_ticket;log_audit_event;escalate_to_human
318,Let's email Diana the latest status.,Who can let's email diana the latest status?,send_notification,paraphrase_variant,,318,,send_notification,4,send_notification,True,1,send_notification;generate_report;log_audit_event;create_ticket;escalate_to_human
318,Let's email Diana the latest status.,"Hey, can you let's email diana the latest status.",send_notification,paraphrase_variant,,318,,send_notification,4,generate_report,False,2,generate_report;send_notification;create_ticket;log_audit_event;escalate_to_human
323,Let's drop a message to Frank.,Let's drop a message to Frank.,send_notification,paraphrase_original,,323,,send_notification,4,send_notification,True,1,send_notification;provision_vm;create_ticket;escalate_to_human;quarantine_system
323,Let's drop a message to Frank.,It would help if let's drop a message to frank.,send_notification,paraphrase_variant,,323,,send_notification,4,send_notification,True,1,send_notification;create_ticket;provision_vm;escalate_to_human;quarantine_system
323,Let's drop a message to Frank.,We request that you let's drop a message to frank.,send_notification,paraphrase_variant,,323,,send_notification,4,send_notification,True,1,send_notification;provision_vm;create_ticket;escalate_to_human;quarantine_system
323,Let's drop a message to Frank.,Do me a favor and let's drop a message to frank.,send_notification,paraphrase_variant,,323,,send_notification,4,send_notification,True,1,send_notification;create_ticket;provision_vm;escalate_to_human;quarantine_system
323,Let's drop a message to Frank.,Is it possible to let's drop a message to frank?,send_notification,paraphrase_variant,,323,,send_notification,4,send_notification,True,1,send_notification;provision_vm;create_ticket;escalate_to_human;quarantine_system
325,Kindly send an alert to Finance.,Kindly send an alert to Finance.,send_notification,paraphrase_original,,325,,send_notification,4,log_audit_event,False,4,log_audit_event;generate_report;process_refund;send_notification;create_ticket
325,Kindly send an alert to Finance.,I'd appreciate it if you could send an alert to finance.,send_notification,paraphrase_variant,,325,,send_notification,4,generate_report,False,3,generate_report;log_audit_event;send_notification;process_refund;create_ticket
325,Kindly send an alert to Finance.,send an alert to finance -- that's what needs to happen.,send_notification,paraphrase_variant,,325,,send_notification,4,send_notification,True,1,send_notification;create_ticket;generate_report;quarantine_system;process_refund
325,Kindly send an alert to Finance.,Could someone send an alert to finance?,send_notification,paraphrase_variant,,325,,send_notification,4,log_audit_event,False,2,log_audit_event;send_notification;generate_report;create_ticket;process_refund
325,Kindly send an alert to Finance.,"Yo, send an alert to finance.",send_notification,paraphrase_variant,,325,,send_notification,4,send_notification,True,1,send_notification;generate_report;process_refund;log_audit_event;quarantine_system
328,Kindly push a notification to Alice.,Kindly push a notification to Alice.,send_notification,paraphrase_original,,328,,send_notification,4,send_notification,True,1,send_notification;escalate_to_human;create_ticket;provision_vm;generate_report
328,Kindly push a notification to Alice.,push a notification to alice -- that's what needs to happen.,send_notification,paraphrase_variant,,328,,send_notification,4,send_notification,True,1,send_notification;escalate_to_human;provision_vm;create_ticket;quarantine_system
328,Kindly push a notification to Alice.,Do me a favor and push a notification to alice.,send_notification,paraphrase_variant,,328,,send_notification,4,send_notification,True,1,send_notification;create_ticket;escalate_to_human;provision_vm;generate_report
328,Kindly push a notification to Alice.,Is it possible to push a notification to alice?,send_notification,paraphrase_variant,,328,,send_notification,4,send_notification,True,1,send_notification;create_ticket;escalate_to_human;provision_vm;quarantine_system
328,Kindly push a notification to Alice.,I'd appreciate it if you could push a notification to alice.,send_notification,paraphrase_variant,,328,,send_notification,4,send_notification,True,1,send_notification;create_ticket;provision_vm;escalate_to_human;generate_report
343,Please isolate staging-db-02 from the network.,Please isolate staging-db-02 from the network.,quarantine_system,paraphrase_original,,343,,quarantine_system,5,quarantine_system,True,1,quarantine_system;db_read;provision_vm;generate_report;db_write
343,Please isolate staging-db-02 from the network.,Quick one -- isolate staging-db-02 from the network.,quarantine_system,paraphrase_variant,,343,,quarantine_system,5,quarantine_system,True,1,quarantine_system;db_read;provision_vm;db_write;generate_report
343,Please isolate staging-db-02 from the network.,Who can isolate staging-db-02 from the network?,quarantine_system,paraphrase_variant,,343,,quarantine_system,5,quarantine_system,True,1,quarantine_system;db_read;provision_vm;scan_malware;generate_report
343,Please isolate staging-db-02 from the network.,We request that you isolate staging-db-02 from the network.,quarantine_system,paraphrase_variant,,343,,quarantine_system,5,quarantine_system,True,1,quarantine_system;provision_vm;generate_report;db_write;db_read
343,Please isolate staging-db-02 from the network.,isolate staging-db-02 from the network -- that's what needs to happen.,quarantine_system,paraphrase_variant,,343,,quarantine_system,5,quarantine_system,True,1,quarantine_system;provision_vm;db_read;generate_report;db_write
351,Can you isolate staging-db-02 from the network?,Can you isolate staging-db-02 from the network?,quarantine_system,paraphrase_original,,351,,quarantine_system,5,quarantine_system,True,1,quarantine_system;db_read;db_write;provision_vm;generate_report
351,Can you isolate staging-db-02 from the network?,Would anyone be able to isolate staging-db-02 from the network?,quarantine_system,paraphrase_variant,,351,,quarantine_system,5,quarantine_system,True,1,quarantine_system;db_read;generate_report;provision_vm;db_write
351,Can you isolate staging-db-02 from the network?,The situation requires isolate staging-db-02 from the network.,quarantine_system,paraphrase_variant,,351,,quarantine_system,5,quarantine_system,True,1,quarantine_system;provision_vm;generate_report;db_read;db_write
351,Can you isolate staging-db-02 from the network?,I'd appreciate it if you could isolate staging-db-02 from the network.,quarantine_system,paraphrase_variant,,351,,quarantine_system,5,quarantine_system,True,1,quarantine_system;provision_vm;generate_report;db_write;db_read
351,Can you isolate staging-db-02 from the network?,Need you to isolate staging-db-02 from the network.,quarantine_system,paraphrase_variant,,351,,quarantine_system,5,quarantine_system,True,1,quarantine_system;db_read;provision_vm;db_write;generate_report
356,Can you pull auth-svc-04 out of production?,Can you pull auth-svc-04 out of production?,quarantine_system,paraphrase_original,,356,,quarantine_system,5,log_audit_event,False,3,log_audit_event;reset_password;quarantine_system;scan_malware;process_refund
356,Can you pull auth-svc-04 out of production?,"Yo, pull auth-svc-04 out of production.",quarantine_system,paraphrase_variant,,356,,quarantine_system,5,quarantine_system,True,1,quarantine_system;log_audit_event;reset_password;restart_service;provision_vm
356,Can you pull auth-svc-04 out of production?,We request that you pull auth-svc-04 out of production.,quarantine_system,paraphrase_variant,,356,,quarantine_system,5,log_audit_event,False,2,log_audit_event;quarantine_system;provision_vm;generate_report;process_refund
356,Can you pull auth-svc-04 out of production?,Who can pull auth-svc-04 out of production?,quarantine_system,paraphrase_variant,,356,,quarantine_system,5,log_audit_event,False,3,log_audit_event;reset_password;quarantine_system;scan_malware;process_refund
356,Can you pull auth-svc-04 out of production?,It would help if pull auth-svc-04 out of production.,quarantine_system,paraphrase_variant,,356,,quarantine_system,5,log_audit_event,False,2,log_audit_event;quarantine_system;reset_password;generate_report;provision_vm
362,Could you contain payment-api-03 immediately for me?,Could you contain payment-api-03 immediately for me?,quarantine_system,paraphrase_original,,362,,quarantine_system,5,process_refund,False,6,process_refund;generate_report;create_ticket;scan_malware;log_audit_event
362,Could you contain payment-api-03 immediately for me?,"Yo, contain payment-api-03 immediately for me.",quarantine_system,paraphrase_variant,,362,,quarantine_system,5,process_refund,False,2,process_refund;quarantine_system;provision_vm;create_ticket;scan_malware
362,Could you contain payment-api-03 immediately for me?,Would anyone be able to contain payment-api-03 immediately for me?,quarantine_system,paraphrase_variant,,362,,quarantine_system,5,process_refund,False,6,process_refund;create_ticket;generate_report;scan_malware;provision_vm
362,Could you contain payment-api-03 immediately for me?,Please contain payment-api-03 immediately for me.,quarantine_system,paraphrase_variant,,362,,quarantine_system,5,process_refund,False,4,process_refund;create_ticket;generate_report;quarantine_system;provision_vm
362,Could you contain payment-api-03 immediately for me?,What we need is for contain payment-api-03 immediately for me.,quarantine_system,paraphrase_variant,,362,,quarantine_system,5,process_refund,False,5,process_refund;create_ticket;generate_report;provision_vm;quarantine_system
365,Could you lock down cdn-edge-06 for me?,Could you lock down cdn-edge-06 for me?,quarantine_system,paraphrase_original,,365,,quarantine_system,5,provision_vm,False,4,provision_vm;scan_malware;create_ticket;quarantine_system;process_refund
365,Could you lock down cdn-edge-06 for me?,lock down cdn-edge-06 for me -- that's what needs to happen.,quarantine_system,paraphrase_variant,,365,,quarantine_system,5,provision_vm,False,2,provision_vm;quarantine_system;create_ticket;scan_malware;send_notification
365,Could you lock down cdn-edge-06 for me?,Gonna need you to lock down cdn-edge-06 for me.,quarantine_system,paraphrase_variant,,365,,quarantine_system,5,create_ticket,False,4,create_ticket;provision_vm;scan_malware;quarantine_system;process_refund
365,Could you lock down cdn-edge-06 for me?,Could someone lock down cdn-edge-06 for me?,quarantine_system,paraphrase_variant,,365,,quarantine_system,5,scan_malware,False,4,scan_malware;create_ticket;provision_vm;quarantine_system;send_notification
365,Could you lock down cdn-edge-06 for me?,I'd appreciate it if you could lock down cdn-edge-06 for me.,quarantine_system,paraphrase_variant,,365,,quarantine_system,5,create_ticket,False,6,create_ticket;provision_vm;scan_malware;send_notification;generate_report
370,I need you to contain staging-db-02 immediately.,I need you to contain staging-db-02 immediately.,quarantine_system,paraphrase_original,,370,,quarantine_system,5,db_write,False,8,db_write;db_read;generate_report;provision_vm;create_ticket
370,I need you to contain staging-db-02 immediately.,Is it possible to contain staging-db-02 immediately?,quarantine_system,paraphrase_variant,,370,,quarantine_system,5,db_write,False,7,db_write;db_read;generate_report;provision_vm;create_ticket
370,I need you to contain staging-db-02 immediately.,Could you please contain staging-db-02 immediately.,quarantine_system,paraphrase_variant,,370,,quarantine_system,5,db_write,False,9,db_write;generate_report;db_read;create_ticket;provision_vm
370,I need you to contain staging-db-02 immediately.,The situation requires contain staging-db-02 immediately.,quarantine_system,paraphrase_variant,,370,,quarantine_system,5,db_write,False,9,db_write;generate_report;create_ticket;db_read;provision_vm
370,I need you to contain staging-db-02 immediately.,"Yo, contain staging-db-02 immediately.",quarantine_system,paraphrase_variant,,370,,quarantine_system,5,db_write,False,8,db_write;generate_report;db_read;provision_vm;create_ticket
372,I need you to pull cdn-edge-06 out of production.,I need you to pull cdn-edge-06 out of production.,quarantine_system,paraphrase_original,,372,,quarantine_system,5,provision_vm,False,5,provision_vm;create_ticket;process_refund;send_notification;quarantine_system
372,I need you to pull cdn-edge-06 out of production.,"Hey, can you pull cdn-edge-06 out of production.",quarantine_system,paraphrase_variant,,372,,quarantine_system,5,provision_vm,False,3,provision_vm;process_refund;quarantine_system;send_notification;generate_report
372,I need you to pull cdn-edge-06 out of production.,Would anyone be able to pull cdn-edge-06 out of production?,quarantine_system,paraphrase_variant,,372,,quarantine_system,5,provision_vm,False,6,provision_vm;create_ticket;generate_report;send_notification;process_refund
372,I need you to pull cdn-edge-06 out of production.,It would help if pull cdn-edge-06 out of production.,quarantine_system,paraphrase_variant,,372,,quarantine_system,5,provision_vm,False,4,provision_vm;create_ticket;send_notification;quarantine_system;generate_report
372,I need you to pull cdn-edge-06 out of production.,Would you mind pull cdn-edge-06 out of production.,quarantine_system,paraphrase_variant,,372,,quarantine_system,5,provision_vm,False,4,provision_vm;send_notification;process_refund;quarantine_system;create_ticket
379,We should segment ml-infer-05 from the rest of the environment.,We should segment ml-infer-05 from the rest of the environment.,quarantine_system,paraphrase_original,,379,,quarantine_system,5,send_notification,False,2,send_notification;quarantine_system;generate_report;provision_vm;scan_malware
379,We should segment ml-infer-05 from the rest of the environment.,Gonna need you to we should segment ml-infer-05 from the rest of the environment.,quarantine_system,paraphrase_variant,,379,,quarantine_system,5,generate_report,False,3,generate_report;send_notification;quarantine_system;provision_vm;scan_malware
379,We should segment ml-infer-05 from the rest of the environment.,Kindly we should segment ml-infer-05 from the rest of the environment.,quarantine_system,paraphrase_variant,,379,,quarantine_system,5,quarantine_system,True,1,quarantine_system;send_notification;generate_report;scan_malware;provision_vm
379,We should segment ml-infer-05 from the rest of the environment.,The situation requires we should segment ml-infer-05 from the rest of the environment.,quarantine_system,paraphrase_variant,,379,,quarantine_system,5,send_notification,False,2,send_notification;quarantine_system;generate_report;provision_vm;process_refund
379,We should segment ml-infer-05 from the rest of the environment.,Is it possible to we should segment ml-infer-05 from the rest of the environment?,quarantine_system,paraphrase_variant,,379,,quarantine_system,5,send_notification,False,2,send_notification;quarantine_system;provision_vm;generate_report;scan_malware
380,We should pull ml-infer-05 out of production.,We should pull ml-infer-05 out of production.,quarantine_system,paraphrase_original,,380,,quarantine_system,5,generate_report,False,4,generate_report;provision_vm;send_notification;quarantine_system;process_refund
380,We should pull ml-infer-05 out of production.,Who can we should pull ml-infer-05 out of production?,quarantine_system,paraphrase_variant,,380,,quarantine_system,5,provision_vm,False,5,provision_vm;send_notification;generate_report;process_refund;quarantine_system
380,We should pull ml-infer-05 out of production.,It would help if we should pull ml-infer-05 out of production.,quarantine_system,paraphrase_variant,,380,,quarantine_system,5,generate_report,False,4,generate_report;provision_vm;send_notification;quarantine_system;process_refund
380,We should pull ml-infer-05 out of production.,Do me a favor and we should pull ml-infer-05 out of production.,quarantine_system,paraphrase_variant,,380,,quarantine_system,5,generate_report,False,5,generate_report;provision_vm;send_notification;process_refund;quarantine_system
380,We should pull ml-infer-05 out of production.,We request that you we should pull ml-infer-05 out of production.,quarantine_system,paraphrase_variant,,380,,quarantine_system,5,send_notification,False,4,send_notification;provision_vm;generate_report;quarantine_system;process_refund
381,We should lock down prod-web-01.,We should lock down prod-web-01.,quarantine_system,paraphrase_original,,381,,quarantine_system,5,quarantine_system,True,1,quarantine_system;provision_vm;scan_malware;reset_password;restart_service
381,We should lock down prod-web-01.,Kindly we should lock down prod-web-01.,quarantine_system,paraphrase_variant,,381,,quarantine_system,5,quarantine_system,True,1,quarantine_system;scan_malware;provision_vm;reset_password;process_refund
381,We should lock down prod-web-01.,we should lock down prod-web-01 -- that's what needs to happen.,quarantine_system,paraphrase_variant,,381,,quarantine_system,5,quarantine_system,True,1,quarantine_system;provision_vm;scan_malware;process_refund;restart_service
381,We should lock down prod-web-01.,Who can we should lock down prod-web-01?,quarantine_system,paraphrase_variant,,381,,quarantine_system,5,provision_vm,False,3,provision_vm;scan_malware;quarantine_system;reset_password;escalate_to_human
381,We should lock down prod-web-01.,Quick one -- we should lock down prod-web-01.,quarantine_system,paraphrase_variant,,381,,quarantine_system,5,provision_vm,False,2,provision_vm;quarantine_system;process_refund;scan_malware;generate_report
385,Let's take payment-api-03 off the network.,Let's take payment-api-03 off the network.,quarantine_system,paraphrase_original,,385,,quarantine_system,5,quarantine_system,True,1,quarantine_system;process_refund;provision_vm;update_subscription;restart_service
385,Let's take payment-api-03 off the network.,Would anyone be able to let's take payment-api-03 off the network?,quarantine_system,paraphrase_variant,,385,,quarantine_system,5,quarantine_system,True,1,quarantine_system;process_refund;provision_vm;update_subscription;send_notification
385,Let's take payment-api-03 off the network.,It would help if let's take payment-api-03 off the network.,quarantine_system,paraphrase_variant,,385,,quarantine_system,5,process_refund,False,2,process_refund;quarantine_system;provision_vm;update_subscription;send_notification
385,Let's take payment-api-03 off the network.,Could you please let's take payment-api-03 off the network.,quarantine_system,paraphrase_variant,,385,,quarantine_system,5,quarantine_system,True,1,quarantine_system;process_refund;provision_vm;update_subscription;send_notification
385,Let's take payment-api-03 off the network.,"Hey, can you let's take payment-api-03 off the network.",quarantine_system,paraphrase_variant,,385,,quarantine_system,5,quarantine_system,True,1,quarantine_system;process_refund;provision_vm;update_subscription;send_notification
388,Let's pull staging-db-02 out of production.,Let's pull staging-db-02 out of production.,quarantine_system,paraphrase_original,,388,,quarantine_system,5,db_write,False,10,db_write;generate_report;provision_vm;db_read;send_notification
388,Let's pull staging-db-02 out of production.,Is it possible to let's pull staging-db-02 out of production?,quarantine_system,paraphrase_variant,,388,,quarantine_system,5,db_write,False,9,db_write;provision_vm;generate_report;db_read;create_ticket
388,Let's pull staging-db-02 out of production.,What we need is for let's pull staging-db-02 out of production.,quarantine_system,paraphrase_variant,,388,,quarantine_system,5,db_write,False,9,db_write;generate_report;provision_vm;send_notification;create_ticket
388,Let's pull staging-db-02 out of production.,"Yo, let's pull staging-db-02 out of production.",quarantine_system,paraphrase_variant,,388,,quarantine_system,5,db_write,False,10,db_write;generate_report;provision_vm;db_read;send_notification
388,Let's pull staging-db-02 out of production.,We request that you let's pull staging-db-02 out of production.,quarantine_system,paraphrase_variant,,388,,quarantine_system,5,db_write,False,9,db_write;generate_report;provision_vm;send_notification;create_ticket
389,Let's lock down payment-api-03.,Let's lock down payment-api-03.,quarantine_system,paraphrase_original,,389,,quarantine_system,5,process_refund,False,3,process_refund;provision_vm;quarantine_system;create_ticket;restart_service
389,Let's lock down payment-api-03.,Kindly let's lock down payment-api-03.,quarantine_system,paraphrase_variant,,389,,quarantine_system,5,process_refund,False,3,process_refund;create_ticket;quarantine_system;provision_vm;generate_report
389,Let's lock down payment-api-03.,"Yo, let's lock down payment-api-03.",quarantine_system,paraphrase_variant,,389,,quarantine_system,5,process_refund,False,3,process_refund;provision_vm;quarantine_system;create_ticket;restart_service
389,Let's lock down payment-api-03.,Could someone let's lock down payment-api-03?,quarantine_system,paraphrase_variant,,389,,quarantine_system,5,process_refund,False,3,process_refund;create_ticket;quarantine_system;provision_vm;scan_malware
389,Let's lock down payment-api-03.,The situation requires let's lock down payment-api-03.,quarantine_system,paraphrase_variant,,389,,quarantine_system,5,process_refund,False,4,process_refund;create_ticket;provision_vm;quarantine_system;generate_report
399,"When you have a moment, isolate prod-web-01 from the network.","When you have a moment, isolate prod-web-01 from the network.",quarantine_system,paraphrase_original,,399,,quarantine_system,5,quarantine_system,True,1,quarantine_system;provision_vm;scan_malware;process_refund;send_notification
399,"When you have a moment, isolate prod-web-01 from the network.","Hey, can you when you have a moment, isolate prod-web-01 from the network.",quarantine_system,paraphrase_variant,,399,,quarantine_system,5,quarantine_system,True,1,quarantine_system;provision_vm;scan_malware;process_refund;send_notification
399,"When you have a moment, isolate prod-web-01 from the network.","What we need is for when you have a moment, isolate prod-web-01 from the network.",quarantine_system,paraphrase_variant,,399,,quarantine_system,5,quarantine_system,True,1,quarantine_system;provision_vm;send_notification;scan_malware;process_refund
399,"When you have a moment, isolate prod-web-01 from the network.","Is it possible to when you have a moment, isolate prod-web-01 from the network?",quarantine_system,paraphrase_variant,,399,,quarantine_system,5,quarantine_system,True,1,quarantine_system;provision_vm;scan_malware;process_refund;send_notification
399,"When you have a moment, isolate prod-web-01 from the network.","I'd appreciate it if you could when you have a moment, isolate prod-web-01 from the network.",quarantine_system,paraphrase_variant,,399,,quarantine_system,5,quarantine_system,True,1,quarantine_system;provision_vm;process_refund;generate_report;send_notification
401,"When you have a moment, take ml-infer-05 off the network.","When you have a moment, take ml-infer-05 off the network.",quarantine_system,paraphrase_original,,401,,quarantine_system,5,quarantine_system,True,1,quarantine_system;send_notification;provision_vm;generate_report;process_refund
401,"When you have a moment, take ml-infer-05 off the network.","I'd appreciate it if you could when you have a moment, take ml-infer-05 off the network.",quarantine_system,paraphrase_variant,,401,,quarantine_system,5,quarantine_system,True,1,quarantine_system;generate_report;provision_vm;send_notification;process_refund
401,"When you have a moment, take ml-infer-05 off the network.","Hey, can you when you have a moment, take ml-infer-05 off the network.",quarantine_system,paraphrase_variant,,401,,quarantine_system,5,quarantine_system,True,1,quarantine_system;provision_vm;send_notification;generate_report;process_refund
401,"When you have a moment, take ml-infer-05 off the network.","The situation requires when you have a moment, take ml-infer-05 off the network.",quarantine_system,paraphrase_variant,,401,,quarantine_system,5,quarantine_system,True,1,quarantine_system;send_notification;provision_vm;process_refund;generate_report
401,"When you have a moment, take ml-infer-05 off the network.","Who can when you have a moment, take ml-infer-05 off the network?",quarantine_system,paraphrase_variant,,401,,quarantine_system,5,quarantine_system,True,1,quarantine_system;send_notification;provision_vm;process_refund;escalate_to_human
408,scan prod-web-01 for suspicious artifacts.,scan prod-web-01 for suspicious artifacts.,scan_malware,paraphrase_original,,408,,scan_malware,6,scan_malware,True,1,scan_malware;quarantine_system;log_audit_event;check_status;restart_service
408,scan prod-web-01 for suspicious artifacts.,I'd appreciate it if you could scan prod-web-01 for suspicious artifacts.,scan_malware,paraphrase_variant,,408,,scan_malware,6,scan_malware,True,1,scan_malware;quarantine_system;log_audit_event;check_status;generate_report
408,scan prod-web-01 for suspicious artifacts.,Do me a favor and scan prod-web-01 for suspicious artifacts.,scan_malware,paraphrase_variant,,408,,scan_malware,6,scan_malware,True,1,scan_malware;quarantine_system;log_audit_event;check_status;generate_report
408,scan prod-web-01 for suspicious artifacts.,It would help if scan prod-web-01 for suspicious artifacts.,scan_malware,paraphrase_variant,,408,,scan_malware,6,scan_malware,True,1,scan_malware;quarantine_system;log_audit_event;check_status;generate_report
408,scan prod-web-01 for suspicious artifacts.,Is it possible to scan prod-web-01 for suspicious artifacts?,scan_malware,paraphrase_variant,,408,,scan_malware,6,scan_malware,True,1,scan_malware;quarantine_system;log_audit_event;check_status;process_refund
413,Please inspect ml-infer-05 for malware activity.,Please inspect ml-infer-05 for malware activity.,scan_malware,paraphrase_original,,413,,scan_malware,6,scan_malware,True,1,scan_malware;quarantine_system;log_audit_event;check_status;send_notification
413,Please inspect ml-infer-05 for malware activity.,It would help if inspect ml-infer-05 for malware activity.,scan_malware,paraphrase_variant,,413,,scan_malware,6,scan_malware,True,1,scan_malware;quarantine_system;log_audit_event;check_status;generate_report
413,Please inspect ml-infer-05 for malware activity.,Would anyone be able to inspect ml-infer-05 for malware activity?,scan_malware,paraphrase_variant,,413,,scan_malware,6,scan_malware,True,1,scan_malware;quarantine_system;log_audit_event;check_status;generate_report
413,Please inspect ml-infer-05 for malware activity.,We request that you inspect ml-infer-05 for malware activity.,scan_malware,paraphrase_variant,,413,,scan_malware,6,scan_malware,True,1,scan_malware;quarantine_system;log_audit_event;send_notification;generate_report
413,Please inspect ml-infer-05 for malware activity.,Gonna need you to inspect ml-infer-05 for malware activity.,scan_malware,paraphrase_variant,,413,,scan_malware,6,scan_malware,True,1,scan_malware;quarantine_system;log_audit_event;generate_report;provision_vm
417,Please run an IOC check against staging-db-02.,Please run an IOC check against staging-db-02.,scan_malware,paraphrase_original,,417,,scan_malware,6,db_write,False,10,db_write;check_status;db_read;generate_report;provision_vm
417,Please run an IOC check against staging-db-02.,Could you please run an ioc check against staging-db-02.,scan_malware,paraphrase_variant,,417,,scan_malware,6,check_status,False,10,check_status;db_write;generate_report;db_read;provision_vm
417,Please run an IOC check against staging-db-02.,What we need is for run an ioc check against staging-db-02.,scan_malware,paraphrase_variant,,417,,scan_malware,6,check_status,False,9,check_status;db_read;db_write;generate_report;send_notification
417,Please run an IOC check against staging-db-02.,Is it possible to run an ioc check against staging-db-02?,scan_malware,paraphrase_variant,,417,,scan_malware,6,check_status,False,7,check_status;db_read;db_write;generate_report;provision_vm
417,Please run an IOC check against staging-db-02.,Need you to run an ioc check against staging-db-02.,scan_malware,paraphrase_variant,,417,,scan_malware,6,db_read,False,11,db_read;check_status;db_write;generate_report;provision_vm
425,Can you run an IOC check against cdn-edge-06?,Can you run an IOC check against cdn-edge-06?,scan_malware,paraphrase_original,,425,,scan_malware,6,check_status,False,4,check_status;quarantine_system;send_notification;scan_malware;provision_vm
425,Can you run an IOC check against cdn-edge-06?,Could someone run an ioc check against cdn-edge-06?,scan_malware,paraphrase_variant,,425,,scan_malware,6,check_status,False,4,check_status;send_notification;quarantine_system;scan_malware;generate_report
425,Can you run an IOC check against cdn-edge-06?,Could you please run an ioc check against cdn-edge-06.,scan_malware,paraphrase_variant,,425,,scan_malware,6,check_status,False,5,check_status;send_notification;quarantine_system;provision_vm;scan_malware
425,Can you run an IOC check against cdn-edge-06?,Need you to run an ioc check against cdn-edge-06.,scan_malware,paraphrase_variant,,425,,scan_malware,6,check_status,False,6,check_status;quarantine_system;send_notification;provision_vm;create_ticket
425,Can you run an IOC check against cdn-edge-06?,What we need is for run an ioc check against cdn-edge-06.,scan_malware,paraphrase_variant,,425,,scan_malware,6,check_status,False,6,check_status;send_notification;quarantine_system;provision_vm;create_ticket
427,Could you scan payment-api-03 for malicious files for me?,Could you scan payment-api-03 for malicious files for me?,scan_malware,paraphrase_original,,427,,scan_malware,6,scan_malware,True,1,scan_malware;quarantine_system;log_audit_event;check_status;process_refund
427,Could you scan payment-api-03 for malicious files for me?,Quick one -- scan payment-api-03 for malicious files for me.,scan_malware,paraphrase_variant,,427,,scan_malware,6,scan_malware,True,1,scan_malware;quarantine_system;log_audit_event;process_refund;check_status
427,Could you scan payment-api-03 for malicious files for me?,Would anyone be able to scan payment-api-03 for malicious files for me?,scan_malware,paraphrase_variant,,427,,scan_malware,6,scan_malware,True,1,scan_malware;log_audit_event;quarantine_system;check_status;process_refund
427,Could you scan payment-api-03 for malicious files for me?,It would help if scan payment-api-03 for malicious files for me.,scan_malware,paraphrase_variant,,427,,scan_malware,6,scan_malware,True,1,scan_malware;quarantine_system;log_audit_event;process_refund;check_status
427,Could you scan payment-api-03 for malicious files for me?,Would you mind scan payment-api-03 for malicious files for me.,scan_malware,paraphrase_variant,,427,,scan_malware,6,scan_malware,True,1,scan_malware;quarantine_system;log_audit_event;process_refund;check_status
435,I need you to scan auth-svc-04 for malicious files.,I need you to scan auth-svc-04 for malicious files.,scan_malware,paraphrase_original,,435,,scan_malware,6,scan_malware,True,1,scan_malware;log_audit_event;quarantine_system;reset_password;check_status
435,I need you to scan auth-svc-04 for malicious files.,It would help if scan auth-svc-04 for malicious files.,scan_malware,paraphrase_variant,,435,,scan_malware,6,scan_malware,True,1,scan_malware;quarantine_system;log_audit_event;reset_password;check_status
435,I need you to scan auth-svc-04 for malicious files.,Could someone scan auth-svc-04 for malicious files?,scan_malware,paraphrase_variant,,435,,scan_malware,6,scan_malware,True,1,scan_malware;log_audit_event;reset_password;quarantine_system;check_status
435,I need you to scan auth-svc-04 for malicious files.,Could you please scan auth-svc-04 for malicious files.,scan_malware,paraphrase_variant,,435,,scan_malware,6,scan_malware,True,1,scan_malware;log_audit_event;quarantine_system;reset_password;check_status
435,I need you to scan auth-svc-04 for malicious files.,"Yo, scan auth-svc-04 for malicious files.",scan_malware,paraphrase_variant,,435,,scan_malware,6,scan_malware,True,1,scan_malware;quarantine_system;log_audit_event;reset_password;check_status
436,I need you to check ml-infer-05 for indicators of compromise.,I need you to check ml-infer-05 for indicators of compromise.,scan_malware,paraphrase_original,,436,,scan_malware,6,generate_report,False,7,generate_report;log_audit_event;check_status;process_refund;send_notification
436,I need you to check ml-infer-05 for indicators of compromise.,Would anyone be able to check ml-infer-05 for indicators of compromise?,scan_malware,paraphrase_variant,,436,,scan_malware,6,generate_report,False,5,generate_report;log_audit_event;check_status;send_notification;scan_malware
436,I need you to check ml-infer-05 for indicators of compromise.,"Hey, can you check ml-infer-05 for indicators of compromise.",scan_malware,paraphrase_variant,,436,,scan_malware,6,log_audit_event,False,4,log_audit_event;generate_report;check_status;scan_malware;send_notification
436,I need you to check ml-infer-05 for indicators of compromise.,I'd appreciate it if you could check ml-infer-05 for indicators of compromise.,scan_malware,paraphrase_variant,,436,,scan_malware,6,generate_report,False,6,generate_report;log_audit_event;check_status;send_notification;process_refund
436,I need you to check ml-infer-05 for indicators of compromise.,What we need is for check ml-infer-05 for indicators of compromise.,scan_malware,paraphrase_variant,,436,,scan_malware,6,generate_report,False,6,generate_report;log_audit_event;check_status;send_notification;quarantine_system
438,I need you to perform a threat scan on auth-svc-04.,I need you to perform a threat scan on auth-svc-04.,scan_malware,paraphrase_original,,438,,scan_malware,6,scan_malware,True,1,scan_malware;quarantine_system;log_audit_event;reset_password;check_status
438,I need you to perform a threat scan on auth-svc-04.,"Yo, perform a threat scan on auth-svc-04.",scan_malware,paraphrase_variant,,438,,scan_malware,6,scan_malware,True,1,scan_malware;quarantine_system;log_audit_event;reset_password;restart_service
438,I need you to perform a threat scan on auth-svc-04.,Would anyone be able to perform a threat scan on auth-svc-04?,scan_malware,paraphrase_variant,,438,,scan_malware,6,scan_malware,True,1,scan_malware;quarantine_system;log_audit_event;reset_password;send_notification
438,I need you to perform a threat scan on auth-svc-04.,perform a threat scan on auth-svc-04 -- that's what needs to happen.,scan_malware,paraphrase_variant,,438,,scan_malware,6,scan_malware,True,1,scan_malware;quarantine_system;log_audit_event;reset_password;restart_service
438,I need you to perform a threat scan on auth-svc-04.,We request that you perform a threat scan on auth-svc-04.,scan_malware,paraphrase_variant,,438,,scan_malware,6,scan_malware,True,1,scan_malware;quarantine_system;log_audit_event;reset_password;send_notification
441,I need you to run an IOC check against prod-web-01.,I need you to run an IOC check against prod-web-01.,scan_malware,paraphrase_original,,441,,scan_malware,6,quarantine_system,False,3,quarantine_system;check_status;scan_malware;provision_vm;send_notification
441,I need you to run an IOC check against prod-web-01.,The situation requires run an ioc check against prod-web-01.,scan_malware,paraphrase_variant,,441,,scan_malware,6,quarantine_system,False,4,quarantine_system;check_status;provision_vm;scan_malware;restart_service
441,I need you to run an IOC check against prod-web-01.,Would you mind run an ioc check against prod-web-01.,scan_malware,paraphrase_variant,,441,,scan_malware,6,quarantine_system,False,2,quarantine_system;scan_malware;check_status;provision_vm;send_notification
441,I need you to run an IOC check against prod-web-01.,"Yo, run an ioc check against prod-web-01.",scan_malware,paraphrase_variant,,441,,scan_malware,6,quarantine_system,False,2,quarantine_system;scan_malware;check_status;provision_vm;restart_service
441,I need you to run an IOC check against prod-web-01.,Could someone run an ioc check against prod-web-01?,scan_malware,paraphrase_variant,,441,,scan_malware,6,quarantine_system,False,3,quarantine_system;check_status;scan_malware;send_notification;provision_vm
443,We should scan cdn-edge-06 for malicious files.,We should scan cdn-edge-06 for malicious files.,scan_malware,paraphrase_original,,443,,scan_malware,6,scan_malware,True,1,scan_malware;quarantine_system;send_notification;log_audit_event;provision_vm
443,We should scan cdn-edge-06 for malicious files.,Who can we should scan cdn-edge-06 for malicious files?,scan_malware,paraphrase_variant,,443,,scan_malware,6,scan_malware,True,1,scan_malware;quarantine_system;send_notification;escalate_to_human;log_audit_event
443,We should scan cdn-edge-06 for malicious files.,"Hey, can you we should scan cdn-edge-06 for malicious files.",scan_malware,paraphrase_variant,,443,,scan_malware,6,scan_malware,True,1,scan_malware;quarantine_system;log_audit_event;send_notification;generate_report
443,We should scan cdn-edge-06 for malicious files.,Could you please we should scan cdn-edge-06 for malicious files.,scan_malware,paraphrase_variant,,443,,scan_malware,6,scan_malware,True,1,scan_malware;quarantine_system;log_audit_event;send_notification;provision_vm
443,We should scan cdn-edge-06 for malicious files.,The situation requires we should scan cdn-edge-06 for malicious files.,scan_malware,paraphrase_variant,,443,,scan_malware,6,scan_malware,True,1,scan_malware;quarantine_system;log_audit_event;send_notification;provision_vm
454,Let's perform a threat scan on payment-api-03.,Let's perform a threat scan on payment-api-03.,scan_malware,paraphrase_original,,454,,scan_malware,6,scan_malware,True,1,scan_malware;quarantine_system;process_refund;log_audit_event;check_status
454,Let's perform a threat scan on payment-api-03.,Need you to let's perform a threat scan on payment-api-03.,scan_malware,paraphrase_variant,,454,,scan_malware,6,scan_malware,True,1,scan_malware;quarantine_system;log_audit_event;process_refund;check_status
454,Let's perform a threat scan on payment-api-03.,I'd appreciate it if you could let's perform a threat scan on payment-api-03.,scan_malware,paraphrase_variant,,454,,scan_malware,6,scan_malware,True,1,scan_malware;quarantine_system;log_audit_event;process_refund;send_notification
454,Let's perform a threat scan on payment-api-03.,let's perform a threat scan on payment-api-03 -- that's what needs to happen.,scan_malware,paraphrase_variant,,454,,scan_malware,6,scan_malware,True,1,scan_malware;quarantine_system;process_refund;log_audit_event;check_status
454,Let's perform a threat scan on payment-api-03.,Would anyone be able to let's perform a threat scan on payment-api-03?,scan_malware,paraphrase_variant,,454,,scan_malware,6,scan_malware,True,1,scan_malware;quarantine_system;log_audit_event;send_notification;process_refund
455,Let's sweep payment-api-03 for infections.,Let's sweep payment-api-03 for infections.,scan_malware,paraphrase_original,,455,,scan_malware,6,scan_malware,True,1,scan_malware;quarantine_system;process_refund;escalate_to_human;send_notification
455,Let's sweep payment-api-03 for infections.,Do me a favor and let's sweep payment-api-03 for infections.,scan_malware,paraphrase_variant,,455,,scan_malware,6,scan_malware,True,1,scan_malware;quarantine_system;process_refund;escalate_to_human;send_notification
455,Let's sweep payment-api-03 for infections.,Would anyone be able to let's sweep payment-api-03 for infections?,scan_malware,paraphrase_variant,,455,,scan_malware,6,scan_malware,True,1,scan_malware;quarantine_system;process_refund;escalate_to_human;log_audit_event
455,Let's sweep payment-api-03 for infections.,The situation requires let's sweep payment-api-03 for infections.,scan_malware,paraphrase_variant,,455,,scan_malware,6,quarantine_system,False,3,quarantine_system;escalate_to_human;scan_malware;process_refund;send_notification
455,Let's sweep payment-api-03 for infections.,Kindly let's sweep payment-api-03 for infections.,scan_malware,paraphrase_variant,,455,,scan_malware,6,scan_malware,True,1,scan_malware;quarantine_system;process_refund;escalate_to_human;send_notification
460,Kindly check staging-db-02 for indicators of compromise.,Kindly check staging-db-02 for indicators of compromise.,scan_malware,paraphrase_original,,460,,scan_malware,6,generate_report,False,7,generate_report;log_audit_event;check_status;db_read;create_ticket
460,Kindly check staging-db-02 for indicators of compromise.,Gonna need you to check staging-db-02 for indicators of compromise.,scan_malware,paraphrase_variant,,460,,scan_malware,6,generate_report,False,8,generate_report;log_audit_event;db_read;check_status;create_ticket
460,Kindly check staging-db-02 for indicators of compromise.,Who can check staging-db-02 for indicators of compromise?,scan_malware,paraphrase_variant,,460,,scan_malware,6,generate_report,False,7,generate_report;check_status;log_audit_event;db_read;send_notification
460,Kindly check staging-db-02 for indicators of compromise.,Could you please check staging-db-02 for indicators of compromise.,scan_malware,paraphrase_variant,,460,,scan_malware,6,generate_report,False,8,generate_report;log_audit_event;check_status;db_read;send_notification
460,Kindly check staging-db-02 for indicators of compromise.,The situation requires check staging-db-02 for indicators of compromise.,scan_malware,paraphrase_variant,,460,,scan_malware,6,generate_report,False,12,generate_report;check_status;db_read;log_audit_event;send_notification
463,Kindly sweep payment-api-03 for infections.,Kindly sweep payment-api-03 for infections.,scan_malware,paraphrase_original,,463,,scan_malware,6,scan_malware,True,1,scan_malware;quarantine_system;process_refund;escalate_to_human;check_status
463,Kindly sweep payment-api-03 for infections.,Would anyone be able to sweep payment-api-03 for infections?,scan_malware,paraphrase_variant,,463,,scan_malware,6,scan_malware,True,1,scan_malware;quarantine_system;process_refund;log_audit_event;escalate_to_human
463,Kindly sweep payment-api-03 for infections.,sweep payment-api-03 for infections -- that's what needs to happen.,scan_malware,paraphrase_variant,,463,,scan_malware,6,quarantine_system,False,2,quarantine_system;scan_malware;process_refund;escalate_to_human;log_audit_event
463,Kindly sweep payment-api-03 for infections.,I'd appreciate it if you could sweep payment-api-03 for infections.,scan_malware,paraphrase_variant,,463,,scan_malware,6,scan_malware,True,1,scan_malware;quarantine_system;process_refund;log_audit_event;send_notification
463,Kindly sweep payment-api-03 for infections.,Gonna need you to sweep payment-api-03 for infections.,scan_malware,paraphrase_variant,,463,,scan_malware,6,scan_malware,True,1,scan_malware;quarantine_system;process_refund;escalate_to_human;check_status
465,Kindly run an IOC check against auth-svc-04.,Kindly run an IOC check against auth-svc-04.,scan_malware,paraphrase_original,,465,,scan_malware,6,check_status,False,4,check_status;log_audit_event;quarantine_system;scan_malware;restart_service
465,Kindly run an IOC check against auth-svc-04.,Would you mind run an ioc check against auth-svc-04.,scan_malware,paraphrase_variant,,465,,scan_malware,6,scan_malware,True,1,scan_malware;log_audit_event;check_status;quarantine_system;restart_service
465,Kindly run an IOC check against auth-svc-04.,Need you to run an ioc check against auth-svc-04.,scan_malware,paraphrase_variant,,465,,scan_malware,6,check_status,False,5,check_status;log_audit_event;quarantine_system;restart_service;scan_malware
465,Kindly run an IOC check against auth-svc-04.,Is it possible to run an ioc check against auth-svc-04?,scan_malware,paraphrase_variant,,465,,scan_malware,6,check_status,False,3,check_status;log_audit_event;scan_malware;quarantine_system;restart_service
465,Kindly run an IOC check against auth-svc-04.,It would help if run an ioc check against auth-svc-04.,scan_malware,paraphrase_variant,,465,,scan_malware,6,check_status,False,4,check_status;log_audit_event;quarantine_system;scan_malware;restart_service
479,Please create the analytics report for Engineering.,Please create the analytics report for Engineering.,generate_report,paraphrase_original,,479,,generate_report,7,generate_report,True,1,generate_report;log_audit_event;create_ticket;provision_vm;send_notification
479,Please create the analytics report for Engineering.,Is it possible to create the analytics report for engineering?,generate_report,paraphrase_variant,,479,,generate_report,7,generate_report,True,1,generate_report;create_ticket;log_audit_event;provision_vm;send_notification
479,Please create the analytics report for Engineering.,create the analytics report for engineering -- that's what needs to happen.,generate_report,paraphrase_variant,,479,,generate_report,7,generate_report,True,1,generate_report;create_ticket;send_notification;provision_vm;log_audit_event
479,Please create the analytics report for Engineering.,"Hey, can you create the analytics report for engineering.",generate_report,paraphrase_variant,,479,,generate_report,7,generate_report,True,1,generate_report;log_audit_event;create_ticket;provision_vm;send_notification
479,Please create the analytics report for Engineering.,Kindly create the analytics report for engineering.,generate_report,paraphrase_variant,,479,,generate_report,7,generate_report,True,1,generate_report;log_audit_event;create_ticket;provision_vm;send_notification
481,Please put together a performance summary for Engineering.,Please put together a performance summary for Engineering.,generate_report,paraphrase_original,,481,,generate_report,7,generate_report,True,1,generate_report;provision_vm;quarantine_system;send_notification;create_ticket
481,Please put together a performance summary for Engineering.,I'd appreciate it if you could put together a performance summary for engineering.,generate_report,paraphrase_variant,,481,,generate_report,7,generate_report,True,1,generate_report;create_ticket;provision_vm;send_notification;log_audit_event
481,Please put together a performance summary for Engineering.,Is it possible to put together a performance summary for engineering?,generate_report,paraphrase_variant,,481,,generate_report,7,generate_report,True,1,generate_report;create_ticket;send_notification;log_audit_event;provision_vm
481,Please put together a performance summary for Engineering.,put together a performance summary for engineering -- that's what needs to happen.,generate_report,paraphrase_variant,,481,,generate_report,7,generate_report,True,1,generate_report;create_ticket;send_notification;provision_vm;quarantine_system
481,Please put together a performance summary for Engineering.,Need you to put together a performance summary for engineering.,generate_report,paraphrase_variant,,481,,generate_report,7,generate_report,True,1,generate_report;create_ticket;provision_vm;send_notification;quarantine_system
492,Can you draft a metrics report for Marketing?,Can you draft a metrics report for Marketing?,generate_report,paraphrase_original,,492,,generate_report,7,generate_report,True,1,generate_report;send_notification;provision_vm;db_write;process_refund
492,Can you draft a metrics report for Marketing?,Is it possible to draft a metrics report for marketing?,generate_report,paraphrase_variant,,492,,generate_report,7,generate_report,True,1,generate_report;send_notification;provision_vm;create_ticket;update_subscription
492,Can you draft a metrics report for Marketing?,Do me a favor and draft a metrics report for marketing.,generate_report,paraphrase_variant,,492,,generate_report,7,generate_report,True,1,generate_report;send_notification;process_refund;provision_vm;update_subscription
492,Can you draft a metrics report for Marketing?,draft a metrics report for marketing -- that's what needs to happen.,generate_report,paraphrase_variant,,492,,generate_report,7,generate_report,True,1,generate_report;send_notification;provision_vm;process_refund;create_ticket
492,Can you draft a metrics report for Marketing?,We request that you draft a metrics report for marketing.,generate_report,paraphrase_variant,,492,,generate_report,7,generate_report,True,1,generate_report;send_notification;provision_vm;process_refund;update_subscription
493,Could you generate a diagnostics report for payment-api-03 for me?,Could you generate a diagnostics report for payment-api-03 for me?,generate_report,paraphrase_original,,493,,generate_report,7,check_status,False,2,check_status;generate_report;create_ticket;log_audit_event;process_refund
493,Could you generate a diagnostics report for payment-api-03 for me?,Quick one -- generate a diagnostics report for payment-api-03 for me.,generate_report,paraphrase_variant,,493,,generate_report,7,check_status,False,3,check_status;create_ticket;generate_report;log_audit_event;process_refund
493,Could you generate a diagnostics report for payment-api-03 for me?,Kindly generate a diagnostics report for payment-api-03 for me.,generate_report,paraphrase_variant,,493,,generate_report,7,check_status,False,5,check_status;log_audit_event;create_ticket;process_refund;generate_report
493,Could you generate a diagnostics report for payment-api-03 for me?,Is it possible to generate a diagnostics report for payment-api-03 for me?,generate_report,paraphrase_variant,,493,,generate_report,7,create_ticket,False,3,create_ticket;check_status;generate_report;log_audit_event;scan_malware
493,Could you generate a diagnostics report for payment-api-03 for me?,generate a diagnostics report for payment-api-03 for me -- that's what needs to happen.,generate_report,paraphrase_variant,,493,,generate_report,7,check_status,False,2,check_status;generate_report;create_ticket;scan_malware;log_audit_event
494,Could you compile a summary for Engineering for me?,Could you compile a summary for Engineering for me?,generate_report,paraphrase_original,,494,,generate_report,7,generate_report,True,1,generate_report;create_ticket;log_audit_event;send_notification;provision_vm
494,Could you compile a summary for Engineering for me?,Would anyone be able to compile a summary for engineering for me?,generate_report,paraphrase_variant,,494,,generate_report,7,generate_report,True,1,generate_report;create_ticket;log_audit_event;send_notification;provision_vm
494,Could you compile a summary for Engineering for me?,What we need is for compile a summary for engineering for me.,generate_report,paraphrase_variant,,494,,generate_report,7,generate_report,True,1,generate_report;create_ticket;send_notification;log_audit_event;provision_vm
494,Could you compile a summary for Engineering for me?,I'd appreciate it if you could compile a summary for engineering for me.,generate_report,paraphrase_variant,,494,,generate_report,7,generate_report,True,1,generate_report;create_ticket;send_notification;provision_vm;log_audit_event
494,Could you compile a summary for Engineering for me?,Gonna need you to compile a summary for engineering for me.,generate_report,paraphrase_variant,,494,,generate_report,7,generate_report,True,1,generate_report;create_ticket;send_notification;provision_vm;log_audit_event
495,Could you create the analytics report for Marketing for me?,Could you create the analytics report for Marketing for me?,generate_report,paraphrase_original,,495,,generate_report,7,generate_report,True,1,generate_report;db_read;db_write;send_notification;process_refund
495,Could you create the analytics report for Marketing for me?,Would you mind create the analytics report for marketing for me.,generate_report,paraphrase_variant,,495,,generate_report,7,generate_report,True,1,generate_report;db_write;process_refund;create_ticket;db_read
495,Could you create the analytics report for Marketing for me?,The situation requires create the analytics report for marketing for me.,generate_report,paraphrase_variant,,495,,generate_report,7,generate_report,True,1,generate_report;create_ticket;process_refund;send_notification;provision_vm
495,Could you create the analytics report for Marketing for me?,Quick one -- create the analytics report for marketing for me.,generate_report,paraphrase_variant,,495,,generate_report,7,generate_report,True,1,generate_report;create_ticket;process_refund;send_notification;provision_vm
495,Could you create the analytics report for Marketing for me?,Is it possible to create the analytics report for marketing for me?,generate_report,paraphrase_variant,,495,,generate_report,7,generate_report,True,1,generate_report;db_read;create_ticket;db_write;send_notification
504,I need you to produce a compliance report for Finance.,I need you to produce a compliance report for Finance.,generate_report,paraphrase_original,,504,,generate_report,7,log_audit_event,False,2,log_audit_event;generate_report;process_refund;create_ticket;check_status
504,I need you to produce a compliance report for Finance.,produce a compliance report for finance -- that's what needs to happen.,generate_report,paraphrase_variant,,504,,generate_report,7,log_audit_event,False,2,log_audit_event;generate_report;create_ticket;process_refund;check_status
504,I need you to produce a compliance report for Finance.,"Yo, produce a compliance report for finance.",generate_report,paraphrase_variant,,504,,generate_report,7,log_audit_event,False,2,log_audit_event;generate_report;process_refund;check_status;create_ticket
504,I need you to produce a compliance report for Finance.,Please produce a compliance report for finance.,generate_report,paraphrase_variant,,504,,generate_report,7,log_audit_event,False,2,log_audit_event;generate_report;process_refund;check_status;create_ticket
504,I need you to produce a compliance report for Finance.,Would anyone be able to produce a compliance report for finance?,generate_report,paraphrase_variant,,504,,generate_report,7,log_audit_event,False,2,log_audit_event;generate_report;create_ticket;process_refund;db_read
507,I need you to prepare the reporting bundle for Engineering.,I need you to prepare the reporting bundle for Engineering.,generate_report,paraphrase_original,,507,,generate_report,7,generate_report,True,1,generate_report;create_ticket;send_notification;provision_vm;quarantine_system
507,I need you to prepare the reporting bundle for Engineering.,Please prepare the reporting bundle for engineering.,generate_report,paraphrase_variant,,507,,generate_report,7,generate_report,True,1,generate_report;send_notification;quarantine_system;provision_vm;create_ticket
507,I need you to prepare the reporting bundle for Engineering.,"Hey, can you prepare the reporting bundle for engineering.",generate_report,paraphrase_variant,,507,,generate_report,7,generate_report,True,1,generate_report;create_ticket;send_notification;provision_vm;quarantine_system
507,I need you to prepare the reporting bundle for Engineering.,Who can prepare the reporting bundle for engineering?,generate_report,paraphrase_variant,,507,,generate_report,7,generate_report,True,1,generate_report;create_ticket;send_notification;escalate_to_human;log_audit_event
507,I need you to prepare the reporting bundle for Engineering.,The situation requires prepare the reporting bundle for engineering.,generate_report,paraphrase_variant,,507,,generate_report,7,generate_report,True,1,generate_report;create_ticket;send_notification;quarantine_system;escalate_to_human
523,Let's prepare the reporting bundle for HR.,Let's prepare the reporting bundle for HR.,generate_report,paraphrase_original,,523,,generate_report,7,generate_report,True,1,generate_report;check_status;process_refund;update_subscription;send_notification
523,Let's prepare the reporting bundle for HR.,Would you mind let's prepare the reporting bundle for hr.,generate_report,paraphrase_variant,,523,,generate_report,7,generate_report,True,1,generate_report;create_ticket;process_refund;update_subscription;send_notification
523,Let's prepare the reporting bundle for HR.,It would help if let's prepare the reporting bundle for hr.,generate_report,paraphrase_variant,,523,,generate_report,7,generate_report,True,1,generate_report;create_ticket;process_refund;send_notification;check_status
523,Let's prepare the reporting bundle for HR.,Gonna need you to let's prepare the reporting bundle for hr.,generate_report,paraphrase_variant,,523,,generate_report,7,generate_report,True,1,generate_report;check_status;create_ticket;process_refund;send_notification
523,Let's prepare the reporting bundle for HR.,Could someone let's prepare the reporting bundle for hr?,generate_report,paraphrase_variant,,523,,generate_report,7,generate_report,True,1,generate_report;check_status;create_ticket;send_notification;process_refund
531,Kindly prepare the reporting bundle for HR.,Kindly prepare the reporting bundle for HR.,generate_report,paraphrase_original,,531,,generate_report,7,generate_report,True,1,generate_report;check_status;process_refund;send_notification;log_audit_event
531,Kindly prepare the reporting bundle for HR.,Please prepare the reporting bundle for hr.,generate_report,paraphrase_variant,,531,,generate_report,7,generate_report,True,1,generate_report;check_status;process_refund;send_notification;quarantine_system
531,Kindly prepare the reporting bundle for HR.,Would anyone be able to prepare the reporting bundle for hr?,generate_report,paraphrase_variant,,531,,generate_report,7,generate_report,True,1,generate_report;create_ticket;check_status;log_audit_event;send_notification
531,Kindly prepare the reporting bundle for HR.,prepare the reporting bundle for hr -- that's what needs to happen.,generate_report,paraphrase_variant,,531,,generate_report,7,generate_report,True,1,generate_report;process_refund;check_status;create_ticket;quarantine_system
531,Kindly prepare the reporting bundle for HR.,Gonna need you to prepare the reporting bundle for hr.,generate_report,paraphrase_variant,,531,,generate_report,7,generate_report,True,1,generate_report;check_status;create_ticket;process_refund;log_audit_event
537,process the refund for Charlie.,process the refund for Charlie.,process_refund,paraphrase_original,,537,,process_refund,8,process_refund,True,1,process_refund;restart_service;quarantine_system;escalate_to_human;create_ticket
537,process the refund for Charlie.,Please process the refund for charlie.,process_refund,paraphrase_variant,,537,,process_refund,8,process_refund,True,1,process_refund;restart_service;quarantine_system;generate_report;create_ticket
537,process the refund for Charlie.,Could someone process the refund for charlie?,process_refund,paraphrase_variant,,537,,process_refund,8,process_refund,True,1,process_refund;log_audit_event;db_read;restart_service;generate_report
537,process the refund for Charlie.,The situation requires process the refund for charlie.,process_refund,paraphrase_variant,,537,,process_refund,8,process_refund,True,1,process_refund;restart_service;escalate_to_human;create_ticket;quarantine_system
537,process the refund for Charlie.,Do me a favor and process the refund for charlie.,process_refund,paraphrase_variant,,537,,process_refund,8,process_refund,True,1,process_refund;restart_service;create_ticket;quarantine_system;escalate_to_human
540,reverse the payment for Charlie.,reverse the payment for Charlie.,process_refund,paraphrase_original,,540,,process_refund,8,process_refund,True,1,process_refund;restart_service;quarantine_system;escalate_to_human;provision_vm
540,reverse the payment for Charlie.,Could someone reverse the payment for charlie?,process_refund,paraphrase_variant,,540,,process_refund,8,process_refund,True,1,process_refund;quarantine_system;escalate_to_human;restart_service;reset_password
540,reverse the payment for Charlie.,reverse the payment for charlie -- that's what needs to happen.,process_refund,paraphrase_variant,,540,,process_refund,8,process_refund,True,1,process_refund;quarantine_system;escalate_to_human;restart_service;provision_vm
540,reverse the payment for Charlie.,I'd appreciate it if you could reverse the payment for charlie.,process_refund,paraphrase_variant,,540,,process_refund,8,process_refund,True,1,process_refund;db_write;quarantine_system;restart_service;provision_vm
540,reverse the payment for Charlie.,Quick one -- reverse the payment for charlie.,process_refund,paraphrase_variant,,540,,process_refund,8,process_refund,True,1,process_refund;quarantine_system;escalate_to_human;restart_service;provision_vm
541,send Eve a payout reversal.,send Eve a payout reversal.,process_refund,paraphrase_original,,541,,process_refund,8,process_refund,True,1,process_refund;escalate_to_human;send_notification;provision_vm;restart_service
541,send Eve a payout reversal.,Would you mind send eve a payout reversal.,process_refund,paraphrase_variant,,541,,process_refund,8,process_refund,True,1,process_refund;escalate_to_human;provision_vm;send_notification;quarantine_system
541,send Eve a payout reversal.,send eve a payout reversal -- that's what needs to happen.,process_refund,paraphrase_variant,,541,,process_refund,8,escalate_to_human,False,4,escalate_to_human;provision_vm;send_notification;process_refund;quarantine_system
541,send Eve a payout reversal.,Is it possible to send eve a payout reversal?,process_refund,paraphrase_variant,,541,,process_refund,8,process_refund,True,1,process_refund;escalate_to_human;quarantine_system;provision_vm;send_notification
541,send Eve a payout reversal.,"Hey, can you send eve a payout reversal.",process_refund,paraphrase_variant,,541,,process_refund,8,process_refund,True,1,process_refund;escalate_to_human;provision_vm;send_notification;quarantine_system
543,put the refund through for Bob.,put the refund through for Bob.,process_refund,paraphrase_original,,543,,process_refund,8,process_refund,True,1,process_refund;restart_service;escalate_to_human;create_ticket;log_audit_event
543,put the refund through for Bob.,Need you to put the refund through for bob.,process_refund,paraphrase_variant,,543,,process_refund,8,process_refund,True,1,process_refund;log_audit_event;generate_report;db_read;create_ticket
543,put the refund through for Bob.,Would anyone be able to put the refund through for bob?,process_refund,paraphrase_variant,,543,,process_refund,8,process_refund,True,1,process_refund;generate_report;log_audit_event;db_read;reset_password
543,put the refund through for Bob.,Could you please put the refund through for bob.,process_refund,paraphrase_variant,,543,,process_refund,8,process_refund,True,1,process_refund;log_audit_event;generate_report;reset_password;create_ticket
543,put the refund through for Bob.,It would help if put the refund through for bob.,process_refund,paraphrase_variant,,543,,process_refund,8,process_refund,True,1,process_refund;log_audit_event;create_ticket;generate_report;restart_service
546,Please return the money to Frank.,Please return the money to Frank.,process_refund,paraphrase_original,,546,,process_refund,8,process_refund,True,1,process_refund;restart_service;provision_vm;escalate_to_human;quarantine_system
546,Please return the money to Frank.,Gonna need you to return the money to frank.,process_refund,paraphrase_variant,,546,,process_refund,8,process_refund,True,1,process_refund;provision_vm;create_ticket;escalate_to_human;restart_service
546,Please return the money to Frank.,It would help if return the money to frank.,process_refund,paraphrase_variant,,546,,process_refund,8,process_refund,True,1,process_refund;create_ticket;escalate_to_human;provision_vm;restart_service
546,Please return the money to Frank.,Please return the money to frank.,process_refund,paraphrase_variant,,546,,process_refund,8,process_refund,True,1,process_refund;restart_service;provision_vm;escalate_to_human;quarantine_system
546,Please return the money to Frank.,Could someone return the money to frank?,process_refund,paraphrase_variant,,546,,process_refund,8,process_refund,True,1,process_refund;escalate_to_human;create_ticket;restart_service;reset_password
547,Please issue the refund linked to #60122.,Please issue the refund linked to #60122.,process_refund,paraphrase_original,,547,,process_refund,8,process_refund,True,1,process_refund;create_ticket;restart_service;generate_report;provision_vm
547,Please issue the refund linked to #60122.,We request that you issue the refund linked to #60122.,process_refund,paraphrase_variant,,547,,process_refund,8,process_refund,True,1,process_refund;create_ticket;restart_service;provision_vm;generate_report
547,Please issue the refund linked to #60122.,The situation requires issue the refund linked to #60122.,process_refund,paraphrase_variant,,547,,process_refund,8,process_refund,True,1,process_refund;create_ticket;generate_report;provision_vm;restart_service
547,Please issue the refund linked to #60122.,"Yo, issue the refund linked to #60122.",process_refund,paraphrase_variant,,547,,process_refund,8,process_refund,True,1,process_refund;create_ticket;provision_vm;db_write;restart_service
547,Please issue the refund linked to #60122.,Is it possible to issue the refund linked to #60122?,process_refund,paraphrase_variant,,547,,process_refund,8,process_refund,True,1,process_refund;create_ticket;provision_vm;generate_report;db_write
564,Could you reverse the payment for Diana for me?,Could you reverse the payment for Diana for me?,process_refund,paraphrase_original,,564,,process_refund,8,process_refund,True,1,process_refund;db_write;db_read;log_audit_event;generate_report
564,Could you reverse the payment for Diana for me?,We request that you reverse the payment for diana for me.,process_refund,paraphrase_variant,,564,,process_refund,8,process_refund,True,1,process_refund;db_write;escalate_to_human;restart_service;db_read
564,Could you reverse the payment for Diana for me?,"Yo, reverse the payment for diana for me.",process_refund,paraphrase_variant,,564,,process_refund,8,process_refund,True,1,process_refund;db_write;db_read;escalate_to_human;restart_service
564,Could you reverse the payment for Diana for me?,The situation requires reverse the payment for diana for me.,process_refund,paraphrase_variant,,564,,process_refund,8,process_refund,True,1,process_refund;escalate_to_human;create_ticket;db_read;db_write
564,Could you reverse the payment for Diana for me?,Who can reverse the payment for diana for me?,process_refund,paraphrase_variant,,564,,process_refund,8,process_refund,True,1,process_refund;db_read;escalate_to_human;log_audit_event;db_write
575,I need you to put the refund through for Eve.,I need you to put the refund through for Eve.,process_refund,paraphrase_original,,575,,process_refund,8,process_refund,True,1,process_refund;db_write;generate_report;provision_vm;log_audit_event
575,I need you to put the refund through for Eve.,The situation requires put the refund through for eve.,process_refund,paraphrase_variant,,575,,process_refund,8,process_refund,True,1,process_refund;escalate_to_human;provision_vm;log_audit_event;create_ticket
575,I need you to put the refund through for Eve.,"Yo, put the refund through for eve.",process_refund,paraphrase_variant,,575,,process_refund,8,process_refund,True,1,process_refund;provision_vm;db_write;escalate_to_human;generate_report
575,I need you to put the refund through for Eve.,Would anyone be able to put the refund through for eve?,process_refund,paraphrase_variant,,575,,process_refund,8,process_refund,True,1,process_refund;generate_report;log_audit_event;db_write;provision_vm
575,I need you to put the refund through for Eve.,I'd appreciate it if you could put the refund through for eve.,process_refund,paraphrase_variant,,575,,process_refund,8,process_refund,True,1,process_refund;db_write;log_audit_event;generate_report;provision_vm
576,We should refund transaction #60122.,We should refund transaction #60122.,process_refund,paraphrase_original,,576,,process_refund,8,process_refund,True,1,process_refund;restart_service;generate_report;db_write;update_subscription
576,We should refund transaction #60122.,What we need is for we should refund transaction #60122.,process_refund,paraphrase_variant,,576,,process_refund,8,process_refund,True,1,process_refund;db_write;generate_report;create_ticket;restart_service
576,We should refund transaction #60122.,Could you please we should refund transaction #60122.,process_refund,paraphrase_variant,,576,,process_refund,8,process_refund,True,1,process_refund;generate_report;restart_service;db_write;log_audit_event
576,We should refund transaction #60122.,Need you to we should refund transaction #60122.,process_refund,paraphrase_variant,,576,,process_refund,8,process_refund,True,1,process_refund;generate_report;db_write;restart_service;create_ticket
576,We should refund transaction #60122.,Would anyone be able to we should refund transaction #60122?,process_refund,paraphrase_variant,,576,,process_refund,8,process_refund,True,1,process_refund;generate_report;db_write;log_audit_event;create_ticket
577,We should reverse the charge tied to #60122.,We should reverse the charge tied to #60122.,process_refund,paraphrase_original,,577,,process_refund,8,process_refund,True,1,process_refund;restart_service;quarantine_system;provision_vm;generate_report
577,We should reverse the charge tied to #60122.,Is it possible to we should reverse the charge tied to #60122?,process_refund,paraphrase_variant,,577,,process_refund,8,process_refund,True,1,process_refund;restart_service;quarantine_system;provision_vm;escalate_to_human
577,We should reverse the charge tied to #60122.,We request that you we should reverse the charge tied to #60122.,process_refund,paraphrase_variant,,577,,process_refund,8,process_refund,True,1,process_refund;restart_service;quarantine_system;provision_vm;send_notification
577,We should reverse the charge tied to #60122.,What we need is for we should reverse the charge tied to #60122.,process_refund,paraphrase_variant,,577,,process_refund,8,process_refund,True,1,process_refund;provision_vm;restart_service;quarantine_system;generate_report
577,We should reverse the charge tied to #60122.,Need you to we should reverse the charge tied to #60122.,process_refund,paraphrase_variant,,577,,process_refund,8,process_refund,True,1,process_refund;restart_service;quarantine_system;generate_report;provision_vm
578,We should return the money to Eve.,We should return the money to Eve.,process_refund,paraphrase_original,,578,,process_refund,8,provision_vm,False,3,provision_vm;restart_service;process_refund;quarantine_system;update_subscription
578,We should return the money to Eve.,Gonna need you to we should return the money to eve.,process_refund,paraphrase_variant,,578,,process_refund,8,provision_vm,False,2,provision_vm;process_refund;restart_service;quarantine_system;escalate_to_human
578,We should return the money to Eve.,Is it possible to we should return the money to eve?,process_refund,paraphrase_variant,,578,,process_refund,8,provision_vm,False,2,provision_vm;process_refund;quarantine_system;restart_service;escalate_to_human
578,We should return the money to Eve.,we should return the money to eve -- that's what needs to happen.,process_refund,paraphrase_variant,,578,,process_refund,8,provision_vm,False,3,provision_vm;quarantine_system;process_refund;escalate_to_human;restart_service
578,We should return the money to Eve.,We request that you we should return the money to eve.,process_refund,paraphrase_variant,,578,,process_refund,8,provision_vm,False,3,provision_vm;restart_service;process_refund;send_notification;quarantine_system
585,Let's process the refund for Bob.,Let's process the refund for Bob.,process_refund,paraphrase_original,,585,,process_refund,8,process_refund,True,1,process_refund;restart_service;check_status;quarantine_system;create_ticket
585,Let's process the refund for Bob.,Could you please let's process the refund for bob.,process_refund,paraphrase_variant,,585,,process_refund,8,process_refund,True,1,process_refund;restart_service;create_ticket;log_audit_event;generate_report
585,Let's process the refund for Bob.,What we need is for let's process the refund for bob.,process_refund,paraphrase_variant,,585,,process_refund,8,process_refund,True,1,process_refund;restart_service;create_ticket;send_notification;generate_report
585,Let's process the refund for Bob.,Who can let's process the refund for bob?,process_refund,paraphrase_variant,,585,,process_refund,8,process_refund,True,1,process_refund;restart_service;escalate_to_human;create_ticket;log_audit_event
585,Let's process the refund for Bob.,"Yo, let's process the refund for bob.",process_refund,paraphrase_variant,,585,,process_refund,8,process_refund,True,1,process_refund;restart_service;create_ticket;quarantine_system;check_status
586,Let's process a refund for #20891.,Let's process a refund for #20891.,process_refund,paraphrase_original,,586,,process_refund,8,process_refund,True,1,process_refund;restart_service;create_ticket;generate_report;db_write
586,Let's process a refund for #20891.,"Hey, can you let's process a refund for #20891.",process_refund,paraphrase_variant,,586,,process_refund,8,process_refund,True,1,process_refund;create_ticket;generate_report;db_write;restart_service
586,Let's process a refund for #20891.,Would you mind let's process a refund for #20891.,process_refund,paraphrase_variant,,586,,process_refund,8,process_refund,True,1,process_refund;create_ticket;generate_report;db_write;restart_service
586,Let's process a refund for #20891.,Who can let's process a refund for #20891?,process_refund,paraphrase_variant,,586,,process_refund,8,process_refund,True,1,process_refund;create_ticket;log_audit_event;restart_service;escalate_to_human
586,Let's process a refund for #20891.,What we need is for let's process a refund for #20891.,process_refund,paraphrase_variant,,586,,process_refund,8,process_refund,True,1,process_refund;create_ticket;generate_report;restart_service;send_notification
589,Let's send Alice a payout reversal.,Let's send Alice a payout reversal.,process_refund,paraphrase_original,,589,,process_refund,8,escalate_to_human,False,2,escalate_to_human;process_refund;send_notification;create_ticket;restart_service
589,Let's send Alice a payout reversal.,Could someone let's send alice a payout reversal?,process_refund,paraphrase_variant,,589,,process_refund,8,escalate_to_human,False,2,escalate_to_human;process_refund;create_ticket;send_notification;log_audit_event
589,Let's send Alice a payout reversal.,let's send alice a payout reversal -- that's what needs to happen.,process_refund,paraphrase_variant,,589,,process_refund,8,escalate_to_human,False,2,escalate_to_human;process_refund;send_notification;create_ticket;provision_vm
589,Let's send Alice a payout reversal.,We request that you let's send alice a payout reversal.,process_refund,paraphrase_variant,,589,,process_refund,8,escalate_to_human,False,2,escalate_to_human;process_refund;send_notification;create_ticket;provision_vm
589,Let's send Alice a payout reversal.,"Hey, can you let's send alice a payout reversal.",process_refund,paraphrase_variant,,589,,process_refund,8,process_refund,True,1,process_refund;escalate_to_human;create_ticket;send_notification;provision_vm
590,Let's undo the charge associated with #20891.,Let's undo the charge associated with #20891.,process_refund,paraphrase_original,,590,,process_refund,8,process_refund,True,1,process_refund;create_ticket;generate_report;log_audit_event;db_write
590,Let's undo the charge associated with #20891.,It would help if let's undo the charge associated with #20891.,process_refund,paraphrase_variant,,590,,process_refund,8,process_refund,True,1,process_refund;create_ticket;generate_report;provision_vm;log_audit_event
590,Let's undo the charge associated with #20891.,I'd appreciate it if you could let's undo the charge associated with #20891.,process_refund,paraphrase_variant,,590,,process_refund,8,process_refund,True,1,process_refund;create_ticket;db_write;generate_report;provision_vm
590,Let's undo the charge associated with #20891.,Would anyone be able to let's undo the charge associated with #20891?,process_refund,paraphrase_variant,,590,,process_refund,8,process_refund,True,1,process_refund;create_ticket;log_audit_event;generate_report;provision_vm
590,Let's undo the charge associated with #20891.,Quick one -- let's undo the charge associated with #20891.,process_refund,paraphrase_variant,,590,,process_refund,8,process_refund,True,1,process_refund;create_ticket;generate_report;provision_vm;log_audit_event
593,Kindly process the refund for Grace.,Kindly process the refund for Grace.,process_refund,paraphrase_original,,593,,process_refund,8,process_refund,True,1,process_refund;log_audit_event;restart_service;reset_password;escalate_to_human
593,Kindly process the refund for Grace.,The situation requires process the refund for grace.,process_refund,paraphrase_variant,,593,,process_refund,8,log_audit_event,False,2,log_audit_event;process_refund;restart_service;reset_password;escalate_to_human
593,Kindly process the refund for Grace.,Is it possible to process the refund for grace?,process_refund,paraphrase_variant,,593,,process_refund,8,log_audit_event,False,2,log_audit_event;process_refund;reset_password;restart_service;create_ticket
593,Kindly process the refund for Grace.,Do me a favor and process the refund for grace.,process_refund,paraphrase_variant,,593,,process_refund,8,log_audit_event,False,2,log_audit_event;process_refund;reset_password;restart_service;create_ticket
593,Kindly process the refund for Grace.,We request that you process the refund for grace.,process_refund,paraphrase_variant,,593,,process_refund,8,log_audit_event,False,2,log_audit_event;process_refund;restart_service;check_status;generate_report
599,Kindly put the refund through for Bob.,Kindly put the refund through for Bob.,process_refund,paraphrase_original,,599,,process_refund,8,process_refund,True,1,process_refund;log_audit_event;restart_service;reset_password;create_ticket
599,Kindly put the refund through for Bob.,What we need is for put the refund through for bob.,process_refund,paraphrase_variant,,599,,process_refund,8,process_refund,True,1,process_refund;create_ticket;generate_report;log_audit_event;quarantine_system
599,Kindly put the refund through for Bob.,"Yo, put the refund through for bob.",process_refund,paraphrase_variant,,599,,process_refund,8,process_refund,True,1,process_refund;restart_service;reset_password;create_ticket;quarantine_system
599,Kindly put the refund through for Bob.,Who can put the refund through for bob?,process_refund,paraphrase_variant,,599,,process_refund,8,process_refund,True,1,process_refund;log_audit_event;escalate_to_human;create_ticket;db_read
599,Kindly put the refund through for Bob.,Could you please put the refund through for bob.,process_refund,paraphrase_variant,,599,,process_refund,8,process_refund,True,1,process_refund;log_audit_event;generate_report;reset_password;create_ticket
603,update Diana's subscription plan.,update Diana's subscription plan.,update_subscription,paraphrase_original,,603,,update_subscription,9,update_subscription,True,1,update_subscription;process_refund;provision_vm;db_write;generate_report
603,update Diana's subscription plan.,"Yo, update diana's subscription plan.",update_subscription,paraphrase_variant,,603,,update_subscription,9,update_subscription,True,1,update_subscription;provision_vm;db_write;process_refund;generate_report
603,update Diana's subscription plan.,Could someone update diana's subscription plan?,update_subscription,paraphrase_variant,,603,,update_subscription,9,update_subscription,True,1,update_subscription;process_refund;db_write;generate_report;provision_vm
603,update Diana's subscription plan.,Could you please update diana's subscription plan.,update_subscription,paraphrase_variant,,603,,update_subscription,9,update_subscription,True,1,update_subscription;db_write;process_refund;provision_vm;generate_report
603,update Diana's subscription plan.,It would help if update diana's subscription plan.,update_subscription,paraphrase_variant,,603,,update_subscription,9,update_subscription,True,1,update_subscription;generate_report;provision_vm;process_refund;db_write
605,switch Bob to a different plan.,switch Bob to a different plan.,update_subscription,paraphrase_original,,605,,update_subscription,9,update_subscription,True,1,update_subscription;process_refund;provision_vm;quarantine_system;escalate_to_human
605,switch Bob to a different plan.,I'd appreciate it if you could switch bob to a different plan.,update_subscription,paraphrase_variant,,605,,update_subscription,9,update_subscription,True,1,update_subscription;provision_vm;process_refund;send_notification;quarantine_system
605,switch Bob to a different plan.,Could someone switch bob to a different plan?,update_subscription,paraphrase_variant,,605,,update_subscription,9,update_subscription,True,1,update_subscription;provision_vm;process_refund;escalate_to_human;quarantine_system
605,switch Bob to a different plan.,What we need is for switch bob to a different plan.,update_subscription,paraphrase_variant,,605,,update_subscription,9,update_subscription,True,1,update_subscription;provision_vm;send_notification;process_refund;create_ticket
605,switch Bob to a different plan.,Gonna need you to switch bob to a different plan.,update_subscription,paraphrase_variant,,605,,update_subscription,9,update_subscription,True,1,update_subscription;provision_vm;process_refund;send_notification;quarantine_system
606,modify Bob's subscription.,modify Bob's subscription.,update_subscription,paraphrase_original,,606,,update_subscription,9,update_subscription,True,1,update_subscription;process_refund;provision_vm;reset_password;quarantine_system
606,modify Bob's subscription.,Is it possible to modify bob's subscription?,update_subscription,paraphrase_variant,,606,,update_subscription,9,update_subscription,True,1,update_subscription;process_refund;reset_password;provision_vm;db_write
606,modify Bob's subscription.,Quick one -- modify bob's subscription.,update_subscription,paraphrase_variant,,606,,update_subscription,9,update_subscription,True,1,update_subscription;process_refund;provision_vm;db_write;create_ticket
606,modify Bob's subscription.,modify bob's subscription -- that's what needs to happen.,update_subscription,paraphrase_variant,,606,,update_subscription,9,update_subscription,True,1,update_subscription;process_refund;provision_vm;quarantine_system;reset_password
606,modify Bob's subscription.,We request that you modify bob's subscription.,update_subscription,paraphrase_variant,,606,,update_subscription,9,update_subscription,True,1,update_subscription;process_refund;provision_vm;reset_password;send_notification
610,change the plan on Grace's account.,change the plan on Grace's account.,update_subscription,paraphrase_original,,610,,update_subscription,9,update_subscription,True,1,update_subscription;reset_password;process_refund;provision_vm;db_write
610,change the plan on Grace's account.,Do me a favor and change the plan on grace's account.,update_subscription,paraphrase_variant,,610,,update_subscription,9,update_subscription,True,1,update_subscription;reset_password;process_refund;provision_vm;db_write
610,change the plan on Grace's account.,Please change the plan on grace's account.,update_subscription,paraphrase_variant,,610,,update_subscription,9,update_subscription,True,1,update_subscription;reset_password;process_refund;provision_vm;db_write
610,change the plan on Grace's account.,It would help if change the plan on grace's account.,update_subscription,paraphrase_variant,,610,,update_subscription,9,update_subscription,True,1,update_subscription;reset_password;process_refund;provision_vm;db_write
610,change the plan on Grace's account.,Would anyone be able to change the plan on grace's account?,update_subscription,paraphrase_variant,,610,,update_subscription,9,update_subscription,True,1,update_subscription;reset_password;process_refund;provision_vm;db_write
613,Please switch Alice to a different plan.,Please switch Alice to a different plan.,update_subscription,paraphrase_original,,613,,update_subscription,9,update_subscription,True,1,update_subscription;escalate_to_human;provision_vm;process_refund;send_notification
613,Please switch Alice to a different plan.,Could someone switch alice to a different plan?,update_subscription,paraphrase_variant,,613,,update_subscription,9,update_subscription,True,1,update_subscription;escalate_to_human;provision_vm;process_refund;create_ticket
613,Please switch Alice to a different plan.,We request that you switch alice to a different plan.,update_subscription,paraphrase_variant,,613,,update_subscription,9,update_subscription,True,1,update_subscription;provision_vm;escalate_to_human;process_refund;send_notification
613,Please switch Alice to a different plan.,switch alice to a different plan -- that's what needs to happen.,update_subscription,paraphrase_variant,,613,,update_subscription,9,update_subscription,True,1,update_subscription;provision_vm;escalate_to_human;process_refund;send_notification
613,Please switch Alice to a different plan.,Do me a favor and switch alice to a different plan.,update_subscription,paraphrase_variant,,613,,update_subscription,9,update_subscription,True,1,update_subscription;escalate_to_human;provision_vm;process_refund;create_ticket
625,Can you revise Alice's subscription tier?,Can you revise Alice's subscription tier?,update_subscription,paraphrase_original,,625,,update_subscription,9,update_subscription,True,1,update_subscription;process_refund;provision_vm;escalate_to_human;generate_report
625,Can you revise Alice's subscription tier?,Who can revise alice's subscription tier?,update_subscription,paraphrase_variant,,625,,update_subscription,9,update_subscription,True,1,update_subscription;process_refund;escalate_to_human;reset_password;log_audit_event
625,Can you revise Alice's subscription tier?,Could you please revise alice's subscription tier.,update_subscription,paraphrase_variant,,625,,update_subscription,9,update_subscription,True,1,update_subscription;process_refund;escalate_to_human;generate_report;provision_vm
625,Can you revise Alice's subscription tier?,The situation requires revise alice's subscription tier.,update_subscription,paraphrase_variant,,625,,update_subscription,9,update_subscription,True,1,update_subscription;process_refund;escalate_to_human;provision_vm;send_notification
625,Can you revise Alice's subscription tier?,Gonna need you to revise alice's subscription tier.,update_subscription,paraphrase_variant,,625,,update_subscription,9,update_subscription,True,1,update_subscription;process_refund;escalate_to_human;provision_vm;generate_report
629,Could you switch Eve to a different plan for me?,Could you switch Eve to a different plan for me?,update_subscription,paraphrase_original,,629,,update_subscription,9,update_subscription,True,1,update_subscription;provision_vm;send_notification;quarantine_system;generate_report
629,Could you switch Eve to a different plan for me?,I'd appreciate it if you could switch eve to a different plan for me.,update_subscription,paraphrase_variant,,629,,update_subscription,9,update_subscription,True,1,update_subscription;provision_vm;send_notification;db_write;generate_report
629,Could you switch Eve to a different plan for me?,"Yo, switch eve to a different plan for me.",update_subscription,paraphrase_variant,,629,,update_subscription,9,update_subscription,True,1,update_subscription;provision_vm;send_notification;quarantine_system;escalate_to_human
629,Could you switch Eve to a different plan for me?,Would anyone be able to switch eve to a different plan for me?,update_subscription,paraphrase_variant,,629,,update_subscription,9,update_subscription,True,1,update_subscription;provision_vm;send_notification;generate_report;db_write
629,Could you switch Eve to a different plan for me?,switch eve to a different plan for me -- that's what needs to happen.,update_subscription,paraphrase_variant,,629,,update_subscription,9,update_subscription,True,1,update_subscription;provision_vm;quarantine_system;send_notification;escalate_to_human
634,Could you change the plan on Diana's account for me?,Could you change the plan on Diana's account for me?,update_subscription,paraphrase_original,,634,,update_subscription,9,update_subscription,True,1,update_subscription;db_write;provision_vm;process_refund;reset_password
634,Could you change the plan on Diana's account for me?,Gonna need you to change the plan on diana's account for me.,update_subscription,paraphrase_variant,,634,,update_subscription,9,update_subscription,True,1,update_subscription;db_write;provision_vm;process_refund;reset_password
634,Could you change the plan on Diana's account for me?,Could you please change the plan on diana's account for me.,update_subscription,paraphrase_variant,,634,,update_subscription,9,update_subscription,True,1,update_subscription;db_write;provision_vm;process_refund;reset_password
634,Could you change the plan on Diana's account for me?,Could someone change the plan on diana's account for me?,update_subscription,paraphrase_variant,,634,,update_subscription,9,update_subscription,True,1,update_subscription;db_write;provision_vm;process_refund;reset_password
634,Could you change the plan on Diana's account for me?,It would help if change the plan on diana's account for me.,update_subscription,paraphrase_variant,,634,,update_subscription,9,update_subscription,True,1,update_subscription;db_write;provision_vm;process_refund;generate_report
645,We should switch Grace to a different plan.,We should switch Grace to a different plan.,update_subscription,paraphrase_original,,645,,update_subscription,9,update_subscription,True,1,update_subscription;reset_password;provision_vm;process_refund;generate_report
645,We should switch Grace to a different plan.,I'd appreciate it if you could we should switch grace to a different plan.,update_subscription,paraphrase_variant,,645,,update_subscription,9,update_subscription,True,1,update_subscription;reset_password;provision_vm;process_refund;generate_report
645,We should switch Grace to a different plan.,we should switch grace to a different plan -- that's what needs to happen.,update_subscription,paraphrase_variant,,645,,update_subscription,9,update_subscription,True,1,update_subscription;reset_password;provision_vm;process_refund;quarantine_system
645,We should switch Grace to a different plan.,Would anyone be able to we should switch grace to a different plan?,update_subscription,paraphrase_variant,,645,,update_subscription,9,update_subscription,True,1,update_subscription;reset_password;provision_vm;process_refund;generate_report
645,We should switch Grace to a different plan.,Gonna need you to we should switch grace to a different plan.,update_subscription,paraphrase_variant,,645,,update_subscription,9,update_subscription,True,1,update_subscription;reset_password;provision_vm;process_refund;send_notification
647,We should adjust Diana's account plan.,We should adjust Diana's account plan.,update_subscription,paraphrase_original,,647,,update_subscription,9,update_subscription,True,1,update_subscription;db_write;provision_vm;reset_password;process_refund
647,We should adjust Diana's account plan.,Quick one -- we should adjust diana's account plan.,update_subscription,paraphrase_variant,,647,,update_subscription,9,update_subscription,True,1,update_subscription;db_write;process_refund;generate_report;provision_vm
647,We should adjust Diana's account plan.,Could someone we should adjust diana's account plan?,update_subscription,paraphrase_variant,,647,,update_subscription,9,update_subscription,True,1,update_subscription;db_write;reset_password;process_refund;provision_vm
647,We should adjust Diana's account plan.,It would help if we should adjust diana's account plan.,update_subscription,paraphrase_variant,,647,,update_subscription,9,update_subscription,True,1,update_subscription;db_write;generate_report;process_refund;provision_vm
647,We should adjust Diana's account plan.,Could you please we should adjust diana's account plan.,update_subscription,paraphrase_variant,,647,,update_subscription,9,update_subscription,True,1,update_subscription;db_write;reset_password;process_refund;provision_vm
649,We should revise Grace's subscription tier.,We should revise Grace's subscription tier.,update_subscription,paraphrase_original,,649,,update_subscription,9,update_subscription,True,1,update_subscription;reset_password;process_refund;log_audit_event;provision_vm
649,We should revise Grace's subscription tier.,Is it possible to we should revise grace's subscription tier?,update_subscription,paraphrase_variant,,649,,update_subscription,9,update_subscription,True,1,update_subscription;reset_password;process_refund;log_audit_event;provision_vm
649,We should revise Grace's subscription tier.,"Yo, we should revise grace's subscription tier.",update_subscription,paraphrase_variant,,649,,update_subscription,9,update_subscription,True,1,update_subscription;reset_password;process_refund;log_audit_event;provision_vm
649,We should revise Grace's subscription tier.,we should revise grace's subscription tier -- that's what needs to happen.,update_subscription,paraphrase_variant,,649,,update_subscription,9,update_subscription,True,1,update_subscription;reset_password;process_refund;provision_vm;quarantine_system
649,We should revise Grace's subscription tier.,Could you please we should revise grace's subscription tier.,update_subscription,paraphrase_variant,,649,,update_subscription,9,update_subscription,True,1,update_subscription;reset_password;process_refund;log_audit_event;generate_report
664,Kindly move Charlie to the new billing plan.,Kindly move Charlie to the new billing plan.,update_subscription,paraphrase_original,,664,,update_subscription,9,update_subscription,True,1,update_subscription;process_refund;provision_vm;send_notification;reset_password
664,Kindly move Charlie to the new billing plan.,Is it possible to move charlie to the new billing plan?,update_subscription,paraphrase_variant,,664,,update_subscription,9,update_subscription,True,1,update_subscription;process_refund;provision_vm;reset_password;generate_report
664,Kindly move Charlie to the new billing plan.,Need you to move charlie to the new billing plan.,update_subscription,paraphrase_variant,,664,,update_subscription,9,update_subscription,True,1,update_subscription;process_refund;provision_vm;create_ticket;generate_report
664,Kindly move Charlie to the new billing plan.,I'd appreciate it if you could move charlie to the new billing plan.,update_subscription,paraphrase_variant,,664,,update_subscription,9,update_subscription,True,1,update_subscription;process_refund;provision_vm;generate_report;db_write
664,Kindly move Charlie to the new billing plan.,It would help if move charlie to the new billing plan.,update_subscription,paraphrase_variant,,664,,update_subscription,9,update_subscription,True,1,update_subscription;process_refund;provision_vm;generate_report;send_notification
673,create a server for Finance.,create a server for Finance.,provision_vm,paraphrase_original,,673,,provision_vm,10,provision_vm,True,1,provision_vm;create_ticket;db_write;generate_report;db_read
673,create a server for Finance.,Please create a server for finance.,provision_vm,paraphrase_variant,,673,,provision_vm,10,provision_vm,True,1,provision_vm;generate_report;create_ticket;db_write;process_refund
673,create a server for Finance.,create a server for finance -- that's what needs to happen.,provision_vm,paraphrase_variant,,673,,provision_vm,10,provision_vm,True,1,provision_vm;create_ticket;generate_report;quarantine_system;db_write
673,create a server for Finance.,Gonna need you to create a server for finance.,provision_vm,paraphrase_variant,,673,,provision_vm,10,provision_vm,True,1,provision_vm;create_ticket;generate_report;db_write;db_read
673,create a server for Finance.,Would anyone be able to create a server for finance?,provision_vm,paraphrase_variant,,673,,provision_vm,10,db_write,False,2,db_write;provision_vm;create_ticket;generate_report;scan_malware
675,deploy a fresh virtual machine for Legal.,deploy a fresh virtual machine for Legal.,provision_vm,paraphrase_original,,675,,provision_vm,10,provision_vm,True,1,provision_vm;restart_service;quarantine_system;escalate_to_human;scan_malware
675,deploy a fresh virtual machine for Legal.,I'd appreciate it if you could deploy a fresh virtual machine for legal.,provision_vm,paraphrase_variant,,675,,provision_vm,10,provision_vm,True,1,provision_vm;create_ticket;process_refund;send_notification;quarantine_system
675,deploy a fresh virtual machine for Legal.,Need you to deploy a fresh virtual machine for legal.,provision_vm,paraphrase_variant,,675,,provision_vm,10,provision_vm,True,1,provision_vm;create_ticket;quarantine_system;restart_service;process_refund
675,deploy a fresh virtual machine for Legal.,Would anyone be able to deploy a fresh virtual machine for legal?,provision_vm,paraphrase_variant,,675,,provision_vm,10,provision_vm,True,1,provision_vm;create_ticket;scan_malware;quarantine_system;escalate_to_human
675,deploy a fresh virtual machine for Legal.,It would help if deploy a fresh virtual machine for legal.,provision_vm,paraphrase_variant,,675,,provision_vm,10,provision_vm,True,1,provision_vm;create_ticket;quarantine_system;process_refund;scan_malware
683,Please deploy a fresh virtual machine for HR.,Please deploy a fresh virtual machine for HR.,provision_vm,paraphrase_original,,683,,provision_vm,10,provision_vm,True,1,provision_vm;restart_service;quarantine_system;check_status;scan_malware
683,Please deploy a fresh virtual machine for HR.,Gonna need you to deploy a fresh virtual machine for hr.,provision_vm,paraphrase_variant,,683,,provision_vm,10,provision_vm,True,1,provision_vm;restart_service;quarantine_system;create_ticket;process_refund
683,Please deploy a fresh virtual machine for HR.,It would help if deploy a fresh virtual machine for hr.,provision_vm,paraphrase_variant,,683,,provision_vm,10,provision_vm,True,1,provision_vm;quarantine_system;create_ticket;restart_service;generate_report
683,Please deploy a fresh virtual machine for HR.,Could someone deploy a fresh virtual machine for hr?,provision_vm,paraphrase_variant,,683,,provision_vm,10,provision_vm,True,1,provision_vm;quarantine_system;restart_service;create_ticket;reset_password
683,Please deploy a fresh virtual machine for HR.,We request that you deploy a fresh virtual machine for hr.,provision_vm,paraphrase_variant,,683,,provision_vm,10,provision_vm,True,1,provision_vm;restart_service;quarantine_system;create_ticket;check_status
684,Please bring up a compute instance for Engineering.,Please bring up a compute instance for Engineering.,provision_vm,paraphrase_original,,684,,provision_vm,10,provision_vm,True,1,provision_vm;create_ticket;generate_report;send_notification;quarantine_system
684,Please bring up a compute instance for Engineering.,We request that you bring up a compute instance for engineering.,provision_vm,paraphrase_variant,,684,,provision_vm,10,provision_vm,True,1,provision_vm;create_ticket;send_notification;generate_report;quarantine_system
684,Please bring up a compute instance for Engineering.,It would help if bring up a compute instance for engineering.,provision_vm,paraphrase_variant,,684,,provision_vm,10,provision_vm,True,1,provision_vm;create_ticket;generate_report;send_notification;quarantine_system
684,Please bring up a compute instance for Engineering.,Could someone bring up a compute instance for engineering?,provision_vm,paraphrase_variant,,684,,provision_vm,10,provision_vm,True,1,provision_vm;create_ticket;send_notification;generate_report;escalate_to_human
684,Please bring up a compute instance for Engineering.,Need you to bring up a compute instance for engineering.,provision_vm,paraphrase_variant,,684,,provision_vm,10,provision_vm,True,1,provision_vm;create_ticket;generate_report;send_notification;quarantine_system
686,Can you provision a new VM for Legal?,Can you provision a new VM for Legal?,provision_vm,paraphrase_original,,686,,provision_vm,10,provision_vm,True,1,provision_vm;update_subscription;create_ticket;send_notification;process_refund
686,Can you provision a new VM for Legal?,Would you mind provision a new vm for legal.,provision_vm,paraphrase_variant,,686,,provision_vm,10,provision_vm,True,1,provision_vm;update_subscription;create_ticket;process_refund;send_notification
686,Can you provision a new VM for Legal?,provision a new vm for legal -- that's what needs to happen.,provision_vm,paraphrase_variant,,686,,provision_vm,10,provision_vm,True,1,provision_vm;create_ticket;quarantine_system;send_notification;escalate_to_human
686,Can you provision a new VM for Legal?,Would anyone be able to provision a new vm for legal?,provision_vm,paraphrase_variant,,686,,provision_vm,10,provision_vm,True,1,provision_vm;create_ticket;update_subscription;send_notification;process_refund
686,Can you provision a new VM for Legal?,"Hey, can you provision a new vm for legal.",provision_vm,paraphrase_variant,,686,,provision_vm,10,provision_vm,True,1,provision_vm;update_subscription;create_ticket;send_notification;process_refund
691,Can you deploy a fresh virtual machine for Legal?,Can you deploy a fresh virtual machine for Legal?,provision_vm,paraphrase_original,,691,,provision_vm,10,provision_vm,True,1,provision_vm;quarantine_system;scan_malware;restart_service;create_ticket
691,Can you deploy a fresh virtual machine for Legal?,Kindly deploy a fresh virtual machine for legal.,provision_vm,paraphrase_variant,,691,,provision_vm,10,provision_vm,True,1,provision_vm;restart_service;quarantine_system;process_refund;scan_malware
691,Can you deploy a fresh virtual machine for Legal?,Do me a favor and deploy a fresh virtual machine for legal.,provision_vm,paraphrase_variant,,691,,provision_vm,10,provision_vm,True,1,provision_vm;restart_service;quarantine_system;scan_malware;process_refund
691,Can you deploy a fresh virtual machine for Legal?,What we need is for deploy a fresh virtual machine for legal.,provision_vm,paraphrase_variant,,691,,provision_vm,10,provision_vm,True,1,provision_vm;create_ticket;quarantine_system;restart_service;send_notification
691,Can you deploy a fresh virtual machine for Legal?,Could someone deploy a fresh virtual machine for legal?,provision_vm,paraphrase_variant,,691,,provision_vm,10,provision_vm,True,1,provision_vm;scan_malware;create_ticket;escalate_to_human;quarantine_system
693,Can you allocate a new VM to HR?,Can you allocate a new VM to HR?,provision_vm,paraphrase_original,,693,,provision_vm,10,provision_vm,True,1,provision_vm;update_subscription;create_ticket;quarantine_system;process_refund
693,Can you allocate a new VM to HR?,"Hey, can you allocate a new vm to hr.",provision_vm,paraphrase_variant,,693,,provision_vm,10,provision_vm,True,1,provision_vm;update_subscription;create_ticket;quarantine_system;generate_report
693,Can you allocate a new VM to HR?,Is it possible to allocate a new vm to hr?,provision_vm,paraphrase_variant,,693,,provision_vm,10,provision_vm,True,1,provision_vm;update_subscription;create_ticket;quarantine_system;process_refund
693,Can you allocate a new VM to HR?,The situation requires allocate a new vm to hr.,provision_vm,paraphrase_variant,,693,,provision_vm,10,provision_vm,True,1,provision_vm;create_ticket;update_subscription;quarantine_system;process_refund
693,Can you allocate a new VM to HR?,Kindly allocate a new vm to hr.,provision_vm,paraphrase_variant,,693,,provision_vm,10,provision_vm,True,1,provision_vm;update_subscription;create_ticket;quarantine_system;process_refund
697,Could you create a server for Legal for me?,Could you create a server for Legal for me?,provision_vm,paraphrase_original,,697,,provision_vm,10,create_ticket,False,3,create_ticket;scan_malware;provision_vm;send_notification;generate_report
697,Could you create a server for Legal for me?,Kindly create a server for legal for me.,provision_vm,paraphrase_variant,,697,,provision_vm,10,create_ticket,False,4,create_ticket;scan_malware;send_notification;provision_vm;escalate_to_human
697,Could you create a server for Legal for me?,Need you to create a server for legal for me.,provision_vm,paraphrase_variant,,697,,provision_vm,10,create_ticket,False,2,create_ticket;provision_vm;generate_report;send_notification;scan_malware
697,Could you create a server for Legal for me?,Could someone create a server for legal for me?,provision_vm,paraphrase_variant,,697,,provision_vm,10,create_ticket,False,4,create_ticket;scan_malware;send_notification;provision_vm;generate_report
697,Could you create a server for Legal for me?,What we need is for create a server for legal for me.,provision_vm,paraphrase_variant,,697,,provision_vm,10,create_ticket,False,2,create_ticket;provision_vm;send_notification;generate_report;scan_malware
699,Could you deploy a fresh virtual machine for Marketing for me?,Could you deploy a fresh virtual machine for Marketing for me?,provision_vm,paraphrase_original,,699,,provision_vm,10,provision_vm,True,1,provision_vm;restart_service;quarantine_system;send_notification;update_subscription
699,Could you deploy a fresh virtual machine for Marketing for me?,Quick one -- deploy a fresh virtual machine for marketing for me.,provision_vm,paraphrase_variant,,699,,provision_vm,10,provision_vm,True,1,provision_vm;restart_service;quarantine_system;process_refund;update_subscription
699,Could you deploy a fresh virtual machine for Marketing for me?,Could you please deploy a fresh virtual machine for marketing for me.,provision_vm,paraphrase_variant,,699,,provision_vm,10,restart_service,False,2,restart_service;provision_vm;quarantine_system;send_notification;check_status
699,Could you deploy a fresh virtual machine for Marketing for me?,What we need is for deploy a fresh virtual machine for marketing for me.,provision_vm,paraphrase_variant,,699,,provision_vm,10,provision_vm,True,1,provision_vm;restart_service;quarantine_system;send_notification;update_subscription
699,Could you deploy a fresh virtual machine for Marketing for me?,Who can deploy a fresh virtual machine for marketing for me?,provision_vm,paraphrase_variant,,699,,provision_vm,10,provision_vm,True,1,provision_vm;restart_service;scan_malware;send_notification;update_subscription
711,We should spin up a virtual machine for HR.,We should spin up a virtual machine for HR.,provision_vm,paraphrase_original,,711,,provision_vm,10,provision_vm,True,1,provision_vm;quarantine_system;escalate_to_human;scan_malware;restart_service
711,We should spin up a virtual machine for HR.,Quick one -- we should spin up a virtual machine for hr.,provision_vm,paraphrase_variant,,711,,provision_vm,10,provision_vm,True,1,provision_vm;quarantine_system;escalate_to_human;create_ticket;send_notification
711,We should spin up a virtual machine for HR.,The situation requires we should spin up a virtual machine for hr.,provision_vm,paraphrase_variant,,711,,provision_vm,10,quarantine_system,False,2,quarantine_system;provision_vm;escalate_to_human;restart_service;create_ticket
711,We should spin up a virtual machine for HR.,Kindly we should spin up a virtual machine for hr.,provision_vm,paraphrase_variant,,711,,provision_vm,10,quarantine_system,False,2,quarantine_system;provision_vm;escalate_to_human;scan_malware;restart_service
711,We should spin up a virtual machine for HR.,Who can we should spin up a virtual machine for hr?,provision_vm,paraphrase_variant,,711,,provision_vm,10,escalate_to_human,False,2,escalate_to_human;provision_vm;reset_password;quarantine_system;scan_malware
712,We should launch a new instance for HR.,We should launch a new instance for HR.,provision_vm,paraphrase_original,,712,,provision_vm,10,provision_vm,True,1,provision_vm;quarantine_system;create_ticket;generate_report;send_notification
712,We should launch a new instance for HR.,Need you to we should launch a new instance for hr.,provision_vm,paraphrase_variant,,712,,provision_vm,10,provision_vm,True,1,provision_vm;create_ticket;generate_report;quarantine_system;send_notification
712,We should launch a new instance for HR.,Is it possible to we should launch a new instance for hr?,provision_vm,paraphrase_variant,,712,,provision_vm,10,provision_vm,True,1,provision_vm;create_ticket;quarantine_system;escalate_to_human;restart_service
712,We should launch a new instance for HR.,we should launch a new instance for hr -- that's what needs to happen.,provision_vm,paraphrase_variant,,712,,provision_vm,10,provision_vm,True,1,provision_vm;quarantine_system;create_ticket;send_notification;escalate_to_human
712,We should launch a new instance for HR.,We request that you we should launch a new instance for hr.,provision_vm,paraphrase_variant,,712,,provision_vm,10,provision_vm,True,1,provision_vm;create_ticket;quarantine_system;send_notification;generate_report
717,We should allocate a new VM to Finance.,We should allocate a new VM to Finance.,provision_vm,paraphrase_original,,717,,provision_vm,10,provision_vm,True,1,provision_vm;update_subscription;process_refund;generate_report;create_ticket
717,We should allocate a new VM to Finance.,Gonna need you to we should allocate a new vm to finance.,provision_vm,paraphrase_variant,,717,,provision_vm,10,provision_vm,True,1,provision_vm;create_ticket;generate_report;update_subscription;process_refund
717,We should allocate a new VM to Finance.,It would help if we should allocate a new vm to finance.,provision_vm,paraphrase_variant,,717,,provision_vm,10,provision_vm,True,1,provision_vm;update_subscription;create_ticket;generate_report;process_refund
717,We should allocate a new VM to Finance.,Would anyone be able to we should allocate a new vm to finance?,provision_vm,paraphrase_variant,,717,,provision_vm,10,provision_vm,True,1,provision_vm;update_subscription;create_ticket;generate_report;process_refund
717,We should allocate a new VM to Finance.,Would you mind we should allocate a new vm to finance.,provision_vm,paraphrase_variant,,717,,provision_vm,10,provision_vm,True,1,provision_vm;update_subscription;process_refund;reset_password;create_ticket
719,Let's spin up a virtual machine for Legal.,Let's spin up a virtual machine for Legal.,provision_vm,paraphrase_original,,719,,provision_vm,10,escalate_to_human,False,2,escalate_to_human;provision_vm;quarantine_system;scan_malware;process_refund
719,Let's spin up a virtual machine for Legal.,We request that you let's spin up a virtual machine for legal.,provision_vm,paraphrase_variant,,719,,provision_vm,10,provision_vm,True,1,provision_vm;quarantine_system;escalate_to_human;scan_malware;send_notification
719,Let's spin up a virtual machine for Legal.,What we need is for let's spin up a virtual machine for legal.,provision_vm,paraphrase_variant,,719,,provision_vm,10,provision_vm,True,1,provision_vm;escalate_to_human;quarantine_system;create_ticket;send_notification
719,Let's spin up a virtual machine for Legal.,Would anyone be able to let's spin up a virtual machine for legal?,provision_vm,paraphrase_variant,,719,,provision_vm,10,provision_vm,True,1,provision_vm;scan_malware;quarantine_system;escalate_to_human;send_notification
719,Let's spin up a virtual machine for Legal.,Need you to let's spin up a virtual machine for legal.,provision_vm,paraphrase_variant,,719,,provision_vm,10,provision_vm,True,1,provision_vm;quarantine_system;escalate_to_human;scan_malware;create_ticket
720,Let's launch a new instance for Marketing.,Let's launch a new instance for Marketing.,provision_vm,paraphrase_original,,720,,provision_vm,10,provision_vm,True,1,provision_vm;send_notification;restart_service;update_subscription;create_ticket
720,Let's launch a new instance for Marketing.,Is it possible to let's launch a new instance for marketing?,provision_vm,paraphrase_variant,,720,,provision_vm,10,provision_vm,True,1,provision_vm;update_subscription;send_notification;restart_service;create_ticket
720,Let's launch a new instance for Marketing.,"Hey, can you let's launch a new instance for marketing.",provision_vm,paraphrase_variant,,720,,provision_vm,10,provision_vm,True,1,provision_vm;send_notification;update_subscription;create_ticket;restart_service
720,Let's launch a new instance for Marketing.,It would help if let's launch a new instance for marketing.,provision_vm,paraphrase_variant,,720,,provision_vm,10,provision_vm,True,1,provision_vm;send_notification;create_ticket;generate_report;update_subscription
720,Let's launch a new instance for Marketing.,Kindly let's launch a new instance for marketing.,provision_vm,paraphrase_variant,,720,,provision_vm,10,provision_vm,True,1,provision_vm;send_notification;restart_service;create_ticket;update_subscription
721,Let's create a server for Finance.,Let's create a server for Finance.,provision_vm,paraphrase_original,,721,,provision_vm,10,provision_vm,True,1,provision_vm;db_write;create_ticket;generate_report;process_refund
721,Let's create a server for Finance.,We request that you let's create a server for finance.,provision_vm,paraphrase_variant,,721,,provision_vm,10,provision_vm,True,1,provision_vm;create_ticket;generate_report;process_refund;send_notification
721,Let's create a server for Finance.,The situation requires let's create a server for finance.,provision_vm,paraphrase_variant,,721,,provision_vm,10,provision_vm,True,1,provision_vm;create_ticket;process_refund;generate_report;quarantine_system
721,Let's create a server for Finance.,Quick one -- let's create a server for finance.,provision_vm,paraphrase_variant,,721,,provision_vm,10,provision_vm,True,1,provision_vm;create_ticket;generate_report;db_write;process_refund
721,Let's create a server for Finance.,Would anyone be able to let's create a server for finance?,provision_vm,paraphrase_variant,,721,,provision_vm,10,provision_vm,True,1,provision_vm;create_ticket;db_write;generate_report;scan_malware
722,Let's stand up a VM for Legal.,Let's stand up a VM for Legal.,provision_vm,paraphrase_original,,722,,provision_vm,10,update_subscription,False,6,update_subscription;escalate_to_human;process_refund;quarantine_system;create_ticket
722,Let's stand up a VM for Legal.,Quick one -- let's stand up a vm for legal.,provision_vm,paraphrase_variant,,722,,provision_vm,10,create_ticket,False,2,create_ticket;provision_vm;process_refund;quarantine_system;send_notification
722,Let's stand up a VM for Legal.,Could someone let's stand up a vm for legal?,provision_vm,paraphrase_variant,,722,,provision_vm,10,escalate_to_human,False,6,escalate_to_human;create_ticket;send_notification;update_subscription;quarantine_system
722,Let's stand up a VM for Legal.,We request that you let's stand up a vm for legal.,provision_vm,paraphrase_variant,,722,,provision_vm,10,update_subscription,False,4,update_subscription;send_notification;create_ticket;provision_vm;quarantine_system
722,Let's stand up a VM for Legal.,let's stand up a vm for legal -- that's what needs to happen.,provision_vm,paraphrase_variant,,722,,provision_vm,10,escalate_to_human,False,4,escalate_to_human;create_ticket;quarantine_system;provision_vm;send_notification
724,Let's bring up a compute instance for Legal.,Let's bring up a compute instance for Legal.,provision_vm,paraphrase_original,,724,,provision_vm,10,create_ticket,False,3,create_ticket;escalate_to_human;provision_vm;process_refund;generate_report
724,Let's bring up a compute instance for Legal.,What we need is for let's bring up a compute instance for legal.,provision_vm,paraphrase_variant,,724,,provision_vm,10,create_ticket,False,3,create_ticket;escalate_to_human;provision_vm;send_notification;generate_report
724,Let's bring up a compute instance for Legal.,Please let's bring up a compute instance for legal.,provision_vm,paraphrase_variant,,724,,provision_vm,10,create_ticket,False,3,create_ticket;escalate_to_human;provision_vm;log_audit_event;process_refund
724,Let's bring up a compute instance for Legal.,Could someone let's bring up a compute instance for legal?,provision_vm,paraphrase_variant,,724,,provision_vm,10,create_ticket,False,3,create_ticket;escalate_to_human;provision_vm;send_notification;log_audit_event
724,Let's bring up a compute instance for Legal.,Do me a favor and let's bring up a compute instance for legal.,provision_vm,paraphrase_variant,,724,,provision_vm,10,create_ticket,False,3,create_ticket;escalate_to_human;provision_vm;log_audit_event;generate_report
729,Kindly create a server for Legal.,Kindly create a server for Legal.,provision_vm,paraphrase_original,,729,,provision_vm,10,create_ticket,False,3,create_ticket;send_notification;provision_vm;generate_report;escalate_to_human
729,Kindly create a server for Legal.,What we need is for create a server for legal.,provision_vm,paraphrase_variant,,729,,provision_vm,10,create_ticket,False,2,create_ticket;provision_vm;send_notification;generate_report;escalate_to_human
729,Kindly create a server for Legal.,Could you please create a server for legal.,provision_vm,paraphrase_variant,,729,,provision_vm,10,create_ticket,False,2,create_ticket;provision_vm;send_notification;generate_report;scan_malware
729,Kindly create a server for Legal.,Would anyone be able to create a server for legal?,provision_vm,paraphrase_variant,,729,,provision_vm,10,create_ticket,False,2,create_ticket;provision_vm;send_notification;scan_malware;generate_report
729,Kindly create a server for Legal.,Do me a favor and create a server for legal.,provision_vm,paraphrase_variant,,729,,provision_vm,10,create_ticket,False,2,create_ticket;provision_vm;scan_malware;generate_report;escalate_to_human
730,Kindly stand up a VM for Engineering.,Kindly stand up a VM for Engineering.,provision_vm,paraphrase_original,,730,,provision_vm,10,provision_vm,True,1,provision_vm;quarantine_system;scan_malware;send_notification;create_ticket
730,Kindly stand up a VM for Engineering.,What we need is for stand up a vm for engineering.,provision_vm,paraphrase_variant,,730,,provision_vm,10,provision_vm,True,1,provision_vm;quarantine_system;send_notification;generate_report;create_ticket
730,Kindly stand up a VM for Engineering.,Kindly stand up a vm for engineering.,provision_vm,paraphrase_variant,,730,,provision_vm,10,provision_vm,True,1,provision_vm;quarantine_system;scan_malware;send_notification;create_ticket
730,Kindly stand up a VM for Engineering.,Would anyone be able to stand up a vm for engineering?,provision_vm,paraphrase_variant,,730,,provision_vm,10,provision_vm,True,1,provision_vm;quarantine_system;scan_malware;send_notification;generate_report
730,Kindly stand up a VM for Engineering.,Quick one -- stand up a vm for engineering.,provision_vm,paraphrase_variant,,730,,provision_vm,10,provision_vm,True,1,provision_vm;create_ticket;quarantine_system;send_notification;generate_report
732,Kindly bring up a compute instance for Engineering.,Kindly bring up a compute instance for Engineering.,provision_vm,paraphrase_original,,732,,provision_vm,10,provision_vm,True,1,provision_vm;create_ticket;generate_report;send_notification;quarantine_system
732,Kindly bring up a compute instance for Engineering.,The situation requires bring up a compute instance for engineering.,provision_vm,paraphrase_variant,,732,,provision_vm,10,provision_vm,True,1,provision_vm;create_ticket;escalate_to_human;send_notification;quarantine_system
732,Kindly bring up a compute instance for Engineering.,We request that you bring up a compute instance for engineering.,provision_vm,paraphrase_variant,,732,,provision_vm,10,provision_vm,True,1,provision_vm;create_ticket;send_notification;generate_report;quarantine_system
732,Kindly bring up a compute instance for Engineering.,"Yo, bring up a compute instance for engineering.",provision_vm,paraphrase_variant,,732,,provision_vm,10,provision_vm,True,1,provision_vm;create_ticket;generate_report;send_notification;quarantine_system
732,Kindly bring up a compute instance for Engineering.,Is it possible to bring up a compute instance for engineering?,provision_vm,paraphrase_variant,,732,,provision_vm,10,provision_vm,True,1,provision_vm;create_ticket;send_notification;quarantine_system;escalate_to_human
733,Kindly allocate a new VM to Finance.,Kindly allocate a new VM to Finance.,provision_vm,paraphrase_original,,733,,provision_vm,10,provision_vm,True,1,provision_vm;update_subscription;process_refund;create_ticket;generate_report
733,Kindly allocate a new VM to Finance.,Would anyone be able to allocate a new vm to finance?,provision_vm,paraphrase_variant,,733,,provision_vm,10,provision_vm,True,1,provision_vm;update_subscription;create_ticket;generate_report;process_refund
733,Kindly allocate a new VM to Finance.,Could you please allocate a new vm to finance.,provision_vm,paraphrase_variant,,733,,provision_vm,10,provision_vm,True,1,provision_vm;update_subscription;create_ticket;process_refund;generate_report
733,Kindly allocate a new VM to Finance.,It would help if allocate a new vm to finance.,provision_vm,paraphrase_variant,,733,,provision_vm,10,provision_vm,True,1,provision_vm;create_ticket;update_subscription;generate_report;process_refund
733,Kindly allocate a new VM to Finance.,"Yo, allocate a new vm to finance.",provision_vm,paraphrase_variant,,733,,provision_vm,10,provision_vm,True,1,provision_vm;update_subscription;process_refund;db_write;create_ticket
738,reboot staging-db-02.,reboot staging-db-02.,restart_service,paraphrase_original,,738,,restart_service,11,restart_service,True,1,restart_service;db_write;provision_vm;db_read;process_refund
738,reboot staging-db-02.,Need you to reboot staging-db-02.,restart_service,paraphrase_variant,,738,,restart_service,11,db_write,False,2,db_write;restart_service;provision_vm;db_read;generate_report
738,reboot staging-db-02.,Is it possible to reboot staging-db-02?,restart_service,paraphrase_variant,,738,,restart_service,11,restart_service,True,1,restart_service;db_write;provision_vm;db_read;process_refund
738,reboot staging-db-02.,What we need is for reboot staging-db-02.,restart_service,paraphrase_variant,,738,,restart_service,11,db_write,False,2,db_write;restart_service;provision_vm;db_read;generate_report
738,reboot staging-db-02.,Please reboot staging-db-02.,restart_service,paraphrase_variant,,738,,restart_service,11,db_write,False,2,db_write;restart_service;provision_vm;db_read;generate_report
740,cycle ml-infer-05.,cycle ml-infer-05.,restart_service,paraphrase_original,,740,,restart_service,11,send_notification,False,5,send_notification;provision_vm;quarantine_system;process_refund;restart_service
740,cycle ml-infer-05.,What we need is for cycle ml-infer-05.,restart_service,paraphrase_variant,,740,,restart_service,11,send_notification,False,11,send_notification;provision_vm;generate_report;db_write;process_refund
740,cycle ml-infer-05.,Could someone cycle ml-infer-05?,restart_service,paraphrase_variant,,740,,restart_service,11,send_notification,False,8,send_notification;quarantine_system;provision_vm;process_refund;scan_malware
740,cycle ml-infer-05.,"Yo, cycle ml-infer-05.",restart_service,paraphrase_variant,,740,,restart_service,11,send_notification,False,5,send_notification;provision_vm;quarantine_system;process_refund;restart_service
740,cycle ml-infer-05.,Kindly cycle ml-infer-05.,restart_service,paraphrase_variant,,740,,restart_service,11,send_notification,False,5,send_notification;quarantine_system;provision_vm;process_refund;restart_service
743,reload the service hosted on staging-db-02.,reload the service hosted on staging-db-02.,restart_service,paraphrase_original,,743,,restart_service,11,restart_service,True,1,restart_service;provision_vm;db_write;check_status;db_read
743,reload the service hosted on staging-db-02.,The situation requires reload the service hosted on staging-db-02.,restart_service,paraphrase_variant,,743,,restart_service,11,restart_service,True,1,restart_service;provision_vm;db_write;process_refund;check_status
743,reload the service hosted on staging-db-02.,We request that you reload the service hosted on staging-db-02.,restart_service,paraphrase_variant,,743,,restart_service,11,restart_service,True,1,restart_service;provision_vm;db_write;check_status;db_read
743,reload the service hosted on staging-db-02.,Could someone reload the service hosted on staging-db-02?,restart_service,paraphrase_variant,,743,,restart_service,11,restart_service,True,1,restart_service;provision_vm;db_write;check_status;db_read
743,reload the service hosted on staging-db-02.,Gonna need you to reload the service hosted on staging-db-02.,restart_service,paraphrase_variant,,743,,restart_service,11,restart_service,True,1,restart_service;provision_vm;db_write;db_read;process_refund
744,perform a service restart on auth-svc-04.,perform a service restart on auth-svc-04.,restart_service,paraphrase_original,,744,,restart_service,11,restart_service,True,1,restart_service;check_status;provision_vm;reset_password;process_refund
744,perform a service restart on auth-svc-04.,Kindly perform a service restart on auth-svc-04.,restart_service,paraphrase_variant,,744,,restart_service,11,restart_service,True,1,restart_service;check_status;reset_password;process_refund;quarantine_system
744,perform a service restart on auth-svc-04.,"Hey, can you perform a service restart on auth-svc-04.",restart_service,paraphrase_variant,,744,,restart_service,11,restart_service,True,1,restart_service;provision_vm;check_status;process_refund;quarantine_system
744,perform a service restart on auth-svc-04.,It would help if perform a service restart on auth-svc-04.,restart_service,paraphrase_variant,,744,,restart_service,11,restart_service,True,1,restart_service;check_status;provision_vm;quarantine_system;process_refund
744,perform a service restart on auth-svc-04.,Is it possible to perform a service restart on auth-svc-04?,restart_service,paraphrase_variant,,744,,restart_service,11,restart_service,True,1,restart_service;check_status;provision_vm;reset_password;process_refund
745,Please restart the service on cdn-edge-06.,Please restart the service on cdn-edge-06.,restart_service,paraphrase_original,,745,,restart_service,11,restart_service,True,1,restart_service;provision_vm;check_status;send_notification;process_refund
745,Please restart the service on cdn-edge-06.,"Hey, can you restart the service on cdn-edge-06.",restart_service,paraphrase_variant,,745,,restart_service,11,restart_service,True,1,restart_service;provision_vm;check_status;process_refund;quarantine_system
745,Please restart the service on cdn-edge-06.,Could you please restart the service on cdn-edge-06.,restart_service,paraphrase_variant,,745,,restart_service,11,restart_service,True,1,restart_service;provision_vm;check_status;process_refund;send_notification
745,Please restart the service on cdn-edge-06.,Could someone restart the service on cdn-edge-06?,restart_service,paraphrase_variant,,745,,restart_service,11,restart_service,True,1,restart_service;check_status;provision_vm;quarantine_system;process_refund
745,Please restart the service on cdn-edge-06.,The situation requires restart the service on cdn-edge-06.,restart_service,paraphrase_variant,,745,,restart_service,11,restart_service,True,1,restart_service;provision_vm;check_status;quarantine_system;process_refund
753,Can you restart the service on ml-infer-05?,Can you restart the service on ml-infer-05?,restart_service,paraphrase_original,,753,,restart_service,11,restart_service,True,1,restart_service;provision_vm;process_refund;check_status;quarantine_system
753,Can you restart the service on ml-infer-05?,Would anyone be able to restart the service on ml-infer-05?,restart_service,paraphrase_variant,,753,,restart_service,11,restart_service,True,1,restart_service;provision_vm;process_refund;quarantine_system;send_notification
753,Can you restart the service on ml-infer-05?,I'd appreciate it if you could restart the service on ml-infer-05.,restart_service,paraphrase_variant,,753,,restart_service,11,restart_service,True,1,restart_service;provision_vm;process_refund;send_notification;quarantine_system
753,Can you restart the service on ml-infer-05?,It would help if restart the service on ml-infer-05.,restart_service,paraphrase_variant,,753,,restart_service,11,restart_service,True,1,restart_service;provision_vm;process_refund;check_status;quarantine_system
753,Can you restart the service on ml-infer-05?,Gonna need you to restart the service on ml-infer-05.,restart_service,paraphrase_variant,,753,,restart_service,11,restart_service,True,1,restart_service;provision_vm;process_refund;quarantine_system;send_notification
765,Could you restart cdn-edge-06's service process for me?,Could you restart cdn-edge-06's service process for me?,restart_service,paraphrase_original,,765,,restart_service,11,restart_service,True,1,restart_service;check_status;provision_vm;process_refund;quarantine_system
765,Could you restart cdn-edge-06's service process for me?,The situation requires restart cdn-edge-06's service process for me.,restart_service,paraphrase_variant,,765,,restart_service,11,restart_service,True,1,restart_service;provision_vm;check_status;quarantine_system;process_refund
765,Could you restart cdn-edge-06's service process for me?,Who can restart cdn-edge-06's service process for me?,restart_service,paraphrase_variant,,765,,restart_service,11,restart_service,True,1,restart_service;check_status;provision_vm;quarantine_system;process_refund
765,Could you restart cdn-edge-06's service process for me?,I'd appreciate it if you could restart cdn-edge-06's service process for me.,restart_service,paraphrase_variant,,765,,restart_service,11,restart_service,True,1,restart_service;provision_vm;check_status;process_refund;send_notification
765,Could you restart cdn-edge-06's service process for me?,"Hey, can you restart cdn-edge-06's service process for me.",restart_service,paraphrase_variant,,765,,restart_service,11,restart_service,True,1,restart_service;provision_vm;check_status;process_refund;quarantine_system
766,Could you bring the service on auth-svc-04 back up for me?,Could you bring the service on auth-svc-04 back up for me?,restart_service,paraphrase_original,,766,,restart_service,11,restart_service,True,1,restart_service;quarantine_system;check_status;reset_password;log_audit_event
766,Could you bring the service on auth-svc-04 back up for me?,Would you mind bring the service on auth-svc-04 back up for me.,restart_service,paraphrase_variant,,766,,restart_service,11,restart_service,True,1,restart_service;quarantine_system;provision_vm;reset_password;process_refund
766,Could you bring the service on auth-svc-04 back up for me?,It would help if bring the service on auth-svc-04 back up for me.,restart_service,paraphrase_variant,,766,,restart_service,11,restart_service,True,1,restart_service;check_status;quarantine_system;process_refund;provision_vm
766,Could you bring the service on auth-svc-04 back up for me?,Quick one -- bring the service on auth-svc-04 back up for me.,restart_service,paraphrase_variant,,766,,restart_service,11,restart_service,True,1,restart_service;quarantine_system;process_refund;provision_vm;check_status
766,Could you bring the service on auth-svc-04 back up for me?,Could someone bring the service on auth-svc-04 back up for me?,restart_service,paraphrase_variant,,766,,restart_service,11,restart_service,True,1,restart_service;log_audit_event;check_status;quarantine_system;reset_password
769,I need you to restart the service on staging-db-02.,I need you to restart the service on staging-db-02.,restart_service,paraphrase_original,,769,,restart_service,11,restart_service,True,1,restart_service;db_write;provision_vm;check_status;db_read
769,I need you to restart the service on staging-db-02.,Could you please restart the service on staging-db-02.,restart_service,paraphrase_variant,,769,,restart_service,11,restart_service,True,1,restart_service;db_write;provision_vm;check_status;db_read
769,I need you to restart the service on staging-db-02.,"Hey, can you restart the service on staging-db-02.",restart_service,paraphrase_variant,,769,,restart_service,11,restart_service,True,1,restart_service;db_write;provision_vm;check_status;process_refund
769,I need you to restart the service on staging-db-02.,Could someone restart the service on staging-db-02?,restart_service,paraphrase_variant,,769,,restart_service,11,restart_service,True,1,restart_service;check_status;provision_vm;db_write;db_read
769,I need you to restart the service on staging-db-02.,It would help if restart the service on staging-db-02.,restart_service,paraphrase_variant,,769,,restart_service,11,restart_service,True,1,restart_service;db_write;check_status;provision_vm;db_read
772,I need you to cycle cdn-edge-06.,I need you to cycle cdn-edge-06.,restart_service,paraphrase_original,,772,,restart_service,11,provision_vm,False,6,provision_vm;quarantine_system;create_ticket;send_notification;process_refund
772,I need you to cycle cdn-edge-06.,Is it possible to cycle cdn-edge-06?,restart_service,paraphrase_variant,,772,,restart_service,11,provision_vm,False,6,provision_vm;quarantine_system;update_subscription;send_notification;create_ticket
772,I need you to cycle cdn-edge-06.,Need you to cycle cdn-edge-06.,restart_service,paraphrase_variant,,772,,restart_service,11,provision_vm,False,6,provision_vm;quarantine_system;create_ticket;send_notification;process_refund
772,I need you to cycle cdn-edge-06.,We request that you cycle cdn-edge-06.,restart_service,paraphrase_variant,,772,,restart_service,11,provision_vm,False,6,provision_vm;send_notification;create_ticket;quarantine_system;process_refund
772,I need you to cycle cdn-edge-06.,It would help if cycle cdn-edge-06.,restart_service,paraphrase_variant,,772,,restart_service,11,provision_vm,False,8,provision_vm;send_notification;quarantine_system;create_ticket;process_refund
792,Let's perform a service restart on auth-svc-04.,Let's perform a service restart on auth-svc-04.,restart_service,paraphrase_original,,792,,restart_service,11,restart_service,True,1,restart_service;check_status;provision_vm;quarantine_system;process_refund
792,Let's perform a service restart on auth-svc-04.,Is it possible to let's perform a service restart on auth-svc-04?,restart_service,paraphrase_variant,,792,,restart_service,11,restart_service,True,1,restart_service;check_status;provision_vm;process_refund;quarantine_system
792,Let's perform a service restart on auth-svc-04.,Would you mind let's perform a service restart on auth-svc-04.,restart_service,paraphrase_variant,,792,,restart_service,11,restart_service,True,1,restart_service;provision_vm;quarantine_system;process_refund;check_status
792,Let's perform a service restart on auth-svc-04.,It would help if let's perform a service restart on auth-svc-04.,restart_service,paraphrase_variant,,792,,restart_service,11,restart_service,True,1,restart_service;check_status;provision_vm;process_refund;quarantine_system
792,Let's perform a service restart on auth-svc-04.,Need you to let's perform a service restart on auth-svc-04.,restart_service,paraphrase_variant,,792,,restart_service,11,restart_service,True,1,restart_service;check_status;provision_vm;process_refund;quarantine_system
794,Kindly reboot auth-svc-04.,Kindly reboot auth-svc-04.,restart_service,paraphrase_original,,794,,restart_service,11,restart_service,True,1,restart_service;reset_password;process_refund;quarantine_system;log_audit_event
794,Kindly reboot auth-svc-04.,Would you mind reboot auth-svc-04.,restart_service,paraphrase_variant,,794,,restart_service,11,restart_service,True,1,restart_service;reset_password;provision_vm;process_refund;quarantine_system
794,Kindly reboot auth-svc-04.,Is it possible to reboot auth-svc-04?,restart_service,paraphrase_variant,,794,,restart_service,11,restart_service,True,1,restart_service;reset_password;process_refund;provision_vm;quarantine_system
794,Kindly reboot auth-svc-04.,reboot auth-svc-04 -- that's what needs to happen.,restart_service,paraphrase_variant,,794,,restart_service,11,restart_service,True,1,restart_service;reset_password;process_refund;quarantine_system;provision_vm
794,Kindly reboot auth-svc-04.,"Yo, reboot auth-svc-04.",restart_service,paraphrase_variant,,794,,restart_service,11,restart_service,True,1,restart_service;reset_password;provision_vm;process_refund;quarantine_system
796,Kindly cycle cdn-edge-06.,Kindly cycle cdn-edge-06.,restart_service,paraphrase_original,,796,,restart_service,11,provision_vm,False,3,provision_vm;quarantine_system;restart_service;send_notification;process_refund
796,Kindly cycle cdn-edge-06.,We request that you cycle cdn-edge-06.,restart_service,paraphrase_variant,,796,,restart_service,11,provision_vm,False,6,provision_vm;send_notification;create_ticket;quarantine_system;process_refund
796,Kindly cycle cdn-edge-06.,Who can cycle cdn-edge-06?,restart_service,paraphrase_variant,,796,,restart_service,11,provision_vm,False,7,provision_vm;send_notification;create_ticket;quarantine_system;escalate_to_human
796,Kindly cycle cdn-edge-06.,It would help if cycle cdn-edge-06.,restart_service,paraphrase_variant,,796,,restart_service,11,provision_vm,False,8,provision_vm;send_notification;quarantine_system;create_ticket;process_refund
796,Kindly cycle cdn-edge-06.,Need you to cycle cdn-edge-06.,restart_service,paraphrase_variant,,796,,restart_service,11,provision_vm,False,6,provision_vm;quarantine_system;create_ticket;send_notification;process_refund
801,"When you have a moment, restart the service on staging-db-02.","When you have a moment, restart the service on staging-db-02.",restart_service,paraphrase_original,,801,,restart_service,11,restart_service,True,1,restart_service;provision_vm;db_write;check_status;process_refund
801,"When you have a moment, restart the service on staging-db-02.","Quick one -- when you have a moment, restart the service on staging-db-02.",restart_service,paraphrase_variant,,801,,restart_service,11,restart_service,True,1,restart_service;provision_vm;db_write;check_status;process_refund
801,"When you have a moment, restart the service on staging-db-02.","Would anyone be able to when you have a moment, restart the service on staging-db-02?",restart_service,paraphrase_variant,,801,,restart_service,11,restart_service,True,1,restart_service;provision_vm;db_write;process_refund;check_status
801,"When you have a moment, restart the service on staging-db-02.","We request that you when you have a moment, restart the service on staging-db-02.",restart_service,paraphrase_variant,,801,,restart_service,11,restart_service,True,1,restart_service;provision_vm;db_write;check_status;process_refund
801,"When you have a moment, restart the service on staging-db-02.","when you have a moment, restart the service on staging-db-02 -- that's what needs to happen.",restart_service,paraphrase_variant,,801,,restart_service,11,restart_service,True,1,restart_service;provision_vm;db_write;check_status;process_refund
803,"When you have a moment, bounce the service running on ml-infer-05.","When you have a moment, bounce the service running on ml-infer-05.",restart_service,paraphrase_original,,803,,restart_service,11,restart_service,True,1,restart_service;check_status;quarantine_system;send_notification;provision_vm
803,"When you have a moment, bounce the service running on ml-infer-05.","What we need is for when you have a moment, bounce the service running on ml-infer-05.",restart_service,paraphrase_variant,,803,,restart_service,11,send_notification,False,5,send_notification;provision_vm;check_status;quarantine_system;restart_service
803,"When you have a moment, bounce the service running on ml-infer-05.","Would you mind when you have a moment, bounce the service running on ml-infer-05.",restart_service,paraphrase_variant,,803,,restart_service,11,quarantine_system,False,2,quarantine_system;restart_service;check_status;send_notification;provision_vm
803,"When you have a moment, bounce the service running on ml-infer-05.","Hey, can you when you have a moment, bounce the service running on ml-infer-05.",restart_service,paraphrase_variant,,803,,restart_service,11,quarantine_system,False,4,quarantine_system;provision_vm;send_notification;restart_service;process_refund
803,"When you have a moment, bounce the service running on ml-infer-05.","Is it possible to when you have a moment, bounce the service running on ml-infer-05?",restart_service,paraphrase_variant,,803,,restart_service,11,restart_service,True,1,restart_service;quarantine_system;check_status;send_notification;provision_vm
806,see if ml-infer-05 is up.,see if ml-infer-05 is up.,check_status,paraphrase_original,,806,,check_status,12,check_status,True,1,check_status;generate_report;scan_malware;quarantine_system;send_notification
806,see if ml-infer-05 is up.,The situation requires see if ml-infer-05 is up.,check_status,paraphrase_variant,,806,,check_status,12,generate_report,False,4,generate_report;send_notification;quarantine_system;check_status;process_refund
806,see if ml-infer-05 is up.,Gonna need you to see if ml-infer-05 is up.,check_status,paraphrase_variant,,806,,check_status,12,generate_report,False,7,generate_report;send_notification;quarantine_system;provision_vm;scan_malware
806,see if ml-infer-05 is up.,Who can see if ml-infer-05 is up?,check_status,paraphrase_variant,,806,,check_status,12,generate_report,False,3,generate_report;send_notification;check_status;scan_malware;quarantine_system
806,see if ml-infer-05 is up.,Please see if ml-infer-05 is up.,check_status,paraphrase_variant,,806,,check_status,12,generate_report,False,7,generate_report;send_notification;quarantine_system;scan_malware;process_refund
807,inspect the current state of ml-infer-05.,inspect the current state of ml-infer-05.,check_status,paraphrase_original,,807,,check_status,12,check_status,True,1,check_status;scan_malware;generate_report;db_read;log_audit_event
807,inspect the current state of ml-infer-05.,Who can inspect the current state of ml-infer-05?,check_status,paraphrase_variant,,807,,check_status,12,check_status,True,1,check_status;generate_report;log_audit_event;scan_malware;send_notification
807,inspect the current state of ml-infer-05.,The situation requires inspect the current state of ml-infer-05.,check_status,paraphrase_variant,,807,,check_status,12,check_status,True,1,check_status;generate_report;quarantine_system;process_refund;send_notification
807,inspect the current state of ml-infer-05.,"Yo, inspect the current state of ml-infer-05.",check_status,paraphrase_variant,,807,,check_status,12,generate_report,False,2,generate_report;check_status;scan_malware;quarantine_system;db_read
807,inspect the current state of ml-infer-05.,Kindly inspect the current state of ml-infer-05.,check_status,paraphrase_variant,,807,,check_status,12,check_status,True,1,check_status;generate_report;scan_malware;db_read;process_refund
808,look into auth-svc-04's health.,look into auth-svc-04's health.,check_status,paraphrase_original,,808,,check_status,12,log_audit_event,False,4,log_audit_event;scan_malware;reset_password;check_status;quarantine_system
808,look into auth-svc-04's health.,"Hey, can you look into auth-svc-04's health.",check_status,paraphrase_variant,,808,,check_status,12,log_audit_event,False,4,log_audit_event;scan_malware;reset_password;check_status;generate_report
808,look into auth-svc-04's health.,We request that you look into auth-svc-04's health.,check_status,paraphrase_variant,,808,,check_status,12,log_audit_event,False,2,log_audit_event;check_status;quarantine_system;scan_malware;generate_report
808,look into auth-svc-04's health.,Is it possible to look into auth-svc-04's health?,check_status,paraphrase_variant,,808,,check_status,12,check_status,True,1,check_status;log_audit_event;scan_malware;quarantine_system;reset_password
808,look into auth-svc-04's health.,It would help if look into auth-svc-04's health.,check_status,paraphrase_variant,,808,,check_status,12,log_audit_event,False,2,log_audit_event;check_status;scan_malware;quarantine_system;generate_report
811,review the status of ml-infer-05.,review the status of ml-infer-05.,check_status,paraphrase_original,,811,,check_status,12,generate_report,False,4,generate_report;send_notification;scan_malware;check_status;process_refund
811,review the status of ml-infer-05.,The situation requires review the status of ml-infer-05.,check_status,paraphrase_variant,,811,,check_status,12,send_notification,False,4,send_notification;generate_report;process_refund;check_status;quarantine_system
811,review the status of ml-infer-05.,Gonna need you to review the status of ml-infer-05.,check_status,paraphrase_variant,,811,,check_status,12,generate_report,False,3,generate_report;send_notification;check_status;process_refund;quarantine_system
811,review the status of ml-infer-05.,Is it possible to review the status of ml-infer-05?,check_status,paraphrase_variant,,811,,check_status,12,check_status,True,1,check_status;generate_report;log_audit_event;send_notification;scan_malware
811,review the status of ml-infer-05.,Please review the status of ml-infer-05.,check_status,paraphrase_variant,,811,,check_status,12,generate_report,False,6,generate_report;send_notification;scan_malware;quarantine_system;process_refund
814,Please see if prod-web-01 is up.,Please see if prod-web-01 is up.,check_status,paraphrase_original,,814,,check_status,12,quarantine_system,False,8,quarantine_system;provision_vm;generate_report;process_refund;scan_malware
814,Please see if prod-web-01 is up.,Need you to see if prod-web-01 is up.,check_status,paraphrase_variant,,814,,check_status,12,quarantine_system,False,5,quarantine_system;provision_vm;scan_malware;generate_report;check_status
814,Please see if prod-web-01 is up.,Is it possible to see if prod-web-01 is up?,check_status,paraphrase_variant,,814,,check_status,12,check_status,True,1,check_status;quarantine_system;scan_malware;generate_report;provision_vm
814,Please see if prod-web-01 is up.,Would you mind see if prod-web-01 is up.,check_status,paraphrase_variant,,814,,check_status,12,provision_vm,False,8,provision_vm;quarantine_system;generate_report;scan_malware;process_refund
814,Please see if prod-web-01 is up.,It would help if see if prod-web-01 is up.,check_status,paraphrase_variant,,814,,check_status,12,quarantine_system,False,2,quarantine_system;check_status;provision_vm;generate_report;scan_malware
815,Please inspect the current state of payment-api-03.,Please inspect the current state of payment-api-03.,check_status,paraphrase_original,,815,,check_status,12,check_status,True,1,check_status;process_refund;log_audit_event;db_read;generate_report
815,Please inspect the current state of payment-api-03.,It would help if inspect the current state of payment-api-03.,check_status,paraphrase_variant,,815,,check_status,12,check_status,True,1,check_status;process_refund;log_audit_event;db_read;generate_report
815,Please inspect the current state of payment-api-03.,Gonna need you to inspect the current state of payment-api-03.,check_status,paraphrase_variant,,815,,check_status,12,check_status,True,1,check_status;process_refund;log_audit_event;generate_report;db_read
815,Please inspect the current state of payment-api-03.,Would anyone be able to inspect the current state of payment-api-03?,check_status,paraphrase_variant,,815,,check_status,12,check_status,True,1,check_status;log_audit_event;process_refund;db_read;generate_report
815,Please inspect the current state of payment-api-03.,Please inspect the current state of payment-api-03.,check_status,paraphrase_variant,,815,,check_status,12,check_status,True,1,check_status;process_refund;log_audit_event;db_read;generate_report
823,Can you inspect the current state of payment-api-03?,Can you inspect the current state of payment-api-03?,check_status,paraphrase_original,,823,,check_status,12,check_status,True,1,check_status;log_audit_event;process_refund;db_read;scan_malware
823,Can you inspect the current state of payment-api-03?,"Hey, can you inspect the current state of payment-api-03.",check_status,paraphrase_variant,,823,,check_status,12,check_status,True,1,check_status;process_refund;log_audit_event;db_read;generate_report
823,Can you inspect the current state of payment-api-03?,What we need is for inspect the current state of payment-api-03.,check_status,paraphrase_variant,,823,,check_status,12,check_status,True,1,check_status;log_audit_event;process_refund;generate_report;db_read
823,Can you inspect the current state of payment-api-03?,I'd appreciate it if you could inspect the current state of payment-api-03.,check_status,paraphrase_variant,,823,,check_status,12,check_status,True,1,check_status;process_refund;log_audit_event;generate_report;db_read
823,Can you inspect the current state of payment-api-03?,Who can inspect the current state of payment-api-03?,check_status,paraphrase_variant,,823,,check_status,12,check_status,True,1,check_status;log_audit_event;process_refund;scan_malware;db_read
824,Can you look into prod-web-01's health?,Can you look into prod-web-01's health?,check_status,paraphrase_original,,824,,check_status,12,scan_malware,False,5,scan_malware;quarantine_system;generate_report;process_refund;check_status
824,Can you look into prod-web-01's health?,Could someone look into prod-web-01's health?,check_status,paraphrase_variant,,824,,check_status,12,quarantine_system,False,8,quarantine_system;scan_malware;provision_vm;generate_report;process_refund
824,Can you look into prod-web-01's health?,"Yo, look into prod-web-01's health.",check_status,paraphrase_variant,,824,,check_status,12,quarantine_system,False,7,quarantine_system;provision_vm;scan_malware;generate_report;send_notification
824,Can you look into prod-web-01's health?,I'd appreciate it if you could look into prod-web-01's health.,check_status,paraphrase_variant,,824,,check_status,12,quarantine_system,False,8,quarantine_system;generate_report;provision_vm;scan_malware;create_ticket
824,Can you look into prod-web-01's health?,The situation requires look into prod-web-01's health.,check_status,paraphrase_variant,,824,,check_status,12,quarantine_system,False,9,quarantine_system;provision_vm;scan_malware;generate_report;send_notification
825,Can you confirm that auth-svc-04 is running normally?,Can you confirm that auth-svc-04 is running normally?,check_status,paraphrase_original,,825,,check_status,12,check_status,True,1,check_status;log_audit_event;reset_password;scan_malware;quarantine_system
825,Can you confirm that auth-svc-04 is running normally?,What we need is for confirm that auth-svc-04 is running normally.,check_status,paraphrase_variant,,825,,check_status,12,check_status,True,1,check_status;log_audit_event;reset_password;quarantine_system;scan_malware
825,Can you confirm that auth-svc-04 is running normally?,We request that you confirm that auth-svc-04 is running normally.,check_status,paraphrase_variant,,825,,check_status,12,check_status,True,1,check_status;log_audit_event;quarantine_system;scan_malware;reset_password
825,Can you confirm that auth-svc-04 is running normally?,Is it possible to confirm that auth-svc-04 is running normally?,check_status,paraphrase_variant,,825,,check_status,12,check_status,True,1,check_status;log_audit_event;scan_malware;quarantine_system;reset_password
825,Can you confirm that auth-svc-04 is running normally?,Gonna need you to confirm that auth-svc-04 is running normally.,check_status,paraphrase_variant,,825,,check_status,12,log_audit_event,False,2,log_audit_event;check_status;quarantine_system;reset_password;scan_malware
826,Can you check whether payment-api-03 is operational?,Can you check whether payment-api-03 is operational?,check_status,paraphrase_original,,826,,check_status,12,check_status,True,1,check_status;log_audit_event;process_refund;scan_malware;quarantine_system
826,Can you check whether payment-api-03 is operational?,It would help if check whether payment-api-03 is operational.,check_status,paraphrase_variant,,826,,check_status,12,check_status,True,1,check_status;process_refund;quarantine_system;log_audit_event;generate_report
826,Can you check whether payment-api-03 is operational?,Do me a favor and check whether payment-api-03 is operational.,check_status,paraphrase_variant,,826,,check_status,12,check_status,True,1,check_status;process_refund;quarantine_system;generate_report;send_notification
826,Can you check whether payment-api-03 is operational?,Could you please check whether payment-api-03 is operational.,check_status,paraphrase_variant,,826,,check_status,12,check_status,True,1,check_status;process_refund;generate_report;log_audit_event;quarantine_system
826,Can you check whether payment-api-03 is operational?,Would anyone be able to check whether payment-api-03 is operational?,check_status,paraphrase_variant,,826,,check_status,12,check_status,True,1,check_status;log_audit_event;scan_malware;process_refund;generate_report
829,Could you verify whether payment-api-03 is healthy for me?,Could you verify whether payment-api-03 is healthy for me?,check_status,paraphrase_original,,829,,check_status,12,check_status,True,1,check_status;process_refund;scan_malware;generate_report;log_audit_event
829,Could you verify whether payment-api-03 is healthy for me?,What we need is for verify whether payment-api-03 is healthy for me.,check_status,paraphrase_variant,,829,,check_status,12,check_status,True,1,check_status;generate_report;process_refund;scan_malware;send_notification
829,Could you verify whether payment-api-03 is healthy for me?,We request that you verify whether payment-api-03 is healthy for me.,check_status,paraphrase_variant,,829,,check_status,12,check_status,True,1,check_status;send_notification;process_refund;quarantine_system;scan_malware
829,Could you verify whether payment-api-03 is healthy for me?,Is it possible to verify whether payment-api-03 is healthy for me?,check_status,paraphrase_variant,,829,,check_status,12,check_status,True,1,check_status;scan_malware;process_refund;log_audit_event;quarantine_system
829,Could you verify whether payment-api-03 is healthy for me?,"Hey, can you verify whether payment-api-03 is healthy for me.",check_status,paraphrase_variant,,829,,check_status,12,check_status,True,1,check_status;process_refund;scan_malware;generate_report;quarantine_system
831,Could you inspect the current state of payment-api-03 for me?,Could you inspect the current state of payment-api-03 for me?,check_status,paraphrase_original,,831,,check_status,12,check_status,True,1,check_status;log_audit_event;process_refund;db_read;generate_report
831,Could you inspect the current state of payment-api-03 for me?,Do me a favor and inspect the current state of payment-api-03 for me.,check_status,paraphrase_variant,,831,,check_status,12,process_refund,False,2,process_refund;check_status;log_audit_event;generate_report;create_ticket
831,Could you inspect the current state of payment-api-03 for me?,It would help if inspect the current state of payment-api-03 for me.,check_status,paraphrase_variant,,831,,check_status,12,check_status,True,1,check_status;process_refund;log_audit_event;generate_report;db_read
831,Could you inspect the current state of payment-api-03 for me?,Could someone inspect the current state of payment-api-03 for me?,check_status,paraphrase_variant,,831,,check_status,12,check_status,True,1,check_status;log_audit_event;process_refund;db_read;generate_report
831,Could you inspect the current state of payment-api-03 for me?,We request that you inspect the current state of payment-api-03 for me.,check_status,paraphrase_variant,,831,,check_status,12,check_status,True,1,check_status;log_audit_event;process_refund;generate_report;db_read
833,Could you confirm that cdn-edge-06 is running normally for me?,Could you confirm that cdn-edge-06 is running normally for me?,check_status,paraphrase_original,,833,,check_status,12,check_status,True,1,check_status;quarantine_system;scan_malware;send_notification;generate_report
833,Could you confirm that cdn-edge-06 is running normally for me?,Is it possible to confirm that cdn-edge-06 is running normally for me?,check_status,paraphrase_variant,,833,,check_status,12,check_status,True,1,check_status;send_notification;quarantine_system;scan_malware;log_audit_event
833,Could you confirm that cdn-edge-06 is running normally for me?,It would help if confirm that cdn-edge-06 is running normally for me.,check_status,paraphrase_variant,,833,,check_status,12,check_status,True,1,check_status;send_notification;quarantine_system;create_ticket;generate_report
833,Could you confirm that cdn-edge-06 is running normally for me?,Do me a favor and confirm that cdn-edge-06 is running normally for me.,check_status,paraphrase_variant,,833,,check_status,12,check_status,True,1,check_status;send_notification;scan_malware;quarantine_system;generate_report
833,Could you confirm that cdn-edge-06 is running normally for me?,I'd appreciate it if you could confirm that cdn-edge-06 is running normally for me.,check_status,paraphrase_variant,,833,,check_status,12,check_status,True,1,check_status;send_notification;quarantine_system;generate_report;log_audit_event
837,I need you to verify whether staging-db-02 is healthy.,I need you to verify whether staging-db-02 is healthy.,check_status,paraphrase_original,,837,,check_status,12,db_write,False,3,db_write;db_read;check_status;generate_report;send_notification
837,I need you to verify whether staging-db-02 is healthy.,Who can verify whether staging-db-02 is healthy?,check_status,paraphrase_variant,,837,,check_status,12,check_status,True,1,check_status;db_read;db_write;generate_report;send_notification
837,I need you to verify whether staging-db-02 is healthy.,"Yo, verify whether staging-db-02 is healthy.",check_status,paraphrase_variant,,837,,check_status,12,check_status,True,1,check_status;db_write;db_read;generate_report;send_notification
837,I need you to verify whether staging-db-02 is healthy.,I'd appreciate it if you could verify whether staging-db-02 is healthy.,check_status,paraphrase_variant,,837,,check_status,12,db_write,False,2,db_write;check_status;db_read;generate_report;send_notification
837,I need you to verify whether staging-db-02 is healthy.,verify whether staging-db-02 is healthy -- that's what needs to happen.,check_status,paraphrase_variant,,837,,check_status,12,check_status,True,1,check_status;db_read;db_write;generate_report;send_notification
839,I need you to inspect the current state of cdn-edge-06.,I need you to inspect the current state of cdn-edge-06.,check_status,paraphrase_original,,839,,check_status,12,check_status,True,1,check_status;create_ticket;generate_report;send_notification;quarantine_system
839,I need you to inspect the current state of cdn-edge-06.,Quick one -- inspect the current state of cdn-edge-06.,check_status,paraphrase_variant,,839,,check_status,12,check_status,True,1,check_status;create_ticket;quarantine_system;send_notification;generate_report
839,I need you to inspect the current state of cdn-edge-06.,What we need is for inspect the current state of cdn-edge-06.,check_status,paraphrase_variant,,839,,check_status,12,check_status,True,1,check_status;create_ticket;generate_report;send_notification;log_audit_event
839,I need you to inspect the current state of cdn-edge-06.,Is it possible to inspect the current state of cdn-edge-06?,check_status,paraphrase_variant,,839,,check_status,12,check_status,True,1,check_status;log_audit_event;create_ticket;generate_report;scan_malware
839,I need you to inspect the current state of cdn-edge-06.,Please inspect the current state of cdn-edge-06.,check_status,paraphrase_variant,,839,,check_status,12,check_status,True,1,check_status;create_ticket;quarantine_system;send_notification;generate_report
841,I need you to confirm that ml-infer-05 is running normally.,I need you to confirm that ml-infer-05 is running normally.,check_status,paraphrase_original,,841,,check_status,12,check_status,True,1,check_status;generate_report;quarantine_system;scan_malware;send_notification
841,I need you to confirm that ml-infer-05 is running normally.,Who can confirm that ml-infer-05 is running normally?,check_status,paraphrase_variant,,841,,check_status,12,check_status,True,1,check_status;generate_report;scan_malware;log_audit_event;quarantine_system
841,I need you to confirm that ml-infer-05 is running normally.,Please confirm that ml-infer-05 is running normally.,check_status,paraphrase_variant,,841,,check_status,12,check_status,True,1,check_status;scan_malware;quarantine_system;generate_report;db_read
841,I need you to confirm that ml-infer-05 is running normally.,It would help if confirm that ml-infer-05 is running normally.,check_status,paraphrase_variant,,841,,check_status,12,check_status,True,1,check_status;generate_report;quarantine_system;send_notification;scan_malware
841,I need you to confirm that ml-infer-05 is running normally.,"Hey, can you confirm that ml-infer-05 is running normally.",check_status,paraphrase_variant,,841,,check_status,12,check_status,True,1,check_status;generate_report;quarantine_system;scan_malware;send_notification
852,Let's check the status of auth-svc-04.,Let's check the status of auth-svc-04.,check_status,paraphrase_original,,852,,check_status,12,log_audit_event,False,2,log_audit_event;check_status;generate_report;quarantine_system;reset_password
852,Let's check the status of auth-svc-04.,Is it possible to let's check the status of auth-svc-04?,check_status,paraphrase_variant,,852,,check_status,12,check_status,True,1,check_status;log_audit_event;scan_malware;quarantine_system;generate_report
852,Let's check the status of auth-svc-04.,let's check the status of auth-svc-04 -- that's what needs to happen.,check_status,paraphrase_variant,,852,,check_status,12,check_status,True,1,check_status;log_audit_event;quarantine_system;generate_report;reset_password
852,Let's check the status of auth-svc-04.,Gonna need you to let's check the status of auth-svc-04.,check_status,paraphrase_variant,,852,,check_status,12,log_audit_event,False,2,log_audit_event;check_status;generate_report;quarantine_system;scan_malware
852,Let's check the status of auth-svc-04.,Would you mind let's check the status of auth-svc-04.,check_status,paraphrase_variant,,852,,check_status,12,log_audit_event,False,2,log_audit_event;check_status;generate_report;quarantine_system;scan_malware
855,Let's inspect the current state of payment-api-03.,Let's inspect the current state of payment-api-03.,check_status,paraphrase_original,,855,,check_status,12,check_status,True,1,check_status;process_refund;log_audit_event;generate_report;db_read
855,Let's inspect the current state of payment-api-03.,Would anyone be able to let's inspect the current state of payment-api-03?,check_status,paraphrase_variant,,855,,check_status,12,check_status,True,1,check_status;log_audit_event;process_refund;generate_report;scan_malware
855,Let's inspect the current state of payment-api-03.,let's inspect the current state of payment-api-03 -- that's what needs to happen.,check_status,paraphrase_variant,,855,,check_status,12,process_refund,False,2,process_refund;check_status;quarantine_system;generate_report;log_audit_event
855,Let's inspect the current state of payment-api-03.,Could you please let's inspect the current state of payment-api-03.,check_status,paraphrase_variant,,855,,check_status,12,check_status,True,1,check_status;process_refund;log_audit_event;generate_report;db_read
855,Let's inspect the current state of payment-api-03.,"Yo, let's inspect the current state of payment-api-03.",check_status,paraphrase_variant,,855,,check_status,12,process_refund,False,2,process_refund;check_status;generate_report;log_audit_event;quarantine_system
856,Let's look into cdn-edge-06's health.,Let's look into cdn-edge-06's health.,check_status,paraphrase_original,,856,,check_status,12,send_notification,False,4,send_notification;provision_vm;create_ticket;check_status;quarantine_system
856,Let's look into cdn-edge-06's health.,It would help if let's look into cdn-edge-06's health.,check_status,paraphrase_variant,,856,,check_status,12,send_notification,False,4,send_notification;create_ticket;provision_vm;check_status;generate_report
856,Let's look into cdn-edge-06's health.,Please let's look into cdn-edge-06's health.,check_status,paraphrase_variant,,856,,check_status,12,send_notification,False,3,send_notification;provision_vm;check_status;create_ticket;quarantine_system
856,Let's look into cdn-edge-06's health.,Is it possible to let's look into cdn-edge-06's health?,check_status,paraphrase_variant,,856,,check_status,12,check_status,True,1,check_status;send_notification;create_ticket;provision_vm;quarantine_system
856,Let's look into cdn-edge-06's health.,Need you to let's look into cdn-edge-06's health.,check_status,paraphrase_variant,,856,,check_status,12,send_notification,False,2,send_notification;check_status;create_ticket;provision_vm;generate_report
857,Let's confirm that ml-infer-05 is running normally.,Let's confirm that ml-infer-05 is running normally.,check_status,paraphrase_original,,857,,check_status,12,check_status,True,1,check_status;generate_report;quarantine_system;scan_malware;process_refund
857,Let's confirm that ml-infer-05 is running normally.,"Hey, can you let's confirm that ml-infer-05 is running normally.",check_status,paraphrase_variant,,857,,check_status,12,check_status,True,1,check_status;generate_report;quarantine_system;scan_malware;send_notification
857,Let's confirm that ml-infer-05 is running normally.,I'd appreciate it if you could let's confirm that ml-infer-05 is running normally.,check_status,paraphrase_variant,,857,,check_status,12,check_status,True,1,check_status;generate_report;quarantine_system;scan_malware;send_notification
857,Let's confirm that ml-infer-05 is running normally.,Would anyone be able to let's confirm that ml-infer-05 is running normally?,check_status,paraphrase_variant,,857,,check_status,12,check_status,True,1,check_status;generate_report;scan_malware;quarantine_system;log_audit_event
857,Let's confirm that ml-infer-05 is running normally.,let's confirm that ml-infer-05 is running normally -- that's what needs to happen.,check_status,paraphrase_variant,,857,,check_status,12,check_status,True,1,check_status;quarantine_system;generate_report;send_notification;process_refund
861,Kindly verify whether payment-api-03 is healthy.,Kindly verify whether payment-api-03 is healthy.,check_status,paraphrase_original,,861,,check_status,12,check_status,True,1,check_status;process_refund;scan_malware;quarantine_system;send_notification
861,Kindly verify whether payment-api-03 is healthy.,Quick one -- verify whether payment-api-03 is healthy.,check_status,paraphrase_variant,,861,,check_status,12,check_status,True,1,check_status;process_refund;generate_report;send_notification;quarantine_system
861,Kindly verify whether payment-api-03 is healthy.,We request that you verify whether payment-api-03 is healthy.,check_status,paraphrase_variant,,861,,check_status,12,check_status,True,1,check_status;send_notification;process_refund;quarantine_system;scan_malware
861,Kindly verify whether payment-api-03 is healthy.,It would help if verify whether payment-api-03 is healthy.,check_status,paraphrase_variant,,861,,check_status,12,check_status,True,1,check_status;process_refund;generate_report;quarantine_system;scan_malware
861,Kindly verify whether payment-api-03 is healthy.,Is it possible to verify whether payment-api-03 is healthy?,check_status,paraphrase_variant,,861,,check_status,12,check_status,True,1,check_status;scan_malware;log_audit_event;process_refund;quarantine_system
862,Kindly see if auth-svc-04 is up.,Kindly see if auth-svc-04 is up.,check_status,paraphrase_original,,862,,check_status,12,reset_password,False,4,reset_password;log_audit_event;quarantine_system;check_status;scan_malware
862,Kindly see if auth-svc-04 is up.,Who can see if auth-svc-04 is up?,check_status,paraphrase_variant,,862,,check_status,12,log_audit_event,False,2,log_audit_event;check_status;scan_malware;quarantine_system;reset_password
862,Kindly see if auth-svc-04 is up.,What we need is for see if auth-svc-04 is up.,check_status,paraphrase_variant,,862,,check_status,12,log_audit_event,False,2,log_audit_event;check_status;quarantine_system;scan_malware;reset_password
862,Kindly see if auth-svc-04 is up.,Kindly see if auth-svc-04 is up.,check_status,paraphrase_variant,,862,,check_status,12,reset_password,False,4,reset_password;log_audit_event;quarantine_system;check_status;scan_malware
862,Kindly see if auth-svc-04 is up.,Need you to see if auth-svc-04 is up.,check_status,paraphrase_variant,,862,,check_status,12,log_audit_event,False,2,log_audit_event;check_status;reset_password;quarantine_system;scan_malware
870,"When you have a moment, see if payment-api-03 is up.","When you have a moment, see if payment-api-03 is up.",check_status,paraphrase_original,,870,,check_status,12,check_status,True,1,check_status;process_refund;quarantine_system;generate_report;log_audit_event
870,"When you have a moment, see if payment-api-03 is up.","Need you to when you have a moment, see if payment-api-03 is up.",check_status,paraphrase_variant,,870,,check_status,12,process_refund,False,2,process_refund;check_status;generate_report;quarantine_system;send_notification
870,"When you have a moment, see if payment-api-03 is up.","I'd appreciate it if you could when you have a moment, see if payment-api-03 is up.",check_status,paraphrase_variant,,870,,check_status,12,process_refund,False,8,process_refund;generate_report;send_notification;provision_vm;create_ticket
870,"When you have a moment, see if payment-api-03 is up.","Who can when you have a moment, see if payment-api-03 is up?",check_status,paraphrase_variant,,870,,check_status,12,check_status,True,1,check_status;process_refund;log_audit_event;send_notification;quarantine_system
870,"When you have a moment, see if payment-api-03 is up.","What we need is for when you have a moment, see if payment-api-03 is up.",check_status,paraphrase_variant,,870,,check_status,12,check_status,True,1,check_status;process_refund;generate_report;quarantine_system;send_notification
881,Please route the cdn-edge-06 incident to a live responder.,Please route the cdn-edge-06 incident to a live responder.,escalate_to_human,paraphrase_original,,881,,escalate_to_human,13,escalate_to_human,True,1,escalate_to_human;quarantine_system;create_ticket;send_notification;provision_vm
881,Please route the cdn-edge-06 incident to a live responder.,Could you please route the cdn-edge-06 incident to a live responder.,escalate_to_human,paraphrase_variant,,881,,escalate_to_human,13,escalate_to_human,True,1,escalate_to_human;create_ticket;quarantine_system;send_notification;provision_vm
881,Please route the cdn-edge-06 incident to a live responder.,"Hey, can you route the cdn-edge-06 incident to a live responder.",escalate_to_human,paraphrase_variant,,881,,escalate_to_human,13,escalate_to_human,True,1,escalate_to_human;create_ticket;quarantine_system;provision_vm;send_notification
881,Please route the cdn-edge-06 incident to a live responder.,It would help if route the cdn-edge-06 incident to a live responder.,escalate_to_human,paraphrase_variant,,881,,escalate_to_human,13,escalate_to_human,True,1,escalate_to_human;create_ticket;quarantine_system;send_notification;provision_vm
881,Please route the cdn-edge-06 incident to a live responder.,Who can route the cdn-edge-06 incident to a live responder?,escalate_to_human,paraphrase_variant,,881,,escalate_to_human,13,escalate_to_human,True,1,escalate_to_human;create_ticket;quarantine_system;send_notification;provision_vm
890,Can you send the prod-web-01 issue for human handling?,Can you send the prod-web-01 issue for human handling?,escalate_to_human,paraphrase_original,,890,,escalate_to_human,13,escalate_to_human,True,1,escalate_to_human;create_ticket;process_refund;quarantine_system;send_notification
890,Can you send the prod-web-01 issue for human handling?,"Hey, can you send the prod-web-01 issue for human handling.",escalate_to_human,paraphrase_variant,,890,,escalate_to_human,13,escalate_to_human,True,1,escalate_to_human;create_ticket;process_refund;send_notification;provision_vm
890,Can you send the prod-web-01 issue for human handling?,We request that you send the prod-web-01 issue for human handling.,escalate_to_human,paraphrase_variant,,890,,escalate_to_human,13,escalate_to_human,True,1,escalate_to_human;create_ticket;send_notification;process_refund;quarantine_system
890,Can you send the prod-web-01 issue for human handling?,It would help if send the prod-web-01 issue for human handling.,escalate_to_human,paraphrase_variant,,890,,escalate_to_human,13,escalate_to_human,True,1,escalate_to_human;create_ticket;quarantine_system;process_refund;send_notification
890,Can you send the prod-web-01 issue for human handling?,Who can send the prod-web-01 issue for human handling?,escalate_to_human,paraphrase_variant,,890,,escalate_to_human,13,escalate_to_human,True,1,escalate_to_human;create_ticket;send_notification;process_refund;quarantine_system
891,Can you send Grace's case for human review?,Can you send Grace's case for human review?,escalate_to_human,paraphrase_original,,891,,escalate_to_human,13,escalate_to_human,True,1,escalate_to_human;log_audit_event;generate_report;create_ticket;send_notification
891,Can you send Grace's case for human review?,Please send grace's case for human review.,escalate_to_human,paraphrase_variant,,891,,escalate_to_human,13,escalate_to_human,True,1,escalate_to_human;log_audit_event;send_notification;process_refund;generate_report
891,Can you send Grace's case for human review?,Would anyone be able to send grace's case for human review?,escalate_to_human,paraphrase_variant,,891,,escalate_to_human,13,log_audit_event,False,2,log_audit_event;escalate_to_human;generate_report;create_ticket;send_notification
891,Can you send Grace's case for human review?,Do me a favor and send grace's case for human review.,escalate_to_human,paraphrase_variant,,891,,escalate_to_human,13,escalate_to_human,True,1,escalate_to_human;log_audit_event;generate_report;create_ticket;process_refund
891,Can you send Grace's case for human review?,It would help if send grace's case for human review.,escalate_to_human,paraphrase_variant,,891,,escalate_to_human,13,escalate_to_human,True,1,escalate_to_human;log_audit_event;generate_report;send_notification;create_ticket
897,Could you route Alice's issue to the on-call engineer for me?,Could you route Alice's issue to the on-call engineer for me?,escalate_to_human,paraphrase_original,,897,,escalate_to_human,13,escalate_to_human,True,1,escalate_to_human;create_ticket;provision_vm;process_refund;send_notification
897,Could you route Alice's issue to the on-call engineer for me?,route alice's issue to the on-call engineer for me -- that's what needs to happen.,escalate_to_human,paraphrase_variant,,897,,escalate_to_human,13,escalate_to_human,True,1,escalate_to_human;create_ticket;provision_vm;send_notification;quarantine_system
897,Could you route Alice's issue to the on-call engineer for me?,"Hey, can you route alice's issue to the on-call engineer for me.",escalate_to_human,paraphrase_variant,,897,,escalate_to_human,13,escalate_to_human,True,1,escalate_to_human;create_ticket;provision_vm;process_refund;send_notification
897,Could you route Alice's issue to the on-call engineer for me?,Could someone route alice's issue to the on-call engineer for me?,escalate_to_human,paraphrase_variant,,897,,escalate_to_human,13,escalate_to_human,True,1,escalate_to_human;create_ticket;process_refund;send_notification;provision_vm
897,Could you route Alice's issue to the on-call engineer for me?,Please route alice's issue to the on-call engineer for me.,escalate_to_human,paraphrase_variant,,897,,escalate_to_human,13,escalate_to_human,True,1,escalate_to_human;create_ticket;process_refund;provision_vm;send_notification
899,Could you send Bob's case for human review for me?,Could you send Bob's case for human review for me?,escalate_to_human,paraphrase_original,,899,,escalate_to_human,13,escalate_to_human,True,1,escalate_to_human;create_ticket;generate_report;log_audit_event;send_notification
899,Could you send Bob's case for human review for me?,Kindly send bob's case for human review for me.,escalate_to_human,paraphrase_variant,,899,,escalate_to_human,13,escalate_to_human,True,1,escalate_to_human;create_ticket;send_notification;generate_report;process_refund
899,Could you send Bob's case for human review for me?,Would anyone be able to send bob's case for human review for me?,escalate_to_human,paraphrase_variant,,899,,escalate_to_human,13,create_ticket,False,2,create_ticket;escalate_to_human;log_audit_event;generate_report;send_notification
899,Could you send Bob's case for human review for me?,Need you to send bob's case for human review for me.,escalate_to_human,paraphrase_variant,,899,,escalate_to_human,13,escalate_to_human,True,1,escalate_to_human;create_ticket;generate_report;log_audit_event;send_notification
899,Could you send Bob's case for human review for me?,It would help if send bob's case for human review for me.,escalate_to_human,paraphrase_variant,,899,,escalate_to_human,13,escalate_to_human,True,1,escalate_to_human;create_ticket;generate_report;send_notification;log_audit_event
900,Could you escalate the request to someone in Marketing for me?,Could you escalate the request to someone in Marketing for me?,escalate_to_human,paraphrase_original,,900,,escalate_to_human,13,escalate_to_human,True,1,escalate_to_human;send_notification;process_refund;create_ticket;quarantine_system
900,Could you escalate the request to someone in Marketing for me?,Kindly escalate the request to someone in marketing for me.,escalate_to_human,paraphrase_variant,,900,,escalate_to_human,13,escalate_to_human,True,1,escalate_to_human;send_notification;process_refund;create_ticket;provision_vm
900,Could you escalate the request to someone in Marketing for me?,Need you to escalate the request to someone in marketing for me.,escalate_to_human,paraphrase_variant,,900,,escalate_to_human,13,escalate_to_human,True,1,escalate_to_human;process_refund;send_notification;create_ticket;quarantine_system
900,Could you escalate the request to someone in Marketing for me?,Who can escalate the request to someone in marketing for me?,escalate_to_human,paraphrase_variant,,900,,escalate_to_human,13,escalate_to_human,True,1,escalate_to_human;send_notification;process_refund;create_ticket;quarantine_system
900,Could you escalate the request to someone in Marketing for me?,escalate the request to someone in marketing for me -- that's what needs to happen.,escalate_to_human,paraphrase_variant,,900,,escalate_to_human,13,escalate_to_human,True,1,escalate_to_human;process_refund;send_notification;quarantine_system;create_ticket
904,I need you to get a human involved for Charlie.,I need you to get a human involved for Charlie.,escalate_to_human,paraphrase_original,,904,,escalate_to_human,13,escalate_to_human,True,1,escalate_to_human;quarantine_system;create_ticket;send_notification;provision_vm
904,I need you to get a human involved for Charlie.,It would help if get a human involved for charlie.,escalate_to_human,paraphrase_variant,,904,,escalate_to_human,13,escalate_to_human,True,1,escalate_to_human;quarantine_system;create_ticket;send_notification;provision_vm
904,I need you to get a human involved for Charlie.,Quick one -- get a human involved for charlie.,escalate_to_human,paraphrase_variant,,904,,escalate_to_human,13,escalate_to_human,True,1,escalate_to_human;quarantine_system;create_ticket;send_notification;provision_vm
904,I need you to get a human involved for Charlie.,Is it possible to get a human involved for charlie?,escalate_to_human,paraphrase_variant,,904,,escalate_to_human,13,escalate_to_human,True,1,escalate_to_human;quarantine_system;create_ticket;send_notification;provision_vm
904,I need you to get a human involved for Charlie.,Kindly get a human involved for charlie.,escalate_to_human,paraphrase_variant,,904,,escalate_to_human,13,escalate_to_human,True,1,escalate_to_human;quarantine_system;send_notification;process_refund;create_ticket
905,I need you to route Frank's issue to the on-call engineer.,I need you to route Frank's issue to the on-call engineer.,escalate_to_human,paraphrase_original,,905,,escalate_to_human,13,provision_vm,False,3,provision_vm;create_ticket;escalate_to_human;quarantine_system;send_notification
905,I need you to route Frank's issue to the on-call engineer.,Could someone route frank's issue to the on-call engineer?,escalate_to_human,paraphrase_variant,,905,,escalate_to_human,13,escalate_to_human,True,1,escalate_to_human;create_ticket;provision_vm;quarantine_system;send_notification
905,I need you to route Frank's issue to the on-call engineer.,Gonna need you to route frank's issue to the on-call engineer.,escalate_to_human,paraphrase_variant,,905,,escalate_to_human,13,escalate_to_human,True,1,escalate_to_human;create_ticket;provision_vm;send_notification;quarantine_system
905,I need you to route Frank's issue to the on-call engineer.,The situation requires route frank's issue to the on-call engineer.,escalate_to_human,paraphrase_variant,,905,,escalate_to_human,13,escalate_to_human,True,1,escalate_to_human;create_ticket;provision_vm;quarantine_system;send_notification
905,I need you to route Frank's issue to the on-call engineer.,We request that you route frank's issue to the on-call engineer.,escalate_to_human,paraphrase_variant,,905,,escalate_to_human,13,escalate_to_human,True,1,escalate_to_human;create_ticket;provision_vm;send_notification;quarantine_system
909,I need you to escalate this issue for Grace to the support team.,I need you to escalate this issue for Grace to the support team.,escalate_to_human,paraphrase_original,,909,,escalate_to_human,13,escalate_to_human,True,1,escalate_to_human;create_ticket;send_notification;log_audit_event;process_refund
909,I need you to escalate this issue for Grace to the support team.,What we need is for escalate this issue for grace to the support team.,escalate_to_human,paraphrase_variant,,909,,escalate_to_human,13,escalate_to_human,True,1,escalate_to_human;create_ticket;send_notification;provision_vm;log_audit_event
909,I need you to escalate this issue for Grace to the support team.,Who can escalate this issue for grace to the support team?,escalate_to_human,paraphrase_variant,,909,,escalate_to_human,13,escalate_to_human,True,1,escalate_to_human;create_ticket;send_notification;provision_vm;log_audit_event
909,I need you to escalate this issue for Grace to the support team.,Would you mind escalate this issue for grace to the support team.,escalate_to_human,paraphrase_variant,,909,,escalate_to_human,13,escalate_to_human,True,1,escalate_to_human;create_ticket;send_notification;provision_vm;update_subscription
909,I need you to escalate this issue for Grace to the support team.,Need you to escalate this issue for grace to the support team.,escalate_to_human,paraphrase_variant,,909,,escalate_to_human,13,escalate_to_human,True,1,escalate_to_human;create_ticket;send_notification;log_audit_event;process_refund
911,We should escalate Eve's case to a human agent.,We should escalate Eve's case to a human agent.,escalate_to_human,paraphrase_original,,911,,escalate_to_human,13,escalate_to_human,True,1,escalate_to_human;send_notification;quarantine_system;provision_vm;process_refund
911,We should escalate Eve's case to a human agent.,Would anyone be able to we should escalate eve's case to a human agent?,escalate_to_human,paraphrase_variant,,911,,escalate_to_human,13,escalate_to_human,True,1,escalate_to_human;send_notification;quarantine_system;create_ticket;process_refund
911,We should escalate Eve's case to a human agent.,What we need is for we should escalate eve's case to a human agent.,escalate_to_human,paraphrase_variant,,911,,escalate_to_human,13,escalate_to_human,True,1,escalate_to_human;send_notification;quarantine_system;create_ticket;process_refund
911,We should escalate Eve's case to a human agent.,Need you to we should escalate eve's case to a human agent.,escalate_to_human,paraphrase_variant,,911,,escalate_to_human,13,escalate_to_human,True,1,escalate_to_human;send_notification;quarantine_system;process_refund;create_ticket
911,We should escalate Eve's case to a human agent.,Could you please we should escalate eve's case to a human agent.,escalate_to_human,paraphrase_variant,,911,,escalate_to_human,13,escalate_to_human,True,1,escalate_to_human;send_notification;quarantine_system;process_refund;provision_vm
913,We should route the auth-svc-04 incident to a live responder.,We should route the auth-svc-04 incident to a live responder.,escalate_to_human,paraphrase_original,,913,,escalate_to_human,13,escalate_to_human,True,1,escalate_to_human;quarantine_system;log_audit_event;create_ticket;send_notification
913,We should route the auth-svc-04 incident to a live responder.,Would you mind we should route the auth-svc-04 incident to a live responder.,escalate_to_human,paraphrase_variant,,913,,escalate_to_human,13,escalate_to_human,True,1,escalate_to_human;quarantine_system;create_ticket;send_notification;log_audit_event
913,We should route the auth-svc-04 incident to a live responder.,Quick one -- we should route the auth-svc-04 incident to a live responder.,escalate_to_human,paraphrase_variant,,913,,escalate_to_human,13,escalate_to_human,True,1,escalate_to_human;quarantine_system;create_ticket;send_notification;log_audit_event
913,We should route the auth-svc-04 incident to a live responder.,we should route the auth-svc-04 incident to a live responder -- that's what needs to happen.,escalate_to_human,paraphrase_variant,,913,,escalate_to_human,13,escalate_to_human,True,1,escalate_to_human;quarantine_system;create_ticket;send_notification;provision_vm
913,We should route the auth-svc-04 incident to a live responder.,Would anyone be able to we should route the auth-svc-04 incident to a live responder?,escalate_to_human,paraphrase_variant,,913,,escalate_to_human,13,escalate_to_human,True,1,escalate_to_human;quarantine_system;create_ticket;log_audit_event;send_notification
921,Let's route Diana's issue to the on-call engineer.,Let's route Diana's issue to the on-call engineer.,escalate_to_human,paraphrase_original,,921,,escalate_to_human,13,escalate_to_human,True,1,escalate_to_human;provision_vm;create_ticket;process_refund;quarantine_system
921,Let's route Diana's issue to the on-call engineer.,I'd appreciate it if you could let's route diana's issue to the on-call engineer.,escalate_to_human,paraphrase_variant,,921,,escalate_to_human,13,escalate_to_human,True,1,escalate_to_human;create_ticket;provision_vm;send_notification;process_refund
921,Let's route Diana's issue to the on-call engineer.,let's route diana's issue to the on-call engineer -- that's what needs to happen.,escalate_to_human,paraphrase_variant,,921,,escalate_to_human,13,escalate_to_human,True,1,escalate_to_human;provision_vm;quarantine_system;create_ticket;send_notification
921,Let's route Diana's issue to the on-call engineer.,"Hey, can you let's route diana's issue to the on-call engineer.",escalate_to_human,paraphrase_variant,,921,,escalate_to_human,13,escalate_to_human,True,1,escalate_to_human;provision_vm;create_ticket;quarantine_system;process_refund
921,Let's route Diana's issue to the on-call engineer.,Could someone let's route diana's issue to the on-call engineer?,escalate_to_human,paraphrase_variant,,921,,escalate_to_human,13,escalate_to_human,True,1,escalate_to_human;provision_vm;create_ticket;quarantine_system;process_refund
927,Kindly escalate Eve's case to a human agent.,Kindly escalate Eve's case to a human agent.,escalate_to_human,paraphrase_original,,927,,escalate_to_human,13,escalate_to_human,True,1,escalate_to_human;send_notification;quarantine_system;process_refund;provision_vm
927,Kindly escalate Eve's case to a human agent.,Is it possible to escalate eve's case to a human agent?,escalate_to_human,paraphrase_variant,,927,,escalate_to_human,13,escalate_to_human,True,1,escalate_to_human;quarantine_system;send_notification;process_refund;provision_vm
927,Kindly escalate Eve's case to a human agent.,I'd appreciate it if you could escalate eve's case to a human agent.,escalate_to_human,paraphrase_variant,,927,,escalate_to_human,13,escalate_to_human,True,1,escalate_to_human;send_notification;quarantine_system;process_refund;create_ticket
927,Kindly escalate Eve's case to a human agent.,What we need is for escalate eve's case to a human agent.,escalate_to_human,paraphrase_variant,,927,,escalate_to_human,13,escalate_to_human,True,1,escalate_to_human;send_notification;quarantine_system;create_ticket;process_refund
927,Kindly escalate Eve's case to a human agent.,Gonna need you to escalate eve's case to a human agent.,escalate_to_human,paraphrase_variant,,927,,escalate_to_human,13,escalate_to_human,True,1,escalate_to_human;send_notification;quarantine_system;process_refund;provision_vm
928,Kindly get a human involved for Frank.,Kindly get a human involved for Frank.,escalate_to_human,paraphrase_original,,928,,escalate_to_human,13,escalate_to_human,True,1,escalate_to_human;create_ticket;send_notification;quarantine_system;provision_vm
928,Kindly get a human involved for Frank.,Gonna need you to get a human involved for frank.,escalate_to_human,paraphrase_variant,,928,,escalate_to_human,13,escalate_to_human,True,1,escalate_to_human;create_ticket;send_notification;quarantine_system;provision_vm
928,Kindly get a human involved for Frank.,Would you mind get a human involved for frank.,escalate_to_human,paraphrase_variant,,928,,escalate_to_human,13,escalate_to_human,True,1,escalate_to_human;create_ticket;provision_vm;quarantine_system;send_notification
928,Kindly get a human involved for Frank.,Could someone get a human involved for frank?,escalate_to_human,paraphrase_variant,,928,,escalate_to_human,13,escalate_to_human,True,1,escalate_to_human;create_ticket;quarantine_system;send_notification;provision_vm
928,Kindly get a human involved for Frank.,The situation requires get a human involved for frank.,escalate_to_human,paraphrase_variant,,928,,escalate_to_human,13,escalate_to_human,True,1,escalate_to_human;create_ticket;quarantine_system;send_notification;provision_vm
936,"When you have a moment, get a human to review the problem on prod-web-01.","When you have a moment, get a human to review the problem on prod-web-01.",escalate_to_human,paraphrase_original,,936,,escalate_to_human,13,escalate_to_human,True,1,escalate_to_human;quarantine_system;process_refund;send_notification;create_ticket
936,"When you have a moment, get a human to review the problem on prod-web-01.","We request that you when you have a moment, get a human to review the problem on prod-web-01.",escalate_to_human,paraphrase_variant,,936,,escalate_to_human,13,escalate_to_human,True,1,escalate_to_human;quarantine_system;create_ticket;provision_vm;process_refund
936,"When you have a moment, get a human to review the problem on prod-web-01.","Could someone when you have a moment, get a human to review the problem on prod-web-01?",escalate_to_human,paraphrase_variant,,936,,escalate_to_human,13,escalate_to_human,True,1,escalate_to_human;quarantine_system;create_ticket;process_refund;send_notification
936,"When you have a moment, get a human to review the problem on prod-web-01.","Gonna need you to when you have a moment, get a human to review the problem on prod-web-01.",escalate_to_human,paraphrase_variant,,936,,escalate_to_human,13,escalate_to_human,True,1,escalate_to_human;create_ticket;quarantine_system;provision_vm;generate_report
936,"When you have a moment, get a human to review the problem on prod-web-01.","The situation requires when you have a moment, get a human to review the problem on prod-web-01.",escalate_to_human,paraphrase_variant,,936,,escalate_to_human,13,escalate_to_human,True,1,escalate_to_human;quarantine_system;create_ticket;process_refund;send_notification
937,"When you have a moment, route Eve's issue to the on-call engineer.","When you have a moment, route Eve's issue to the on-call engineer.",escalate_to_human,paraphrase_original,,937,,escalate_to_human,13,escalate_to_human,True,1,escalate_to_human;quarantine_system;provision_vm;send_notification;process_refund
937,"When you have a moment, route Eve's issue to the on-call engineer.","Quick one -- when you have a moment, route eve's issue to the on-call engineer.",escalate_to_human,paraphrase_variant,,937,,escalate_to_human,13,provision_vm,False,2,provision_vm;escalate_to_human;quarantine_system;send_notification;create_ticket
937,"When you have a moment, route Eve's issue to the on-call engineer.","It would help if when you have a moment, route eve's issue to the on-call engineer.",escalate_to_human,paraphrase_variant,,937,,escalate_to_human,13,provision_vm,False,3,provision_vm;quarantine_system;escalate_to_human;send_notification;create_ticket
937,"When you have a moment, route Eve's issue to the on-call engineer.","Could someone when you have a moment, route eve's issue to the on-call engineer?",escalate_to_human,paraphrase_variant,,937,,escalate_to_human,13,escalate_to_human,True,1,escalate_to_human;provision_vm;quarantine_system;send_notification;create_ticket
937,"When you have a moment, route Eve's issue to the on-call engineer.","Please when you have a moment, route eve's issue to the on-call engineer.",escalate_to_human,paraphrase_variant,,937,,escalate_to_human,13,provision_vm,False,3,provision_vm;quarantine_system;escalate_to_human;send_notification;create_ticket
940,write an audit entry for the HR group.,write an audit entry for the HR group.,log_audit_event,paraphrase_original,,940,,log_audit_event,14,log_audit_event,True,1,log_audit_event;generate_report;send_notification;check_status;create_ticket
940,write an audit entry for the HR group.,"Hey, can you write an audit entry for the hr group.",log_audit_event,paraphrase_variant,,940,,log_audit_event,14,log_audit_event,True,1,log_audit_event;generate_report;send_notification;create_ticket;check_status
940,write an audit entry for the HR group.,Could someone write an audit entry for the hr group?,log_audit_event,paraphrase_variant,,940,,log_audit_event,14,log_audit_event,True,1,log_audit_event;generate_report;send_notification;create_ticket;check_status
940,write an audit entry for the HR group.,Kindly write an audit entry for the hr group.,log_audit_event,paraphrase_variant,,940,,log_audit_event,14,log_audit_event,True,1,log_audit_event;generate_report;send_notification;check_status;create_ticket
940,write an audit entry for the HR group.,It would help if write an audit entry for the hr group.,log_audit_event,paraphrase_variant,,940,,log_audit_event,14,log_audit_event,True,1,log_audit_event;generate_report;send_notification;create_ticket;check_status
945,create a trail entry for auth-svc-04.,create a trail entry for auth-svc-04.,log_audit_event,paraphrase_original,,945,,log_audit_event,14,log_audit_event,True,1,log_audit_event;reset_password;generate_report;create_ticket;scan_malware
945,create a trail entry for auth-svc-04.,create a trail entry for auth-svc-04 -- that's what needs to happen.,log_audit_event,paraphrase_variant,,945,,log_audit_event,14,log_audit_event,True,1,log_audit_event;reset_password;generate_report;quarantine_system;scan_malware
945,create a trail entry for auth-svc-04.,Quick one -- create a trail entry for auth-svc-04.,log_audit_event,paraphrase_variant,,945,,log_audit_event,14,log_audit_event,True,1,log_audit_event;reset_password;generate_report;create_ticket;scan_malware
945,create a trail entry for auth-svc-04.,Could someone create a trail entry for auth-svc-04?,log_audit_event,paraphrase_variant,,945,,log_audit_event,14,log_audit_event,True,1,log_audit_event;reset_password;generate_report;create_ticket;scan_malware
945,create a trail entry for auth-svc-04.,Would you mind create a trail entry for auth-svc-04.,log_audit_event,paraphrase_variant,,945,,log_audit_event,14,log_audit_event,True,1,log_audit_event;reset_password;generate_report;scan_malware;create_ticket
950,Please store an audit record for ml-infer-05.,Please store an audit record for ml-infer-05.,log_audit_event,paraphrase_original,,950,,log_audit_event,14,db_write,False,2,db_write;log_audit_event;db_read;generate_report;process_refund
950,Please store an audit record for ml-infer-05.,Could you please store an audit record for ml-infer-05.,log_audit_event,paraphrase_variant,,950,,log_audit_event,14,db_write,False,2,db_write;log_audit_event;db_read;generate_report;process_refund
950,Please store an audit record for ml-infer-05.,It would help if store an audit record for ml-infer-05.,log_audit_event,paraphrase_variant,,950,,log_audit_event,14,db_read,False,4,db_read;db_write;generate_report;log_audit_event;process_refund
950,Please store an audit record for ml-infer-05.,Is it possible to store an audit record for ml-infer-05?,log_audit_event,paraphrase_variant,,950,,log_audit_event,14,db_read,False,3,db_read;db_write;log_audit_event;generate_report;process_refund
950,Please store an audit record for ml-infer-05.,"Hey, can you store an audit record for ml-infer-05.",log_audit_event,paraphrase_variant,,950,,log_audit_event,14,db_write,False,3,db_write;db_read;log_audit_event;generate_report;process_refund
957,Can you capture the Engineering event in the audit trail?,Can you capture the Engineering event in the audit trail?,log_audit_event,paraphrase_original,,957,,log_audit_event,14,log_audit_event,True,1,log_audit_event;generate_report;create_ticket;check_status;scan_malware
957,Can you capture the Engineering event in the audit trail?,Kindly capture the engineering event in the audit trail.,log_audit_event,paraphrase_variant,,957,,log_audit_event,14,log_audit_event,True,1,log_audit_event;generate_report;create_ticket;check_status;quarantine_system
957,Can you capture the Engineering event in the audit trail?,Gonna need you to capture the engineering event in the audit trail.,log_audit_event,paraphrase_variant,,957,,log_audit_event,14,log_audit_event,True,1,log_audit_event;generate_report;create_ticket;quarantine_system;process_refund
957,Can you capture the Engineering event in the audit trail?,capture the engineering event in the audit trail -- that's what needs to happen.,log_audit_event,paraphrase_variant,,957,,log_audit_event,14,log_audit_event,True,1,log_audit_event;generate_report;quarantine_system;create_ticket;check_status
957,Can you capture the Engineering event in the audit trail?,Could someone capture the engineering event in the audit trail?,log_audit_event,paraphrase_variant,,957,,log_audit_event,14,log_audit_event,True,1,log_audit_event;generate_report;create_ticket;check_status;quarantine_system
960,Can you document the action taken on staging-db-02?,Can you document the action taken on staging-db-02?,log_audit_event,paraphrase_original,,960,,log_audit_event,14,db_write,False,5,db_write;db_read;generate_report;create_ticket;log_audit_event
960,Can you document the action taken on staging-db-02?,Is it possible to document the action taken on staging-db-02?,log_audit_event,paraphrase_variant,,960,,log_audit_event,14,generate_report,False,5,generate_report;db_read;db_write;create_ticket;log_audit_event
960,Can you document the action taken on staging-db-02?,Do me a favor and document the action taken on staging-db-02.,log_audit_event,paraphrase_variant,,960,,log_audit_event,14,db_write,False,9,db_write;generate_report;create_ticket;db_read;provision_vm
960,Can you document the action taken on staging-db-02?,We request that you document the action taken on staging-db-02.,log_audit_event,paraphrase_variant,,960,,log_audit_event,14,generate_report,False,6,generate_report;db_write;db_read;create_ticket;send_notification
960,Can you document the action taken on staging-db-02?,The situation requires document the action taken on staging-db-02.,log_audit_event,paraphrase_variant,,960,,log_audit_event,14,generate_report,False,6,generate_report;db_write;create_ticket;db_read;process_refund
965,Could you capture staging-db-02's event in the audit log for me?,Could you capture staging-db-02's event in the audit log for me?,log_audit_event,paraphrase_original,,965,,log_audit_event,14,log_audit_event,True,1,log_audit_event;db_read;generate_report;db_write;check_status
965,Could you capture staging-db-02's event in the audit log for me?,Would you mind capture staging-db-02's event in the audit log for me.,log_audit_event,paraphrase_variant,,965,,log_audit_event,14,log_audit_event,True,1,log_audit_event;db_read;generate_report;db_write;create_ticket
965,Could you capture staging-db-02's event in the audit log for me?,Who can capture staging-db-02's event in the audit log for me?,log_audit_event,paraphrase_variant,,965,,log_audit_event,14,log_audit_event,True,1,log_audit_event;db_read;generate_report;db_write;create_ticket
965,Could you capture staging-db-02's event in the audit log for me?,What we need is for capture staging-db-02's event in the audit log for me.,log_audit_event,paraphrase_variant,,965,,log_audit_event,14,log_audit_event,True,1,log_audit_event;db_read;generate_report;db_write;check_status
965,Could you capture staging-db-02's event in the audit log for me?,Do me a favor and capture staging-db-02's event in the audit log for me.,log_audit_event,paraphrase_variant,,965,,log_audit_event,14,log_audit_event,True,1,log_audit_event;generate_report;db_read;db_write;create_ticket
966,Could you store an audit record for staging-db-02 for me?,Could you store an audit record for staging-db-02 for me?,log_audit_event,paraphrase_original,,966,,log_audit_event,14,db_read,False,4,db_read;db_write;generate_report;log_audit_event;create_ticket
966,Could you store an audit record for staging-db-02 for me?,Would you mind store an audit record for staging-db-02 for me.,log_audit_event,paraphrase_variant,,966,,log_audit_event,14,db_read,False,4,db_read;db_write;generate_report;log_audit_event;create_ticket
966,Could you store an audit record for staging-db-02 for me?,What we need is for store an audit record for staging-db-02 for me.,log_audit_event,paraphrase_variant,,966,,log_audit_event,14,db_read,False,4,db_read;db_write;generate_report;log_audit_event;create_ticket
966,Could you store an audit record for staging-db-02 for me?,Would anyone be able to store an audit record for staging-db-02 for me?,log_audit_event,paraphrase_variant,,966,,log_audit_event,14,db_read,False,4,db_read;db_write;generate_report;log_audit_event;create_ticket
966,Could you store an audit record for staging-db-02 for me?,Do me a favor and store an audit record for staging-db-02 for me.,log_audit_event,paraphrase_variant,,966,,log_audit_event,14,db_write,False,4,db_write;db_read;generate_report;log_audit_event;create_ticket
967,Could you add Eve's action to the audit log for me?,Could you add Eve's action to the audit log for me?,log_audit_event,paraphrase_original,,967,,log_audit_event,14,log_audit_event,True,1,log_audit_event;generate_report;create_ticket;db_write;quarantine_system
967,Could you add Eve's action to the audit log for me?,I'd appreciate it if you could add eve's action to the audit log for me.,log_audit_event,paraphrase_variant,,967,,log_audit_event,14,log_audit_event,True,1,log_audit_event;generate_report;create_ticket;db_write;quarantine_system
967,Could you add Eve's action to the audit log for me?,Quick one -- add eve's action to the audit log for me.,log_audit_event,paraphrase_variant,,967,,log_audit_event,14,log_audit_event,True,1,log_audit_event;generate_report;create_ticket;quarantine_system;process_refund
967,Could you add Eve's action to the audit log for me?,What we need is for add eve's action to the audit log for me.,log_audit_event,paraphrase_variant,,967,,log_audit_event,14,log_audit_event,True,1,log_audit_event;generate_report;create_ticket;quarantine_system;db_write
967,Could you add Eve's action to the audit log for me?,Would anyone be able to add eve's action to the audit log for me?,log_audit_event,paraphrase_variant,,967,,log_audit_event,14,log_audit_event,True,1,log_audit_event;generate_report;create_ticket;db_write;quarantine_system
972,I need you to write a compliance entry for #42017.,I need you to write a compliance entry for #42017.,log_audit_event,paraphrase_original,,972,,log_audit_event,14,generate_report,False,2,generate_report;log_audit_event;process_refund;create_ticket;db_write
972,I need you to write a compliance entry for #42017.,Gonna need you to write a compliance entry for #42017.,log_audit_event,paraphrase_variant,,972,,log_audit_event,14,generate_report,False,2,generate_report;log_audit_event;process_refund;create_ticket;db_write
972,I need you to write a compliance entry for #42017.,Would anyone be able to write a compliance entry for #42017?,log_audit_event,paraphrase_variant,,972,,log_audit_event,14,generate_report,False,2,generate_report;log_audit_event;process_refund;create_ticket;db_write
972,I need you to write a compliance entry for #42017.,The situation requires write a compliance entry for #42017.,log_audit_event,paraphrase_variant,,972,,log_audit_event,14,generate_report,False,2,generate_report;log_audit_event;process_refund;create_ticket;send_notification
972,I need you to write a compliance entry for #42017.,Would you mind write a compliance entry for #42017.,log_audit_event,paraphrase_variant,,972,,log_audit_event,14,generate_report,False,2,generate_report;log_audit_event;process_refund;create_ticket;db_write
974,I need you to store an audit record for Eve.,I need you to store an audit record for Eve.,log_audit_event,paraphrase_original,,974,,log_audit_event,14,db_write,False,2,db_write;log_audit_event;db_read;generate_report;create_ticket
974,I need you to store an audit record for Eve.,Please store an audit record for eve.,log_audit_event,paraphrase_variant,,974,,log_audit_event,14,log_audit_event,True,1,log_audit_event;db_write;db_read;generate_report;process_refund
974,I need you to store an audit record for Eve.,store an audit record for eve -- that's what needs to happen.,log_audit_event,paraphrase_variant,,974,,log_audit_event,14,db_write,False,2,db_write;log_audit_event;db_read;generate_report;create_ticket
974,I need you to store an audit record for Eve.,Would anyone be able to store an audit record for eve?,log_audit_event,paraphrase_variant,,974,,log_audit_event,14,db_write,False,2,db_write;log_audit_event;db_read;generate_report;create_ticket
974,I need you to store an audit record for Eve.,Do me a favor and store an audit record for eve.,log_audit_event,paraphrase_variant,,974,,log_audit_event,14,log_audit_event,True,1,log_audit_event;db_write;generate_report;db_read;create_ticket
985,We should create an audit trail entry for HR.,We should create an audit trail entry for HR.,log_audit_event,paraphrase_original,,985,,log_audit_event,14,log_audit_event,True,1,log_audit_event;generate_report;check_status;db_read;scan_malware
985,We should create an audit trail entry for HR.,Need you to we should create an audit trail entry for hr.,log_audit_event,paraphrase_variant,,985,,log_audit_event,14,log_audit_event,True,1,log_audit_event;generate_report;check_status;db_read;scan_malware
985,We should create an audit trail entry for HR.,Would anyone be able to we should create an audit trail entry for hr?,log_audit_event,paraphrase_variant,,985,,log_audit_event,14,log_audit_event,True,1,log_audit_event;generate_report;db_read;reset_password;check_status
985,We should create an audit trail entry for HR.,Please we should create an audit trail entry for hr.,log_audit_event,paraphrase_variant,,985,,log_audit_event,14,log_audit_event,True,1,log_audit_event;generate_report;check_status;db_read;reset_password
985,We should create an audit trail entry for HR.,The situation requires we should create an audit trail entry for hr.,log_audit_event,paraphrase_variant,,985,,log_audit_event,14,log_audit_event,True,1,log_audit_event;generate_report;check_status;db_read;quarantine_system
989,Let's capture ml-infer-05's event in the audit log.,Let's capture ml-infer-05's event in the audit log.,log_audit_event,paraphrase_original,,989,,log_audit_event,14,log_audit_event,True,1,log_audit_event;generate_report;db_read;process_refund;check_status
989,Let's capture ml-infer-05's event in the audit log.,Would anyone be able to let's capture ml-infer-05's event in the audit log?,log_audit_event,paraphrase_variant,,989,,log_audit_event,14,log_audit_event,True,1,log_audit_event;generate_report;db_read;scan_malware;check_status
989,Let's capture ml-infer-05's event in the audit log.,Gonna need you to let's capture ml-infer-05's event in the audit log.,log_audit_event,paraphrase_variant,,989,,log_audit_event,14,log_audit_event,True,1,log_audit_event;generate_report;db_read;process_refund;scan_malware
989,Let's capture ml-infer-05's event in the audit log.,What we need is for let's capture ml-infer-05's event in the audit log.,log_audit_event,paraphrase_variant,,989,,log_audit_event,14,log_audit_event,True,1,log_audit_event;generate_report;check_status;db_read;process_refund
989,Let's capture ml-infer-05's event in the audit log.,Kindly let's capture ml-infer-05's event in the audit log.,log_audit_event,paraphrase_variant,,989,,log_audit_event,14,log_audit_event,True,1,log_audit_event;generate_report;db_read;check_status;process_refund
993,Let's create an audit trail entry for #20891.,Let's create an audit trail entry for #20891.,log_audit_event,paraphrase_original,,993,,log_audit_event,14,log_audit_event,True,1,log_audit_event;generate_report;db_write;process_refund;db_read
993,Let's create an audit trail entry for #20891.,What we need is for let's create an audit trail entry for #20891.,log_audit_event,paraphrase_variant,,993,,log_audit_event,14,log_audit_event,True,1,log_audit_event;generate_report;create_ticket;db_write;process_refund
993,Let's create an audit trail entry for #20891.,Is it possible to let's create an audit trail entry for #20891?,log_audit_event,paraphrase_variant,,993,,log_audit_event,14,log_audit_event,True,1,log_audit_event;generate_report;db_write;create_ticket;db_read
993,Let's create an audit trail entry for #20891.,Would you mind let's create an audit trail entry for #20891.,log_audit_event,paraphrase_variant,,993,,log_audit_event,14,log_audit_event,True,1,log_audit_event;generate_report;db_write;process_refund;reset_password
993,Let's create an audit trail entry for #20891.,Gonna need you to let's create an audit trail entry for #20891.,log_audit_event,paraphrase_variant,,993,,log_audit_event,14,log_audit_event,True,1,log_audit_event;generate_report;db_write;process_refund;create_ticket
996,Kindly write an audit entry for Bob.,Kindly write an audit entry for Bob.,log_audit_event,paraphrase_original,,996,,log_audit_event,14,log_audit_event,True,1,log_audit_event;generate_report;db_read;process_refund;check_status
996,Kindly write an audit entry for Bob.,Is it possible to write an audit entry for bob?,log_audit_event,paraphrase_variant,,996,,log_audit_event,14,log_audit_event,True,1,log_audit_event;generate_report;db_read;db_write;create_ticket
996,Kindly write an audit entry for Bob.,The situation requires write an audit entry for bob.,log_audit_event,paraphrase_variant,,996,,log_audit_event,14,log_audit_event,True,1,log_audit_event;generate_report;create_ticket;db_read;process_refund
996,Kindly write an audit entry for Bob.,Kindly write an audit entry for bob.,log_audit_event,paraphrase_variant,,996,,log_audit_event,14,log_audit_event,True,1,log_audit_event;generate_report;db_read;process_refund;check_status
996,Kindly write an audit entry for Bob.,"Yo, write an audit entry for bob.",log_audit_event,paraphrase_variant,,996,,log_audit_event,14,log_audit_event,True,1,log_audit_event;generate_report;db_read;db_write;process_refund
999,Kindly add an audit log entry for ml-infer-05.,Kindly add an audit log entry for ml-infer-05.,log_audit_event,paraphrase_original,,999,,log_audit_event,14,log_audit_event,True,1,log_audit_event;generate_report;db_read;scan_malware;db_write
999,Kindly add an audit log entry for ml-infer-05.,"Yo, add an audit log entry for ml-infer-05.",log_audit_event,paraphrase_variant,,999,,log_audit_event,14,log_audit_event,True,1,log_audit_event;generate_report;db_read;scan_malware;db_write
999,Kindly add an audit log entry for ml-infer-05.,Please add an audit log entry for ml-infer-05.,log_audit_event,paraphrase_variant,,999,,log_audit_event,14,log_audit_event,True,1,log_audit_event;generate_report;db_read;scan_malware;check_status
999,Kindly add an audit log entry for ml-infer-05.,add an audit log entry for ml-infer-05 -- that's what needs to happen.,log_audit_event,paraphrase_variant,,999,,log_audit_event,14,log_audit_event,True,1,log_audit_event;generate_report;db_read;check_status;scan_malware
999,Kindly add an audit log entry for ml-infer-05.,Is it possible to add an audit log entry for ml-infer-05?,log_audit_event,paraphrase_variant,,999,,log_audit_event,14,log_audit_event,True,1,log_audit_event;generate_report;db_read;db_write;scan_malware
1000,Kindly document the event for HR in the audit log.,Kindly document the event for HR in the audit log.,log_audit_event,paraphrase_original,,1000,,log_audit_event,14,log_audit_event,True,1,log_audit_event;generate_report;check_status;create_ticket;db_read
1000,Kindly document the event for HR in the audit log.,It would help if document the event for hr in the audit log.,log_audit_event,paraphrase_variant,,1000,,log_audit_event,14,log_audit_event,True,1,log_audit_event;generate_report;check_status;db_read;create_ticket
1000,Kindly document the event for HR in the audit log.,Is it possible to document the event for hr in the audit log?,log_audit_event,paraphrase_variant,,1000,,log_audit_event,14,log_audit_event,True,1,log_audit_event;generate_report;check_status;create_ticket;db_read
1000,Kindly document the event for HR in the audit log.,Quick one -- document the event for hr in the audit log.,log_audit_event,paraphrase_variant,,1000,,log_audit_event,14,log_audit_event,True,1,log_audit_event;generate_report;check_status;create_ticket;db_read
1000,Kindly document the event for HR in the audit log.,Please document the event for hr in the audit log.,log_audit_event,paraphrase_variant,,1000,,log_audit_event,14,log_audit_event,True,1,log_audit_event;generate_report;check_status;create_ticket;db_read
