query,dag_id,dag_text,tools,edges,topo_family,source,split,strict_fix_applied,had_duplicate_node_labels,original_tools
Time to back out the deployment on auth-svc-04 and at the same time file an incident report about staging-db-02 and recover Finance's data from backup.,433,"rollback_deployment -> create_ticket, rollback_deployment -> restore_backup",rollback_deployment;create_ticket;restore_backup,0->1;0->2,fanout,original,train,FALSE,FALSE,rollback_deployment;create_ticket;restore_backup
"Do me a favor and spin up a VM for HR. Once that's done, send a heads-up to Legal.",79,provision_vm -> send_notification,provision_vm;send_notification,0->1,chain_short,original,train,FALSE,FALSE,provision_vm;send_notification
"Quick one — investigate auth-svc-04 for infections. Next, pull staging-db-02 from production — in parallel, ping Grace about it and record the event in HR's log.",142,"quarantine_system -> log_audit_event, quarantine_system -> send_notification, scan_malware -> quarantine_system",scan_malware;quarantine_system;send_notification;log_audit_event,0->1;1->2;1->3,fanout,original,train,FALSE,FALSE,scan_malware;quarantine_system;send_notification;log_audit_event
"Check the DB records and scan staging-db-02 for threats, then dump it all in the audit log.",12,"db_read -> log_audit_event, scan_malware -> log_audit_event",db_read;scan_malware;log_audit_event,0->2;1->2,fanin,original,train,FALSE,FALSE,db_read;scan_malware;log_audit_event
"Ticket INC-4021 says rotate the API key for payment-api-03, then pull Grace's credentials for ml-infer-05. End with grant Frank permissions to ml-infer-05.",321,"revoke_access -> approve_access, rotate_api_key -> revoke_access",rotate_api_key;revoke_access;approve_access,0->1;1->2,chain_medium,original,train,FALSE,FALSE,rotate_api_key;revoke_access;approve_access
"The Finance team needs us to downgrade Frank's account. Next, kill the feature toggle for Marketing.",174,update_subscription -> disable_feature_flag,update_subscription;disable_feature_flag,0->1,chain_short,original,train,FALSE,FALSE,update_subscription;disable_feature_flag
"Bob is asking us to check if payment-api-03 is up. After that, log Frank's action for compliance. Last step: downgrade Bob's account.",308,"check_status -> log_audit_event, log_audit_event -> update_subscription",check_status;log_audit_event;update_subscription,0->1;1->2,chain_medium,original,train,FALSE,FALSE,check_status;log_audit_event;update_subscription
"Do me a favor and quarantine cdn-edge-06, followed by log Alice's action for compliance.",63,quarantine_system -> log_audit_event,quarantine_system;log_audit_event,0->1,chain_short,original,train,FALSE,FALSE,quarantine_system;log_audit_event
ASAP — reverse the charge on #31450 — then swap out cdn-edge-06's credentials. End with update Diana's record in the DB.,332,"process_refund -> rotate_api_key, rotate_api_key -> db_write",process_refund;rotate_api_key;db_write,0->1;1->2,chain_medium,original,train,FALSE,FALSE,process_refund;rotate_api_key;db_write
"Eve is asking us to do a security check on prod-web-01, and then blast an alert to Marketing — then put Marketing's historical data into the archive. To wrap up, stand up a new box for Legal.",412,"archive_data -> provision_vm, scan_malware -> send_notification, send_notification -> archive_data",scan_malware;send_notification;archive_data;provision_vm,0->1;1->2;2->3,chain_medium,original,train,FALSE,FALSE,scan_malware;send_notification;archive_data;provision_vm
"For the Finance team, record the event in Engineering's log. Next, bounce auth-svc-04.",258,log_audit_event -> restart_service,log_audit_event;restart_service,0->1,chain_short,original,train,FALSE,FALSE,log_audit_event;restart_service
"Charlie reported an issue — switch Alice to the new plan. After that, check if prod-web-01 is up.",194,update_subscription -> check_status,update_subscription;check_status,0->1,chain_short,original,train,FALSE,FALSE,update_subscription;check_status
"Full IR flow: verify payment-api-03 is down, run a scan, isolate, restart, get a human involved, alert the team, and audit it.",16,"check_status -> scan_malware, escalate_to_human -> send_notification, quarantine_system -> restart_service, restart_service -> escalate_to_human, scan_malware -> quarantine_system, send_notification -> log_audit_event",check_status;scan_malware;quarantine_system;restart_service;escalate_to_human;send_notification;log_audit_event,0->1;1->2;2->3;3->4;4->5;5->6,chain_long,original,train,FALSE,FALSE,check_status;scan_malware;quarantine_system;restart_service;escalate_to_human;send_notification;log_audit_event
"Bob reported an issue — scale payment-api-03 down to save costs. Once that's done, roll out the containerised app to ml-infer-05. End with flip the feature toggle on for Legal.",287,"deploy_container -> enable_feature_flag, scale_service -> deploy_container",scale_service;deploy_container;enable_feature_flag,0->1;1->2,chain_medium,original,train,FALSE,FALSE,scale_service;deploy_container;enable_feature_flag
"Hey, can you verify payment-api-03's health, and while you're at it, bounce prod-web-01 and open a ticket for Alice.",111,"check_status -> create_ticket, check_status -> restart_service",check_status;restart_service;create_ticket,0->1;0->2,fanout,original,train,FALSE,FALSE,check_status;restart_service;create_ticket
"The Engineering team needs us to refund Bob and flip the feature toggle on for Marketing. Once both are done, launch an instance for Marketing.",488,"enable_feature_flag -> provision_vm, process_refund -> provision_vm",process_refund;enable_feature_flag;provision_vm,0->2;1->2,fanin,original,train,FALSE,FALSE,process_refund;enable_feature_flag;provision_vm
"Hey, can you pull payment-api-03 back from the last good backup, and while you're at it, process the payout for Frank and spin up a tracking ticket for Grace.",445,"restore_backup -> create_ticket, restore_backup -> process_refund",restore_backup;process_refund;create_ticket,0->1;0->2,fanout,original,train,FALSE,FALSE,restore_backup;process_refund;create_ticket
"I need you to push the refund through for #42017 and enable the flag for prod-web-01. After those finish, provision a new instance for Legal.",488,"enable_feature_flag -> provision_vm, process_refund -> provision_vm",process_refund;enable_feature_flag;provision_vm,0->2;1->2,fanin,original,train,FALSE,FALSE,process_refund;enable_feature_flag;provision_vm
"The Finance team needs us to refund Alice and flip the feature toggle on for HR. Once both are done, launch an instance for HR.",488,"enable_feature_flag -> provision_vm, process_refund -> provision_vm",process_refund;enable_feature_flag;provision_vm,0->2;1->2,fanin,original,train,FALSE,FALSE,process_refund;enable_feature_flag;provision_vm
Urgent: change Charlie's plan — then turn off the feature flag for Engineering.,174,update_subscription -> disable_feature_flag,update_subscription;disable_feature_flag,0->1,chain_short,original,train,FALSE,FALSE,update_subscription;disable_feature_flag
"Charlie is asking us to yank ml-infer-05 off the network. Once that's done, drop an audit entry for payment-api-03.",63,quarantine_system -> log_audit_event,quarantine_system;log_audit_event,0->1,chain_short,original,train,FALSE,FALSE,quarantine_system;log_audit_event
"Time to look up the records for #42017. Next, kill the feature toggle for Marketing, then give Eve their money back. Finally, cold-store the old records for Grace.",379,"db_read -> disable_feature_flag, disable_feature_flag -> process_refund, process_refund -> archive_data",db_read;disable_feature_flag;process_refund;archive_data,0->1;1->2;2->3,chain_medium,original,train,FALSE,FALSE,db_read;disable_feature_flag;process_refund;archive_data
"ASAP — pull prod-web-01 back from the last good backup and yank staging-db-02 off the network. After those finish, green-light Diana's access to Finance.",504,"quarantine_system -> approve_access, restore_backup -> approve_access",restore_backup;quarantine_system;approve_access,0->2;1->2,fanin,original,train,FALSE,FALSE,restore_backup;quarantine_system;approve_access
"ASAP — do a security check on staging-db-02, then isolate ml-infer-05 — in parallel, ping Frank about it and record the event in Legal's log.",142,"quarantine_system -> log_audit_event, quarantine_system -> send_notification, scan_malware -> quarantine_system",scan_malware;quarantine_system;send_notification;log_audit_event,0->1;1->2;1->3,fanout,original,train,FALSE,FALSE,scan_malware;quarantine_system;send_notification;log_audit_event
"Put together a report on auth-svc-04. After that, execute the build pipeline for staging-db-02, and lastly save a backup of Legal's data.",357,"generate_report -> run_pipeline, run_pipeline -> backup_database",generate_report;run_pipeline;backup_database,0->1;1->2,chain_medium,original,train,FALSE,FALSE,generate_report;run_pipeline;backup_database
"Full IR flow: verify auth-svc-04 is down, run a scan, isolate, restart, get a human involved, alert the team, and audit it.",16,"check_status -> scan_malware, escalate_to_human -> send_notification, quarantine_system -> restart_service, restart_service -> escalate_to_human, scan_malware -> quarantine_system, send_notification -> log_audit_event",check_status;scan_malware;quarantine_system;restart_service;escalate_to_human;send_notification;log_audit_event,0->1;1->2;2->3;3->4;4->5;5->6,chain_long,original,train,FALSE,FALSE,check_status;scan_malware;quarantine_system;restart_service;escalate_to_human;send_notification;log_audit_event
"Per Frank's request, revoke Grace's access to payment-api-03, followed by write the new data for #53698 back, then update Eve's subscription. To wrap up, set up downtime for prod-web-01.",424,"db_write -> update_subscription, revoke_access -> db_write, update_subscription -> schedule_maintenance",revoke_access;db_write;update_subscription;schedule_maintenance,0->1;1->2;2->3,chain_medium,original,train,FALSE,FALSE,revoke_access;db_write;update_subscription;schedule_maintenance
"From Engineering: ping payment-api-03 for a health check and pull Charlie's data. Once both are done, send a heads-up to Finance.",125,"check_status -> send_notification, db_read -> send_notification",check_status;db_read;send_notification,0->2;1->2,fanin,original,train,FALSE,FALSE,check_status;db_read;send_notification
"We gotta record the event in Legal's log and file an incident report about ml-infer-05. After those finish, loop in a Legal manager.",472,"create_ticket -> escalate_to_human, log_audit_event -> escalate_to_human",log_audit_event;create_ticket;escalate_to_human,0->2;1->2,fanin,original,train,FALSE,FALSE,log_audit_event;create_ticket;escalate_to_human
"Urgent: check ml-infer-05 for vulnerabilities and take a snapshot of staging-db-02's DB, then converge and invalidate staging-db-02's cache.",498,"backup_database -> invalidate_cache, scan_malware -> invalidate_cache",scan_malware;backup_database;invalidate_cache,0->2;1->2,fanin,original,train,FALSE,FALSE,scan_malware;backup_database;invalidate_cache
"The HR team needs us to recover Legal's data from backup and quarantine payment-api-03. When all of that's complete, give Frank access to Engineering's resources.",504,"quarantine_system -> approve_access, restore_backup -> approve_access",restore_backup;quarantine_system;approve_access,0->2;1->2,fanin,original,train,FALSE,FALSE,restore_backup;quarantine_system;approve_access
"We gotta check if cdn-edge-06 is up, and then log the whole ml-infer-05 incident. Last step: change Alice's plan.",308,"check_status -> log_audit_event, log_audit_event -> update_subscription",check_status;log_audit_event;update_subscription,0->1;1->2,chain_medium,original,train,FALSE,FALSE,check_status;log_audit_event;update_subscription
"When you get a chance, credit Grace's account and activate the feature flag on payment-api-03. After those finish, launch an instance for HR.",488,"enable_feature_flag -> provision_vm, process_refund -> provision_vm",process_refund;enable_feature_flag;provision_vm,0->2;1->2,fanin,original,train,FALSE,FALSE,process_refund;enable_feature_flag;provision_vm
"We gotta move Legal's stale data to cold storage. Next, cut off Alice's permissions. To wrap up, adjust the billing tier for Frank.",327,"archive_data -> revoke_access, revoke_access -> update_subscription",archive_data;revoke_access;update_subscription,0->1;1->2,chain_medium,original,train,FALSE,FALSE,archive_data;revoke_access;update_subscription
"Charlie is asking us to change Alice's plan. Once that's done, check if payment-api-03 is up.",194,update_subscription -> check_status,update_subscription;check_status,0->1,chain_short,original,train,FALSE,FALSE,update_subscription;check_status
Urgent: change Grace's plan — then turn off the feature flag for HR.,174,update_subscription -> disable_feature_flag,update_subscription;disable_feature_flag,0->1,chain_short,original,train,FALSE,FALSE,update_subscription;disable_feature_flag
"Urgent: verify staging-db-02's health and look up the records for #10234. When all of that's complete, send a heads-up to Legal.",125,"check_status -> send_notification, db_read -> send_notification",check_status;db_read;send_notification,0->2;1->2,fanin,original,train,FALSE,FALSE,check_status;db_read;send_notification
"The Legal team needs us to dig up the history on Alice, and then shut down the feature on payment-api-03 — then push the refund through for #60122. To wrap up, archive Alice's old records.",379,"db_read -> disable_feature_flag, disable_feature_flag -> process_refund, process_refund -> archive_data",db_read;disable_feature_flag;process_refund;archive_data,0->1;1->2;2->3,chain_medium,original,train,FALSE,FALSE,db_read;disable_feature_flag;process_refund;archive_data
Just commit Diana's update to the database. Nothing else needed.,52,db_write,db_write,,single_node,original,train,FALSE,FALSE,db_write
"Alice is asking us to grab Alice's account details, then produce the Finance performance summary. Finally, ping Grace about it.",101,"db_read -> generate_report, generate_report -> send_notification",db_read;generate_report;send_notification,0->1;1->2,chain_medium,original,train,FALSE,FALSE,db_read;generate_report;send_notification
"I need you to take payment-api-03 back to the prior build, and then fire off a notification to Charlie. Finally, roll out the containerised app to cdn-edge-06.",301,"rollback_deployment -> send_notification, send_notification -> deploy_container",rollback_deployment;send_notification;deploy_container,0->1;1->2,chain_medium,original,train,FALSE,FALSE,rollback_deployment;send_notification;deploy_container
"Hey, can you queue a maintenance window for Engineering while also drop an audit entry for auth-svc-04 and shoot Bob an email.",456,"schedule_maintenance -> log_audit_event, schedule_maintenance -> send_notification",schedule_maintenance;log_audit_event;send_notification,0->1;0->2,fanout,original,train,FALSE,FALSE,schedule_maintenance;log_audit_event;send_notification
"Alice is asking us to check if prod-web-01 is up. After that, log Charlie's action for compliance. Last step: downgrade Eve's account.",308,"check_status -> log_audit_event, log_audit_event -> update_subscription",check_status;log_audit_event;update_subscription,0->1;1->2,chain_medium,original,train,FALSE,FALSE,check_status;log_audit_event;update_subscription
We gotta see what's going on with ml-infer-05 while also restart the main process on payment-api-03 and open a ticket for Bob.,111,"check_status -> create_ticket, check_status -> restart_service",check_status;restart_service;create_ticket,0->1;0->2,fanout,original,train,FALSE,FALSE,check_status;restart_service;create_ticket
"Quick one — shoot Alice an email, followed by switch on the flag for Marketing. End with modify Diana's subscription.",359,"enable_feature_flag -> update_subscription, send_notification -> enable_feature_flag",send_notification;enable_feature_flag;update_subscription,0->1;1->2,chain_medium,original,train,FALSE,FALSE,send_notification;enable_feature_flag;update_subscription
"We gotta downgrade Diana's account. After that, verify auth-svc-04's health.",194,update_subscription -> check_status,update_subscription;check_status,0->1,chain_short,original,train,FALSE,FALSE,update_subscription;check_status
"ASAP — refresh the API token for Marketing. After that, do a security check on payment-api-03. To wrap up, roll out the containerised app to cdn-edge-06.",302,"rotate_api_key -> scan_malware, scan_malware -> deploy_container",rotate_api_key;scan_malware;deploy_container,0->1;1->2,chain_medium,original,train,FALSE,FALSE,rotate_api_key;scan_malware;deploy_container
"Hey, can you send a heads-up to Legal, then switch on the flag for Legal. Finally, downgrade Frank's account.",359,"enable_feature_flag -> update_subscription, send_notification -> enable_feature_flag",send_notification;enable_feature_flag;update_subscription,0->1;1->2,chain_medium,original,train,FALSE,FALSE,send_notification;enable_feature_flag;update_subscription
"Time to process the payout for Diana, followed by deactivate the feature flag on payment-api-03. Finally, give cdn-edge-06 a kick.",366,"disable_feature_flag -> restart_service, process_refund -> disable_feature_flag",process_refund;disable_feature_flag;restart_service,0->1;1->2,chain_medium,original,train,FALSE,FALSE,process_refund;disable_feature_flag;restart_service
"Hey, can you roll back the last deploy on prod-web-01 and at the same time file a bug about prod-web-01 and pull auth-svc-04 back from the last good backup.",433,"rollback_deployment -> create_ticket, rollback_deployment -> restore_backup",rollback_deployment;create_ticket;restore_backup,0->1;0->2,fanout,original,train,FALSE,FALSE,rollback_deployment;create_ticket;restore_backup
"Ticket INC-7733 says notify the Marketing team, and then activate the feature flag on ml-infer-05. End with update Alice's subscription.",359,"enable_feature_flag -> update_subscription, send_notification -> enable_feature_flag",send_notification;enable_feature_flag;update_subscription,0->1;1->2,chain_medium,original,train,FALSE,FALSE,send_notification;enable_feature_flag;update_subscription
"The Legal team needs us to roll back the last deploy on auth-svc-04. Next, notify the Marketing team. Last step: push the container image for Engineering.",301,"rollback_deployment -> send_notification, send_notification -> deploy_container",rollback_deployment;send_notification;deploy_container,0->1;1->2,chain_medium,original,train,FALSE,FALSE,rollback_deployment;send_notification;deploy_container
"When you get a chance, schedule maintenance for payment-api-03, and while you're at it, drop an audit entry for cdn-edge-06 and send a heads-up to Finance.",456,"schedule_maintenance -> log_audit_event, schedule_maintenance -> send_notification",schedule_maintenance;log_audit_event;send_notification,0->1;0->2,fanout,original,train,FALSE,FALSE,schedule_maintenance;log_audit_event;send_notification
"When you get a chance, nuke Diana's old login and issue a fresh one, then fire off a notification to Frank, and lastly dig up the history on Charlie.",360,"reset_password -> send_notification, send_notification -> db_read",reset_password;send_notification;db_read,0->1;1->2,chain_medium,original,train,FALSE,FALSE,reset_password;send_notification;db_read
From Legal: check the DB for Eve while also change Diana's plan and blast an alert to Legal.,110,"db_read -> send_notification, db_read -> update_subscription",db_read;update_subscription;send_notification,0->1;0->2,fanout,original,train,FALSE,FALSE,db_read;update_subscription;send_notification
Quick one — archive the old entries for Frank — then pull Frank's credentials for payment-api-03. End with downgrade Diana's account.,327,"archive_data -> revoke_access, revoke_access -> update_subscription",archive_data;revoke_access;update_subscription,0->1;1->2,chain_medium,original,train,FALSE,FALSE,archive_data;revoke_access;update_subscription
"Check the DB for Frank and check if staging-db-02 is up. Once both are done, put together a report on cdn-edge-06, and lastly ping Grace about it.",135,"check_status -> generate_report, db_read -> generate_report, generate_report -> send_notification",db_read;check_status;generate_report;send_notification,0->2;1->2;2->3,fanin,original,train,FALSE,FALSE,db_read;check_status;generate_report;send_notification
Time to grab Diana's account details while also push the refund through for #20891 and notify the Engineering team.,114,"db_read -> process_refund, db_read -> send_notification",db_read;process_refund;send_notification,0->1;0->2,fanout,original,train,FALSE,FALSE,db_read;process_refund;send_notification
Charlie reported an issue — push the refund through for #10234 — then swap out payment-api-03's credentials. Last step: save the changes for Charlie to the DB.,332,"process_refund -> rotate_api_key, rotate_api_key -> db_write",process_refund;rotate_api_key;db_write,0->1;1->2,chain_medium,original,train,FALSE,FALSE,process_refund;rotate_api_key;db_write
"Quick one — launch an instance for Finance, and then shoot Grace an email.",79,provision_vm -> send_notification,provision_vm;send_notification,0->1,chain_short,original,train,FALSE,FALSE,provision_vm;send_notification
Nuke Frank's old login and issue a fresh one and concurrently fire off a notification to Charlie and record the event in HR's log.,119,"reset_password -> log_audit_event, reset_password -> send_notification",reset_password;send_notification;log_audit_event,0->1;0->2,fanout,original,train,FALSE,FALSE,reset_password;send_notification;log_audit_event
"Quick one — investigate cdn-edge-06 for infections. Next, pull prod-web-01 from production — in parallel, ping Charlie about it and record the event in HR's log.",142,"quarantine_system -> log_audit_event, quarantine_system -> send_notification, scan_malware -> quarantine_system",scan_malware;quarantine_system;send_notification;log_audit_event,0->1;1->2;1->3,fanout,original,train,FALSE,FALSE,scan_malware;quarantine_system;send_notification;log_audit_event
"See what's going on with prod-web-01 and look up the records for #60122, then converge and shoot Eve an email.",125,"check_status -> send_notification, db_read -> send_notification",check_status;db_read;send_notification,0->2;1->2,fanin,original,train,FALSE,FALSE,check_status;db_read;send_notification
"Read the user activity and scan the system, logging the combined results at the end.",12,"db_read -> log_audit_event, scan_malware -> log_audit_event",db_read;scan_malware;log_audit_event,0->2;1->2,fanin,original,train,FALSE,FALSE,db_read;scan_malware;log_audit_event
"Ticket INC-5560 says check the DB for Grace. Once that's done, produce the Finance performance summary and simultaneously notify the Legal team and create an audit trail for #60122.",140,"db_read -> generate_report, generate_report -> log_audit_event, generate_report -> send_notification",db_read;generate_report;send_notification;log_audit_event,0->1;1->2;1->3,fanout,original,train,FALSE,FALSE,db_read;generate_report;send_notification;log_audit_event
"For the Finance team, look up the records for #42017 and concurrently refund Eve and ping Eve about it.",114,"db_read -> process_refund, db_read -> send_notification",db_read;process_refund;send_notification,0->1;0->2,fanout,original,train,FALSE,FALSE,db_read;process_refund;send_notification
Ticket INC-1198 says pull prod-web-01 back from the last good backup while also reverse the charge on #10234 and spin up a tracking ticket for Frank.,445,"restore_backup -> create_ticket, restore_backup -> process_refund",restore_backup;process_refund;create_ticket,0->1;0->2,fanout,original,train,FALSE,FALSE,restore_backup;process_refund;create_ticket
Time to take ml-infer-05 back to the prior build and simultaneously open a ticket for Frank and pull auth-svc-04 back from the last good backup.,433,"rollback_deployment -> create_ticket, rollback_deployment -> restore_backup",rollback_deployment;create_ticket;restore_backup,0->1;0->2,fanout,original,train,FALSE,FALSE,rollback_deployment;create_ticket;restore_backup
"The Finance team needs us to resize staging-db-02's resources. Once that's done, launch the docker deployment for Marketing. Finally, flip the feature toggle on for Marketing.",287,"deploy_container -> enable_feature_flag, scale_service -> deploy_container",scale_service;deploy_container;enable_feature_flag,0->1;1->2,chain_medium,original,train,FALSE,FALSE,scale_service;deploy_container;enable_feature_flag
"Process the payout and modify the subscription status, then email a receipt.",13,"process_refund -> send_notification, update_subscription -> send_notification",process_refund;update_subscription;send_notification,0->2;1->2,fanin,original,train,FALSE,FALSE,process_refund;update_subscription;send_notification
"When you get a chance, scan cdn-edge-06 for threats, and while you're at it, lock down ml-infer-05 and file a bug about staging-db-02.",112,"scan_malware -> create_ticket, scan_malware -> quarantine_system",scan_malware;quarantine_system;create_ticket,0->1;0->2,fanout,original,train,FALSE,FALSE,scan_malware;quarantine_system;create_ticket
"We gotta produce the HR performance summary, then trigger a build for ml-infer-05. To wrap up, take a snapshot of staging-db-02's DB.",357,"generate_report -> run_pipeline, run_pipeline -> backup_database",generate_report;run_pipeline;backup_database,0->1;1->2,chain_medium,original,train,FALSE,FALSE,generate_report;run_pipeline;backup_database
"Urgent: check staging-db-02 for vulnerabilities, followed by quarantine staging-db-02, and while you're at it, ping Grace about it and log the whole prod-web-01 incident.",142,"quarantine_system -> log_audit_event, quarantine_system -> send_notification, scan_malware -> quarantine_system",scan_malware;quarantine_system;send_notification;log_audit_event,0->1;1->2;1->3,fanout,original,train,FALSE,FALSE,scan_malware;quarantine_system;send_notification;log_audit_event
"From Legal: grant Eve permissions to prod-web-01. Next, produce the Engineering performance summary. Finally, verify ml-infer-05's health.",309,"approve_access -> generate_report, generate_report -> check_status",approve_access;generate_report;check_status,0->1;1->2,chain_medium,original,train,FALSE,FALSE,approve_access;generate_report;check_status
All I need is for someone to save the changes for Diana to the DB.,52,db_write,db_write,,single_node,original,train,FALSE,FALSE,db_write
"We gotta move Engineering's stale data to cold storage. Next, cut off Alice's permissions. To wrap up, adjust the billing tier for Frank.",327,"archive_data -> revoke_access, revoke_access -> update_subscription",archive_data;revoke_access;update_subscription,0->1;1->2,chain_medium,original,train,FALSE,FALSE,archive_data;revoke_access;update_subscription
"I need you to restart the main process on ml-infer-05. Once that's done, ping Charlie about it.",71,restart_service -> send_notification,restart_service;send_notification,0->1,chain_short,original,train,FALSE,FALSE,restart_service;send_notification
"Urgent: send a heads-up to HR and book a maintenance window for prod-web-01. When all of that's complete, give Alice a new password.",491,"schedule_maintenance -> reset_password, send_notification -> reset_password",send_notification;schedule_maintenance;reset_password,0->2;1->2,fanin,original,train,FALSE,FALSE,send_notification;schedule_maintenance;reset_password
"I need you to restart the service on auth-svc-04, followed by schedule maintenance for payment-api-03, then blast an alert to Legal, and lastly scan staging-db-02 for threats.",413,"restart_service -> schedule_maintenance, schedule_maintenance -> send_notification, send_notification -> scan_malware",restart_service;schedule_maintenance;send_notification;scan_malware,0->1;1->2;2->3,chain_medium,original,train,FALSE,FALSE,restart_service;schedule_maintenance;send_notification;scan_malware
From Engineering: check the DB for Alice while also change Diana's plan and blast an alert to Finance.,110,"db_read -> send_notification, db_read -> update_subscription",db_read;update_subscription;send_notification,0->1;0->2,fanout,original,train,FALSE,FALSE,db_read;update_subscription;send_notification
"For the HR team, record the event in Legal's log. Next, bounce prod-web-01.",258,log_audit_event -> restart_service,log_audit_event;restart_service,0->1,chain_short,original,train,FALSE,FALSE,log_audit_event;restart_service
Time to nuke Bob's old login and issue a fresh one and concurrently fire off a notification to Charlie and create an audit trail for #10234.,119,"reset_password -> log_audit_event, reset_password -> send_notification",reset_password;send_notification;log_audit_event,0->1;0->2,fanout,original,train,FALSE,FALSE,reset_password;send_notification;log_audit_event
"The Legal team needs us to fetch #31450's info and ping staging-db-02 for a health check. Once both are done, whip up a report for HR. End with blast an alert to Engineering.",135,"check_status -> generate_report, db_read -> generate_report, generate_report -> send_notification",db_read;check_status;generate_report;send_notification,0->2;1->2;2->3,fanin,original,train,FALSE,FALSE,db_read;check_status;generate_report;send_notification
"Check the DB records and scan cdn-edge-06 for threats, then dump it all in the audit log.",12,"db_read -> log_audit_event, scan_malware -> log_audit_event",db_read;scan_malware;log_audit_event,0->2;1->2,fanin,original,train,FALSE,FALSE,db_read;scan_malware;log_audit_event
"For the Finance team, see what's going on with cdn-edge-06 and run a malware sweep on staging-db-02. After those finish, make a compliance log about Bob.",494,"check_status -> log_audit_event, scan_malware -> log_audit_event",check_status;scan_malware;log_audit_event,0->2;1->2,fanin,original,train,FALSE,FALSE,check_status;scan_malware;log_audit_event
"We gotta bring staging-db-02 back from the snapshot and lock down ml-infer-05, merge everything and give Grace access to HR's resources.",504,"quarantine_system -> approve_access, restore_backup -> approve_access",restore_backup;quarantine_system;approve_access,0->2;1->2,fanin,original,train,FALSE,FALSE,restore_backup;quarantine_system;approve_access
"Ticket INC-1198 says shelve Engineering's outdated data — then disable Alice's account on staging-db-02, and lastly downgrade Diana's account.",327,"archive_data -> revoke_access, revoke_access -> update_subscription",archive_data;revoke_access;update_subscription,0->1;1->2,chain_medium,original,train,FALSE,FALSE,archive_data;revoke_access;update_subscription
Nuke Frank's old login and issue a fresh one and concurrently fire off a notification to Eve and record the event in Legal's log.,119,"reset_password -> log_audit_event, reset_password -> send_notification",reset_password;send_notification;log_audit_event,0->1;0->2,fanout,original,train,FALSE,FALSE,reset_password;send_notification;log_audit_event
"From Engineering: email Alice the update. After that, turn on the feature flag for Finance. To wrap up, switch Eve to the new plan.",359,"enable_feature_flag -> update_subscription, send_notification -> enable_feature_flag",send_notification;enable_feature_flag;update_subscription,0->1;1->2,chain_medium,original,train,FALSE,FALSE,send_notification;enable_feature_flag;update_subscription
"Charlie is asking us to do a security check on ml-infer-05, and then blast an alert to HR — then put HR's historical data into the archive. To wrap up, stand up a new box for Legal.",412,"archive_data -> provision_vm, scan_malware -> send_notification, send_notification -> archive_data",scan_malware;send_notification;archive_data;provision_vm,0->1;1->2;2->3,chain_medium,original,train,FALSE,FALSE,scan_malware;send_notification;archive_data;provision_vm
"Frank reported an issue — push the refund through for #31450, then generate a new API key for auth-svc-04. To wrap up, save the changes for Grace to the DB.",332,"process_refund -> rotate_api_key, rotate_api_key -> db_write",process_refund;rotate_api_key;db_write,0->1;1->2,chain_medium,original,train,FALSE,FALSE,process_refund;rotate_api_key;db_write
From Legal: check the DB for Alice while also change Bob's plan and blast an alert to Finance.,110,"db_read -> send_notification, db_read -> update_subscription",db_read;update_subscription;send_notification,0->1;0->2,fanout,original,train,FALSE,FALSE,db_read;update_subscription;send_notification
"Hey, can you queue a maintenance window for Engineering while also drop an audit entry for auth-svc-04 and shoot Diana an email.",456,"schedule_maintenance -> log_audit_event, schedule_maintenance -> send_notification",schedule_maintenance;log_audit_event;send_notification,0->1;0->2,fanout,original,train,FALSE,FALSE,schedule_maintenance;log_audit_event;send_notification
"Bob is asking us to pull Charlie's data and assess auth-svc-04's status. After those finish, compile a summary for Marketing. Last step: shoot Alice an email.",135,"check_status -> generate_report, db_read -> generate_report, generate_report -> send_notification",db_read;check_status;generate_report;send_notification,0->2;1->2;2->3,fanin,original,train,FALSE,FALSE,db_read;check_status;generate_report;send_notification
"Quick one — do a security check on staging-db-02 and take a snapshot of auth-svc-04's DB, then converge and flush the cache on prod-web-01.",498,"backup_database -> invalidate_cache, scan_malware -> invalidate_cache",scan_malware;backup_database;invalidate_cache,0->2;1->2,fanin,original,train,FALSE,FALSE,scan_malware;backup_database;invalidate_cache
"Time to rotate Alice's credentials. Next, credit Alice's account. Last step: pass ml-infer-05 to Diana.",279,"process_refund -> transfer_ownership, reset_password -> process_refund",reset_password;process_refund;transfer_ownership,0->1;1->2,chain_medium,original,train,FALSE,FALSE,reset_password;process_refund;transfer_ownership
"Quick one — launch an instance for Engineering, and then shoot Bob an email.",79,provision_vm -> send_notification,provision_vm;send_notification,0->1,chain_short,original,train,FALSE,FALSE,provision_vm;send_notification
"Eve is asking us to change Grace's plan. Once that's done, check if payment-api-03 is up.",194,update_subscription -> check_status,update_subscription;check_status,0->1,chain_short,original,train,FALSE,FALSE,update_subscription;check_status
We gotta yank payment-api-03 off the network — then record the event in Finance's log.,63,quarantine_system -> log_audit_event,quarantine_system;log_audit_event,0->1,chain_short,original,train,FALSE,FALSE,quarantine_system;log_audit_event
"Quick one — do a security check on auth-svc-04 and take a snapshot of prod-web-01's DB, then converge and flush the cache on prod-web-01.",498,"backup_database -> invalidate_cache, scan_malware -> invalidate_cache",scan_malware;backup_database;invalidate_cache,0->2;1->2,fanin,original,train,FALSE,FALSE,scan_malware;backup_database;invalidate_cache
"Bob is asking us to assess cdn-edge-06's status. Next, create an audit trail for #53698. Finally, update Charlie's subscription.",308,"check_status -> log_audit_event, log_audit_event -> update_subscription",check_status;log_audit_event;update_subscription,0->1;1->2,chain_medium,original,train,FALSE,FALSE,check_status;log_audit_event;update_subscription
We gotta yank ml-infer-05 off the network — then record the event in Legal's log.,63,quarantine_system -> log_audit_event,quarantine_system;log_audit_event,0->1,chain_short,original,train,FALSE,FALSE,quarantine_system;log_audit_event
"Time to diagnose ml-infer-05 — then drop an audit entry for ml-infer-05, and lastly downgrade Diana's account.",308,"check_status -> log_audit_event, log_audit_event -> update_subscription",check_status;log_audit_event;update_subscription,0->1;1->2,chain_medium,original,train,FALSE,FALSE,check_status;log_audit_event;update_subscription
Quick one — dig up the history on Alice — then generate the Legal analytics. Last step: fire off a notification to Charlie.,101,"db_read -> generate_report, generate_report -> send_notification",db_read;generate_report;send_notification,0->1;1->2,chain_medium,original,train,FALSE,FALSE,db_read;generate_report;send_notification
"Hey, can you archive the old entries for Bob. Once that's done, strip Eve's access to Marketing, and lastly downgrade Frank's account.",327,"archive_data -> revoke_access, revoke_access -> update_subscription",archive_data;revoke_access;update_subscription,0->1;1->2,chain_medium,original,train,FALSE,FALSE,archive_data;revoke_access;update_subscription
"We gotta record the event in Legal's log and file an incident report about cdn-edge-06. After those finish, loop in a HR manager.",472,"create_ticket -> escalate_to_human, log_audit_event -> escalate_to_human",log_audit_event;create_ticket;escalate_to_human,0->2;1->2,fanin,original,train,FALSE,FALSE,log_audit_event;create_ticket;escalate_to_human
"Charlie is asking us to pull Eve's data and assess prod-web-01's status. After those finish, compile a summary for Marketing. Last step: shoot Eve an email.",135,"check_status -> generate_report, db_read -> generate_report, generate_report -> send_notification",db_read;check_status;generate_report;send_notification,0->2;1->2;2->3,fanin,original,train,FALSE,FALSE,db_read;check_status;generate_report;send_notification
"When you get a chance, credit Alice's account and activate the feature flag on payment-api-03. After those finish, launch an instance for Marketing.",488,"enable_feature_flag -> provision_vm, process_refund -> provision_vm",process_refund;enable_feature_flag;provision_vm,0->2;1->2,fanin,original,train,FALSE,FALSE,process_refund;enable_feature_flag;provision_vm
"Scan ml-infer-05 for threats, then email Eve the update. Once that's done, archive the old entries for Diana, and lastly provision a new instance for Marketing.",412,"archive_data -> provision_vm, scan_malware -> send_notification, send_notification -> archive_data",scan_malware;send_notification;archive_data;provision_vm,0->1;1->2;2->3,chain_medium,original,train,FALSE,FALSE,scan_malware;send_notification;archive_data;provision_vm
"For the Engineering team, cycle ml-infer-05, then schedule maintenance for prod-web-01 — then blast an alert to Engineering. To wrap up, do a security check on auth-svc-04.",413,"restart_service -> schedule_maintenance, schedule_maintenance -> send_notification, send_notification -> scan_malware",restart_service;schedule_maintenance;send_notification;scan_malware,0->1;1->2;2->3,chain_medium,original,train,FALSE,FALSE,restart_service;schedule_maintenance;send_notification;scan_malware
"I need you to assess payment-api-03's status. Next, do a security check on prod-web-01, and then yank prod-web-01 off the network. After that, make a compliance log about Eve, and lastly shoot Eve an email.",150,"check_status -> scan_malware, log_audit_event -> send_notification, quarantine_system -> log_audit_event, scan_malware -> quarantine_system",check_status;scan_malware;quarantine_system;log_audit_event;send_notification,0->1;1->2;2->3;3->4,chain_long,original,train,FALSE,FALSE,check_status;scan_malware;quarantine_system;log_audit_event;send_notification
"When you get a chance, modify Diana's subscription. Next, diagnose cdn-edge-06.",194,update_subscription -> check_status,update_subscription;check_status,0->1,chain_short,original,train,FALSE,FALSE,update_subscription;check_status
"When you get a chance, move Engineering's stale data to cold storage, then roll cdn-edge-06 back to the last stable release. To wrap up, invalidate payment-api-03's cache.",282,"archive_data -> rollback_deployment, rollback_deployment -> invalidate_cache",archive_data;rollback_deployment;invalidate_cache,0->1;1->2,chain_medium,original,train,FALSE,FALSE,archive_data;rollback_deployment;invalidate_cache
"For the Finance team, restart the service on payment-api-03, followed by book a maintenance window for payment-api-03, then fire off a notification to Diana. Finally, scan ml-infer-05 for threats.",413,"restart_service -> schedule_maintenance, schedule_maintenance -> send_notification, send_notification -> scan_malware",restart_service;schedule_maintenance;send_notification;scan_malware,0->1;1->2;2->3,chain_medium,original,train,FALSE,FALSE,restart_service;schedule_maintenance;send_notification;scan_malware
"Diana reported an issue — push the refund through for #42017, then generate a new API key for auth-svc-04. To wrap up, save the changes for Diana to the DB.",332,"process_refund -> rotate_api_key, rotate_api_key -> db_write",process_refund;rotate_api_key;db_write,0->1;1->2,chain_medium,original,train,FALSE,FALSE,process_refund;rotate_api_key;db_write
Urgent: rotate Charlie's credentials and at the same time shoot Frank an email and create an audit trail for #10234.,119,"reset_password -> log_audit_event, reset_password -> send_notification",reset_password;send_notification;log_audit_event,0->1;0->2,fanout,original,train,FALSE,FALSE,reset_password;send_notification;log_audit_event
Urgent: change Diana's plan — then turn off the feature flag for Engineering.,174,update_subscription -> disable_feature_flag,update_subscription;disable_feature_flag,0->1,chain_short,original,train,FALSE,FALSE,update_subscription;disable_feature_flag
"Bob is asking us to yank auth-svc-04 off the network. Once that's done, drop an audit entry for ml-infer-05.",63,quarantine_system -> log_audit_event,quarantine_system;log_audit_event,0->1,chain_short,original,train,FALSE,FALSE,quarantine_system;log_audit_event
"Hey, can you strip Bob's access to HR, and then push the changes for Bob to the DB. Once that's done, adjust the billing tier for Bob, and lastly schedule maintenance for prod-web-01.",424,"db_write -> update_subscription, revoke_access -> db_write, update_subscription -> schedule_maintenance",revoke_access;db_write;update_subscription;schedule_maintenance,0->1;1->2;2->3,chain_medium,original,train,FALSE,FALSE,revoke_access;db_write;update_subscription;schedule_maintenance
"Grace is asking us to verify staging-db-02's health and check the DB for Grace. When all of that's complete, send a heads-up to Marketing.",125,"check_status -> send_notification, db_read -> send_notification",check_status;db_read;send_notification,0->2;1->2,fanin,original,train,FALSE,FALSE,check_status;db_read;send_notification
"I need you to assess cdn-edge-06's status. Next, do a security check on staging-db-02, and then yank cdn-edge-06 off the network. After that, make a compliance log about Bob, and lastly shoot Alice an email.",150,"check_status -> scan_malware, log_audit_event -> send_notification, quarantine_system -> log_audit_event, scan_malware -> quarantine_system",check_status;scan_malware;quarantine_system;log_audit_event;send_notification,0->1;1->2;2->3;3->4,chain_long,original,train,FALSE,FALSE,check_status;scan_malware;quarantine_system;log_audit_event;send_notification
"Urgent: send a heads-up to HR and book a maintenance window for prod-web-01. When all of that's complete, give Grace a new password.",491,"schedule_maintenance -> reset_password, send_notification -> reset_password",send_notification;schedule_maintenance;reset_password,0->2;1->2,fanin,original,train,FALSE,FALSE,send_notification;schedule_maintenance;reset_password
"Time to give Diana a new password. After that, send a heads-up to Engineering, and lastly grab Alice's account details.",360,"reset_password -> send_notification, send_notification -> db_read",reset_password;send_notification;db_read,0->1;1->2,chain_medium,original,train,FALSE,FALSE,reset_password;send_notification;db_read
I need you to investigate payment-api-03 for infections and simultaneously yank staging-db-02 off the network and open a ticket for Frank.,112,"scan_malware -> create_ticket, scan_malware -> quarantine_system",scan_malware;quarantine_system;create_ticket,0->1;0->2,fanout,original,train,FALSE,FALSE,scan_malware;quarantine_system;create_ticket
"For the Engineering team, cycle prod-web-01, then schedule maintenance for payment-api-03 — then blast an alert to HR. To wrap up, do a security check on ml-infer-05.",413,"restart_service -> schedule_maintenance, schedule_maintenance -> send_notification, send_notification -> scan_malware",restart_service;schedule_maintenance;send_notification;scan_malware,0->1;1->2;2->3,chain_medium,original,train,FALSE,FALSE,restart_service;schedule_maintenance;send_notification;scan_malware
"Time to run a malware sweep on staging-db-02 and save a backup of HR's data. After those finish, invalidate prod-web-01's cache.",498,"backup_database -> invalidate_cache, scan_malware -> invalidate_cache",scan_malware;backup_database;invalidate_cache,0->2;1->2,fanin,original,train,FALSE,FALSE,scan_malware;backup_database;invalidate_cache
"Urgent: check cdn-edge-06 for vulnerabilities and take a snapshot of ml-infer-05's DB, then converge and invalidate cdn-edge-06's cache.",498,"backup_database -> invalidate_cache, scan_malware -> invalidate_cache",scan_malware;backup_database;invalidate_cache,0->2;1->2,fanin,original,train,FALSE,FALSE,scan_malware;backup_database;invalidate_cache
"ASAP — change Frank's plan. Next, check if cdn-edge-06 is up.",194,update_subscription -> check_status,update_subscription;check_status,0->1,chain_short,original,train,FALSE,FALSE,update_subscription;check_status
"For the HR team, make a compliance log about Frank and open a ticket for Eve. Once both are done, wake up the on-call about prod-web-01.",472,"create_ticket -> escalate_to_human, log_audit_event -> escalate_to_human",log_audit_event;create_ticket;escalate_to_human,0->2;1->2,fanin,original,train,FALSE,FALSE,log_audit_event;create_ticket;escalate_to_human
"Time to check if payment-api-03 is up, followed by do a security check on cdn-edge-06. Next, isolate payment-api-03. After that, record the event in Engineering's log. Finally, ping Grace about it.",150,"check_status -> scan_malware, log_audit_event -> send_notification, quarantine_system -> log_audit_event, scan_malware -> quarantine_system",check_status;scan_malware;quarantine_system;log_audit_event;send_notification,0->1;1->2;2->3;3->4,chain_long,original,train,FALSE,FALSE,check_status;scan_malware;quarantine_system;log_audit_event;send_notification
"I need you to move Marketing's stale data to cold storage, and then revoke Grace's access to auth-svc-04. To wrap up, modify Bob's subscription.",327,"archive_data -> revoke_access, revoke_access -> update_subscription",archive_data;revoke_access;update_subscription,0->1;1->2,chain_medium,original,train,FALSE,FALSE,archive_data;revoke_access;update_subscription
"Do me a favor and force a credential change for Diana, and then push the refund through for #10234. Finally, change the owner of auth-svc-04 to Legal.",279,"process_refund -> transfer_ownership, reset_password -> process_refund",reset_password;process_refund;transfer_ownership,0->1;1->2,chain_medium,original,train,FALSE,FALSE,reset_password;process_refund;transfer_ownership
"Hey, can you arrange a maintenance slot for ml-infer-05 and concurrently record the event in Finance's log and shoot Diana an email.",456,"schedule_maintenance -> log_audit_event, schedule_maintenance -> send_notification",schedule_maintenance;log_audit_event;send_notification,0->1;0->2,fanout,original,train,FALSE,FALSE,schedule_maintenance;log_audit_event;send_notification
From Engineering: plan maintenance on cdn-edge-06 for Legal and concurrently log the whole payment-api-03 incident and email Eve the update.,456,"schedule_maintenance -> log_audit_event, schedule_maintenance -> send_notification",schedule_maintenance;log_audit_event;send_notification,0->1;0->2,fanout,original,train,FALSE,FALSE,schedule_maintenance;log_audit_event;send_notification
"From Marketing: look up the records for #42017 — in parallel, give Diana their money back and notify the Engineering team.",114,"db_read -> process_refund, db_read -> send_notification",db_read;process_refund;send_notification,0->1;0->2,fanout,original,train,FALSE,FALSE,db_read;process_refund;send_notification
"Bob reported an issue — push the refund through for #10234, then generate a new API key for ml-infer-05. To wrap up, save the changes for Grace to the DB.",332,"process_refund -> rotate_api_key, rotate_api_key -> db_write",process_refund;rotate_api_key;db_write,0->1;1->2,chain_medium,original,train,FALSE,FALSE,process_refund;rotate_api_key;db_write
"The HR team needs us to modify Alice's subscription, then switch off the flag for Marketing.",174,update_subscription -> disable_feature_flag,update_subscription;disable_feature_flag,0->1,chain_short,original,train,FALSE,FALSE,update_subscription;disable_feature_flag
"We gotta restore the DB snapshot for Engineering and lock down staging-db-02. Once both are done, give Grace access to Legal's resources.",504,"quarantine_system -> approve_access, restore_backup -> approve_access",restore_backup;quarantine_system;approve_access,0->2;1->2,fanin,original,train,FALSE,FALSE,restore_backup;quarantine_system;approve_access
"Per Eve's request, verify auth-svc-04's health and scan auth-svc-04 for threats. Once both are done, create an audit trail for #31450.",494,"check_status -> log_audit_event, scan_malware -> log_audit_event",check_status;scan_malware;log_audit_event,0->2;1->2,fanin,original,train,FALSE,FALSE,check_status;scan_malware;log_audit_event
Time to nuke Grace's old login and issue a fresh one and concurrently fire off a notification to Frank and create an audit trail for #53698.,119,"reset_password -> log_audit_event, reset_password -> send_notification",reset_password;send_notification;log_audit_event,0->1;0->2,fanout,original,train,FALSE,FALSE,reset_password;send_notification;log_audit_event
"Hey, can you refresh the API token for Marketing. Next, check ml-infer-05 for vulnerabilities. To wrap up, push the container image for Marketing.",302,"rotate_api_key -> scan_malware, scan_malware -> deploy_container",rotate_api_key;scan_malware;deploy_container,0->1;1->2,chain_medium,original,train,FALSE,FALSE,rotate_api_key;scan_malware;deploy_container
Do me a favor and generate the Legal analytics — then run the deployment pipeline for Legal. Last step: take a snapshot of prod-web-01's DB.,357,"generate_report -> run_pipeline, run_pipeline -> backup_database",generate_report;run_pipeline;backup_database,0->1;1->2,chain_medium,original,train,FALSE,FALSE,generate_report;run_pipeline;backup_database
Just commit Diana's update to the database. Nothing else needed.,52,db_write,db_write,,single_node,original,train,FALSE,FALSE,db_write
ASAP — bounce auth-svc-04 — then blast an alert to Legal.,71,restart_service -> send_notification,restart_service;send_notification,0->1,chain_short,original,train,FALSE,FALSE,restart_service;send_notification
"Bob is asking us to diagnose payment-api-03, then run a malware sweep on prod-web-01, followed by yank staging-db-02 off the network. Once that's done, make a compliance log about Alice. Last step: blast an alert to Engineering.",150,"check_status -> scan_malware, log_audit_event -> send_notification, quarantine_system -> log_audit_event, scan_malware -> quarantine_system",check_status;scan_malware;quarantine_system;log_audit_event;send_notification,0->1;1->2;2->3;3->4,chain_long,original,train,FALSE,FALSE,check_status;scan_malware;quarantine_system;log_audit_event;send_notification
Simple request — save the changes for Diana to the DB and we're good.,52,db_write,db_write,,single_node,original,train,FALSE,FALSE,db_write
"Investigate ml-infer-05 status, do a malware check, lock it down, bounce the service, escalate to tier 2, email Finance, and record the event.",16,"check_status -> scan_malware, escalate_to_human -> send_notification, quarantine_system -> restart_service, restart_service -> escalate_to_human, scan_malware -> quarantine_system, send_notification -> log_audit_event",check_status;scan_malware;quarantine_system;restart_service;escalate_to_human;send_notification;log_audit_event,0->1;1->2;2->3;3->4;4->5;5->6,chain_long,original,train,FALSE,FALSE,check_status;scan_malware;quarantine_system;restart_service;escalate_to_human;send_notification;log_audit_event
"ASAP — dig up the history on Grace — in parallel, adjust the billing tier for Frank and shoot Charlie an email.",110,"db_read -> send_notification, db_read -> update_subscription",db_read;update_subscription;send_notification,0->1;0->2,fanout,original,train,FALSE,FALSE,db_read;update_subscription;send_notification
"We gotta assess ml-infer-05's status — in parallel, reboot staging-db-02 and create a ticket about the Legal issue.",111,"check_status -> create_ticket, check_status -> restart_service",check_status;restart_service;create_ticket,0->1;0->2,fanout,original,train,FALSE,FALSE,check_status;restart_service;create_ticket
"Check the DB for Grace and check if auth-svc-04 is up. Once both are done, put together a report on cdn-edge-06, and lastly ping Charlie about it.",135,"check_status -> generate_report, db_read -> generate_report, generate_report -> send_notification",db_read;check_status;generate_report;send_notification,0->2;1->2;2->3,fanin,original,train,FALSE,FALSE,db_read;check_status;generate_report;send_notification
Time to take cdn-edge-06 back to the prior build and simultaneously open a ticket for Charlie and pull prod-web-01 back from the last good backup.,433,"rollback_deployment -> create_ticket, rollback_deployment -> restore_backup",rollback_deployment;create_ticket;restore_backup,0->1;0->2,fanout,original,train,FALSE,FALSE,rollback_deployment;create_ticket;restore_backup
"From Marketing: check cdn-edge-06 for vulnerabilities — then shoot Eve an email. After that, shelve Finance's outdated data. Last step: deploy a server for Engineering.",412,"archive_data -> provision_vm, scan_malware -> send_notification, send_notification -> archive_data",scan_malware;send_notification;archive_data;provision_vm,0->1;1->2;2->3,chain_medium,original,train,FALSE,FALSE,scan_malware;send_notification;archive_data;provision_vm
Urgent: rotate Grace's credentials and at the same time shoot Bob an email and create an audit trail for #60122.,119,"reset_password -> log_audit_event, reset_password -> send_notification",reset_password;send_notification;log_audit_event,0->1;0->2,fanout,original,train,FALSE,FALSE,reset_password;send_notification;log_audit_event
"Frank is asking us to check if cdn-edge-06 is up. After that, log Alice's action for compliance. Last step: downgrade Diana's account.",308,"check_status -> log_audit_event, log_audit_event -> update_subscription",check_status;log_audit_event;update_subscription,0->1;1->2,chain_medium,original,train,FALSE,FALSE,check_status;log_audit_event;update_subscription
"Charlie reported an issue — switch Grace to the new plan. After that, check if cdn-edge-06 is up.",194,update_subscription -> check_status,update_subscription;check_status,0->1,chain_short,original,train,FALSE,FALSE,update_subscription;check_status
Quick one — dig up the history on Diana — then generate the HR analytics. Last step: fire off a notification to Diana.,101,"db_read -> generate_report, generate_report -> send_notification",db_read;generate_report;send_notification,0->1;1->2,chain_medium,original,train,FALSE,FALSE,db_read;generate_report;send_notification
"Hey, can you verify ml-infer-05's health, and while you're at it, bounce staging-db-02 and open a ticket for Charlie.",111,"check_status -> create_ticket, check_status -> restart_service",check_status;restart_service;create_ticket,0->1;0->2,fanout,original,train,FALSE,FALSE,check_status;restart_service;create_ticket
"Time to pull Charlie's data, and while you're at it, downgrade Frank's account and notify the Engineering team.",110,"db_read -> send_notification, db_read -> update_subscription",db_read;update_subscription;send_notification,0->1;0->2,fanout,original,train,FALSE,FALSE,db_read;update_subscription;send_notification
"From Marketing: ping cdn-edge-06 for a health check and pull Frank's data. Once both are done, send a heads-up to Legal.",125,"check_status -> send_notification, db_read -> send_notification",check_status;db_read;send_notification,0->2;1->2,fanin,original,train,FALSE,FALSE,check_status;db_read;send_notification
"We gotta generate a new API key for ml-infer-05. After that, disable Alice's account on payment-api-03. Last step: give Bob access to HR's resources.",321,"revoke_access -> approve_access, rotate_api_key -> revoke_access",rotate_api_key;revoke_access;approve_access,0->1;1->2,chain_medium,original,train,FALSE,FALSE,rotate_api_key;revoke_access;approve_access
"We gotta bump the capacity on cdn-edge-06, then deploy the container for Marketing. End with light up the feature for prod-web-01.",287,"deploy_container -> enable_feature_flag, scale_service -> deploy_container",scale_service;deploy_container;enable_feature_flag,0->1;1->2,chain_medium,original,train,FALSE,FALSE,scale_service;deploy_container;enable_feature_flag
"Hey, can you dig up the history on Frank and simultaneously push the refund through for #53698 and shoot Bob an email.",114,"db_read -> process_refund, db_read -> send_notification",db_read;process_refund;send_notification,0->1;0->2,fanout,original,train,FALSE,FALSE,db_read;process_refund;send_notification
"We gotta shoot Bob an email and arrange a maintenance slot for staging-db-02. When all of that's complete, rotate Frank's credentials.",491,"schedule_maintenance -> reset_password, send_notification -> reset_password",send_notification;schedule_maintenance;reset_password,0->2;1->2,fanin,original,train,FALSE,FALSE,send_notification;schedule_maintenance;reset_password
"The Finance team needs us to resize ml-infer-05's resources. Once that's done, launch the docker deployment for Engineering. Finally, flip the feature toggle on for HR.",287,"deploy_container -> enable_feature_flag, scale_service -> deploy_container",scale_service;deploy_container;enable_feature_flag,0->1;1->2,chain_medium,original,train,FALSE,FALSE,scale_service;deploy_container;enable_feature_flag
"Hey, can you roll back the last deploy on auth-svc-04 and at the same time file a bug about staging-db-02 and pull auth-svc-04 back from the last good backup.",433,"rollback_deployment -> create_ticket, rollback_deployment -> restore_backup",rollback_deployment;create_ticket;restore_backup,0->1;0->2,fanout,original,train,FALSE,FALSE,rollback_deployment;create_ticket;restore_backup
Do me a favor and look up the records for #31450 and at the same time process the payout for Frank and blast an alert to Engineering.,114,"db_read -> process_refund, db_read -> send_notification",db_read;process_refund;send_notification,0->1;0->2,fanout,original,train,FALSE,FALSE,db_read;process_refund;send_notification
"Do me a favor and provision a new instance for Engineering. Next, ping Alice about it.",79,provision_vm -> send_notification,provision_vm;send_notification,0->1,chain_short,original,train,FALSE,FALSE,provision_vm;send_notification
"I need you to restart the service on payment-api-03, followed by schedule maintenance for ml-infer-05, then blast an alert to Engineering, and lastly scan staging-db-02 for threats.",413,"restart_service -> schedule_maintenance, schedule_maintenance -> send_notification, send_notification -> scan_malware",restart_service;schedule_maintenance;send_notification;scan_malware,0->1;1->2;2->3,chain_medium,original,train,FALSE,FALSE,restart_service;schedule_maintenance;send_notification;scan_malware
"Per Charlie's request, update Eve's subscription. Next, shut down the feature on prod-web-01.",174,update_subscription -> disable_feature_flag,update_subscription;disable_feature_flag,0->1,chain_short,original,train,FALSE,FALSE,update_subscription;disable_feature_flag
"Charlie reported an issue — approve Grace's access request, followed by compile a summary for Engineering. End with see what's going on with cdn-edge-06.",309,"approve_access -> generate_report, generate_report -> check_status",approve_access;generate_report;check_status,0->1;1->2,chain_medium,original,train,FALSE,FALSE,approve_access;generate_report;check_status
"When you get a chance, load the backup onto prod-web-01 while also push the refund through for #42017 and log a Jira for Bob's issue.",445,"restore_backup -> create_ticket, restore_backup -> process_refund",restore_backup;process_refund;create_ticket,0->1;0->2,fanout,original,train,FALSE,FALSE,restore_backup;process_refund;create_ticket
Simple request — write the new data for #20891 back and we're good.,52,db_write,db_write,,single_node,original,train,FALSE,FALSE,db_write
"Charlie is asking us to grab Charlie's account details, then produce the Legal performance summary. Finally, ping Charlie about it.",101,"db_read -> generate_report, generate_report -> send_notification",db_read;generate_report;send_notification,0->1;1->2,chain_medium,original,train,FALSE,FALSE,db_read;generate_report;send_notification
"Ticket INC-5560 says whip up a report for Legal. Once that's done, start the CI job for payment-api-03, and lastly take a snapshot of auth-svc-04's DB.",357,"generate_report -> run_pipeline, run_pipeline -> backup_database",generate_report;run_pipeline;backup_database,0->1;1->2,chain_medium,original,train,FALSE,FALSE,generate_report;run_pipeline;backup_database
"Urgent: pull Eve's data, and then kill the feature toggle for Legal, then give Alice their money back. To wrap up, move Legal's stale data to cold storage.",379,"db_read -> disable_feature_flag, disable_feature_flag -> process_refund, process_refund -> archive_data",db_read;disable_feature_flag;process_refund;archive_data,0->1;1->2;2->3,chain_medium,original,train,FALSE,FALSE,db_read;disable_feature_flag;process_refund;archive_data
"Quick one — launch an instance for Marketing, and then shoot Alice an email.",79,provision_vm -> send_notification,provision_vm;send_notification,0->1,chain_short,original,train,FALSE,FALSE,provision_vm;send_notification
"Put together a report on cdn-edge-06. After that, execute the build pipeline for prod-web-01, and lastly save a backup of Marketing's data.",357,"generate_report -> run_pipeline, run_pipeline -> backup_database",generate_report;run_pipeline;backup_database,0->1;1->2,chain_medium,original,train,FALSE,FALSE,generate_report;run_pipeline;backup_database
"We gotta generate a new API key for ml-infer-05. After that, disable Frank's account on payment-api-03. Last step: give Frank access to HR's resources.",321,"revoke_access -> approve_access, rotate_api_key -> revoke_access",rotate_api_key;revoke_access;approve_access,0->1;1->2,chain_medium,original,train,FALSE,FALSE,rotate_api_key;revoke_access;approve_access
"Bob reported an issue — approve Diana's access request, followed by compile a summary for Legal. End with see what's going on with prod-web-01.",309,"approve_access -> generate_report, generate_report -> check_status",approve_access;generate_report;check_status,0->1;1->2,chain_medium,original,train,FALSE,FALSE,approve_access;generate_report;check_status
"When you get a chance, credit Eve's account and activate the feature flag on cdn-edge-06. After those finish, launch an instance for Engineering.",488,"enable_feature_flag -> provision_vm, process_refund -> provision_vm",process_refund;enable_feature_flag;provision_vm,0->2;1->2,fanin,original,train,FALSE,FALSE,process_refund;enable_feature_flag;provision_vm
"Hey, can you strip Grace's access to HR, and then push the changes for Frank to the DB. Once that's done, adjust the billing tier for Grace, and lastly schedule maintenance for cdn-edge-06.",424,"db_write -> update_subscription, revoke_access -> db_write, update_subscription -> schedule_maintenance",revoke_access;db_write;update_subscription;schedule_maintenance,0->1;1->2;2->3,chain_medium,original,train,FALSE,FALSE,revoke_access;db_write;update_subscription;schedule_maintenance
"Per Diana's request, give Frank access to Marketing's resources, followed by build a compliance doc for HR. To wrap up, check if staging-db-02 is up.",309,"approve_access -> generate_report, generate_report -> check_status",approve_access;generate_report;check_status,0->1;1->2,chain_medium,original,train,FALSE,FALSE,approve_access;generate_report;check_status
Quick task: store the Marketing config in the database.,52,db_write,db_write,,single_node,original,train,FALSE,FALSE,db_write
"Read the user activity and scan the system, logging the combined results at the end.",12,"db_read -> log_audit_event, scan_malware -> log_audit_event",db_read;scan_malware;log_audit_event,0->2;1->2,fanin,original,train,FALSE,FALSE,db_read;scan_malware;log_audit_event
Simple request — write the new data for #60122 back and we're good.,52,db_write,db_write,,single_node,original,train,FALSE,FALSE,db_write
"Hey, can you query the database about #53698 and diagnose prod-web-01, merge everything and build a compliance doc for HR. To wrap up, send a heads-up to Marketing.",135,"check_status -> generate_report, db_read -> generate_report, generate_report -> send_notification",db_read;check_status;generate_report;send_notification,0->2;1->2;2->3,fanin,original,train,FALSE,FALSE,db_read;check_status;generate_report;send_notification
From Finance: plan maintenance on prod-web-01 for Finance and concurrently log the whole cdn-edge-06 incident and email Alice the update.,456,"schedule_maintenance -> log_audit_event, schedule_maintenance -> send_notification",schedule_maintenance;log_audit_event;send_notification,0->1;0->2,fanout,original,train,FALSE,FALSE,schedule_maintenance;log_audit_event;send_notification
"Hey, can you queue a maintenance window for HR while also drop an audit entry for staging-db-02 and shoot Eve an email.",456,"schedule_maintenance -> log_audit_event, schedule_maintenance -> send_notification",schedule_maintenance;log_audit_event;send_notification,0->1;0->2,fanout,original,train,FALSE,FALSE,schedule_maintenance;log_audit_event;send_notification
"I need you to restart the main process on payment-api-03. Once that's done, ping Bob about it.",71,restart_service -> send_notification,restart_service;send_notification,0->1,chain_short,original,train,FALSE,FALSE,restart_service;send_notification
"We gotta check payment-api-03 for vulnerabilities, and while you're at it, lock down prod-web-01 and open a ticket for Grace.",112,"scan_malware -> create_ticket, scan_malware -> quarantine_system",scan_malware;quarantine_system;create_ticket,0->1;0->2,fanout,original,train,FALSE,FALSE,scan_malware;quarantine_system;create_ticket
"For the Finance team, see what's going on with staging-db-02 and run a malware sweep on ml-infer-05. After those finish, make a compliance log about Alice.",494,"check_status -> log_audit_event, scan_malware -> log_audit_event",check_status;scan_malware;log_audit_event,0->2;1->2,fanin,original,train,FALSE,FALSE,check_status;scan_malware;log_audit_event
"Hey, can you roll back the last deploy on cdn-edge-06 and at the same time file a bug about ml-infer-05 and pull ml-infer-05 back from the last good backup.",433,"rollback_deployment -> create_ticket, rollback_deployment -> restore_backup",rollback_deployment;create_ticket;restore_backup,0->1;0->2,fanout,original,train,FALSE,FALSE,rollback_deployment;create_ticket;restore_backup
"From Marketing: look up the records for #10234 — in parallel, give Diana their money back and notify the Legal team.",114,"db_read -> process_refund, db_read -> send_notification",db_read;process_refund;send_notification,0->1;0->2,fanout,original,train,FALSE,FALSE,db_read;process_refund;send_notification
"The Legal team needs us to downgrade Charlie's account. Next, kill the feature toggle for Finance.",174,update_subscription -> disable_feature_flag,update_subscription;disable_feature_flag,0->1,chain_short,original,train,FALSE,FALSE,update_subscription;disable_feature_flag
"The Finance team needs us to refund Bob and flip the feature toggle on for Engineering. Once both are done, launch an instance for HR.",488,"enable_feature_flag -> provision_vm, process_refund -> provision_vm",process_refund;enable_feature_flag;provision_vm,0->2;1->2,fanin,original,train,FALSE,FALSE,process_refund;enable_feature_flag;provision_vm
"Per Alice's request, put Marketing's historical data into the archive, then roll auth-svc-04 back to the last stable release, and lastly bust the cache on prod-web-01.",282,"archive_data -> rollback_deployment, rollback_deployment -> invalidate_cache",archive_data;rollback_deployment;invalidate_cache,0->1;1->2,chain_medium,original,train,FALSE,FALSE,archive_data;rollback_deployment;invalidate_cache
"Ticket INC-8842 says rotate the API key for auth-svc-04, then pull Charlie's credentials for prod-web-01. End with grant Bob permissions to staging-db-02.",321,"revoke_access -> approve_access, rotate_api_key -> revoke_access",rotate_api_key;revoke_access;approve_access,0->1;1->2,chain_medium,original,train,FALSE,FALSE,rotate_api_key;revoke_access;approve_access
"Hey, can you arrange a maintenance slot for cdn-edge-06 and concurrently record the event in Legal's log and shoot Charlie an email.",456,"schedule_maintenance -> log_audit_event, schedule_maintenance -> send_notification",schedule_maintenance;log_audit_event;send_notification,0->1;0->2,fanout,original,train,FALSE,FALSE,schedule_maintenance;log_audit_event;send_notification
"We gotta bump the capacity on cdn-edge-06, then deploy the container for Engineering. End with light up the feature for cdn-edge-06.",287,"deploy_container -> enable_feature_flag, scale_service -> deploy_container",scale_service;deploy_container;enable_feature_flag,0->1;1->2,chain_medium,original,train,FALSE,FALSE,scale_service;deploy_container;enable_feature_flag
"Quick one — shoot Grace an email, followed by switch on the flag for Marketing. End with modify Diana's subscription.",359,"enable_feature_flag -> update_subscription, send_notification -> enable_feature_flag",send_notification;enable_feature_flag;update_subscription,0->1;1->2,chain_medium,original,train,FALSE,FALSE,send_notification;enable_feature_flag;update_subscription
"For the Marketing team, see what's going on with auth-svc-04 and run a malware sweep on payment-api-03. After those finish, make a compliance log about Eve.",494,"check_status -> log_audit_event, scan_malware -> log_audit_event",check_status;scan_malware;log_audit_event,0->2;1->2,fanin,original,train,FALSE,FALSE,check_status;scan_malware;log_audit_event
"For the Engineering team, pull Alice's data. Next, pass prod-web-01 to Eve. To wrap up, blast an alert to Marketing.",373,"db_read -> transfer_ownership, transfer_ownership -> send_notification",db_read;transfer_ownership;send_notification,0->1;1->2,chain_medium,original,train,FALSE,FALSE,db_read;transfer_ownership;send_notification
"For the Engineering team, move Engineering's stale data to cold storage, followed by roll back the last deploy on auth-svc-04. Finally, bust the cache on auth-svc-04.",282,"archive_data -> rollback_deployment, rollback_deployment -> invalidate_cache",archive_data;rollback_deployment;invalidate_cache,0->1;1->2,chain_medium,original,train,FALSE,FALSE,archive_data;rollback_deployment;invalidate_cache
Quick one — dig up the history on Charlie — then generate the Legal analytics. Last step: fire off a notification to Alice.,101,"db_read -> generate_report, generate_report -> send_notification",db_read;generate_report;send_notification,0->1;1->2,chain_medium,original,train,FALSE,FALSE,db_read;generate_report;send_notification
"I need you to strip Grace's access to Marketing, and then update Frank's record in the DB. Once that's done, update Grace's subscription. To wrap up, book a maintenance window for payment-api-03.",424,"db_write -> update_subscription, revoke_access -> db_write, update_subscription -> schedule_maintenance",revoke_access;db_write;update_subscription;schedule_maintenance,0->1;1->2;2->3,chain_medium,original,train,FALSE,FALSE,revoke_access;db_write;update_subscription;schedule_maintenance
Simple request — write the new data for #60122 back and we're good.,52,db_write,db_write,,single_node,original,train,FALSE,FALSE,db_write
"When you get a chance, credit Grace's account and activate the feature flag on prod-web-01. After those finish, launch an instance for HR.",488,"enable_feature_flag -> provision_vm, process_refund -> provision_vm",process_refund;enable_feature_flag;provision_vm,0->2;1->2,fanin,original,train,FALSE,FALSE,process_refund;enable_feature_flag;provision_vm
"From Engineering: roll ml-infer-05 back to the last stable release. Once that's done, ping Charlie about it. To wrap up, get the container running on payment-api-03.",301,"rollback_deployment -> send_notification, send_notification -> deploy_container",rollback_deployment;send_notification;deploy_container,0->1;1->2,chain_medium,original,train,FALSE,FALSE,rollback_deployment;send_notification;deploy_container
"When you get a chance, sign off on Charlie's permission request, and then generate the Finance analytics. End with verify prod-web-01's health.",309,"approve_access -> generate_report, generate_report -> check_status",approve_access;generate_report;check_status,0->1;1->2,chain_medium,original,train,FALSE,FALSE,approve_access;generate_report;check_status
"Hey, can you archive the old entries for Bob. Once that's done, strip Frank's access to Marketing, and lastly downgrade Frank's account.",327,"archive_data -> revoke_access, revoke_access -> update_subscription",archive_data;revoke_access;update_subscription,0->1;1->2,chain_medium,original,train,FALSE,FALSE,archive_data;revoke_access;update_subscription
"We gotta give Bob their money back. After that, switch off the flag for Engineering. End with restart the service on auth-svc-04.",366,"disable_feature_flag -> restart_service, process_refund -> disable_feature_flag",process_refund;disable_feature_flag;restart_service,0->1;1->2,chain_medium,original,train,FALSE,FALSE,process_refund;disable_feature_flag;restart_service
Time to nuke Diana's old login and issue a fresh one and concurrently fire off a notification to Bob and create an audit trail for #60122.,119,"reset_password -> log_audit_event, reset_password -> send_notification",reset_password;send_notification;log_audit_event,0->1;0->2,fanout,original,train,FALSE,FALSE,reset_password;send_notification;log_audit_event
"Per Grace's request, bring auth-svc-04 back from the snapshot while also credit Diana's account and open a ticket for Bob.",445,"restore_backup -> create_ticket, restore_backup -> process_refund",restore_backup;process_refund;create_ticket,0->1;0->2,fanout,original,train,FALSE,FALSE,restore_backup;process_refund;create_ticket
Time to back out the deployment on staging-db-02 and at the same time file an incident report about ml-infer-05 and recover Finance's data from backup.,433,"rollback_deployment -> create_ticket, rollback_deployment -> restore_backup",rollback_deployment;create_ticket;restore_backup,0->1;0->2,fanout,original,train,FALSE,FALSE,rollback_deployment;create_ticket;restore_backup
"Do a security check on prod-web-01 — in parallel, lock down staging-db-02 and file a bug about ml-infer-05.",112,"scan_malware -> create_ticket, scan_malware -> quarantine_system",scan_malware;quarantine_system;create_ticket,0->1;0->2,fanout,original,train,FALSE,FALSE,scan_malware;quarantine_system;create_ticket
Charlie reported an issue — grab Bob's account details — then hand ml-infer-05 over to Finance. Last step: shoot Alice an email.,373,"db_read -> transfer_ownership, transfer_ownership -> send_notification",db_read;transfer_ownership;send_notification,0->1;1->2,chain_medium,original,train,FALSE,FALSE,db_read;transfer_ownership;send_notification
ASAP — bounce auth-svc-04 — then blast an alert to HR.,71,restart_service -> send_notification,restart_service;send_notification,0->1,chain_short,original,train,FALSE,FALSE,restart_service;send_notification
"Ticket INC-4021 says rotate the API key for auth-svc-04, then pull Eve's credentials for staging-db-02. End with grant Charlie permissions to auth-svc-04.",321,"revoke_access -> approve_access, rotate_api_key -> revoke_access",rotate_api_key;revoke_access;approve_access,0->1;1->2,chain_medium,original,train,FALSE,FALSE,rotate_api_key;revoke_access;approve_access
"Query the database about #10234, then whip up a report for Marketing and simultaneously blast an alert to Engineering and log Frank's action for compliance.",140,"db_read -> generate_report, generate_report -> log_audit_event, generate_report -> send_notification",db_read;generate_report;send_notification;log_audit_event,0->1;1->2;1->3,fanout,original,train,FALSE,FALSE,db_read;generate_report;send_notification;log_audit_event
"From HR: ping ml-infer-05 for a health check and pull Grace's data. Once both are done, send a heads-up to Legal.",125,"check_status -> send_notification, db_read -> send_notification",check_status;db_read;send_notification,0->2;1->2,fanin,original,train,FALSE,FALSE,check_status;db_read;send_notification
"Grace reported an issue — nuke Frank's old login and issue a fresh one. After that, credit Charlie's account. Finally, change the owner of cdn-edge-06 to Engineering.",279,"process_refund -> transfer_ownership, reset_password -> process_refund",reset_password;process_refund;transfer_ownership,0->1;1->2,chain_medium,original,train,FALSE,FALSE,reset_password;process_refund;transfer_ownership
"See what's going on with prod-web-01 and look up the records for #42017, then converge and shoot Bob an email.",125,"check_status -> send_notification, db_read -> send_notification",check_status;db_read;send_notification,0->2;1->2,fanin,original,train,FALSE,FALSE,check_status;db_read;send_notification
"Massive outage on prod-web-01: check it, scan for bugs, quarantine, reboot, escalate to on-call, notify Engineering, and log everything.",16,"check_status -> scan_malware, escalate_to_human -> send_notification, quarantine_system -> restart_service, restart_service -> escalate_to_human, scan_malware -> quarantine_system, send_notification -> log_audit_event",check_status;scan_malware;quarantine_system;restart_service;escalate_to_human;send_notification;log_audit_event,0->1;1->2;2->3;3->4;4->5;5->6,chain_long,original,train,FALSE,FALSE,check_status;scan_malware;quarantine_system;restart_service;escalate_to_human;send_notification;log_audit_event
"We gotta ping payment-api-03 for a health check, followed by run a malware sweep on payment-api-03, then disconnect auth-svc-04 from everything, and then record the event in HR's log. Last step: email Frank the update.",150,"check_status -> scan_malware, log_audit_event -> send_notification, quarantine_system -> log_audit_event, scan_malware -> quarantine_system",check_status;scan_malware;quarantine_system;log_audit_event;send_notification,0->1;1->2;2->3;3->4,chain_long,original,train,FALSE,FALSE,check_status;scan_malware;quarantine_system;log_audit_event;send_notification
"Per Diana's request, give Eve access to Marketing's resources, followed by build a compliance doc for Marketing. To wrap up, check if payment-api-03 is up.",309,"approve_access -> generate_report, generate_report -> check_status",approve_access;generate_report;check_status,0->1;1->2,chain_medium,original,train,FALSE,FALSE,approve_access;generate_report;check_status
"For the Legal team, log the whole auth-svc-04 incident and create a ticket about the Finance issue, then converge and wake up the on-call about ml-infer-05.",472,"create_ticket -> escalate_to_human, log_audit_event -> escalate_to_human",log_audit_event;create_ticket;escalate_to_human,0->2;1->2,fanin,original,train,FALSE,FALSE,log_audit_event;create_ticket;escalate_to_human
"When you get a chance, modify Eve's subscription. Next, diagnose ml-infer-05.",194,update_subscription -> check_status,update_subscription;check_status,0->1,chain_short,original,train,FALSE,FALSE,update_subscription;check_status
"I need you to provision a new instance for Legal, then shoot Grace an email.",79,provision_vm -> send_notification,provision_vm;send_notification,0->1,chain_short,original,train,FALSE,FALSE,provision_vm;send_notification
"The Engineering team needs us to refund Charlie and flip the feature toggle on for HR. Once both are done, launch an instance for Marketing.",488,"enable_feature_flag -> provision_vm, process_refund -> provision_vm",process_refund;enable_feature_flag;provision_vm,0->2;1->2,fanin,original,train,FALSE,FALSE,process_refund;enable_feature_flag;provision_vm
"Time to diagnose cdn-edge-06 — then drop an audit entry for staging-db-02, and lastly downgrade Grace's account.",308,"check_status -> log_audit_event, log_audit_event -> update_subscription",check_status;log_audit_event;update_subscription,0->1;1->2,chain_medium,original,train,FALSE,FALSE,check_status;log_audit_event;update_subscription
"Read the user activity and scan the system, logging the combined results at the end.",12,"db_read -> log_audit_event, scan_malware -> log_audit_event",db_read;scan_malware;log_audit_event,0->2;1->2,fanin,original,train,FALSE,FALSE,db_read;scan_malware;log_audit_event
"Ticket INC-5560 says shelve Marketing's outdated data — then disable Diana's account on staging-db-02, and lastly downgrade Grace's account.",327,"archive_data -> revoke_access, revoke_access -> update_subscription",archive_data;revoke_access;update_subscription,0->1;1->2,chain_medium,original,train,FALSE,FALSE,archive_data;revoke_access;update_subscription
"Frank is asking us to check the DB for Alice. After that, change the owner of ml-infer-05 to Engineering. Last step: notify the Legal team.",373,"db_read -> transfer_ownership, transfer_ownership -> send_notification",db_read;transfer_ownership;send_notification,0->1;1->2,chain_medium,original,train,FALSE,FALSE,db_read;transfer_ownership;send_notification
"From Marketing: ping auth-svc-04 for a health check and pull Grace's data. Once both are done, send a heads-up to HR.",125,"check_status -> send_notification, db_read -> send_notification",check_status;db_read;send_notification,0->2;1->2,fanin,original,train,FALSE,FALSE,check_status;db_read;send_notification
Log Bob's action for compliance — then cycle prod-web-01.,258,log_audit_event -> restart_service,log_audit_event;restart_service,0->1,chain_short,original,train,FALSE,FALSE,log_audit_event;restart_service
"When you get a chance, scan ml-infer-05 for threats, and while you're at it, lock down payment-api-03 and file a bug about staging-db-02.",112,"scan_malware -> create_ticket, scan_malware -> quarantine_system",scan_malware;quarantine_system;create_ticket,0->1;0->2,fanout,original,train,FALSE,FALSE,scan_malware;quarantine_system;create_ticket
"Ticket INC-4021 says check the DB for Alice. After that, build a compliance doc for Engineering. Last step: shoot Charlie an email.",101,"db_read -> generate_report, generate_report -> send_notification",db_read;generate_report;send_notification,0->1;1->2,chain_medium,original,train,FALSE,FALSE,db_read;generate_report;send_notification
"Quick one — scan staging-db-02 for threats. Next, fire off a notification to Bob, followed by archive the old entries for Diana. Finally, launch an instance for Marketing.",412,"archive_data -> provision_vm, scan_malware -> send_notification, send_notification -> archive_data",scan_malware;send_notification;archive_data;provision_vm,0->1;1->2;2->3,chain_medium,original,train,FALSE,FALSE,scan_malware;send_notification;archive_data;provision_vm
"Do me a favor and pull Frank's data. Once that's done, pass cdn-edge-06 to Charlie. Finally, ping Alice about it.",373,"db_read -> transfer_ownership, transfer_ownership -> send_notification",db_read;transfer_ownership;send_notification,0->1;1->2,chain_medium,original,train,FALSE,FALSE,db_read;transfer_ownership;send_notification
"ASAP — roll ml-infer-05 back to the last stable release. After that, blast an alert to Legal. Last step: deploy the container for Finance.",301,"rollback_deployment -> send_notification, send_notification -> deploy_container",rollback_deployment;send_notification;deploy_container,0->1;1->2,chain_medium,original,train,FALSE,FALSE,rollback_deployment;send_notification;deploy_container
"We gotta assess ml-infer-05's status — in parallel, reboot payment-api-03 and create a ticket about the Finance issue.",111,"check_status -> create_ticket, check_status -> restart_service",check_status;restart_service;create_ticket,0->1;0->2,fanout,original,train,FALSE,FALSE,check_status;restart_service;create_ticket
"We gotta bump the capacity on payment-api-03, then deploy the container for Finance. End with light up the feature for prod-web-01.",287,"deploy_container -> enable_feature_flag, scale_service -> deploy_container",scale_service;deploy_container;enable_feature_flag,0->1;1->2,chain_medium,original,train,FALSE,FALSE,scale_service;deploy_container;enable_feature_flag
"Do me a favor and quarantine payment-api-03, followed by log Diana's action for compliance.",63,quarantine_system -> log_audit_event,quarantine_system;log_audit_event,0->1,chain_short,original,train,FALSE,FALSE,quarantine_system;log_audit_event
"For the HR team, resize payment-api-03's resources. Once that's done, get the container running on auth-svc-04, and lastly light up the feature for cdn-edge-06.",287,"deploy_container -> enable_feature_flag, scale_service -> deploy_container",scale_service;deploy_container;enable_feature_flag,0->1;1->2,chain_medium,original,train,FALSE,FALSE,scale_service;deploy_container;enable_feature_flag
"Do me a favor and reboot prod-web-01, then ping Frank about it.",71,restart_service -> send_notification,restart_service;send_notification,0->1,chain_short,original,train,FALSE,FALSE,restart_service;send_notification
"Do me a favor and ping cdn-edge-06 for a health check and sweep cdn-edge-06 for IOCs, then converge and log the whole auth-svc-04 incident.",494,"check_status -> log_audit_event, scan_malware -> log_audit_event",check_status;scan_malware;log_audit_event,0->2;1->2,fanin,original,train,FALSE,FALSE,check_status;scan_malware;log_audit_event
"Urgent: check payment-api-03 for vulnerabilities, followed by quarantine payment-api-03, and while you're at it, ping Eve about it and log the whole auth-svc-04 incident.",142,"quarantine_system -> log_audit_event, quarantine_system -> send_notification, scan_malware -> quarantine_system",scan_malware;quarantine_system;send_notification;log_audit_event,0->1;1->2;1->3,fanout,original,train,FALSE,FALSE,scan_malware;quarantine_system;send_notification;log_audit_event
"When you get a chance, diagnose payment-api-03, and while you're at it, restart the main process on auth-svc-04 and open a ticket for Eve.",111,"check_status -> create_ticket, check_status -> restart_service",check_status;restart_service;create_ticket,0->1;0->2,fanout,original,train,FALSE,FALSE,check_status;restart_service;create_ticket
"Cycle ml-infer-05, then send a heads-up to Engineering.",71,restart_service -> send_notification,restart_service;send_notification,0->1,chain_short,original,train,FALSE,FALSE,restart_service;send_notification
"Do a security check on ml-infer-05 — in parallel, lock down staging-db-02 and file a bug about staging-db-02.",112,"scan_malware -> create_ticket, scan_malware -> quarantine_system",scan_malware;quarantine_system;create_ticket,0->1;0->2,fanout,original,train,FALSE,FALSE,scan_malware;quarantine_system;create_ticket
"Do me a favor and quarantine payment-api-03, followed by log Frank's action for compliance.",63,quarantine_system -> log_audit_event,quarantine_system;log_audit_event,0->1,chain_short,original,train,FALSE,FALSE,quarantine_system;log_audit_event
"Quick one — do a security check on auth-svc-04 and take a snapshot of staging-db-02's DB, then converge and flush the cache on staging-db-02.",498,"backup_database -> invalidate_cache, scan_malware -> invalidate_cache",scan_malware;backup_database;invalidate_cache,0->2;1->2,fanin,original,train,FALSE,FALSE,scan_malware;backup_database;invalidate_cache
"For the HR team, make a compliance log about Bob and open a ticket for Alice. Once both are done, wake up the on-call about ml-infer-05.",472,"create_ticket -> escalate_to_human, log_audit_event -> escalate_to_human",log_audit_event;create_ticket;escalate_to_human,0->2;1->2,fanin,original,train,FALSE,FALSE,log_audit_event;create_ticket;escalate_to_human
Quick one — archive the old entries for Alice — then pull Bob's credentials for payment-api-03. End with downgrade Eve's account.,327,"archive_data -> revoke_access, revoke_access -> update_subscription",archive_data;revoke_access;update_subscription,0->1;1->2,chain_medium,original,train,FALSE,FALSE,archive_data;revoke_access;update_subscription
Do me a favor and look up the records for #20891 and at the same time process the payout for Alice and blast an alert to Finance.,114,"db_read -> process_refund, db_read -> send_notification",db_read;process_refund;send_notification,0->1;0->2,fanout,original,train,FALSE,FALSE,db_read;process_refund;send_notification
From Legal: look up the records for #20891 and simultaneously downgrade Charlie's account and fire off a notification to Diana.,110,"db_read -> send_notification, db_read -> update_subscription",db_read;update_subscription;send_notification,0->1;0->2,fanout,original,train,FALSE,FALSE,db_read;update_subscription;send_notification
"Diana is asking us to yank auth-svc-04 off the network. Once that's done, drop an audit entry for prod-web-01.",63,quarantine_system -> log_audit_event,quarantine_system;log_audit_event,0->1,chain_short,original,train,FALSE,FALSE,quarantine_system;log_audit_event
"Charlie is asking us to check the DB for Grace. After that, change the owner of staging-db-02 to HR. Last step: notify the Legal team.",373,"db_read -> transfer_ownership, transfer_ownership -> send_notification",db_read;transfer_ownership;send_notification,0->1;1->2,chain_medium,original,train,FALSE,FALSE,db_read;transfer_ownership;send_notification
"For the Legal team, dig up the history on Alice, then generate the Marketing analytics and at the same time blast an alert to Finance and create an audit trail for #31450.",140,"db_read -> generate_report, generate_report -> log_audit_event, generate_report -> send_notification",db_read;generate_report;send_notification;log_audit_event,0->1;1->2;1->3,fanout,original,train,FALSE,FALSE,db_read;generate_report;send_notification;log_audit_event
"Do me a favor and drop an audit entry for prod-web-01 and file a bug about payment-api-03, merge everything and wake up the on-call about cdn-edge-06.",472,"create_ticket -> escalate_to_human, log_audit_event -> escalate_to_human",log_audit_event;create_ticket;escalate_to_human,0->2;1->2,fanin,original,train,FALSE,FALSE,log_audit_event;create_ticket;escalate_to_human
"Time to process the payout for Charlie, followed by deactivate the feature flag on payment-api-03. Finally, give staging-db-02 a kick.",366,"disable_feature_flag -> restart_service, process_refund -> disable_feature_flag",process_refund;disable_feature_flag;restart_service,0->1;1->2,chain_medium,original,train,FALSE,FALSE,process_refund;disable_feature_flag;restart_service
"When you get a chance, sign off on Bob's permission request, and then generate the Finance analytics. End with verify staging-db-02's health.",309,"approve_access -> generate_report, generate_report -> check_status",approve_access;generate_report;check_status,0->1;1->2,chain_medium,original,train,FALSE,FALSE,approve_access;generate_report;check_status
"For the HR team, pull Bob's data. Next, pass auth-svc-04 to Diana. To wrap up, blast an alert to Engineering.",373,"db_read -> transfer_ownership, transfer_ownership -> send_notification",db_read;transfer_ownership;send_notification,0->1;1->2,chain_medium,original,train,FALSE,FALSE,db_read;transfer_ownership;send_notification
"Per Diana's request, put Legal's historical data into the archive, then roll auth-svc-04 back to the last stable release, and lastly bust the cache on prod-web-01.",282,"archive_data -> rollback_deployment, rollback_deployment -> invalidate_cache",archive_data;rollback_deployment;invalidate_cache,0->1;1->2,chain_medium,original,train,FALSE,FALSE,archive_data;rollback_deployment;invalidate_cache
"ASAP — do a security check on ml-infer-05, then isolate prod-web-01 — in parallel, ping Bob about it and record the event in Engineering's log.",142,"quarantine_system -> log_audit_event, quarantine_system -> send_notification, scan_malware -> quarantine_system",scan_malware;quarantine_system;send_notification;log_audit_event,0->1;1->2;1->3,fanout,original,train,FALSE,FALSE,scan_malware;quarantine_system;send_notification;log_audit_event
ASAP — bounce cdn-edge-06 — then blast an alert to Legal.,71,restart_service -> send_notification,restart_service;send_notification,0->1,chain_short,original,train,FALSE,FALSE,restart_service;send_notification
"Charlie reported an issue — check prod-web-01 for vulnerabilities. Next, email Charlie the update. Next, cold-store the old records for Grace, and lastly deploy a server for Engineering.",412,"archive_data -> provision_vm, scan_malware -> send_notification, send_notification -> archive_data",scan_malware;send_notification;archive_data;provision_vm,0->1;1->2;2->3,chain_medium,original,train,FALSE,FALSE,scan_malware;send_notification;archive_data;provision_vm
"Alice reported an issue — check payment-api-03 for vulnerabilities. Next, email Diana the update. Next, cold-store the old records for Eve, and lastly deploy a server for Finance.",412,"archive_data -> provision_vm, scan_malware -> send_notification, send_notification -> archive_data",scan_malware;send_notification;archive_data;provision_vm,0->1;1->2;2->3,chain_medium,original,train,FALSE,FALSE,scan_malware;send_notification;archive_data;provision_vm
"For the HR team, check ml-infer-05 for vulnerabilities — then pull ml-infer-05 from production and simultaneously notify the Marketing team and log the whole cdn-edge-06 incident.",142,"quarantine_system -> log_audit_event, quarantine_system -> send_notification, scan_malware -> quarantine_system",scan_malware;quarantine_system;send_notification;log_audit_event,0->1;1->2;1->3,fanout,original,train,FALSE,FALSE,scan_malware;quarantine_system;send_notification;log_audit_event
"Ticket INC-8842 says whip up a report for HR. Once that's done, start the CI job for prod-web-01, and lastly take a snapshot of cdn-edge-06's DB.",357,"generate_report -> run_pipeline, run_pipeline -> backup_database",generate_report;run_pipeline;backup_database,0->1;1->2,chain_medium,original,train,FALSE,FALSE,generate_report;run_pipeline;backup_database
"Time to restart the service on prod-web-01, and then arrange a maintenance slot for prod-web-01, then notify the Finance team. To wrap up, sweep payment-api-03 for IOCs.",413,"restart_service -> schedule_maintenance, schedule_maintenance -> send_notification, send_notification -> scan_malware",restart_service;schedule_maintenance;send_notification;scan_malware,0->1;1->2;2->3,chain_medium,original,train,FALSE,FALSE,restart_service;schedule_maintenance;send_notification;scan_malware
"We gotta generate a new API key for auth-svc-04. After that, disable Eve's account on ml-infer-05. Last step: give Bob access to Engineering's resources.",321,"revoke_access -> approve_access, rotate_api_key -> revoke_access",rotate_api_key;revoke_access;approve_access,0->1;1->2,chain_medium,original,train,FALSE,FALSE,rotate_api_key;revoke_access;approve_access
"Quick one — query the database about #20891. Once that's done, shut down the feature on cdn-edge-06, then reverse the charge on #10234. Finally, archive the old entries for Eve.",379,"db_read -> disable_feature_flag, disable_feature_flag -> process_refund, process_refund -> archive_data",db_read;disable_feature_flag;process_refund;archive_data,0->1;1->2;2->3,chain_medium,original,train,FALSE,FALSE,db_read;disable_feature_flag;process_refund;archive_data
"Ticket INC-7733 says check the DB for Alice. Once that's done, produce the Legal performance summary and simultaneously notify the Finance team and create an audit trail for #53698.",140,"db_read -> generate_report, generate_report -> log_audit_event, generate_report -> send_notification",db_read;generate_report;send_notification;log_audit_event,0->1;1->2;1->3,fanout,original,train,FALSE,FALSE,db_read;generate_report;send_notification;log_audit_event
"Quick one — investigate payment-api-03 for infections. Next, pull ml-infer-05 from production — in parallel, ping Eve about it and record the event in Finance's log.",142,"quarantine_system -> log_audit_event, quarantine_system -> send_notification, scan_malware -> quarantine_system",scan_malware;quarantine_system;send_notification;log_audit_event,0->1;1->2;1->3,fanout,original,train,FALSE,FALSE,scan_malware;quarantine_system;send_notification;log_audit_event
"Per Diana's request, update Eve's subscription. Next, shut down the feature on auth-svc-04.",174,update_subscription -> disable_feature_flag,update_subscription;disable_feature_flag,0->1,chain_short,original,train,FALSE,FALSE,update_subscription;disable_feature_flag
"Charlie is asking us to force a credential change for Bob. Once that's done, email Diana the update, and lastly read Bob's profile from the database.",360,"reset_password -> send_notification, send_notification -> db_read",reset_password;send_notification;db_read,0->1;1->2,chain_medium,original,train,FALSE,FALSE,reset_password;send_notification;db_read
"Time to process the payout for Eve, followed by deactivate the feature flag on prod-web-01. Finally, give cdn-edge-06 a kick.",366,"disable_feature_flag -> restart_service, process_refund -> disable_feature_flag",process_refund;disable_feature_flag;restart_service,0->1;1->2,chain_medium,original,train,FALSE,FALSE,process_refund;disable_feature_flag;restart_service
"Bob is asking us to assess staging-db-02's status. Next, create an audit trail for #20891. Finally, update Charlie's subscription.",308,"check_status -> log_audit_event, log_audit_event -> update_subscription",check_status;log_audit_event;update_subscription,0->1;1->2,chain_medium,original,train,FALSE,FALSE,check_status;log_audit_event;update_subscription
"Eve is asking us to change Eve's plan. Once that's done, check if staging-db-02 is up.",194,update_subscription -> check_status,update_subscription;check_status,0->1,chain_short,original,train,FALSE,FALSE,update_subscription;check_status
Do me a favor and generate the Marketing analytics — then run the deployment pipeline for HR. Last step: take a snapshot of payment-api-03's DB.,357,"generate_report -> run_pipeline, run_pipeline -> backup_database",generate_report;run_pipeline;backup_database,0->1;1->2,chain_medium,original,train,FALSE,FALSE,generate_report;run_pipeline;backup_database
"For the Finance team, move Legal's stale data to cold storage, followed by roll back the last deploy on ml-infer-05. Finally, bust the cache on payment-api-03.",282,"archive_data -> rollback_deployment, rollback_deployment -> invalidate_cache",archive_data;rollback_deployment;invalidate_cache,0->1;1->2,chain_medium,original,train,FALSE,FALSE,archive_data;rollback_deployment;invalidate_cache
"Push the refund through and downgrade their plan, then send one email confirming both.",13,"process_refund -> send_notification, update_subscription -> send_notification",process_refund;update_subscription;send_notification,0->2;1->2,fanin,original,train,FALSE,FALSE,process_refund;update_subscription;send_notification
"Do a security check on auth-svc-04 — in parallel, lock down prod-web-01 and file a bug about payment-api-03.",112,"scan_malware -> create_ticket, scan_malware -> quarantine_system",scan_malware;quarantine_system;create_ticket,0->1;0->2,fanout,original,train,FALSE,FALSE,scan_malware;quarantine_system;create_ticket
"Retrieve the historical data and do a live scan, then record everything for compliance.",12,"db_read -> log_audit_event, scan_malware -> log_audit_event",db_read;scan_malware;log_audit_event,0->2;1->2,fanin,original,train,FALSE,FALSE,db_read;scan_malware;log_audit_event
"The Marketing team needs us to roll back the last deploy on ml-infer-05. Next, notify the Marketing team. Last step: push the container image for Legal.",301,"rollback_deployment -> send_notification, send_notification -> deploy_container",rollback_deployment;send_notification;deploy_container,0->1;1->2,chain_medium,original,train,FALSE,FALSE,rollback_deployment;send_notification;deploy_container
"Per Alice's request, put HR's historical data into the archive, then roll prod-web-01 back to the last stable release, and lastly bust the cache on payment-api-03.",282,"archive_data -> rollback_deployment, rollback_deployment -> invalidate_cache",archive_data;rollback_deployment;invalidate_cache,0->1;1->2,chain_medium,original,train,FALSE,FALSE,archive_data;rollback_deployment;invalidate_cache
"Hey, can you dig up the history on Eve and simultaneously push the refund through for #42017 and shoot Eve an email.",114,"db_read -> process_refund, db_read -> send_notification",db_read;process_refund;send_notification,0->1;0->2,fanout,original,train,FALSE,FALSE,db_read;process_refund;send_notification
"Refund the money and change Grace's subscription, sending a single alert afterwards.",13,"process_refund -> send_notification, update_subscription -> send_notification",process_refund;update_subscription;send_notification,0->2;1->2,fanin,original,train,FALSE,FALSE,process_refund;update_subscription;send_notification
"Hey, can you refund Eve. After that, kill the feature toggle for Marketing. End with cycle prod-web-01.",366,"disable_feature_flag -> restart_service, process_refund -> disable_feature_flag",process_refund;disable_feature_flag;restart_service,0->1;1->2,chain_medium,original,train,FALSE,FALSE,process_refund;disable_feature_flag;restart_service
"We gotta produce the Marketing performance summary, then trigger a build for ml-infer-05. To wrap up, take a snapshot of cdn-edge-06's DB.",357,"generate_report -> run_pipeline, run_pipeline -> backup_database",generate_report;run_pipeline;backup_database,0->1;1->2,chain_medium,original,train,FALSE,FALSE,generate_report;run_pipeline;backup_database
"ASAP — reboot ml-infer-05. After that, plan maintenance on ml-infer-05 for HR. Once that's done, email Charlie the update, and lastly investigate prod-web-01 for infections.",413,"restart_service -> schedule_maintenance, schedule_maintenance -> send_notification, send_notification -> scan_malware",restart_service;schedule_maintenance;send_notification;scan_malware,0->1;1->2;2->3,chain_medium,original,train,FALSE,FALSE,restart_service;schedule_maintenance;send_notification;scan_malware
The Finance team needs us to pull Charlie's data — then whip up a report for Engineering and concurrently blast an alert to HR and log the whole prod-web-01 incident.,140,"db_read -> generate_report, generate_report -> log_audit_event, generate_report -> send_notification",db_read;generate_report;send_notification;log_audit_event,0->1;1->2;1->3,fanout,original,train,FALSE,FALSE,db_read;generate_report;send_notification;log_audit_event
"We gotta check if payment-api-03 is up, and then log the whole auth-svc-04 incident. Last step: change Bob's plan.",308,"check_status -> log_audit_event, log_audit_event -> update_subscription",check_status;log_audit_event;update_subscription,0->1;1->2,chain_medium,original,train,FALSE,FALSE,check_status;log_audit_event;update_subscription
"Urgent: refund Charlie and flip the feature toggle on for Engineering, then converge and spin up a VM for HR.",488,"enable_feature_flag -> provision_vm, process_refund -> provision_vm",process_refund;enable_feature_flag;provision_vm,0->2;1->2,fanin,original,train,FALSE,FALSE,process_refund;enable_feature_flag;provision_vm
"From Engineering: roll auth-svc-04 back to the last stable release. Once that's done, ping Grace about it. To wrap up, get the container running on cdn-edge-06.",301,"rollback_deployment -> send_notification, send_notification -> deploy_container",rollback_deployment;send_notification;deploy_container,0->1;1->2,chain_medium,original,train,FALSE,FALSE,rollback_deployment;send_notification;deploy_container
"The Engineering team needs us to dig up the history on Frank, and then shut down the feature on cdn-edge-06 — then push the refund through for #53698. To wrap up, archive Charlie's old records.",379,"db_read -> disable_feature_flag, disable_feature_flag -> process_refund, process_refund -> archive_data",db_read;disable_feature_flag;process_refund;archive_data,0->1;1->2;2->3,chain_medium,original,train,FALSE,FALSE,db_read;disable_feature_flag;process_refund;archive_data
"Urgent: look up the records for #31450, then produce the HR performance summary. To wrap up, shoot Bob an email.",101,"db_read -> generate_report, generate_report -> send_notification",db_read;generate_report;send_notification,0->1;1->2,chain_medium,original,train,FALSE,FALSE,db_read;generate_report;send_notification
"Time to process the payout for Eve, followed by deactivate the feature flag on auth-svc-04. Finally, give ml-infer-05 a kick.",366,"disable_feature_flag -> restart_service, process_refund -> disable_feature_flag",process_refund;disable_feature_flag;restart_service,0->1;1->2,chain_medium,original,train,FALSE,FALSE,process_refund;disable_feature_flag;restart_service
"ASAP — swap out prod-web-01's credentials — then do a security check on auth-svc-04, and lastly roll out the containerised app to staging-db-02.",302,"rotate_api_key -> scan_malware, scan_malware -> deploy_container",rotate_api_key;scan_malware;deploy_container,0->1;1->2,chain_medium,original,train,FALSE,FALSE,rotate_api_key;scan_malware;deploy_container
"Bob is asking us to force a credential change for Diana. Once that's done, email Frank the update, and lastly read Alice's profile from the database.",360,"reset_password -> send_notification, send_notification -> db_read",reset_password;send_notification;db_read,0->1;1->2,chain_medium,original,train,FALSE,FALSE,reset_password;send_notification;db_read
"Frank reported an issue — check staging-db-02 for vulnerabilities. Next, email Grace the update. Next, cold-store the old records for Bob, and lastly deploy a server for Finance.",412,"archive_data -> provision_vm, scan_malware -> send_notification, send_notification -> archive_data",scan_malware;send_notification;archive_data;provision_vm,0->1;1->2;2->3,chain_medium,original,train,FALSE,FALSE,scan_malware;send_notification;archive_data;provision_vm
Time to take auth-svc-04 back to the prior build and simultaneously open a ticket for Grace and pull auth-svc-04 back from the last good backup.,433,"rollback_deployment -> create_ticket, rollback_deployment -> restore_backup",rollback_deployment;create_ticket;restore_backup,0->1;0->2,fanout,original,train,FALSE,FALSE,rollback_deployment;create_ticket;restore_backup
ASAP — reverse the charge on #31450 — then swap out payment-api-03's credentials. End with update Bob's record in the DB.,332,"process_refund -> rotate_api_key, rotate_api_key -> db_write",process_refund;rotate_api_key;db_write,0->1;1->2,chain_medium,original,train,FALSE,FALSE,process_refund;rotate_api_key;db_write
The Legal team needs us to look up the records for #42017 and at the same time switch Alice to the new plan and send a heads-up to Finance.,110,"db_read -> send_notification, db_read -> update_subscription",db_read;update_subscription;send_notification,0->1;0->2,fanout,original,train,FALSE,FALSE,db_read;update_subscription;send_notification
Quick task: store the Legal config in the database.,52,db_write,db_write,,single_node,original,train,FALSE,FALSE,db_write
"For the HR team, record the event in Finance's log. Next, bounce payment-api-03.",258,log_audit_event -> restart_service,log_audit_event;restart_service,0->1,chain_short,original,train,FALSE,FALSE,log_audit_event;restart_service
"Hey, can you strip Charlie's access to HR, and then push the changes for Diana to the DB. Once that's done, adjust the billing tier for Charlie, and lastly schedule maintenance for prod-web-01.",424,"db_write -> update_subscription, revoke_access -> db_write, update_subscription -> schedule_maintenance",revoke_access;db_write;update_subscription;schedule_maintenance,0->1;1->2;2->3,chain_medium,original,train,FALSE,FALSE,revoke_access;db_write;update_subscription;schedule_maintenance
"Credit the account and cancel the sub, then shoot Charlie a message about the changes.",13,"process_refund -> send_notification, update_subscription -> send_notification",process_refund;update_subscription;send_notification,0->2;1->2,fanin,original,train,FALSE,FALSE,process_refund;update_subscription;send_notification
I need you to check staging-db-02 for vulnerabilities and simultaneously quarantine prod-web-01 and file a bug about ml-infer-05.,112,"scan_malware -> create_ticket, scan_malware -> quarantine_system",scan_malware;quarantine_system;create_ticket,0->1;0->2,fanout,original,train,FALSE,FALSE,scan_malware;quarantine_system;create_ticket
"Reverse the charge for #20891 and update the billing tier, then notify the customer.",13,"process_refund -> send_notification, update_subscription -> send_notification",process_refund;update_subscription;send_notification,0->2;1->2,fanin,original,train,FALSE,FALSE,process_refund;update_subscription;send_notification
"Urgent: verify payment-api-03's health and look up the records for #10234. When all of that's complete, send a heads-up to HR.",125,"check_status -> send_notification, db_read -> send_notification",check_status;db_read;send_notification,0->2;1->2,fanin,original,train,FALSE,FALSE,check_status;db_read;send_notification
"Frank reported an issue — rotate the API key for cdn-edge-06. Next, do a security check on staging-db-02. Finally, push the container image for Marketing.",302,"rotate_api_key -> scan_malware, scan_malware -> deploy_container",rotate_api_key;scan_malware;deploy_container,0->1;1->2,chain_medium,original,train,FALSE,FALSE,rotate_api_key;scan_malware;deploy_container
"Frank is asking us to verify cdn-edge-06's health and check the DB for Grace. When all of that's complete, send a heads-up to HR.",125,"check_status -> send_notification, db_read -> send_notification",check_status;db_read;send_notification,0->2;1->2,fanin,original,train,FALSE,FALSE,check_status;db_read;send_notification
"Urgent: give Eve a new password — in parallel, email Eve the update and create an audit trail for #53698.",119,"reset_password -> log_audit_event, reset_password -> send_notification",reset_password;send_notification;log_audit_event,0->1;0->2,fanout,original,train,FALSE,FALSE,reset_password;send_notification;log_audit_event
"We gotta record the event in Legal's log and file an incident report about prod-web-01. After those finish, loop in a Legal manager.",472,"create_ticket -> escalate_to_human, log_audit_event -> escalate_to_human",log_audit_event;create_ticket;escalate_to_human,0->2;1->2,fanin,original,train,FALSE,FALSE,log_audit_event;create_ticket;escalate_to_human
"We gotta nuke Charlie's old login and issue a fresh one, and then blast an alert to Engineering. Last step: look up the records for #20891.",360,"reset_password -> send_notification, send_notification -> db_read",reset_password;send_notification;db_read,0->1;1->2,chain_medium,original,train,FALSE,FALSE,reset_password;send_notification;db_read
"Urgent: whip up a report for Finance — then start the CI job for payment-api-03. Finally, take a snapshot of prod-web-01's DB.",357,"generate_report -> run_pipeline, run_pipeline -> backup_database",generate_report;run_pipeline;backup_database,0->1;1->2,chain_medium,original,train,FALSE,FALSE,generate_report;run_pipeline;backup_database
"Hey, can you verify prod-web-01's health — then log Diana's action for compliance, and lastly update Bob's subscription.",308,"check_status -> log_audit_event, log_audit_event -> update_subscription",check_status;log_audit_event;update_subscription,0->1;1->2,chain_medium,original,train,FALSE,FALSE,check_status;log_audit_event;update_subscription
"I need you to blast an alert to HR. After that, activate the feature flag on payment-api-03. Last step: modify Frank's subscription.",359,"enable_feature_flag -> update_subscription, send_notification -> enable_feature_flag",send_notification;enable_feature_flag;update_subscription,0->1;1->2,chain_medium,original,train,FALSE,FALSE,send_notification;enable_feature_flag;update_subscription
"We gotta move Finance's stale data to cold storage. Next, cut off Bob's permissions. To wrap up, adjust the billing tier for Frank.",327,"archive_data -> revoke_access, revoke_access -> update_subscription",archive_data;revoke_access;update_subscription,0->1;1->2,chain_medium,original,train,FALSE,FALSE,archive_data;revoke_access;update_subscription
"When you get a chance, load the backup onto auth-svc-04 while also push the refund through for #20891 and log a Jira for Diana's issue.",445,"restore_backup -> create_ticket, restore_backup -> process_refund",restore_backup;process_refund;create_ticket,0->1;0->2,fanout,original,train,FALSE,FALSE,restore_backup;process_refund;create_ticket
"I need you to strip Frank's access to Marketing, and then update Charlie's record in the DB. Once that's done, update Grace's subscription. To wrap up, book a maintenance window for prod-web-01.",424,"db_write -> update_subscription, revoke_access -> db_write, update_subscription -> schedule_maintenance",revoke_access;db_write;update_subscription;schedule_maintenance,0->1;1->2;2->3,chain_medium,original,train,FALSE,FALSE,revoke_access;db_write;update_subscription;schedule_maintenance
"Hey, can you pull prod-web-01 back from the last good backup, and while you're at it, process the payout for Frank and spin up a tracking ticket for Diana.",445,"restore_backup -> create_ticket, restore_backup -> process_refund",restore_backup;process_refund;create_ticket,0->1;0->2,fanout,original,train,FALSE,FALSE,restore_backup;process_refund;create_ticket
"ASAP — reboot ml-infer-05. After that, plan maintenance on cdn-edge-06 for Legal. Once that's done, email Charlie the update, and lastly investigate auth-svc-04 for infections.",413,"restart_service -> schedule_maintenance, schedule_maintenance -> send_notification, send_notification -> scan_malware",restart_service;schedule_maintenance;send_notification;scan_malware,0->1;1->2;2->3,chain_medium,original,train,FALSE,FALSE,restart_service;schedule_maintenance;send_notification;scan_malware
"When you get a chance, diagnose ml-infer-05, and while you're at it, restart the main process on staging-db-02 and open a ticket for Charlie.",111,"check_status -> create_ticket, check_status -> restart_service",check_status;restart_service;create_ticket,0->1;0->2,fanout,original,train,FALSE,FALSE,check_status;restart_service;create_ticket
"I need you to strip Eve's access to Finance, and then update Bob's record in the DB. Once that's done, update Grace's subscription. To wrap up, book a maintenance window for ml-infer-05.",424,"db_write -> update_subscription, revoke_access -> db_write, update_subscription -> schedule_maintenance",revoke_access;db_write;update_subscription;schedule_maintenance,0->1;1->2;2->3,chain_medium,original,train,FALSE,FALSE,revoke_access;db_write;update_subscription;schedule_maintenance
"I need you to strip Eve's access to HR, and then update Alice's record in the DB. Once that's done, update Diana's subscription. To wrap up, book a maintenance window for ml-infer-05.",424,"db_write -> update_subscription, revoke_access -> db_write, update_subscription -> schedule_maintenance",revoke_access;db_write;update_subscription;schedule_maintenance,0->1;1->2;2->3,chain_medium,original,train,FALSE,FALSE,revoke_access;db_write;update_subscription;schedule_maintenance
"Grace is asking us to email Alice the update and plan maintenance on prod-web-01 for Finance. Once both are done, rotate Charlie's credentials.",491,"schedule_maintenance -> reset_password, send_notification -> reset_password",send_notification;schedule_maintenance;reset_password,0->2;1->2,fanin,original,train,FALSE,FALSE,send_notification;schedule_maintenance;reset_password
Time to back out the deployment on ml-infer-05 and at the same time file an incident report about ml-infer-05 and recover Legal's data from backup.,433,"rollback_deployment -> create_ticket, rollback_deployment -> restore_backup",rollback_deployment;create_ticket;restore_backup,0->1;0->2,fanout,original,train,FALSE,FALSE,rollback_deployment;create_ticket;restore_backup
"Urgent: whip up a report for Finance — then start the CI job for staging-db-02. Finally, take a snapshot of auth-svc-04's DB.",357,"generate_report -> run_pipeline, run_pipeline -> backup_database",generate_report;run_pipeline;backup_database,0->1;1->2,chain_medium,original,train,FALSE,FALSE,generate_report;run_pipeline;backup_database
"Time to look up the records for #42017. Next, kill the feature toggle for HR, then give Eve their money back. Finally, cold-store the old records for Frank.",379,"db_read -> disable_feature_flag, disable_feature_flag -> process_refund, process_refund -> archive_data",db_read;disable_feature_flag;process_refund;archive_data,0->1;1->2;2->3,chain_medium,original,train,FALSE,FALSE,db_read;disable_feature_flag;process_refund;archive_data
"The Finance team needs us to cut off Eve's permissions. After that, write the new data for #60122 back — then downgrade Diana's account. End with arrange a maintenance slot for prod-web-01.",424,"db_write -> update_subscription, revoke_access -> db_write, update_subscription -> schedule_maintenance",revoke_access;db_write;update_subscription;schedule_maintenance,0->1;1->2;2->3,chain_medium,original,train,FALSE,FALSE,revoke_access;db_write;update_subscription;schedule_maintenance
"Hey, can you verify ml-infer-05's health — then log Eve's action for compliance, and lastly update Charlie's subscription.",308,"check_status -> log_audit_event, log_audit_event -> update_subscription",check_status;log_audit_event;update_subscription,0->1;1->2,chain_medium,original,train,FALSE,FALSE,check_status;log_audit_event;update_subscription
"Time to scale auth-svc-04 down to save costs, then push the container image for Marketing, and lastly switch on the flag for Engineering.",287,"deploy_container -> enable_feature_flag, scale_service -> deploy_container",scale_service;deploy_container;enable_feature_flag,0->1;1->2,chain_medium,original,train,FALSE,FALSE,scale_service;deploy_container;enable_feature_flag
"Frank reported an issue — nuke Grace's old login and issue a fresh one. After that, credit Grace's account. Finally, change the owner of prod-web-01 to Marketing.",279,"process_refund -> transfer_ownership, reset_password -> process_refund",reset_password;process_refund;transfer_ownership,0->1;1->2,chain_medium,original,train,FALSE,FALSE,reset_password;process_refund;transfer_ownership
"I need you to restart the service on prod-web-01, followed by schedule maintenance for staging-db-02, then blast an alert to Legal, and lastly scan staging-db-02 for threats.",413,"restart_service -> schedule_maintenance, schedule_maintenance -> send_notification, send_notification -> scan_malware",restart_service;schedule_maintenance;send_notification;scan_malware,0->1;1->2;2->3,chain_medium,original,train,FALSE,FALSE,restart_service;schedule_maintenance;send_notification;scan_malware
"From Engineering: pull cdn-edge-06 from production, and then log Charlie's action for compliance.",63,quarantine_system -> log_audit_event,quarantine_system;log_audit_event,0->1,chain_short,original,train,FALSE,FALSE,quarantine_system;log_audit_event
Time to grab Bob's account details while also push the refund through for #42017 and notify the HR team.,114,"db_read -> process_refund, db_read -> send_notification",db_read;process_refund;send_notification,0->1;0->2,fanout,original,train,FALSE,FALSE,db_read;process_refund;send_notification
"Diana reported an issue — cycle the secret for Legal's service. Once that's done, strip Frank's access to Finance, and lastly green-light Bob's access to Marketing.",321,"revoke_access -> approve_access, rotate_api_key -> revoke_access",rotate_api_key;revoke_access;approve_access,0->1;1->2,chain_medium,original,train,FALSE,FALSE,rotate_api_key;revoke_access;approve_access
"For the Marketing team, make a compliance log about Bob and open a ticket for Frank. Once both are done, wake up the on-call about prod-web-01.",472,"create_ticket -> escalate_to_human, log_audit_event -> escalate_to_human",log_audit_event;create_ticket;escalate_to_human,0->2;1->2,fanin,original,train,FALSE,FALSE,log_audit_event;create_ticket;escalate_to_human
"I need you to blast an alert to HR. After that, activate the feature flag on cdn-edge-06. Last step: modify Frank's subscription.",359,"enable_feature_flag -> update_subscription, send_notification -> enable_feature_flag",send_notification;enable_feature_flag;update_subscription,0->1;1->2,chain_medium,original,train,FALSE,FALSE,send_notification;enable_feature_flag;update_subscription
"We gotta produce the Marketing performance summary, then trigger a build for cdn-edge-06. To wrap up, take a snapshot of cdn-edge-06's DB.",357,"generate_report -> run_pipeline, run_pipeline -> backup_database",generate_report;run_pipeline;backup_database,0->1;1->2,chain_medium,original,train,FALSE,FALSE,generate_report;run_pipeline;backup_database
"Diagnose staging-db-02, scan for threats, pull it off the network, restart, escalate to management, notify stakeholders, and log for compliance.",16,"check_status -> scan_malware, escalate_to_human -> send_notification, quarantine_system -> restart_service, restart_service -> escalate_to_human, scan_malware -> quarantine_system, send_notification -> log_audit_event",check_status;scan_malware;quarantine_system;restart_service;escalate_to_human;send_notification;log_audit_event,0->1;1->2;2->3;3->4;4->5;5->6,chain_long,original,train,FALSE,FALSE,check_status;scan_malware;quarantine_system;restart_service;escalate_to_human;send_notification;log_audit_event
"Time to run a malware sweep on cdn-edge-06 and save a backup of HR's data. After those finish, invalidate auth-svc-04's cache.",498,"backup_database -> invalidate_cache, scan_malware -> invalidate_cache",scan_malware;backup_database;invalidate_cache,0->2;1->2,fanin,original,train,FALSE,FALSE,scan_malware;backup_database;invalidate_cache
"Urgent: force a credential change for Diana. Once that's done, shoot Frank an email. End with look up the records for #42017.",360,"reset_password -> send_notification, send_notification -> db_read",reset_password;send_notification;db_read,0->1;1->2,chain_medium,original,train,FALSE,FALSE,reset_password;send_notification;db_read
"Check health of payment-api-03, run security sweep, quarantine, reboot, escalate the incident, send a blast to Legal, and make an audit entry.",16,"check_status -> scan_malware, escalate_to_human -> send_notification, quarantine_system -> restart_service, restart_service -> escalate_to_human, scan_malware -> quarantine_system, send_notification -> log_audit_event",check_status;scan_malware;quarantine_system;restart_service;escalate_to_human;send_notification;log_audit_event,0->1;1->2;2->3;3->4;4->5;5->6,chain_long,original,train,FALSE,FALSE,check_status;scan_malware;quarantine_system;restart_service;escalate_to_human;send_notification;log_audit_event
"The Finance team needs us to give Alice their money back, then generate a new API key for cdn-edge-06. To wrap up, store the Marketing config in the database.",332,"process_refund -> rotate_api_key, rotate_api_key -> db_write",process_refund;rotate_api_key;db_write,0->1;1->2,chain_medium,original,train,FALSE,FALSE,process_refund;rotate_api_key;db_write
"ASAP — swap out cdn-edge-06's credentials — then do a security check on payment-api-03, and lastly roll out the containerised app to payment-api-03.",302,"rotate_api_key -> scan_malware, scan_malware -> deploy_container",rotate_api_key;scan_malware;deploy_container,0->1;1->2,chain_medium,original,train,FALSE,FALSE,rotate_api_key;scan_malware;deploy_container
"Do me a favor and provision a new instance for Finance. Next, ping Bob about it.",79,provision_vm -> send_notification,provision_vm;send_notification,0->1,chain_short,original,train,FALSE,FALSE,provision_vm;send_notification
"Refund the money and change Bob's subscription, sending a single alert afterwards.",13,"process_refund -> send_notification, update_subscription -> send_notification",process_refund;update_subscription;send_notification,0->2;1->2,fanin,original,train,FALSE,FALSE,process_refund;update_subscription;send_notification
"Do me a favor and diagnose payment-api-03 and check cdn-edge-06 for vulnerabilities. When all of that's complete, log Diana's action for compliance.",494,"check_status -> log_audit_event, scan_malware -> log_audit_event",check_status;scan_malware;log_audit_event,0->2;1->2,fanin,original,train,FALSE,FALSE,check_status;scan_malware;log_audit_event
"Time to create an audit trail for #20891. After that, restart the main process on prod-web-01.",258,log_audit_event -> restart_service,log_audit_event;restart_service,0->1,chain_short,original,train,FALSE,FALSE,log_audit_event;restart_service
"ASAP — roll cdn-edge-06 back to the last stable release. After that, blast an alert to Legal. Last step: deploy the container for Legal.",301,"rollback_deployment -> send_notification, send_notification -> deploy_container",rollback_deployment;send_notification;deploy_container,0->1;1->2,chain_medium,original,train,FALSE,FALSE,rollback_deployment;send_notification;deploy_container
"ASAP — pull payment-api-03 back from the last good backup and yank ml-infer-05 off the network. After those finish, green-light Eve's access to HR.",504,"quarantine_system -> approve_access, restore_backup -> approve_access",restore_backup;quarantine_system;approve_access,0->2;1->2,fanin,original,train,FALSE,FALSE,restore_backup;quarantine_system;approve_access
"Hey, can you refund Charlie. After that, kill the feature toggle for Finance. End with cycle staging-db-02.",366,"disable_feature_flag -> restart_service, process_refund -> disable_feature_flag",process_refund;disable_feature_flag;restart_service,0->1;1->2,chain_medium,original,train,FALSE,FALSE,process_refund;disable_feature_flag;restart_service
"I need you to provision a new instance for HR, then shoot Diana an email.",79,provision_vm -> send_notification,provision_vm;send_notification,0->1,chain_short,original,train,FALSE,FALSE,provision_vm;send_notification
"Time to diagnose prod-web-01 — then drop an audit entry for prod-web-01, and lastly downgrade Eve's account.",308,"check_status -> log_audit_event, log_audit_event -> update_subscription",check_status;log_audit_event;update_subscription,0->1;1->2,chain_medium,original,train,FALSE,FALSE,check_status;log_audit_event;update_subscription
"Time to rotate Bob's credentials, and then reverse the charge on #20891. End with move prod-web-01's ownership to HR.",279,"process_refund -> transfer_ownership, reset_password -> process_refund",reset_password;process_refund;transfer_ownership,0->1;1->2,chain_medium,original,train,FALSE,FALSE,reset_password;process_refund;transfer_ownership
"Per Alice's request, bring payment-api-03 back from the snapshot while also credit Bob's account and open a ticket for Frank.",445,"restore_backup -> create_ticket, restore_backup -> process_refund",restore_backup;process_refund;create_ticket,0->1;0->2,fanout,original,train,FALSE,FALSE,restore_backup;process_refund;create_ticket
"The Engineering team needs us to dig up the history on Frank, and then shut down the feature on ml-infer-05 — then push the refund through for #10234. To wrap up, archive Frank's old records.",379,"db_read -> disable_feature_flag, disable_feature_flag -> process_refund, process_refund -> archive_data",db_read;disable_feature_flag;process_refund;archive_data,0->1;1->2;2->3,chain_medium,original,train,FALSE,FALSE,db_read;disable_feature_flag;process_refund;archive_data
"Time to undo the latest release on auth-svc-04 — in parallel, log a Jira for Bob's issue and recover Legal's data from backup.",433,"rollback_deployment -> create_ticket, rollback_deployment -> restore_backup",rollback_deployment;create_ticket;restore_backup,0->1;0->2,fanout,original,train,FALSE,FALSE,rollback_deployment;create_ticket;restore_backup
We gotta see what's going on with cdn-edge-06 while also restart the main process on payment-api-03 and open a ticket for Frank.,111,"check_status -> create_ticket, check_status -> restart_service",check_status;restart_service;create_ticket,0->1;0->2,fanout,original,train,FALSE,FALSE,check_status;restart_service;create_ticket
"Hey, can you refresh the API token for Marketing. Next, check staging-db-02 for vulnerabilities. To wrap up, push the container image for Engineering.",302,"rotate_api_key -> scan_malware, scan_malware -> deploy_container",rotate_api_key;scan_malware;deploy_container,0->1;1->2,chain_medium,original,train,FALSE,FALSE,rotate_api_key;scan_malware;deploy_container
"Do me a favor and cycle the secret for HR's service. After that, do a security check on cdn-edge-06. To wrap up, push the container image for HR.",302,"rotate_api_key -> scan_malware, scan_malware -> deploy_container",rotate_api_key;scan_malware;deploy_container,0->1;1->2,chain_medium,original,train,FALSE,FALSE,rotate_api_key;scan_malware;deploy_container
"We gotta nuke Diana's old login and issue a fresh one, and then blast an alert to Legal. Last step: look up the records for #10234.",360,"reset_password -> send_notification, send_notification -> db_read",reset_password;send_notification;db_read,0->1;1->2,chain_medium,original,train,FALSE,FALSE,reset_password;send_notification;db_read
"Time to rotate Alice's credentials. Next, credit Diana's account. Last step: pass cdn-edge-06 to Eve.",279,"process_refund -> transfer_ownership, reset_password -> process_refund",reset_password;process_refund;transfer_ownership,0->1;1->2,chain_medium,original,train,FALSE,FALSE,reset_password;process_refund;transfer_ownership
"ASAP — ping payment-api-03 for a health check and fetch #60122's info. After those finish, notify the HR team.",125,"check_status -> send_notification, db_read -> send_notification",check_status;db_read;send_notification,0->2;1->2,fanin,original,train,FALSE,FALSE,check_status;db_read;send_notification
"We gotta shoot Grace an email and arrange a maintenance slot for payment-api-03. When all of that's complete, rotate Diana's credentials.",491,"schedule_maintenance -> reset_password, send_notification -> reset_password",send_notification;schedule_maintenance;reset_password,0->2;1->2,fanin,original,train,FALSE,FALSE,send_notification;schedule_maintenance;reset_password
Do me a favor and roll staging-db-02 back to the last stable release while also file a bug about staging-db-02 and pull staging-db-02 back from the last good backup.,433,"rollback_deployment -> create_ticket, rollback_deployment -> restore_backup",rollback_deployment;create_ticket;restore_backup,0->1;0->2,fanout,original,train,FALSE,FALSE,rollback_deployment;create_ticket;restore_backup
"Hey, can you dig up the history on Eve and simultaneously push the refund through for #31450 and shoot Alice an email.",114,"db_read -> process_refund, db_read -> send_notification",db_read;process_refund;send_notification,0->1;0->2,fanout,original,train,FALSE,FALSE,db_read;process_refund;send_notification
"Grace reported an issue — nuke Alice's old login and issue a fresh one. After that, credit Bob's account. Finally, change the owner of staging-db-02 to HR.",279,"process_refund -> transfer_ownership, reset_password -> process_refund",reset_password;process_refund;transfer_ownership,0->1;1->2,chain_medium,original,train,FALSE,FALSE,reset_password;process_refund;transfer_ownership
"Ticket INC-7733 says shelve Marketing's outdated data — then disable Alice's account on cdn-edge-06, and lastly downgrade Bob's account.",327,"archive_data -> revoke_access, revoke_access -> update_subscription",archive_data;revoke_access;update_subscription,0->1;1->2,chain_medium,original,train,FALSE,FALSE,archive_data;revoke_access;update_subscription
"I need you to take ml-infer-05 back to the prior build, and then fire off a notification to Alice. Finally, roll out the containerised app to prod-web-01.",301,"rollback_deployment -> send_notification, send_notification -> deploy_container",rollback_deployment;send_notification;deploy_container,0->1;1->2,chain_medium,original,train,FALSE,FALSE,rollback_deployment;send_notification;deploy_container
"Urgent: make a compliance log about Alice. Next, bounce cdn-edge-06.",258,log_audit_event -> restart_service,log_audit_event;restart_service,0->1,chain_short,original,train,FALSE,FALSE,log_audit_event;restart_service
Just commit Alice's update to the database. Nothing else needed.,52,db_write,db_write,,single_node,original,train,FALSE,FALSE,db_write
"Time to scale auth-svc-04 down to save costs, then push the container image for Legal, and lastly switch on the flag for Marketing.",287,"deploy_container -> enable_feature_flag, scale_service -> deploy_container",scale_service;deploy_container;enable_feature_flag,0->1;1->2,chain_medium,original,train,FALSE,FALSE,scale_service;deploy_container;enable_feature_flag
"Do me a favor and spin up a VM for Engineering. Once that's done, send a heads-up to Marketing.",79,provision_vm -> send_notification,provision_vm;send_notification,0->1,chain_short,original,train,FALSE,FALSE,provision_vm;send_notification
"Hey, can you fetch #60122's info. After that, compile a summary for HR and at the same time ping Diana about it and drop an audit entry for prod-web-01.",140,"db_read -> generate_report, generate_report -> log_audit_event, generate_report -> send_notification",db_read;generate_report;send_notification;log_audit_event,0->1;1->2;1->3,fanout,original,train,FALSE,FALSE,db_read;generate_report;send_notification;log_audit_event
"Hey, can you refund Bob. After that, kill the feature toggle for HR. End with cycle ml-infer-05.",366,"disable_feature_flag -> restart_service, process_refund -> disable_feature_flag",process_refund;disable_feature_flag;restart_service,0->1;1->2,chain_medium,original,train,FALSE,FALSE,process_refund;disable_feature_flag;restart_service
"Ticket INC-7733 says check the DB for Grace, then disable the flag on payment-api-03, then push the refund through for #31450. To wrap up, archive Bob's old records.",379,"db_read -> disable_feature_flag, disable_feature_flag -> process_refund, process_refund -> archive_data",db_read;disable_feature_flag;process_refund;archive_data,0->1;1->2;2->3,chain_medium,original,train,FALSE,FALSE,db_read;disable_feature_flag;process_refund;archive_data
"Bob is asking us to check the DB for Charlie. After that, change the owner of payment-api-03 to Engineering. Last step: notify the Marketing team.",373,"db_read -> transfer_ownership, transfer_ownership -> send_notification",db_read;transfer_ownership;send_notification,0->1;1->2,chain_medium,original,train,FALSE,FALSE,db_read;transfer_ownership;send_notification
"The Legal team needs us to assess auth-svc-04's status, followed by do a security check on ml-infer-05. Once that's done, lock down payment-api-03 — then create an audit trail for #60122. Last step: shoot Bob an email.",150,"check_status -> scan_malware, log_audit_event -> send_notification, quarantine_system -> log_audit_event, scan_malware -> quarantine_system",check_status;scan_malware;quarantine_system;log_audit_event;send_notification,0->1;1->2;2->3;3->4,chain_long,original,train,FALSE,FALSE,check_status;scan_malware;quarantine_system;log_audit_event;send_notification
"Process the payout and modify the subscription status, then email a receipt.",13,"process_refund -> send_notification, update_subscription -> send_notification",process_refund;update_subscription;send_notification,0->2;1->2,fanin,original,train,FALSE,FALSE,process_refund;update_subscription;send_notification
"Time to create an audit trail for #10234. After that, restart the main process on prod-web-01.",258,log_audit_event -> restart_service,log_audit_event;restart_service,0->1,chain_short,original,train,FALSE,FALSE,log_audit_event;restart_service
"We gotta archive Eve's old records, followed by roll ml-infer-05 back to the last stable release. To wrap up, wipe the cache layer for Marketing.",282,"archive_data -> rollback_deployment, rollback_deployment -> invalidate_cache",archive_data;rollback_deployment;invalidate_cache,0->1;1->2,chain_medium,original,train,FALSE,FALSE,archive_data;rollback_deployment;invalidate_cache
"When you get a chance, sign off on Frank's permission request, and then generate the Finance analytics. End with verify prod-web-01's health.",309,"approve_access -> generate_report, generate_report -> check_status",approve_access;generate_report;check_status,0->1;1->2,chain_medium,original,train,FALSE,FALSE,approve_access;generate_report;check_status
"Do me a favor and pull Frank's data. Once that's done, pass cdn-edge-06 to Eve. Finally, ping Alice about it.",373,"db_read -> transfer_ownership, transfer_ownership -> send_notification",db_read;transfer_ownership;send_notification,0->1;1->2,chain_medium,original,train,FALSE,FALSE,db_read;transfer_ownership;send_notification
"For the Legal team, see what's going on with cdn-edge-06 and run a malware sweep on ml-infer-05. After those finish, make a compliance log about Frank.",494,"check_status -> log_audit_event, scan_malware -> log_audit_event",check_status;scan_malware;log_audit_event,0->2;1->2,fanin,original,train,FALSE,FALSE,check_status;scan_malware;log_audit_event
"We gotta read Eve's profile from the database. Next, build a compliance doc for HR. To wrap up, fire off a notification to Eve.",101,"db_read -> generate_report, generate_report -> send_notification",db_read;generate_report;send_notification,0->1;1->2,chain_medium,original,train,FALSE,FALSE,db_read;generate_report;send_notification
"We gotta restore the DB snapshot for Legal and lock down auth-svc-04. Once both are done, give Alice access to HR's resources.",504,"quarantine_system -> approve_access, restore_backup -> approve_access",restore_backup;quarantine_system;approve_access,0->2;1->2,fanin,original,train,FALSE,FALSE,restore_backup;quarantine_system;approve_access
Urgent: set up downtime for payment-api-03 and concurrently make a compliance log about Grace and send a heads-up to Finance.,456,"schedule_maintenance -> log_audit_event, schedule_maintenance -> send_notification",schedule_maintenance;log_audit_event;send_notification,0->1;0->2,fanout,original,train,FALSE,FALSE,schedule_maintenance;log_audit_event;send_notification
"Charlie is asking us to check if cdn-edge-06 is up. After that, log Eve's action for compliance. Last step: downgrade Eve's account.",308,"check_status -> log_audit_event, log_audit_event -> update_subscription",check_status;log_audit_event;update_subscription,0->1;1->2,chain_medium,original,train,FALSE,FALSE,check_status;log_audit_event;update_subscription
"Time to restart the service on staging-db-02, and then arrange a maintenance slot for staging-db-02, then notify the Finance team. To wrap up, sweep auth-svc-04 for IOCs.",413,"restart_service -> schedule_maintenance, schedule_maintenance -> send_notification, send_notification -> scan_malware",restart_service;schedule_maintenance;send_notification;scan_malware,0->1;1->2;2->3,chain_medium,original,train,FALSE,FALSE,restart_service;schedule_maintenance;send_notification;scan_malware
"From Legal: log Bob's action for compliance. Once that's done, give cdn-edge-06 a kick.",258,log_audit_event -> restart_service,log_audit_event;restart_service,0->1,chain_short,original,train,FALSE,FALSE,log_audit_event;restart_service
"I need you to reverse the charge on #60122 and flip the feature toggle on for HR. Once both are done, launch an instance for Legal.",488,"enable_feature_flag -> provision_vm, process_refund -> provision_vm",process_refund;enable_feature_flag;provision_vm,0->2;1->2,fanin,original,train,FALSE,FALSE,process_refund;enable_feature_flag;provision_vm
Simple request — save the changes for Frank to the DB and we're good.,52,db_write,db_write,,single_node,original,train,FALSE,FALSE,db_write
"Do me a favor and drop an audit entry for payment-api-03 and file a bug about prod-web-01, merge everything and wake up the on-call about staging-db-02.",472,"create_ticket -> escalate_to_human, log_audit_event -> escalate_to_human",log_audit_event;create_ticket;escalate_to_human,0->2;1->2,fanin,original,train,FALSE,FALSE,log_audit_event;create_ticket;escalate_to_human
"Ticket INC-4021 says shelve HR's outdated data — then disable Diana's account on ml-infer-05, and lastly downgrade Bob's account.",327,"archive_data -> revoke_access, revoke_access -> update_subscription",archive_data;revoke_access;update_subscription,0->1;1->2,chain_medium,original,train,FALSE,FALSE,archive_data;revoke_access;update_subscription
"From Marketing: check staging-db-02 for vulnerabilities — then shoot Grace an email. After that, shelve Marketing's outdated data. Last step: deploy a server for Engineering.",412,"archive_data -> provision_vm, scan_malware -> send_notification, send_notification -> archive_data",scan_malware;send_notification;archive_data;provision_vm,0->1;1->2;2->3,chain_medium,original,train,FALSE,FALSE,scan_malware;send_notification;archive_data;provision_vm
"For the Finance team, record the event in HR's log. Next, bounce cdn-edge-06.",258,log_audit_event -> restart_service,log_audit_event;restart_service,0->1,chain_short,original,train,FALSE,FALSE,log_audit_event;restart_service
"Put together a report on auth-svc-04. After that, execute the build pipeline for prod-web-01, and lastly save a backup of Marketing's data.",357,"generate_report -> run_pipeline, run_pipeline -> backup_database",generate_report;run_pipeline;backup_database,0->1;1->2,chain_medium,original,train,FALSE,FALSE,generate_report;run_pipeline;backup_database
"Investigate staging-db-02 status, do a malware check, lock it down, bounce the service, escalate to tier 2, email Legal, and record the event.",16,"check_status -> scan_malware, escalate_to_human -> send_notification, quarantine_system -> restart_service, restart_service -> escalate_to_human, scan_malware -> quarantine_system, send_notification -> log_audit_event",check_status;scan_malware;quarantine_system;restart_service;escalate_to_human;send_notification;log_audit_event,0->1;1->2;2->3;3->4;4->5;5->6,chain_long,original,train,FALSE,FALSE,check_status;scan_malware;quarantine_system;restart_service;escalate_to_human;send_notification;log_audit_event
"ASAP — pull auth-svc-04 back from the last good backup and yank staging-db-02 off the network. After those finish, green-light Diana's access to HR.",504,"quarantine_system -> approve_access, restore_backup -> approve_access",restore_backup;quarantine_system;approve_access,0->2;1->2,fanin,original,train,FALSE,FALSE,restore_backup;quarantine_system;approve_access
"For the Finance team, check staging-db-02 for vulnerabilities — then pull prod-web-01 from production and simultaneously notify the Engineering team and log the whole auth-svc-04 incident.",142,"quarantine_system -> log_audit_event, quarantine_system -> send_notification, scan_malware -> quarantine_system",scan_malware;quarantine_system;send_notification;log_audit_event,0->1;1->2;1->3,fanout,original,train,FALSE,FALSE,scan_malware;quarantine_system;send_notification;log_audit_event
"Ticket INC-8842 says scan payment-api-03 for threats and snapshot the database for prod-web-01, merge everything and clear the cache for Legal.",498,"backup_database -> invalidate_cache, scan_malware -> invalidate_cache",scan_malware;backup_database;invalidate_cache,0->2;1->2,fanin,original,train,FALSE,FALSE,scan_malware;backup_database;invalidate_cache
"Time to give cdn-edge-06 a kick, and then ping Bob about it.",71,restart_service -> send_notification,restart_service;send_notification,0->1,chain_short,original,train,FALSE,FALSE,restart_service;send_notification
"Do me a favor and ping prod-web-01 for a health check and sweep staging-db-02 for IOCs, then converge and log the whole staging-db-02 incident.",494,"check_status -> log_audit_event, scan_malware -> log_audit_event",check_status;scan_malware;log_audit_event,0->2;1->2,fanin,original,train,FALSE,FALSE,check_status;scan_malware;log_audit_event
"We gotta give Eve their money back. After that, switch off the flag for Finance. End with restart the service on cdn-edge-06.",366,"disable_feature_flag -> restart_service, process_refund -> disable_feature_flag",process_refund;disable_feature_flag;restart_service,0->1;1->2,chain_medium,original,train,FALSE,FALSE,process_refund;disable_feature_flag;restart_service
"Diagnose auth-svc-04, scan for threats, pull it off the network, restart, escalate to management, notify stakeholders, and log for compliance.",16,"check_status -> scan_malware, escalate_to_human -> send_notification, quarantine_system -> restart_service, restart_service -> escalate_to_human, scan_malware -> quarantine_system, send_notification -> log_audit_event",check_status;scan_malware;quarantine_system;restart_service;escalate_to_human;send_notification;log_audit_event,0->1;1->2;2->3;3->4;4->5;5->6,chain_long,original,train,FALSE,FALSE,check_status;scan_malware;quarantine_system;restart_service;escalate_to_human;send_notification;log_audit_event
"Time to create an audit trail for #42017. After that, restart the main process on prod-web-01.",258,log_audit_event -> restart_service,log_audit_event;restart_service,0->1,chain_short,original,train,FALSE,FALSE,log_audit_event;restart_service
"Per Alice's request, disconnect auth-svc-04 from everything. Next, drop an audit entry for payment-api-03.",63,quarantine_system -> log_audit_event,quarantine_system;log_audit_event,0->1,chain_short,original,train,FALSE,FALSE,quarantine_system;log_audit_event
"Diagnose prod-web-01, scan for threats, pull it off the network, restart, escalate to management, notify stakeholders, and log for compliance.",16,"check_status -> scan_malware, escalate_to_human -> send_notification, quarantine_system -> restart_service, restart_service -> escalate_to_human, scan_malware -> quarantine_system, send_notification -> log_audit_event",check_status;scan_malware;quarantine_system;restart_service;escalate_to_human;send_notification;log_audit_event,0->1;1->2;2->3;3->4;4->5;5->6,chain_long,original,train,FALSE,FALSE,check_status;scan_malware;quarantine_system;restart_service;escalate_to_human;send_notification;log_audit_event
"Charlie reported an issue — cycle the secret for Finance's service. Once that's done, strip Grace's access to Marketing, and lastly green-light Bob's access to Engineering.",321,"revoke_access -> approve_access, rotate_api_key -> revoke_access",rotate_api_key;revoke_access;approve_access,0->1;1->2,chain_medium,original,train,FALSE,FALSE,rotate_api_key;revoke_access;approve_access
"Time to pull Eve's data, and while you're at it, downgrade Eve's account and notify the Marketing team.",110,"db_read -> send_notification, db_read -> update_subscription",db_read;update_subscription;send_notification,0->1;0->2,fanout,original,train,FALSE,FALSE,db_read;update_subscription;send_notification
Quick one — dig up the history on Frank — then generate the Finance analytics. Last step: fire off a notification to Eve.,101,"db_read -> generate_report, generate_report -> send_notification",db_read;generate_report;send_notification,0->1;1->2,chain_medium,original,train,FALSE,FALSE,db_read;generate_report;send_notification
"The Marketing team needs us to recover HR's data from backup and quarantine staging-db-02. When all of that's complete, give Bob access to Legal's resources.",504,"quarantine_system -> approve_access, restore_backup -> approve_access",restore_backup;quarantine_system;approve_access,0->2;1->2,fanin,original,train,FALSE,FALSE,restore_backup;quarantine_system;approve_access
Log Charlie's action for compliance — then cycle ml-infer-05.,258,log_audit_event -> restart_service,log_audit_event;restart_service,0->1,chain_short,original,train,FALSE,FALSE,log_audit_event;restart_service
"From Engineering: email Frank the update. After that, turn on the feature flag for Engineering. To wrap up, switch Bob to the new plan.",359,"enable_feature_flag -> update_subscription, send_notification -> enable_feature_flag",send_notification;enable_feature_flag;update_subscription,0->1;1->2,chain_medium,original,train,FALSE,FALSE,send_notification;enable_feature_flag;update_subscription
"We gotta archive Eve's old records, followed by roll prod-web-01 back to the last stable release. To wrap up, wipe the cache layer for Marketing.",282,"archive_data -> rollback_deployment, rollback_deployment -> invalidate_cache",archive_data;rollback_deployment;invalidate_cache,0->1;1->2,chain_medium,original,train,FALSE,FALSE,archive_data;rollback_deployment;invalidate_cache
"Get the DB entry and check for malware, making sure to log both actions.",12,"db_read -> log_audit_event, scan_malware -> log_audit_event",db_read;scan_malware;log_audit_event,0->2;1->2,fanin,original,train,FALSE,FALSE,db_read;scan_malware;log_audit_event
"Hey, can you queue a maintenance window for Finance while also drop an audit entry for prod-web-01 and shoot Alice an email.",456,"schedule_maintenance -> log_audit_event, schedule_maintenance -> send_notification",schedule_maintenance;log_audit_event;send_notification,0->1;0->2,fanout,original,train,FALSE,FALSE,schedule_maintenance;log_audit_event;send_notification
"Reverse the charge for #53698 and update the billing tier, then notify the customer.",13,"process_refund -> send_notification, update_subscription -> send_notification",process_refund;update_subscription;send_notification,0->2;1->2,fanin,original,train,FALSE,FALSE,process_refund;update_subscription;send_notification
"For the HR team, resize prod-web-01's resources. Once that's done, get the container running on auth-svc-04, and lastly light up the feature for prod-web-01.",287,"deploy_container -> enable_feature_flag, scale_service -> deploy_container",scale_service;deploy_container;enable_feature_flag,0->1;1->2,chain_medium,original,train,FALSE,FALSE,scale_service;deploy_container;enable_feature_flag
"Urgent: pull Diana's data, and then kill the feature toggle for HR, then give Grace their money back. To wrap up, move Finance's stale data to cold storage.",379,"db_read -> disable_feature_flag, disable_feature_flag -> process_refund, process_refund -> archive_data",db_read;disable_feature_flag;process_refund;archive_data,0->1;1->2;2->3,chain_medium,original,train,FALSE,FALSE,db_read;disable_feature_flag;process_refund;archive_data
"Diana reported an issue — approve Alice's access request, followed by compile a summary for Engineering. End with see what's going on with ml-infer-05.",309,"approve_access -> generate_report, generate_report -> check_status",approve_access;generate_report;check_status,0->1;1->2,chain_medium,original,train,FALSE,FALSE,approve_access;generate_report;check_status
"For the Marketing team, make a compliance log about Bob and open a ticket for Frank. Once both are done, wake up the on-call about payment-api-03.",472,"create_ticket -> escalate_to_human, log_audit_event -> escalate_to_human",log_audit_event;create_ticket;escalate_to_human,0->2;1->2,fanin,original,train,FALSE,FALSE,log_audit_event;create_ticket;escalate_to_human
"Push the refund through and downgrade their plan, then send one email confirming both.",13,"process_refund -> send_notification, update_subscription -> send_notification",process_refund;update_subscription;send_notification,0->2;1->2,fanin,original,train,FALSE,FALSE,process_refund;update_subscription;send_notification
"Ticket INC-4021 says notify the HR team, and then activate the feature flag on cdn-edge-06. End with update Bob's subscription.",359,"enable_feature_flag -> update_subscription, send_notification -> enable_feature_flag",send_notification;enable_feature_flag;update_subscription,0->1;1->2,chain_medium,original,train,FALSE,FALSE,send_notification;enable_feature_flag;update_subscription
"Frank is asking us to email Eve the update and plan maintenance on prod-web-01 for Legal. Once both are done, rotate Frank's credentials.",491,"schedule_maintenance -> reset_password, send_notification -> reset_password",send_notification;schedule_maintenance;reset_password,0->2;1->2,fanin,original,train,FALSE,FALSE,send_notification;schedule_maintenance;reset_password
"Time to restart the service on prod-web-01, and then arrange a maintenance slot for cdn-edge-06, then notify the Finance team. To wrap up, sweep ml-infer-05 for IOCs.",413,"restart_service -> schedule_maintenance, schedule_maintenance -> send_notification, send_notification -> scan_malware",restart_service;schedule_maintenance;send_notification;scan_malware,0->1;1->2;2->3,chain_medium,original,train,FALSE,FALSE,restart_service;schedule_maintenance;send_notification;scan_malware
"We gotta downgrade Eve's account. After that, verify payment-api-03's health.",194,update_subscription -> check_status,update_subscription;check_status,0->1,chain_short,original,train,FALSE,FALSE,update_subscription;check_status
"The Engineering team needs us to resize staging-db-02's resources. Once that's done, launch the docker deployment for Finance. Finally, flip the feature toggle on for HR.",287,"deploy_container -> enable_feature_flag, scale_service -> deploy_container",scale_service;deploy_container;enable_feature_flag,0->1;1->2,chain_medium,original,train,FALSE,FALSE,scale_service;deploy_container;enable_feature_flag
"For the Engineering team, send a heads-up to Finance and arrange a maintenance slot for prod-web-01, then converge and rotate Eve's credentials.",491,"schedule_maintenance -> reset_password, send_notification -> reset_password",send_notification;schedule_maintenance;reset_password,0->2;1->2,fanin,original,train,FALSE,FALSE,send_notification;schedule_maintenance;reset_password
"Credit Frank's account. After that, kill the feature toggle for Engineering. Finally, give ml-infer-05 a kick.",366,"disable_feature_flag -> restart_service, process_refund -> disable_feature_flag",process_refund;disable_feature_flag;restart_service,0->1;1->2,chain_medium,original,train,FALSE,FALSE,process_refund;disable_feature_flag;restart_service
"Do me a favor and drop an audit entry for payment-api-03 and file a bug about payment-api-03, merge everything and wake up the on-call about staging-db-02.",472,"create_ticket -> escalate_to_human, log_audit_event -> escalate_to_human",log_audit_event;create_ticket;escalate_to_human,0->2;1->2,fanin,original,train,FALSE,FALSE,log_audit_event;create_ticket;escalate_to_human
"I need you to provision a new instance for Legal, then shoot Charlie an email.",79,provision_vm -> send_notification,provision_vm;send_notification,0->1,chain_short,original,train,FALSE,FALSE,provision_vm;send_notification
Quick task: store the Finance config in the database.,52,db_write,db_write,,single_node,original,train,FALSE,FALSE,db_write
"Urgent: verify staging-db-02's health and look up the records for #20891. When all of that's complete, send a heads-up to Engineering.",125,"check_status -> send_notification, db_read -> send_notification",check_status;db_read;send_notification,0->2;1->2,fanin,original,train,FALSE,FALSE,check_status;db_read;send_notification
"When you get a chance, diagnose staging-db-02, and while you're at it, restart the main process on prod-web-01 and open a ticket for Charlie.",111,"check_status -> create_ticket, check_status -> restart_service",check_status;restart_service;create_ticket,0->1;0->2,fanout,original,train,FALSE,FALSE,check_status;restart_service;create_ticket
"We gotta check if ml-infer-05 is up, and then log the whole cdn-edge-06 incident. Last step: change Diana's plan.",308,"check_status -> log_audit_event, log_audit_event -> update_subscription",check_status;log_audit_event;update_subscription,0->1;1->2,chain_medium,original,train,FALSE,FALSE,check_status;log_audit_event;update_subscription
"Eve reported an issue — check staging-db-02 for vulnerabilities. Next, email Alice the update. Next, cold-store the old records for Frank, and lastly deploy a server for HR.",412,"archive_data -> provision_vm, scan_malware -> send_notification, send_notification -> archive_data",scan_malware;send_notification;archive_data;provision_vm,0->1;1->2;2->3,chain_medium,original,train,FALSE,FALSE,scan_malware;send_notification;archive_data;provision_vm
"We gotta produce the Marketing performance summary, then trigger a build for ml-infer-05. To wrap up, take a snapshot of cdn-edge-06's DB.",357,"generate_report -> run_pipeline, run_pipeline -> backup_database",generate_report;run_pipeline;backup_database,0->1;1->2,chain_medium,original,train,FALSE,FALSE,generate_report;run_pipeline;backup_database
All I need is for someone to save the changes for Eve to the DB.,52,db_write,db_write,,single_node,original,train,FALSE,FALSE,db_write
"ASAP — pull staging-db-02 back from the last good backup and yank prod-web-01 off the network. After those finish, green-light Alice's access to Legal.",504,"quarantine_system -> approve_access, restore_backup -> approve_access",restore_backup;quarantine_system;approve_access,0->2;1->2,fanin,original,train,FALSE,FALSE,restore_backup;quarantine_system;approve_access
"For the Marketing team, move HR's stale data to cold storage, followed by roll back the last deploy on ml-infer-05. Finally, bust the cache on auth-svc-04.",282,"archive_data -> rollback_deployment, rollback_deployment -> invalidate_cache",archive_data;rollback_deployment;invalidate_cache,0->1;1->2,chain_medium,original,train,FALSE,FALSE,archive_data;rollback_deployment;invalidate_cache
"Do me a favor and diagnose ml-infer-05 and check auth-svc-04 for vulnerabilities. When all of that's complete, log Frank's action for compliance.",494,"check_status -> log_audit_event, scan_malware -> log_audit_event",check_status;scan_malware;log_audit_event,0->2;1->2,fanin,original,train,FALSE,FALSE,check_status;scan_malware;log_audit_event
"For the Engineering team, restart the service on payment-api-03, followed by book a maintenance window for auth-svc-04, then fire off a notification to Alice. Finally, scan auth-svc-04 for threats.",413,"restart_service -> schedule_maintenance, schedule_maintenance -> send_notification, send_notification -> scan_malware",restart_service;schedule_maintenance;send_notification;scan_malware,0->1;1->2;2->3,chain_medium,original,train,FALSE,FALSE,restart_service;schedule_maintenance;send_notification;scan_malware
"Do me a favor and reboot staging-db-02, then ping Eve about it.",71,restart_service -> send_notification,restart_service;send_notification,0->1,chain_short,original,train,FALSE,FALSE,restart_service;send_notification
"We gotta restore the DB snapshot for Engineering and lock down auth-svc-04. Once both are done, give Frank access to HR's resources.",504,"quarantine_system -> approve_access, restore_backup -> approve_access",restore_backup;quarantine_system;approve_access,0->2;1->2,fanin,original,train,FALSE,FALSE,restore_backup;quarantine_system;approve_access
"I need you to restart the service on staging-db-02, followed by schedule maintenance for ml-infer-05, then blast an alert to HR, and lastly scan cdn-edge-06 for threats.",413,"restart_service -> schedule_maintenance, schedule_maintenance -> send_notification, send_notification -> scan_malware",restart_service;schedule_maintenance;send_notification;scan_malware,0->1;1->2;2->3,chain_medium,original,train,FALSE,FALSE,restart_service;schedule_maintenance;send_notification;scan_malware
"Ticket INC-1198 says check the DB for Frank. After that, build a compliance doc for Legal. Last step: shoot Frank an email.",101,"db_read -> generate_report, generate_report -> send_notification",db_read;generate_report;send_notification,0->1;1->2,chain_medium,original,train,FALSE,FALSE,db_read;generate_report;send_notification
"Ticket INC-4021 says whip up a report for Marketing. Once that's done, start the CI job for ml-infer-05, and lastly take a snapshot of payment-api-03's DB.",357,"generate_report -> run_pipeline, run_pipeline -> backup_database",generate_report;run_pipeline;backup_database,0->1;1->2,chain_medium,original,train,FALSE,FALSE,generate_report;run_pipeline;backup_database
"Time to undo the latest release on prod-web-01 — in parallel, log a Jira for Alice's issue and recover Finance's data from backup.",433,"rollback_deployment -> create_ticket, rollback_deployment -> restore_backup",rollback_deployment;create_ticket;restore_backup,0->1;0->2,fanout,original,train,FALSE,FALSE,rollback_deployment;create_ticket;restore_backup
"For the Finance team, send a heads-up to Engineering and arrange a maintenance slot for payment-api-03, then converge and rotate Bob's credentials.",491,"schedule_maintenance -> reset_password, send_notification -> reset_password",send_notification;schedule_maintenance;reset_password,0->2;1->2,fanin,original,train,FALSE,FALSE,send_notification;schedule_maintenance;reset_password
"When you get a chance, nuke Grace's old login and issue a fresh one, then fire off a notification to Eve, and lastly dig up the history on Grace.",360,"reset_password -> send_notification, send_notification -> db_read",reset_password;send_notification;db_read,0->1;1->2,chain_medium,original,train,FALSE,FALSE,reset_password;send_notification;db_read
We gotta force a credential change for Charlie and concurrently blast an alert to HR and record the event in Marketing's log.,119,"reset_password -> log_audit_event, reset_password -> send_notification",reset_password;send_notification;log_audit_event,0->1;0->2,fanout,original,train,FALSE,FALSE,reset_password;send_notification;log_audit_event
"Eve is asking us to downgrade Diana's account. Next, disable the flag on payment-api-03.",174,update_subscription -> disable_feature_flag,update_subscription;disable_feature_flag,0->1,chain_short,original,train,FALSE,FALSE,update_subscription;disable_feature_flag
"Alice is asking us to downgrade Diana's account. Next, disable the flag on cdn-edge-06.",174,update_subscription -> disable_feature_flag,update_subscription;disable_feature_flag,0->1,chain_short,original,train,FALSE,FALSE,update_subscription;disable_feature_flag
"Time to look up the records for #60122. Next, kill the feature toggle for HR, then give Grace their money back. Finally, cold-store the old records for Eve.",379,"db_read -> disable_feature_flag, disable_feature_flag -> process_refund, process_refund -> archive_data",db_read;disable_feature_flag;process_refund;archive_data,0->1;1->2;2->3,chain_medium,original,train,FALSE,FALSE,db_read;disable_feature_flag;process_refund;archive_data
"When you get a chance, sign off on Eve's permission request, and then generate the Engineering analytics. End with verify payment-api-03's health.",309,"approve_access -> generate_report, generate_report -> check_status",approve_access;generate_report;check_status,0->1;1->2,chain_medium,original,train,FALSE,FALSE,approve_access;generate_report;check_status
Alice reported an issue — refund Eve — then rotate the API key for ml-infer-05. End with store the Legal config in the database.,332,"process_refund -> rotate_api_key, rotate_api_key -> db_write",process_refund;rotate_api_key;db_write,0->1;1->2,chain_medium,original,train,FALSE,FALSE,process_refund;rotate_api_key;db_write
"When you get a chance, schedule maintenance for staging-db-02, and while you're at it, drop an audit entry for auth-svc-04 and send a heads-up to Legal.",456,"schedule_maintenance -> log_audit_event, schedule_maintenance -> send_notification",schedule_maintenance;log_audit_event;send_notification,0->1;0->2,fanout,original,train,FALSE,FALSE,schedule_maintenance;log_audit_event;send_notification
"Diana is asking us to diagnose payment-api-03, then run a malware sweep on staging-db-02, followed by yank ml-infer-05 off the network. Once that's done, make a compliance log about Grace. Last step: blast an alert to Marketing.",150,"check_status -> scan_malware, log_audit_event -> send_notification, quarantine_system -> log_audit_event, scan_malware -> quarantine_system",check_status;scan_malware;quarantine_system;log_audit_event;send_notification,0->1;1->2;2->3;3->4,chain_long,original,train,FALSE,FALSE,check_status;scan_malware;quarantine_system;log_audit_event;send_notification
"We gotta shoot Eve an email and arrange a maintenance slot for payment-api-03. When all of that's complete, rotate Charlie's credentials.",491,"schedule_maintenance -> reset_password, send_notification -> reset_password",send_notification;schedule_maintenance;reset_password,0->2;1->2,fanin,original,train,FALSE,FALSE,send_notification;schedule_maintenance;reset_password
Time to nuke Charlie's old login and issue a fresh one and concurrently fire off a notification to Grace and create an audit trail for #20891.,119,"reset_password -> log_audit_event, reset_password -> send_notification",reset_password;send_notification;log_audit_event,0->1;0->2,fanout,original,train,FALSE,FALSE,reset_password;send_notification;log_audit_event
ASAP — reverse the charge on #20891 — then swap out auth-svc-04's credentials. End with update Bob's record in the DB.,332,"process_refund -> rotate_api_key, rotate_api_key -> db_write",process_refund;rotate_api_key;db_write,0->1;1->2,chain_medium,original,train,FALSE,FALSE,process_refund;rotate_api_key;db_write
"Pull the access logs and run a malware sweep, then log both findings together.",12,"db_read -> log_audit_event, scan_malware -> log_audit_event",db_read;scan_malware;log_audit_event,0->2;1->2,fanin,original,train,FALSE,FALSE,db_read;scan_malware;log_audit_event
"Ticket INC-1198 says rotate the API key for payment-api-03, then pull Frank's credentials for staging-db-02. End with grant Diana permissions to cdn-edge-06.",321,"revoke_access -> approve_access, rotate_api_key -> revoke_access",rotate_api_key;revoke_access;approve_access,0->1;1->2,chain_medium,original,train,FALSE,FALSE,rotate_api_key;revoke_access;approve_access
"Urgent: whip up a report for Marketing — then start the CI job for prod-web-01. Finally, take a snapshot of ml-infer-05's DB.",357,"generate_report -> run_pipeline, run_pipeline -> backup_database",generate_report;run_pipeline;backup_database,0->1;1->2,chain_medium,original,train,FALSE,FALSE,generate_report;run_pipeline;backup_database
Nuke Frank's old login and issue a fresh one and concurrently fire off a notification to Frank and record the event in Finance's log.,119,"reset_password -> log_audit_event, reset_password -> send_notification",reset_password;send_notification;log_audit_event,0->1;0->2,fanout,original,train,FALSE,FALSE,reset_password;send_notification;log_audit_event
"We gotta reset Bob's password, and then reverse the charge on #31450, and lastly transfer ownership of auth-svc-04 to Frank.",279,"process_refund -> transfer_ownership, reset_password -> process_refund",reset_password;process_refund;transfer_ownership,0->1;1->2,chain_medium,original,train,FALSE,FALSE,reset_password;process_refund;transfer_ownership
From Engineering: look up the records for #10234 and simultaneously downgrade Eve's account and fire off a notification to Diana.,110,"db_read -> send_notification, db_read -> update_subscription",db_read;update_subscription;send_notification,0->1;0->2,fanout,original,train,FALSE,FALSE,db_read;update_subscription;send_notification
"Hey, can you archive the old entries for Diana. Once that's done, strip Frank's access to Marketing, and lastly downgrade Eve's account.",327,"archive_data -> revoke_access, revoke_access -> update_subscription",archive_data;revoke_access;update_subscription,0->1;1->2,chain_medium,original,train,FALSE,FALSE,archive_data;revoke_access;update_subscription
"Quick one — scan payment-api-03 for threats. Next, fire off a notification to Bob, followed by archive the old entries for Diana. Finally, launch an instance for Marketing.",412,"archive_data -> provision_vm, scan_malware -> send_notification, send_notification -> archive_data",scan_malware;send_notification;archive_data;provision_vm,0->1;1->2;2->3,chain_medium,original,train,FALSE,FALSE,scan_malware;send_notification;archive_data;provision_vm
"From HR: grab Bob's account details, then move payment-api-03's ownership to HR. Finally, email Grace the update.",373,"db_read -> transfer_ownership, transfer_ownership -> send_notification",db_read;transfer_ownership;send_notification,0->1;1->2,chain_medium,original,train,FALSE,FALSE,db_read;transfer_ownership;send_notification
Urgent: change Bob's plan — then turn off the feature flag for Marketing.,174,update_subscription -> disable_feature_flag,update_subscription;disable_feature_flag,0->1,chain_short,original,train,FALSE,FALSE,update_subscription;disable_feature_flag
"Hey, can you send a heads-up to Legal, then switch on the flag for Finance. Finally, downgrade Bob's account.",359,"enable_feature_flag -> update_subscription, send_notification -> enable_feature_flag",send_notification;enable_feature_flag;update_subscription,0->1;1->2,chain_medium,original,train,FALSE,FALSE,send_notification;enable_feature_flag;update_subscription
"Per Diana's request, disconnect cdn-edge-06 from everything. Next, drop an audit entry for payment-api-03.",63,quarantine_system -> log_audit_event,quarantine_system;log_audit_event,0->1,chain_short,original,train,FALSE,FALSE,quarantine_system;log_audit_event
"For the HR team, log the whole payment-api-03 incident and create a ticket about the Finance issue, then converge and wake up the on-call about auth-svc-04.",472,"create_ticket -> escalate_to_human, log_audit_event -> escalate_to_human",log_audit_event;create_ticket;escalate_to_human,0->2;1->2,fanin,original,train,FALSE,FALSE,log_audit_event;create_ticket;escalate_to_human
"Quick one — notify the Marketing team and plan maintenance on cdn-edge-06 for Marketing. After those finish, give Charlie a new password.",491,"schedule_maintenance -> reset_password, send_notification -> reset_password",send_notification;schedule_maintenance;reset_password,0->2;1->2,fanin,original,train,FALSE,FALSE,send_notification;schedule_maintenance;reset_password
"Urgent: bring prod-web-01 back from the snapshot, and while you're at it, give Frank their money back and create a ticket about the Marketing issue.",445,"restore_backup -> create_ticket, restore_backup -> process_refund",restore_backup;process_refund;create_ticket,0->1;0->2,fanout,original,train,FALSE,FALSE,restore_backup;process_refund;create_ticket
"Urgent: give Alice a new password — in parallel, email Grace the update and create an audit trail for #60122.",119,"reset_password -> log_audit_event, reset_password -> send_notification",reset_password;send_notification;log_audit_event,0->1;0->2,fanout,original,train,FALSE,FALSE,reset_password;send_notification;log_audit_event
"Quick one — launch an instance for Marketing, and then shoot Alice an email.",79,provision_vm -> send_notification,provision_vm;send_notification,0->1,chain_short,original,train,FALSE,FALSE,provision_vm;send_notification
"Push the refund through and downgrade their plan, then send one email confirming both.",13,"process_refund -> send_notification, update_subscription -> send_notification",process_refund;update_subscription;send_notification,0->2;1->2,fanin,original,train,FALSE,FALSE,process_refund;update_subscription;send_notification
"Hey, can you roll back the last deploy on auth-svc-04 and at the same time file a bug about ml-infer-05 and pull cdn-edge-06 back from the last good backup.",433,"rollback_deployment -> create_ticket, rollback_deployment -> restore_backup",rollback_deployment;create_ticket;restore_backup,0->1;0->2,fanout,original,train,FALSE,FALSE,rollback_deployment;create_ticket;restore_backup
"Hey, can you verify staging-db-02's health — then log Frank's action for compliance, and lastly update Frank's subscription.",308,"check_status -> log_audit_event, log_audit_event -> update_subscription",check_status;log_audit_event;update_subscription,0->1;1->2,chain_medium,original,train,FALSE,FALSE,check_status;log_audit_event;update_subscription
"From Legal: check auth-svc-04 for vulnerabilities — then shoot Alice an email. After that, shelve Legal's outdated data. Last step: deploy a server for Legal.",412,"archive_data -> provision_vm, scan_malware -> send_notification, send_notification -> archive_data",scan_malware;send_notification;archive_data;provision_vm,0->1;1->2;2->3,chain_medium,original,train,FALSE,FALSE,scan_malware;send_notification;archive_data;provision_vm
"The Marketing team needs us to cut off Diana's permissions. After that, write the new data for #20891 back — then downgrade Charlie's account. End with arrange a maintenance slot for prod-web-01.",424,"db_write -> update_subscription, revoke_access -> db_write, update_subscription -> schedule_maintenance",revoke_access;db_write;update_subscription;schedule_maintenance,0->1;1->2;2->3,chain_medium,original,train,FALSE,FALSE,revoke_access;db_write;update_subscription;schedule_maintenance
"Pull the access logs and run a malware sweep, then log both findings together.",12,"db_read -> log_audit_event, scan_malware -> log_audit_event",db_read;scan_malware;log_audit_event,0->2;1->2,fanin,original,train,FALSE,FALSE,db_read;scan_malware;log_audit_event
"For the Engineering team, scan ml-infer-05 for threats — then isolate prod-web-01, and while you're at it, notify the Marketing team and record the event in Engineering's log.",142,"quarantine_system -> log_audit_event, quarantine_system -> send_notification, scan_malware -> quarantine_system",scan_malware;quarantine_system;send_notification;log_audit_event,0->1;1->2;1->3,fanout,original,train,FALSE,FALSE,scan_malware;quarantine_system;send_notification;log_audit_event
"We gotta read Bob's profile from the database. Next, build a compliance doc for Marketing. To wrap up, fire off a notification to Diana.",101,"db_read -> generate_report, generate_report -> send_notification",db_read;generate_report;send_notification,0->1;1->2,chain_medium,original,train,FALSE,FALSE,db_read;generate_report;send_notification
"We gotta ping prod-web-01 for a health check, followed by run a malware sweep on staging-db-02, then disconnect staging-db-02 from everything, and then record the event in Marketing's log. Last step: email Eve the update.",150,"check_status -> scan_malware, log_audit_event -> send_notification, quarantine_system -> log_audit_event, scan_malware -> quarantine_system",check_status;scan_malware;quarantine_system;log_audit_event;send_notification,0->1;1->2;2->3;3->4,chain_long,original,train,FALSE,FALSE,check_status;scan_malware;quarantine_system;log_audit_event;send_notification
"ASAP — roll staging-db-02 back to the last stable release. After that, blast an alert to Engineering. Last step: deploy the container for HR.",301,"rollback_deployment -> send_notification, send_notification -> deploy_container",rollback_deployment;send_notification;deploy_container,0->1;1->2,chain_medium,original,train,FALSE,FALSE,rollback_deployment;send_notification;deploy_container
"Hey, can you fetch #31450's info. After that, compile a summary for Finance and at the same time ping Frank about it and drop an audit entry for payment-api-03.",140,"db_read -> generate_report, generate_report -> log_audit_event, generate_report -> send_notification",db_read;generate_report;send_notification;log_audit_event,0->1;1->2;1->3,fanout,original,train,FALSE,FALSE,db_read;generate_report;send_notification;log_audit_event
"Frank is asking us to create an audit trail for #10234 and create a ticket about the Marketing issue, then converge and loop in a Finance manager.",472,"create_ticket -> escalate_to_human, log_audit_event -> escalate_to_human",log_audit_event;create_ticket;escalate_to_human,0->2;1->2,fanin,original,train,FALSE,FALSE,log_audit_event;create_ticket;escalate_to_human
"Hey, can you query the database about #31450 and diagnose prod-web-01, merge everything and build a compliance doc for HR. To wrap up, send a heads-up to Marketing.",135,"check_status -> generate_report, db_read -> generate_report, generate_report -> send_notification",db_read;check_status;generate_report;send_notification,0->2;1->2;2->3,fanin,original,train,FALSE,FALSE,db_read;check_status;generate_report;send_notification
"Full IR flow: verify cdn-edge-06 is down, run a scan, isolate, restart, get a human involved, alert the team, and audit it.",16,"check_status -> scan_malware, escalate_to_human -> send_notification, quarantine_system -> restart_service, restart_service -> escalate_to_human, scan_malware -> quarantine_system, send_notification -> log_audit_event",check_status;scan_malware;quarantine_system;restart_service;escalate_to_human;send_notification;log_audit_event,0->1;1->2;2->3;3->4;4->5;5->6,chain_long,original,train,FALSE,FALSE,check_status;scan_malware;quarantine_system;restart_service;escalate_to_human;send_notification;log_audit_event
"We gotta bring auth-svc-04 back from the snapshot and lock down ml-infer-05, merge everything and give Bob access to HR's resources.",504,"quarantine_system -> approve_access, restore_backup -> approve_access",restore_backup;quarantine_system;approve_access,0->2;1->2,fanin,original,train,FALSE,FALSE,restore_backup;quarantine_system;approve_access
"Reverse the charge for #42017 and update the billing tier, then notify the customer.",13,"process_refund -> send_notification, update_subscription -> send_notification",process_refund;update_subscription;send_notification,0->2;1->2,fanin,original,train,FALSE,FALSE,process_refund;update_subscription;send_notification
We gotta yank ml-infer-05 off the network — then record the event in Marketing's log.,63,quarantine_system -> log_audit_event,quarantine_system;log_audit_event,0->1,chain_short,original,train,FALSE,FALSE,quarantine_system;log_audit_event
ASAP — bounce payment-api-03 — then blast an alert to Legal.,71,restart_service -> send_notification,restart_service;send_notification,0->1,chain_short,original,train,FALSE,FALSE,restart_service;send_notification
"Per Eve's request, update Alice's subscription. Next, shut down the feature on payment-api-03.",174,update_subscription -> disable_feature_flag,update_subscription;disable_feature_flag,0->1,chain_short,original,train,FALSE,FALSE,update_subscription;disable_feature_flag
"Hey, can you process the payout for Alice. After that, turn off the feature flag for Finance. Last step: restart the main process on auth-svc-04.",366,"disable_feature_flag -> restart_service, process_refund -> disable_feature_flag",process_refund;disable_feature_flag;restart_service,0->1;1->2,chain_medium,original,train,FALSE,FALSE,process_refund;disable_feature_flag;restart_service
"See what's going on with ml-infer-05 and look up the records for #53698, then converge and shoot Frank an email.",125,"check_status -> send_notification, db_read -> send_notification",check_status;db_read;send_notification,0->2;1->2,fanin,original,train,FALSE,FALSE,check_status;db_read;send_notification
"Hey, can you fetch #60122's info. After that, compile a summary for Finance and at the same time ping Bob about it and drop an audit entry for prod-web-01.",140,"db_read -> generate_report, generate_report -> log_audit_event, generate_report -> send_notification",db_read;generate_report;send_notification;log_audit_event,0->1;1->2;1->3,fanout,original,train,FALSE,FALSE,db_read;generate_report;send_notification;log_audit_event
"ASAP — refresh the API token for Engineering. After that, do a security check on staging-db-02. To wrap up, roll out the containerised app to ml-infer-05.",302,"rotate_api_key -> scan_malware, scan_malware -> deploy_container",rotate_api_key;scan_malware;deploy_container,0->1;1->2,chain_medium,original,train,FALSE,FALSE,rotate_api_key;scan_malware;deploy_container
"The Engineering team needs us to scan ml-infer-05 for threats and snapshot the database for payment-api-03, then converge and invalidate auth-svc-04's cache.",498,"backup_database -> invalidate_cache, scan_malware -> invalidate_cache",scan_malware;backup_database;invalidate_cache,0->2;1->2,fanin,original,train,FALSE,FALSE,scan_malware;backup_database;invalidate_cache
"From HR: roll staging-db-02 back to the last stable release. Once that's done, ping Grace about it. To wrap up, get the container running on auth-svc-04.",301,"rollback_deployment -> send_notification, send_notification -> deploy_container",rollback_deployment;send_notification;deploy_container,0->1;1->2,chain_medium,original,train,FALSE,FALSE,rollback_deployment;send_notification;deploy_container
"Grace is asking us to read Diana's profile from the database and verify payment-api-03's health. Once both are done, compile a summary for Legal, and lastly notify the Legal team.",135,"check_status -> generate_report, db_read -> generate_report, generate_report -> send_notification",db_read;check_status;generate_report;send_notification,0->2;1->2;2->3,fanin,original,train,FALSE,FALSE,db_read;check_status;generate_report;send_notification
Frank reported an issue — refund Charlie — then rotate the API key for cdn-edge-06. End with store the Finance config in the database.,332,"process_refund -> rotate_api_key, rotate_api_key -> db_write",process_refund;rotate_api_key;db_write,0->1;1->2,chain_medium,original,train,FALSE,FALSE,process_refund;rotate_api_key;db_write
"When you get a chance, modify Frank's subscription. Next, diagnose auth-svc-04.",194,update_subscription -> check_status,update_subscription;check_status,0->1,chain_short,original,train,FALSE,FALSE,update_subscription;check_status
"Ticket INC-8842 says ping auth-svc-04 for a health check and investigate auth-svc-04 for infections. Once both are done, make a compliance log about Grace.",494,"check_status -> log_audit_event, scan_malware -> log_audit_event",check_status;scan_malware;log_audit_event,0->2;1->2,fanin,original,train,FALSE,FALSE,check_status;scan_malware;log_audit_event
Do me a favor and roll staging-db-02 back to the last stable release while also file a bug about cdn-edge-06 and pull ml-infer-05 back from the last good backup.,433,"rollback_deployment -> create_ticket, rollback_deployment -> restore_backup",rollback_deployment;create_ticket;restore_backup,0->1;0->2,fanout,original,train,FALSE,FALSE,rollback_deployment;create_ticket;restore_backup
"Per Eve's request, bring auth-svc-04 back from the snapshot while also credit Frank's account and open a ticket for Eve.",445,"restore_backup -> create_ticket, restore_backup -> process_refund",restore_backup;process_refund;create_ticket,0->1;0->2,fanout,original,train,FALSE,FALSE,restore_backup;process_refund;create_ticket
"From Legal: log Grace's action for compliance. Once that's done, give ml-infer-05 a kick.",258,log_audit_event -> restart_service,log_audit_event;restart_service,0->1,chain_short,original,train,FALSE,FALSE,log_audit_event;restart_service
"Frank reported an issue — cycle the secret for Legal's service. Once that's done, strip Alice's access to Marketing, and lastly green-light Frank's access to HR.",321,"revoke_access -> approve_access, rotate_api_key -> revoke_access",rotate_api_key;revoke_access;approve_access,0->1;1->2,chain_medium,original,train,FALSE,FALSE,rotate_api_key;revoke_access;approve_access
"Alice is asking us to downgrade Frank's account. Next, disable the flag on auth-svc-04.",174,update_subscription -> disable_feature_flag,update_subscription;disable_feature_flag,0->1,chain_short,original,train,FALSE,FALSE,update_subscription;disable_feature_flag
"For the Finance team, dig up the history on Charlie, then generate the Engineering analytics and at the same time blast an alert to Finance and create an audit trail for #10234.",140,"db_read -> generate_report, generate_report -> log_audit_event, generate_report -> send_notification",db_read;generate_report;send_notification;log_audit_event,0->1;1->2;1->3,fanout,original,train,FALSE,FALSE,db_read;generate_report;send_notification;log_audit_event
"Diagnose prod-web-01, scan for threats, pull it off the network, restart, escalate to management, notify stakeholders, and log for compliance.",16,"check_status -> scan_malware, escalate_to_human -> send_notification, quarantine_system -> restart_service, restart_service -> escalate_to_human, scan_malware -> quarantine_system, send_notification -> log_audit_event",check_status;scan_malware;quarantine_system;restart_service;escalate_to_human;send_notification;log_audit_event,0->1;1->2;2->3;3->4;4->5;5->6,chain_long,original,train,FALSE,FALSE,check_status;scan_malware;quarantine_system;restart_service;escalate_to_human;send_notification;log_audit_event
"Urgent: make a compliance log about Eve. Next, bounce prod-web-01.",258,log_audit_event -> restart_service,log_audit_event;restart_service,0->1,chain_short,original,train,FALSE,FALSE,log_audit_event;restart_service
"Do me a favor and ping auth-svc-04 for a health check and sweep cdn-edge-06 for IOCs, then converge and log the whole prod-web-01 incident.",494,"check_status -> log_audit_event, scan_malware -> log_audit_event",check_status;scan_malware;log_audit_event,0->2;1->2,fanin,original,train,FALSE,FALSE,check_status;scan_malware;log_audit_event
"For the HR team, log the whole cdn-edge-06 incident and create a ticket about the Legal issue, then converge and wake up the on-call about prod-web-01.",472,"create_ticket -> escalate_to_human, log_audit_event -> escalate_to_human",log_audit_event;create_ticket;escalate_to_human,0->2;1->2,fanin,original,train,FALSE,FALSE,log_audit_event;create_ticket;escalate_to_human
Quick task: store the Engineering config in the database.,52,db_write,db_write,,single_node,original,train,FALSE,FALSE,db_write
"When you get a chance, nuke Charlie's old login and issue a fresh one, then fire off a notification to Frank, and lastly dig up the history on Frank.",360,"reset_password -> send_notification, send_notification -> db_read",reset_password;send_notification;db_read,0->1;1->2,chain_medium,original,train,FALSE,FALSE,reset_password;send_notification;db_read
"Per Eve's request, bring cdn-edge-06 back from the snapshot and lock down prod-web-01, then converge and grant Diana permissions to staging-db-02.",504,"quarantine_system -> approve_access, restore_backup -> approve_access",restore_backup;quarantine_system;approve_access,0->2;1->2,fanin,original,train,FALSE,FALSE,restore_backup;quarantine_system;approve_access
"ASAP — give Grace access to Finance's resources — then build a compliance doc for Marketing. To wrap up, ping ml-infer-05 for a health check.",309,"approve_access -> generate_report, generate_report -> check_status",approve_access;generate_report;check_status,0->1;1->2,chain_medium,original,train,FALSE,FALSE,approve_access;generate_report;check_status
"Diana reported an issue — rotate the API key for staging-db-02. Next, do a security check on auth-svc-04. Finally, push the container image for Marketing.",302,"rotate_api_key -> scan_malware, scan_malware -> deploy_container",rotate_api_key;scan_malware;deploy_container,0->1;1->2,chain_medium,original,train,FALSE,FALSE,rotate_api_key;scan_malware;deploy_container
Grace reported an issue — grab Eve's account details — then hand payment-api-03 over to Marketing. Last step: shoot Frank an email.,373,"db_read -> transfer_ownership, transfer_ownership -> send_notification",db_read;transfer_ownership;send_notification,0->1;1->2,chain_medium,original,train,FALSE,FALSE,db_read;transfer_ownership;send_notification
"Do me a favor and quarantine ml-infer-05, followed by log Alice's action for compliance.",63,quarantine_system -> log_audit_event,quarantine_system;log_audit_event,0->1,chain_short,original,train,FALSE,FALSE,quarantine_system;log_audit_event
"Quick one — query the database about #31450. Once that's done, shut down the feature on ml-infer-05, then reverse the charge on #53698. Finally, archive the old entries for Eve.",379,"db_read -> disable_feature_flag, disable_feature_flag -> process_refund, process_refund -> archive_data",db_read;disable_feature_flag;process_refund;archive_data,0->1;1->2;2->3,chain_medium,original,train,FALSE,FALSE,db_read;disable_feature_flag;process_refund;archive_data
"Push the refund through and downgrade their plan, then send one email confirming both.",13,"process_refund -> send_notification, update_subscription -> send_notification",process_refund;update_subscription;send_notification,0->2;1->2,fanin,original,train,FALSE,FALSE,process_refund;update_subscription;send_notification
"Cycle staging-db-02, then send a heads-up to HR.",71,restart_service -> send_notification,restart_service;send_notification,0->1,chain_short,original,train,FALSE,FALSE,restart_service;send_notification
"Urgent: refund Grace and flip the feature toggle on for HR, then converge and spin up a VM for HR.",488,"enable_feature_flag -> provision_vm, process_refund -> provision_vm",process_refund;enable_feature_flag;provision_vm,0->2;1->2,fanin,original,train,FALSE,FALSE,process_refund;enable_feature_flag;provision_vm
"ASAP — refresh the API token for Engineering. After that, do a security check on auth-svc-04. To wrap up, roll out the containerised app to ml-infer-05.",302,"rotate_api_key -> scan_malware, scan_malware -> deploy_container",rotate_api_key;scan_malware;deploy_container,0->1;1->2,chain_medium,original,train,FALSE,FALSE,rotate_api_key;scan_malware;deploy_container
The HR team needs us to pull Diana's data — then whip up a report for Legal and concurrently blast an alert to Finance and log the whole payment-api-03 incident.,140,"db_read -> generate_report, generate_report -> log_audit_event, generate_report -> send_notification",db_read;generate_report;send_notification;log_audit_event,0->1;1->2;1->3,fanout,original,train,FALSE,FALSE,db_read;generate_report;send_notification;log_audit_event
"Get the DB entry and check for malware, making sure to log both actions.",12,"db_read -> log_audit_event, scan_malware -> log_audit_event",db_read;scan_malware;log_audit_event,0->2;1->2,fanin,original,train,FALSE,FALSE,db_read;scan_malware;log_audit_event
"The Marketing team needs us to fetch #10234's info and ping ml-infer-05 for a health check. Once both are done, whip up a report for HR. End with blast an alert to HR.",135,"check_status -> generate_report, db_read -> generate_report, generate_report -> send_notification",db_read;check_status;generate_report;send_notification,0->2;1->2;2->3,fanin,original,train,FALSE,FALSE,db_read;check_status;generate_report;send_notification
"Grace is asking us to grab Bob's account details, then produce the Legal performance summary. Finally, ping Eve about it.",101,"db_read -> generate_report, generate_report -> send_notification",db_read;generate_report;send_notification,0->1;1->2,chain_medium,original,train,FALSE,FALSE,db_read;generate_report;send_notification
"Do me a favor and cycle the secret for HR's service. After that, do a security check on cdn-edge-06. To wrap up, push the container image for Finance.",302,"rotate_api_key -> scan_malware, scan_malware -> deploy_container",rotate_api_key;scan_malware;deploy_container,0->1;1->2,chain_medium,original,train,FALSE,FALSE,rotate_api_key;scan_malware;deploy_container
"Time to rotate Eve's credentials. Next, credit Alice's account. Last step: pass auth-svc-04 to Eve.",279,"process_refund -> transfer_ownership, reset_password -> process_refund",reset_password;process_refund;transfer_ownership,0->1;1->2,chain_medium,original,train,FALSE,FALSE,reset_password;process_refund;transfer_ownership
We gotta see what's going on with ml-infer-05 while also restart the main process on prod-web-01 and open a ticket for Charlie.,111,"check_status -> create_ticket, check_status -> restart_service",check_status;restart_service;create_ticket,0->1;0->2,fanout,original,train,FALSE,FALSE,check_status;restart_service;create_ticket
"Alice is asking us to pull Eve's data and assess auth-svc-04's status. After those finish, compile a summary for Marketing. Last step: shoot Bob an email.",135,"check_status -> generate_report, db_read -> generate_report, generate_report -> send_notification",db_read;check_status;generate_report;send_notification,0->2;1->2;2->3,fanin,original,train,FALSE,FALSE,db_read;check_status;generate_report;send_notification
"Check the DB records and scan auth-svc-04 for threats, then dump it all in the audit log.",12,"db_read -> log_audit_event, scan_malware -> log_audit_event",db_read;scan_malware;log_audit_event,0->2;1->2,fanin,original,train,FALSE,FALSE,db_read;scan_malware;log_audit_event
"Pull the access logs and run a malware sweep, then log both findings together.",12,"db_read -> log_audit_event, scan_malware -> log_audit_event",db_read;scan_malware;log_audit_event,0->2;1->2,fanin,original,train,FALSE,FALSE,db_read;scan_malware;log_audit_event
"When you get a chance, move Marketing's stale data to cold storage, then roll staging-db-02 back to the last stable release. To wrap up, invalidate prod-web-01's cache.",282,"archive_data -> rollback_deployment, rollback_deployment -> invalidate_cache",archive_data;rollback_deployment;invalidate_cache,0->1;1->2,chain_medium,original,train,FALSE,FALSE,archive_data;rollback_deployment;invalidate_cache
"Per Grace's request, verify cdn-edge-06's health and scan prod-web-01 for threats. Once both are done, create an audit trail for #10234.",494,"check_status -> log_audit_event, scan_malware -> log_audit_event",check_status;scan_malware;log_audit_event,0->2;1->2,fanin,original,train,FALSE,FALSE,check_status;scan_malware;log_audit_event
"I need you to provision a new instance for Finance, then shoot Frank an email.",79,provision_vm -> send_notification,provision_vm;send_notification,0->1,chain_short,original,train,FALSE,FALSE,provision_vm;send_notification
"Hey, can you verify auth-svc-04's health, and while you're at it, bounce ml-infer-05 and open a ticket for Grace.",111,"check_status -> create_ticket, check_status -> restart_service",check_status;restart_service;create_ticket,0->1;0->2,fanout,original,train,FALSE,FALSE,check_status;restart_service;create_ticket
"Urgent: give Eve a new password — in parallel, email Alice the update and create an audit trail for #60122.",119,"reset_password -> log_audit_event, reset_password -> send_notification",reset_password;send_notification;log_audit_event,0->1;0->2,fanout,original,train,FALSE,FALSE,reset_password;send_notification;log_audit_event
"Refund the money and change Frank's subscription, sending a single alert afterwards.",13,"process_refund -> send_notification, update_subscription -> send_notification",process_refund;update_subscription;send_notification,0->2;1->2,fanin,original,train,FALSE,FALSE,process_refund;update_subscription;send_notification
"Retrieve the historical data and do a live scan, then record everything for compliance.",12,"db_read -> log_audit_event, scan_malware -> log_audit_event",db_read;scan_malware;log_audit_event,0->2;1->2,fanin,original,train,FALSE,FALSE,db_read;scan_malware;log_audit_event
Simple request — write the new data for #31450 back and we're good.,52,db_write,db_write,,single_node,original,train,FALSE,FALSE,db_write
"I need you to restart the main process on payment-api-03. Once that's done, ping Diana about it.",71,restart_service -> send_notification,restart_service;send_notification,0->1,chain_short,original,train,FALSE,FALSE,restart_service;send_notification
Alice reported an issue — refund Frank — then rotate the API key for staging-db-02. End with store the Legal config in the database.,332,"process_refund -> rotate_api_key, rotate_api_key -> db_write",process_refund;rotate_api_key;db_write,0->1;1->2,chain_medium,original,train,FALSE,FALSE,process_refund;rotate_api_key;db_write
"The Marketing team needs us to remove Grace from Finance's access list. Once that's done, push the changes for Charlie to the DB. Once that's done, downgrade Grace's account. Last step: queue a maintenance window for Marketing.",424,"db_write -> update_subscription, revoke_access -> db_write, update_subscription -> schedule_maintenance",revoke_access;db_write;update_subscription;schedule_maintenance,0->1;1->2;2->3,chain_medium,original,train,FALSE,FALSE,revoke_access;db_write;update_subscription;schedule_maintenance
Log Grace's action for compliance — then cycle cdn-edge-06.,258,log_audit_event -> restart_service,log_audit_event;restart_service,0->1,chain_short,original,train,FALSE,FALSE,log_audit_event;restart_service
"We gotta check cdn-edge-06 for vulnerabilities, and while you're at it, lock down cdn-edge-06 and open a ticket for Charlie.",112,"scan_malware -> create_ticket, scan_malware -> quarantine_system",scan_malware;quarantine_system;create_ticket,0->1;0->2,fanout,original,train,FALSE,FALSE,scan_malware;quarantine_system;create_ticket
"From Marketing: pull auth-svc-04 from production, and then log Grace's action for compliance.",63,quarantine_system -> log_audit_event,quarantine_system;log_audit_event,0->1,chain_short,original,train,FALSE,FALSE,quarantine_system;log_audit_event
"Hey, can you query the database about #42017 and diagnose ml-infer-05, merge everything and build a compliance doc for Legal. To wrap up, send a heads-up to Finance.",135,"check_status -> generate_report, db_read -> generate_report, generate_report -> send_notification",db_read;check_status;generate_report;send_notification,0->2;1->2;2->3,fanin,original,train,FALSE,FALSE,db_read;check_status;generate_report;send_notification
"Check health of cdn-edge-06, run security sweep, quarantine, reboot, escalate the incident, send a blast to Engineering, and make an audit entry.",16,"check_status -> scan_malware, escalate_to_human -> send_notification, quarantine_system -> restart_service, restart_service -> escalate_to_human, scan_malware -> quarantine_system, send_notification -> log_audit_event",check_status;scan_malware;quarantine_system;restart_service;escalate_to_human;send_notification;log_audit_event,0->1;1->2;2->3;3->4;4->5;5->6,chain_long,original,train,FALSE,FALSE,check_status;scan_malware;quarantine_system;restart_service;escalate_to_human;send_notification;log_audit_event
"Urgent: force a credential change for Grace. Once that's done, shoot Grace an email. End with look up the records for #31450.",360,"reset_password -> send_notification, send_notification -> db_read",reset_password;send_notification;db_read,0->1;1->2,chain_medium,original,train,FALSE,FALSE,reset_password;send_notification;db_read
"Do me a favor and cycle the secret for Marketing's service. After that, do a security check on payment-api-03. To wrap up, push the container image for Legal.",302,"rotate_api_key -> scan_malware, scan_malware -> deploy_container",rotate_api_key;scan_malware;deploy_container,0->1;1->2,chain_medium,original,train,FALSE,FALSE,rotate_api_key;scan_malware;deploy_container
"Cycle prod-web-01, then send a heads-up to Finance.",71,restart_service -> send_notification,restart_service;send_notification,0->1,chain_short,original,train,FALSE,FALSE,restart_service;send_notification
Time to back out the deployment on cdn-edge-06 and at the same time file an incident report about staging-db-02 and recover Finance's data from backup.,433,"rollback_deployment -> create_ticket, rollback_deployment -> restore_backup",rollback_deployment;create_ticket;restore_backup,0->1;0->2,fanout,original,train,FALSE,FALSE,rollback_deployment;create_ticket;restore_backup
"Charlie is asking us to force a credential change for Alice. Once that's done, email Alice the update, and lastly read Alice's profile from the database.",360,"reset_password -> send_notification, send_notification -> db_read",reset_password;send_notification;db_read,0->1;1->2,chain_medium,original,train,FALSE,FALSE,reset_password;send_notification;db_read
"ASAP — change Alice's plan. Next, check if cdn-edge-06 is up.",194,update_subscription -> check_status,update_subscription;check_status,0->1,chain_short,original,train,FALSE,FALSE,update_subscription;check_status
"Full IR flow: verify staging-db-02 is down, run a scan, isolate, restart, get a human involved, alert the team, and audit it.",16,"check_status -> scan_malware, escalate_to_human -> send_notification, quarantine_system -> restart_service, restart_service -> escalate_to_human, scan_malware -> quarantine_system, send_notification -> log_audit_event",check_status;scan_malware;quarantine_system;restart_service;escalate_to_human;send_notification;log_audit_event,0->1;1->2;2->3;3->4;4->5;5->6,chain_long,original,train,FALSE,FALSE,check_status;scan_malware;quarantine_system;restart_service;escalate_to_human;send_notification;log_audit_event
"From Finance: grant Frank permissions to auth-svc-04. Next, produce the HR performance summary. Finally, verify cdn-edge-06's health.",309,"approve_access -> generate_report, generate_report -> check_status",approve_access;generate_report;check_status,0->1;1->2,chain_medium,original,train,FALSE,FALSE,approve_access;generate_report;check_status
"From Engineering: grab Charlie's account details, then move ml-infer-05's ownership to Finance. Finally, email Diana the update.",373,"db_read -> transfer_ownership, transfer_ownership -> send_notification",db_read;transfer_ownership;send_notification,0->1;1->2,chain_medium,original,train,FALSE,FALSE,db_read;transfer_ownership;send_notification
"Ticket INC-7733 says scan prod-web-01 for threats and snapshot the database for auth-svc-04, merge everything and clear the cache for Engineering.",498,"backup_database -> invalidate_cache, scan_malware -> invalidate_cache",scan_malware;backup_database;invalidate_cache,0->2;1->2,fanin,original,train,FALSE,FALSE,scan_malware;backup_database;invalidate_cache
"Time to undo the latest release on payment-api-03 — in parallel, log a Jira for Eve's issue and recover Engineering's data from backup.",433,"rollback_deployment -> create_ticket, rollback_deployment -> restore_backup",rollback_deployment;create_ticket;restore_backup,0->1;0->2,fanout,original,train,FALSE,FALSE,rollback_deployment;create_ticket;restore_backup
"ASAP — do a security check on cdn-edge-06, then isolate staging-db-02 — in parallel, ping Eve about it and record the event in HR's log.",142,"quarantine_system -> log_audit_event, quarantine_system -> send_notification, scan_malware -> quarantine_system",scan_malware;quarantine_system;send_notification;log_audit_event,0->1;1->2;1->3,fanout,original,train,FALSE,FALSE,scan_malware;quarantine_system;send_notification;log_audit_event
"We gotta assess auth-svc-04's status — in parallel, reboot prod-web-01 and create a ticket about the Engineering issue.",111,"check_status -> create_ticket, check_status -> restart_service",check_status;restart_service;create_ticket,0->1;0->2,fanout,original,train,FALSE,FALSE,check_status;restart_service;create_ticket
"Do me a favor and force a credential change for Eve, and then push the refund through for #20891. Finally, change the owner of prod-web-01 to Legal.",279,"process_refund -> transfer_ownership, reset_password -> process_refund",reset_password;process_refund;transfer_ownership,0->1;1->2,chain_medium,original,train,FALSE,FALSE,reset_password;process_refund;transfer_ownership
We gotta force a credential change for Frank and concurrently blast an alert to Marketing and record the event in Legal's log.,119,"reset_password -> log_audit_event, reset_password -> send_notification",reset_password;send_notification;log_audit_event,0->1;0->2,fanout,original,train,FALSE,FALSE,reset_password;send_notification;log_audit_event
"From Marketing: look up the records for #42017 — in parallel, give Charlie their money back and notify the Finance team.",114,"db_read -> process_refund, db_read -> send_notification",db_read;process_refund;send_notification,0->1;0->2,fanout,original,train,FALSE,FALSE,db_read;process_refund;send_notification
"Quick one — query the database about #31450. Once that's done, shut down the feature on staging-db-02, then reverse the charge on #53698. Finally, archive the old entries for Diana.",379,"db_read -> disable_feature_flag, disable_feature_flag -> process_refund, process_refund -> archive_data",db_read;disable_feature_flag;process_refund;archive_data,0->1;1->2;2->3,chain_medium,original,train,FALSE,FALSE,db_read;disable_feature_flag;process_refund;archive_data
"Do me a favor and force a credential change for Frank, and then push the refund through for #20891. Finally, change the owner of auth-svc-04 to Legal.",279,"process_refund -> transfer_ownership, reset_password -> process_refund",reset_password;process_refund;transfer_ownership,0->1;1->2,chain_medium,original,train,FALSE,FALSE,reset_password;process_refund;transfer_ownership
"When you get a chance, modify Bob's subscription. Next, diagnose ml-infer-05.",194,update_subscription -> check_status,update_subscription;check_status,0->1,chain_short,original,train,FALSE,FALSE,update_subscription;check_status
"Query the database about #31450, then whip up a report for Legal and simultaneously blast an alert to Marketing and log Bob's action for compliance.",140,"db_read -> generate_report, generate_report -> log_audit_event, generate_report -> send_notification",db_read;generate_report;send_notification;log_audit_event,0->1;1->2;1->3,fanout,original,train,FALSE,FALSE,db_read;generate_report;send_notification;log_audit_event
"We gotta restore the DB snapshot for HR and lock down cdn-edge-06. Once both are done, give Eve access to HR's resources.",504,"quarantine_system -> approve_access, restore_backup -> approve_access",restore_backup;quarantine_system;approve_access,0->2;1->2,fanin,original,train,FALSE,FALSE,restore_backup;quarantine_system;approve_access
"Time to run a malware sweep on staging-db-02 and save a backup of HR's data. After those finish, invalidate cdn-edge-06's cache.",498,"backup_database -> invalidate_cache, scan_malware -> invalidate_cache",scan_malware;backup_database;invalidate_cache,0->2;1->2,fanin,original,train,FALSE,FALSE,scan_malware;backup_database;invalidate_cache
"Do me a favor and provision a new instance for Marketing. Next, ping Alice about it.",79,provision_vm -> send_notification,provision_vm;send_notification,0->1,chain_short,original,train,FALSE,FALSE,provision_vm;send_notification
"We gotta archive Bob's old records, followed by roll auth-svc-04 back to the last stable release. To wrap up, wipe the cache layer for Engineering.",282,"archive_data -> rollback_deployment, rollback_deployment -> invalidate_cache",archive_data;rollback_deployment;invalidate_cache,0->1;1->2,chain_medium,original,train,FALSE,FALSE,archive_data;rollback_deployment;invalidate_cache
"Urgent: pull Eve's data, and then kill the feature toggle for Finance, then give Eve their money back. To wrap up, move Legal's stale data to cold storage.",379,"db_read -> disable_feature_flag, disable_feature_flag -> process_refund, process_refund -> archive_data",db_read;disable_feature_flag;process_refund;archive_data,0->1;1->2;2->3,chain_medium,original,train,FALSE,FALSE,db_read;disable_feature_flag;process_refund;archive_data
"We gotta record the event in Finance's log and file an incident report about staging-db-02. After those finish, loop in a Finance manager.",472,"create_ticket -> escalate_to_human, log_audit_event -> escalate_to_human",log_audit_event;create_ticket;escalate_to_human,0->2;1->2,fanin,original,train,FALSE,FALSE,log_audit_event;create_ticket;escalate_to_human
"Do me a favor and generate a new API key for cdn-edge-06, and then pull Eve's credentials for staging-db-02. Finally, sign off on Eve's permission request.",321,"revoke_access -> approve_access, rotate_api_key -> revoke_access",rotate_api_key;revoke_access;approve_access,0->1;1->2,chain_medium,original,train,FALSE,FALSE,rotate_api_key;revoke_access;approve_access
"The Marketing team needs us to modify Frank's subscription, then switch off the flag for HR.",174,update_subscription -> disable_feature_flag,update_subscription;disable_feature_flag,0->1,chain_short,original,train,FALSE,FALSE,update_subscription;disable_feature_flag
"Per Eve's request, bring payment-api-03 back from the snapshot while also credit Bob's account and open a ticket for Bob.",445,"restore_backup -> create_ticket, restore_backup -> process_refund",restore_backup;process_refund;create_ticket,0->1;0->2,fanout,original,train,FALSE,FALSE,restore_backup;process_refund;create_ticket
"Charlie is asking us to create an audit trail for #10234 and create a ticket about the Marketing issue, then converge and loop in a Finance manager.",472,"create_ticket -> escalate_to_human, log_audit_event -> escalate_to_human",log_audit_event;create_ticket;escalate_to_human,0->2;1->2,fanin,original,train,FALSE,FALSE,log_audit_event;create_ticket;escalate_to_human
"Urgent: force a credential change for Diana. Once that's done, shoot Bob an email. End with look up the records for #42017.",360,"reset_password -> send_notification, send_notification -> db_read",reset_password;send_notification;db_read,0->1;1->2,chain_medium,original,train,FALSE,FALSE,reset_password;send_notification;db_read
"The Marketing team needs us to assess cdn-edge-06's status, followed by do a security check on prod-web-01. Once that's done, lock down ml-infer-05 — then create an audit trail for #42017. Last step: shoot Grace an email.",150,"check_status -> scan_malware, log_audit_event -> send_notification, quarantine_system -> log_audit_event, scan_malware -> quarantine_system",check_status;scan_malware;quarantine_system;log_audit_event;send_notification,0->1;1->2;2->3;3->4,chain_long,original,train,FALSE,FALSE,check_status;scan_malware;quarantine_system;log_audit_event;send_notification
"Urgent: pull Eve's data, and then kill the feature toggle for HR, then give Bob their money back. To wrap up, move Marketing's stale data to cold storage.",379,"db_read -> disable_feature_flag, disable_feature_flag -> process_refund, process_refund -> archive_data",db_read;disable_feature_flag;process_refund;archive_data,0->1;1->2;2->3,chain_medium,original,train,FALSE,FALSE,db_read;disable_feature_flag;process_refund;archive_data
"Scan auth-svc-04 for threats, then email Alice the update. Once that's done, archive the old entries for Frank, and lastly provision a new instance for Engineering.",412,"archive_data -> provision_vm, scan_malware -> send_notification, send_notification -> archive_data",scan_malware;send_notification;archive_data;provision_vm,0->1;1->2;2->3,chain_medium,original,train,FALSE,FALSE,scan_malware;send_notification;archive_data;provision_vm
"Time to undo the latest release on staging-db-02 — in parallel, log a Jira for Alice's issue and recover Legal's data from backup.",433,"rollback_deployment -> create_ticket, rollback_deployment -> restore_backup",rollback_deployment;create_ticket;restore_backup,0->1;0->2,fanout,original,train,FALSE,FALSE,rollback_deployment;create_ticket;restore_backup
From Legal: plan maintenance on ml-infer-05 for Engineering and concurrently log the whole cdn-edge-06 incident and email Bob the update.,456,"schedule_maintenance -> log_audit_event, schedule_maintenance -> send_notification",schedule_maintenance;log_audit_event;send_notification,0->1;0->2,fanout,original,train,FALSE,FALSE,schedule_maintenance;log_audit_event;send_notification
"For the Finance team, send a heads-up to Engineering and arrange a maintenance slot for prod-web-01, then converge and rotate Bob's credentials.",491,"schedule_maintenance -> reset_password, send_notification -> reset_password",send_notification;schedule_maintenance;reset_password,0->2;1->2,fanin,original,train,FALSE,FALSE,send_notification;schedule_maintenance;reset_password
"Time to run a malware sweep on payment-api-03 and save a backup of Legal's data. After those finish, invalidate ml-infer-05's cache.",498,"backup_database -> invalidate_cache, scan_malware -> invalidate_cache",scan_malware;backup_database;invalidate_cache,0->2;1->2,fanin,original,train,FALSE,FALSE,scan_malware;backup_database;invalidate_cache
Log Bob's action for compliance — then cycle payment-api-03.,258,log_audit_event -> restart_service,log_audit_event;restart_service,0->1,chain_short,original,train,FALSE,FALSE,log_audit_event;restart_service
Urgent: set up downtime for auth-svc-04 and concurrently make a compliance log about Frank and send a heads-up to Legal.,456,"schedule_maintenance -> log_audit_event, schedule_maintenance -> send_notification",schedule_maintenance;log_audit_event;send_notification,0->1;0->2,fanout,original,train,FALSE,FALSE,schedule_maintenance;log_audit_event;send_notification
"Frank is asking us to pull Bob's data and assess payment-api-03's status. After those finish, compile a summary for Legal. Last step: shoot Grace an email.",135,"check_status -> generate_report, db_read -> generate_report, generate_report -> send_notification",db_read;check_status;generate_report;send_notification,0->2;1->2;2->3,fanin,original,train,FALSE,FALSE,db_read;check_status;generate_report;send_notification
"ASAP — give Grace access to Legal's resources — then build a compliance doc for Engineering. To wrap up, ping staging-db-02 for a health check.",309,"approve_access -> generate_report, generate_report -> check_status",approve_access;generate_report;check_status,0->1;1->2,chain_medium,original,train,FALSE,FALSE,approve_access;generate_report;check_status
"Do me a favor and spin up a VM for Finance. Once that's done, send a heads-up to Marketing.",79,provision_vm -> send_notification,provision_vm;send_notification,0->1,chain_short,original,train,FALSE,FALSE,provision_vm;send_notification
"Alice is asking us to email Diana the update and plan maintenance on staging-db-02 for Legal. Once both are done, rotate Diana's credentials.",491,"schedule_maintenance -> reset_password, send_notification -> reset_password",send_notification;schedule_maintenance;reset_password,0->2;1->2,fanin,original,train,FALSE,FALSE,send_notification;schedule_maintenance;reset_password
"Hey, can you verify cdn-edge-06's health — then log Bob's action for compliance, and lastly update Frank's subscription.",308,"check_status -> log_audit_event, log_audit_event -> update_subscription",check_status;log_audit_event;update_subscription,0->1;1->2,chain_medium,original,train,FALSE,FALSE,check_status;log_audit_event;update_subscription
"Urgent: bring payment-api-03 back from the snapshot, and while you're at it, give Alice their money back and create a ticket about the Marketing issue.",445,"restore_backup -> create_ticket, restore_backup -> process_refund",restore_backup;process_refund;create_ticket,0->1;0->2,fanout,original,train,FALSE,FALSE,restore_backup;process_refund;create_ticket
"Ticket INC-7733 says check the DB for Frank. After that, build a compliance doc for Finance. Last step: shoot Grace an email.",101,"db_read -> generate_report, generate_report -> send_notification",db_read;generate_report;send_notification,0->1;1->2,chain_medium,original,train,FALSE,FALSE,db_read;generate_report;send_notification
"Quick one — scan prod-web-01 for threats. Next, fire off a notification to Grace, followed by archive the old entries for Alice. Finally, launch an instance for Legal.",412,"archive_data -> provision_vm, scan_malware -> send_notification, send_notification -> archive_data",scan_malware;send_notification;archive_data;provision_vm,0->1;1->2;2->3,chain_medium,original,train,FALSE,FALSE,scan_malware;send_notification;archive_data;provision_vm
"Hey, can you strip Eve's access to HR, and then push the changes for Diana to the DB. Once that's done, adjust the billing tier for Charlie, and lastly schedule maintenance for staging-db-02.",424,"db_write -> update_subscription, revoke_access -> db_write, update_subscription -> schedule_maintenance",revoke_access;db_write;update_subscription;schedule_maintenance,0->1;1->2;2->3,chain_medium,original,train,FALSE,FALSE,revoke_access;db_write;update_subscription;schedule_maintenance
Time to grab Alice's account details while also push the refund through for #31450 and notify the Finance team.,114,"db_read -> process_refund, db_read -> send_notification",db_read;process_refund;send_notification,0->1;0->2,fanout,original,train,FALSE,FALSE,db_read;process_refund;send_notification
"Time to rotate Bob's credentials, and then reverse the charge on #31450. End with move auth-svc-04's ownership to Engineering.",279,"process_refund -> transfer_ownership, reset_password -> process_refund",reset_password;process_refund;transfer_ownership,0->1;1->2,chain_medium,original,train,FALSE,FALSE,reset_password;process_refund;transfer_ownership
"For the Marketing team, log the whole payment-api-03 incident and create a ticket about the Finance issue, then converge and wake up the on-call about cdn-edge-06.",472,"create_ticket -> escalate_to_human, log_audit_event -> escalate_to_human",log_audit_event;create_ticket;escalate_to_human,0->2;1->2,fanin,original,train,FALSE,FALSE,log_audit_event;create_ticket;escalate_to_human
"Frank reported an issue — switch Diana to the new plan. After that, check if cdn-edge-06 is up.",194,update_subscription -> check_status,update_subscription;check_status,0->1,chain_short,original,train,FALSE,FALSE,update_subscription;check_status
"The HR team needs us to cut off Charlie's permissions. After that, write the new data for #10234 back — then downgrade Charlie's account. End with arrange a maintenance slot for staging-db-02.",424,"db_write -> update_subscription, revoke_access -> db_write, update_subscription -> schedule_maintenance",revoke_access;db_write;update_subscription;schedule_maintenance,0->1;1->2;2->3,chain_medium,original,train,FALSE,FALSE,revoke_access;db_write;update_subscription;schedule_maintenance
"We gotta generate a new API key for prod-web-01. After that, disable Bob's account on cdn-edge-06. Last step: give Alice access to HR's resources.",321,"revoke_access -> approve_access, rotate_api_key -> revoke_access",rotate_api_key;revoke_access;approve_access,0->1;1->2,chain_medium,original,train,FALSE,FALSE,rotate_api_key;revoke_access;approve_access
"Do me a favor and cycle the secret for Engineering's service. After that, do a security check on auth-svc-04. To wrap up, push the container image for Engineering.",302,"rotate_api_key -> scan_malware, scan_malware -> deploy_container",rotate_api_key;scan_malware;deploy_container,0->1;1->2,chain_medium,original,train,FALSE,FALSE,rotate_api_key;scan_malware;deploy_container
"I need you to move Marketing's stale data to cold storage, and then revoke Grace's access to auth-svc-04. To wrap up, modify Diana's subscription.",327,"archive_data -> revoke_access, revoke_access -> update_subscription",archive_data;revoke_access;update_subscription,0->1;1->2,chain_medium,original,train,FALSE,FALSE,archive_data;revoke_access;update_subscription
"Hey, can you pull staging-db-02 back from the last good backup, and while you're at it, process the payout for Diana and spin up a tracking ticket for Charlie.",445,"restore_backup -> create_ticket, restore_backup -> process_refund",restore_backup;process_refund;create_ticket,0->1;0->2,fanout,original,train,FALSE,FALSE,restore_backup;process_refund;create_ticket
Simple request — save the changes for Frank to the DB and we're good.,52,db_write,db_write,,single_node,original,train,FALSE,FALSE,db_write
"Ticket INC-7733 says check the DB for Charlie, then disable the flag on prod-web-01, then push the refund through for #10234. To wrap up, archive Frank's old records.",379,"db_read -> disable_feature_flag, disable_feature_flag -> process_refund, process_refund -> archive_data",db_read;disable_feature_flag;process_refund;archive_data,0->1;1->2;2->3,chain_medium,original,train,FALSE,FALSE,db_read;disable_feature_flag;process_refund;archive_data
"Hey, can you dig up the history on Frank and simultaneously push the refund through for #42017 and shoot Alice an email.",114,"db_read -> process_refund, db_read -> send_notification",db_read;process_refund;send_notification,0->1;0->2,fanout,original,train,FALSE,FALSE,db_read;process_refund;send_notification
"Check health of auth-svc-04, run security sweep, quarantine, reboot, escalate the incident, send a blast to Legal, and make an audit entry.",16,"check_status -> scan_malware, escalate_to_human -> send_notification, quarantine_system -> restart_service, restart_service -> escalate_to_human, scan_malware -> quarantine_system, send_notification -> log_audit_event",check_status;scan_malware;quarantine_system;restart_service;escalate_to_human;send_notification;log_audit_event,0->1;1->2;2->3;3->4;4->5;5->6,chain_long,original,train,FALSE,FALSE,check_status;scan_malware;quarantine_system;restart_service;escalate_to_human;send_notification;log_audit_event
"ASAP — change Grace's plan. Next, check if prod-web-01 is up.",194,update_subscription -> check_status,update_subscription;check_status,0->1,chain_short,original,train,FALSE,FALSE,update_subscription;check_status
"Diana is asking us to do a security check on auth-svc-04, and then blast an alert to Legal — then put Finance's historical data into the archive. To wrap up, stand up a new box for Finance.",412,"archive_data -> provision_vm, scan_malware -> send_notification, send_notification -> archive_data",scan_malware;send_notification;archive_data;provision_vm,0->1;1->2;2->3,chain_medium,original,train,FALSE,FALSE,scan_malware;send_notification;archive_data;provision_vm
Diagnose ml-infer-05 while also reboot cdn-edge-06 and file a bug about prod-web-01.,111,"check_status -> create_ticket, check_status -> restart_service",check_status;restart_service;create_ticket,0->1;0->2,fanout,original,train,FALSE,FALSE,check_status;restart_service;create_ticket
"When you get a chance, move Marketing's stale data to cold storage, then roll staging-db-02 back to the last stable release. To wrap up, invalidate ml-infer-05's cache.",282,"archive_data -> rollback_deployment, rollback_deployment -> invalidate_cache",archive_data;rollback_deployment;invalidate_cache,0->1;1->2,chain_medium,original,train,FALSE,FALSE,archive_data;rollback_deployment;invalidate_cache
"Get the DB entry and check for malware, making sure to log both actions.",12,"db_read -> log_audit_event, scan_malware -> log_audit_event",db_read;scan_malware;log_audit_event,0->2;1->2,fanin,original,train,FALSE,FALSE,db_read;scan_malware;log_audit_event
"We gotta check ml-infer-05 for vulnerabilities, and while you're at it, lock down prod-web-01 and open a ticket for Diana.",112,"scan_malware -> create_ticket, scan_malware -> quarantine_system",scan_malware;quarantine_system;create_ticket,0->1;0->2,fanout,original,train,FALSE,FALSE,scan_malware;quarantine_system;create_ticket
Quick one — archive the old entries for Bob — then pull Frank's credentials for cdn-edge-06. End with downgrade Charlie's account.,327,"archive_data -> revoke_access, revoke_access -> update_subscription",archive_data;revoke_access;update_subscription,0->1;1->2,chain_medium,original,train,FALSE,FALSE,archive_data;revoke_access;update_subscription
I need you to investigate ml-infer-05 for infections and simultaneously yank cdn-edge-06 off the network and open a ticket for Frank.,112,"scan_malware -> create_ticket, scan_malware -> quarantine_system",scan_malware;quarantine_system;create_ticket,0->1;0->2,fanout,original,train,FALSE,FALSE,scan_malware;quarantine_system;create_ticket
"Hey, can you refresh the API token for Legal. Next, check auth-svc-04 for vulnerabilities. To wrap up, push the container image for Engineering.",302,"rotate_api_key -> scan_malware, scan_malware -> deploy_container",rotate_api_key;scan_malware;deploy_container,0->1;1->2,chain_medium,original,train,FALSE,FALSE,rotate_api_key;scan_malware;deploy_container
"Hey, can you arrange a maintenance slot for prod-web-01 and concurrently record the event in Engineering's log and shoot Alice an email.",456,"schedule_maintenance -> log_audit_event, schedule_maintenance -> send_notification",schedule_maintenance;log_audit_event;send_notification,0->1;0->2,fanout,original,train,FALSE,FALSE,schedule_maintenance;log_audit_event;send_notification
"Time to rotate Alice's credentials, and then reverse the charge on #20891. End with move auth-svc-04's ownership to HR.",279,"process_refund -> transfer_ownership, reset_password -> process_refund",reset_password;process_refund;transfer_ownership,0->1;1->2,chain_medium,original,train,FALSE,FALSE,reset_password;process_refund;transfer_ownership
"The Legal team needs us to remove Grace from Marketing's access list. Once that's done, push the changes for Charlie to the DB. Once that's done, downgrade Eve's account. Last step: queue a maintenance window for Marketing.",424,"db_write -> update_subscription, revoke_access -> db_write, update_subscription -> schedule_maintenance",revoke_access;db_write;update_subscription;schedule_maintenance,0->1;1->2;2->3,chain_medium,original,train,FALSE,FALSE,revoke_access;db_write;update_subscription;schedule_maintenance
"The Finance team needs us to remove Diana from Marketing's access list. Once that's done, push the changes for Frank to the DB. Once that's done, downgrade Diana's account. Last step: queue a maintenance window for Marketing.",424,"db_write -> update_subscription, revoke_access -> db_write, update_subscription -> schedule_maintenance",revoke_access;db_write;update_subscription;schedule_maintenance,0->1;1->2;2->3,chain_medium,original,train,FALSE,FALSE,revoke_access;db_write;update_subscription;schedule_maintenance
"When you get a chance, load the backup onto ml-infer-05 while also push the refund through for #60122 and log a Jira for Charlie's issue.",445,"restore_backup -> create_ticket, restore_backup -> process_refund",restore_backup;process_refund;create_ticket,0->1;0->2,fanout,original,train,FALSE,FALSE,restore_backup;process_refund;create_ticket
"We gotta bring staging-db-02 back from the snapshot and lock down staging-db-02, merge everything and give Eve access to Legal's resources.",504,"quarantine_system -> approve_access, restore_backup -> approve_access",restore_backup;quarantine_system;approve_access,0->2;1->2,fanin,original,train,FALSE,FALSE,restore_backup;quarantine_system;approve_access
"We gotta assess ml-infer-05's status — in parallel, reboot ml-infer-05 and create a ticket about the Finance issue.",111,"check_status -> create_ticket, check_status -> restart_service",check_status;restart_service;create_ticket,0->1;0->2,fanout,original,train,FALSE,FALSE,check_status;restart_service;create_ticket
All I need is for someone to save the changes for Bob to the DB.,52,db_write,db_write,,single_node,original,train,FALSE,FALSE,db_write
From Engineering: plan maintenance on prod-web-01 for Marketing and concurrently log the whole staging-db-02 incident and email Charlie the update.,456,"schedule_maintenance -> log_audit_event, schedule_maintenance -> send_notification",schedule_maintenance;log_audit_event;send_notification,0->1;0->2,fanout,original,train,FALSE,FALSE,schedule_maintenance;log_audit_event;send_notification
"Bob is asking us to read Frank's profile from the database and verify prod-web-01's health. Once both are done, compile a summary for Marketing, and lastly notify the Finance team.",135,"check_status -> generate_report, db_read -> generate_report, generate_report -> send_notification",db_read;check_status;generate_report;send_notification,0->2;1->2;2->3,fanin,original,train,FALSE,FALSE,db_read;check_status;generate_report;send_notification
"Issue a new secret for cdn-edge-06, then strip Charlie's access to Marketing. Finally, give Grace access to Marketing's resources.",321,"revoke_access -> approve_access, rotate_api_key -> revoke_access",rotate_api_key;revoke_access;approve_access,0->1;1->2,chain_medium,original,train,FALSE,FALSE,rotate_api_key;revoke_access;approve_access
"I need you to push the refund through for #31450 and enable the flag for prod-web-01. After those finish, provision a new instance for HR.",488,"enable_feature_flag -> provision_vm, process_refund -> provision_vm",process_refund;enable_feature_flag;provision_vm,0->2;1->2,fanin,original,train,FALSE,FALSE,process_refund;enable_feature_flag;provision_vm
"ASAP — reboot cdn-edge-06. After that, plan maintenance on cdn-edge-06 for Legal. Once that's done, email Bob the update, and lastly investigate prod-web-01 for infections.",413,"restart_service -> schedule_maintenance, schedule_maintenance -> send_notification, send_notification -> scan_malware",restart_service;schedule_maintenance;send_notification;scan_malware,0->1;1->2;2->3,chain_medium,original,train,FALSE,FALSE,restart_service;schedule_maintenance;send_notification;scan_malware
"Issue a new secret for ml-infer-05, then strip Bob's access to Marketing. Finally, give Eve access to Legal's resources.",321,"revoke_access -> approve_access, rotate_api_key -> revoke_access",rotate_api_key;revoke_access;approve_access,0->1;1->2,chain_medium,original,train,FALSE,FALSE,rotate_api_key;revoke_access;approve_access
"ASAP — give Charlie access to Legal's resources — then build a compliance doc for Engineering. To wrap up, ping cdn-edge-06 for a health check.",309,"approve_access -> generate_report, generate_report -> check_status",approve_access;generate_report;check_status,0->1;1->2,chain_medium,original,train,FALSE,FALSE,approve_access;generate_report;check_status
Do me a favor and look up the records for #31450 and at the same time process the payout for Alice and blast an alert to HR.,114,"db_read -> process_refund, db_read -> send_notification",db_read;process_refund;send_notification,0->1;0->2,fanout,original,train,FALSE,FALSE,db_read;process_refund;send_notification
"Ticket INC-5560 says check the DB for Charlie, then disable the flag on ml-infer-05, then push the refund through for #10234. To wrap up, archive Eve's old records.",379,"db_read -> disable_feature_flag, disable_feature_flag -> process_refund, process_refund -> archive_data",db_read;disable_feature_flag;process_refund;archive_data,0->1;1->2;2->3,chain_medium,original,train,FALSE,FALSE,db_read;disable_feature_flag;process_refund;archive_data
"Issue a new secret for auth-svc-04, then strip Bob's access to Engineering. Finally, give Charlie access to Marketing's resources.",321,"revoke_access -> approve_access, rotate_api_key -> revoke_access",rotate_api_key;revoke_access;approve_access,0->1;1->2,chain_medium,original,train,FALSE,FALSE,rotate_api_key;revoke_access;approve_access
"From Finance: email Alice the update. After that, turn on the feature flag for Finance. To wrap up, switch Diana to the new plan.",359,"enable_feature_flag -> update_subscription, send_notification -> enable_feature_flag",send_notification;enable_feature_flag;update_subscription,0->1;1->2,chain_medium,original,train,FALSE,FALSE,send_notification;enable_feature_flag;update_subscription
"Do me a favor and diagnose cdn-edge-06 and check auth-svc-04 for vulnerabilities. When all of that's complete, log Charlie's action for compliance.",494,"check_status -> log_audit_event, scan_malware -> log_audit_event",check_status;scan_malware;log_audit_event,0->2;1->2,fanin,original,train,FALSE,FALSE,check_status;scan_malware;log_audit_event
"Alice reported an issue — scale ml-infer-05 down to save costs. Once that's done, roll out the containerised app to ml-infer-05. End with flip the feature toggle on for Finance.",287,"deploy_container -> enable_feature_flag, scale_service -> deploy_container",scale_service;deploy_container;enable_feature_flag,0->1;1->2,chain_medium,original,train,FALSE,FALSE,scale_service;deploy_container;enable_feature_flag
Eve reported an issue — push the refund through for #20891 — then swap out auth-svc-04's credentials. Last step: save the changes for Eve to the DB.,332,"process_refund -> rotate_api_key, rotate_api_key -> db_write",process_refund;rotate_api_key;db_write,0->1;1->2,chain_medium,original,train,FALSE,FALSE,process_refund;rotate_api_key;db_write
"From Legal: pull staging-db-02 from production, and then log Bob's action for compliance.",63,quarantine_system -> log_audit_event,quarantine_system;log_audit_event,0->1,chain_short,original,train,FALSE,FALSE,quarantine_system;log_audit_event
"Ticket INC-5560 says check the DB for Grace. Once that's done, produce the Engineering performance summary and simultaneously notify the Marketing team and create an audit trail for #20891.",140,"db_read -> generate_report, generate_report -> log_audit_event, generate_report -> send_notification",db_read;generate_report;send_notification;log_audit_event,0->1;1->2;1->3,fanout,original,train,FALSE,FALSE,db_read;generate_report;send_notification;log_audit_event
"ASAP — refresh the API token for Engineering. After that, do a security check on payment-api-03. To wrap up, roll out the containerised app to payment-api-03.",302,"rotate_api_key -> scan_malware, scan_malware -> deploy_container",rotate_api_key;scan_malware;deploy_container,0->1;1->2,chain_medium,original,train,FALSE,FALSE,rotate_api_key;scan_malware;deploy_container
"ASAP — ping payment-api-03 for a health check and fetch #53698's info. After those finish, notify the Engineering team.",125,"check_status -> send_notification, db_read -> send_notification",check_status;db_read;send_notification,0->2;1->2,fanin,original,train,FALSE,FALSE,check_status;db_read;send_notification
"I need you to move Legal's stale data to cold storage, and then revoke Eve's access to cdn-edge-06. To wrap up, modify Alice's subscription.",327,"archive_data -> revoke_access, revoke_access -> update_subscription",archive_data;revoke_access;update_subscription,0->1;1->2,chain_medium,original,train,FALSE,FALSE,archive_data;revoke_access;update_subscription
"Do me a favor and undo the latest release on prod-web-01 — then shoot Charlie an email. Finally, deploy the container for Engineering.",301,"rollback_deployment -> send_notification, send_notification -> deploy_container",rollback_deployment;send_notification;deploy_container,0->1;1->2,chain_medium,original,train,FALSE,FALSE,rollback_deployment;send_notification;deploy_container
"We gotta read Bob's profile from the database. Next, build a compliance doc for HR. To wrap up, fire off a notification to Eve.",101,"db_read -> generate_report, generate_report -> send_notification",db_read;generate_report;send_notification,0->1;1->2,chain_medium,original,train,FALSE,FALSE,db_read;generate_report;send_notification
"Urgent: check prod-web-01 for vulnerabilities and take a snapshot of ml-infer-05's DB, then converge and invalidate ml-infer-05's cache.",498,"backup_database -> invalidate_cache, scan_malware -> invalidate_cache",scan_malware;backup_database;invalidate_cache,0->2;1->2,fanin,original,train,FALSE,FALSE,scan_malware;backup_database;invalidate_cache
"The Marketing team needs us to recover Engineering's data from backup and quarantine cdn-edge-06. When all of that's complete, give Bob access to Legal's resources.",504,"quarantine_system -> approve_access, restore_backup -> approve_access",restore_backup;quarantine_system;approve_access,0->2;1->2,fanin,original,train,FALSE,FALSE,restore_backup;quarantine_system;approve_access
"Query the database about #42017, then whip up a report for Marketing and simultaneously blast an alert to Legal and log Grace's action for compliance.",140,"db_read -> generate_report, generate_report -> log_audit_event, generate_report -> send_notification",db_read;generate_report;send_notification;log_audit_event,0->1;1->2;1->3,fanout,original,train,FALSE,FALSE,db_read;generate_report;send_notification;log_audit_event
"Bob is asking us to do a security check on prod-web-01, and then blast an alert to Finance — then put Engineering's historical data into the archive. To wrap up, stand up a new box for Engineering.",412,"archive_data -> provision_vm, scan_malware -> send_notification, send_notification -> archive_data",scan_malware;send_notification;archive_data;provision_vm,0->1;1->2;2->3,chain_medium,original,train,FALSE,FALSE,scan_malware;send_notification;archive_data;provision_vm
"Per Bob's request, revoke Bob's access to ml-infer-05, followed by write the new data for #10234 back, then update Alice's subscription. To wrap up, set up downtime for auth-svc-04.",424,"db_write -> update_subscription, revoke_access -> db_write, update_subscription -> schedule_maintenance",revoke_access;db_write;update_subscription;schedule_maintenance,0->1;1->2;2->3,chain_medium,original,train,FALSE,FALSE,revoke_access;db_write;update_subscription;schedule_maintenance
"Urgent: make a compliance log about Eve. Next, bounce cdn-edge-06.",258,log_audit_event -> restart_service,log_audit_event;restart_service,0->1,chain_short,original,train,FALSE,FALSE,log_audit_event;restart_service
"ASAP — ping prod-web-01 for a health check and fetch #10234's info. After those finish, notify the Finance team.",125,"check_status -> send_notification, db_read -> send_notification",check_status;db_read;send_notification,0->2;1->2,fanin,original,train,FALSE,FALSE,check_status;db_read;send_notification
"Per Eve's request, disconnect payment-api-03 from everything. Next, drop an audit entry for cdn-edge-06.",63,quarantine_system -> log_audit_event,quarantine_system;log_audit_event,0->1,chain_short,original,train,FALSE,FALSE,quarantine_system;log_audit_event
"Read the user activity and scan the system, logging the combined results at the end.",12,"db_read -> log_audit_event, scan_malware -> log_audit_event",db_read;scan_malware;log_audit_event,0->2;1->2,fanin,original,train,FALSE,FALSE,db_read;scan_malware;log_audit_event
"Do me a favor and generate a new API key for payment-api-03, and then pull Charlie's credentials for prod-web-01. Finally, sign off on Grace's permission request.",321,"revoke_access -> approve_access, rotate_api_key -> revoke_access",rotate_api_key;revoke_access;approve_access,0->1;1->2,chain_medium,original,train,FALSE,FALSE,rotate_api_key;revoke_access;approve_access
"ASAP — archive Charlie's old records — then undo the latest release on ml-infer-05. Finally, flush the cache on auth-svc-04.",282,"archive_data -> rollback_deployment, rollback_deployment -> invalidate_cache",archive_data;rollback_deployment;invalidate_cache,0->1;1->2,chain_medium,original,train,FALSE,FALSE,archive_data;rollback_deployment;invalidate_cache
"Quick one — investigate auth-svc-04 for infections. Next, pull ml-infer-05 from production — in parallel, ping Frank about it and record the event in Finance's log.",142,"quarantine_system -> log_audit_event, quarantine_system -> send_notification, scan_malware -> quarantine_system",scan_malware;quarantine_system;send_notification;log_audit_event,0->1;1->2;1->3,fanout,original,train,FALSE,FALSE,scan_malware;quarantine_system;send_notification;log_audit_event
"The Finance team needs us to roll back the last deploy on payment-api-03. Next, notify the Marketing team. Last step: push the container image for Marketing.",301,"rollback_deployment -> send_notification, send_notification -> deploy_container",rollback_deployment;send_notification;deploy_container,0->1;1->2,chain_medium,original,train,FALSE,FALSE,rollback_deployment;send_notification;deploy_container
"Urgent: make a compliance log about Eve. Next, bounce auth-svc-04.",258,log_audit_event -> restart_service,log_audit_event;restart_service,0->1,chain_short,original,train,FALSE,FALSE,log_audit_event;restart_service
"Check the DB for Alice and check if prod-web-01 is up. Once both are done, put together a report on auth-svc-04, and lastly ping Charlie about it.",135,"check_status -> generate_report, db_read -> generate_report, generate_report -> send_notification",db_read;check_status;generate_report;send_notification,0->2;1->2;2->3,fanin,original,train,FALSE,FALSE,db_read;check_status;generate_report;send_notification
"Hey, can you verify prod-web-01's health, and while you're at it, bounce staging-db-02 and open a ticket for Bob.",111,"check_status -> create_ticket, check_status -> restart_service",check_status;restart_service;create_ticket,0->1;0->2,fanout,original,train,FALSE,FALSE,check_status;restart_service;create_ticket
"Per Grace's request, update Diana's subscription. Next, shut down the feature on prod-web-01.",174,update_subscription -> disable_feature_flag,update_subscription;disable_feature_flag,0->1,chain_short,original,train,FALSE,FALSE,update_subscription;disable_feature_flag
"We gotta downgrade Frank's account. After that, verify cdn-edge-06's health.",194,update_subscription -> check_status,update_subscription;check_status,0->1,chain_short,original,train,FALSE,FALSE,update_subscription;check_status
"Get the DB entry and check for malware, making sure to log both actions.",12,"db_read -> log_audit_event, scan_malware -> log_audit_event",db_read;scan_malware;log_audit_event,0->2;1->2,fanin,original,train,FALSE,FALSE,db_read;scan_malware;log_audit_event
From Legal: look up the records for #42017 and simultaneously downgrade Frank's account and fire off a notification to Charlie.,110,"db_read -> send_notification, db_read -> update_subscription",db_read;update_subscription;send_notification,0->1;0->2,fanout,original,train,FALSE,FALSE,db_read;update_subscription;send_notification
"Put together a report on prod-web-01. After that, execute the build pipeline for auth-svc-04, and lastly save a backup of Legal's data.",357,"generate_report -> run_pipeline, run_pipeline -> backup_database",generate_report;run_pipeline;backup_database,0->1;1->2,chain_medium,original,train,FALSE,FALSE,generate_report;run_pipeline;backup_database
"Hey, can you refresh the API token for Engineering. Next, check auth-svc-04 for vulnerabilities. To wrap up, push the container image for Finance.",302,"rotate_api_key -> scan_malware, scan_malware -> deploy_container",rotate_api_key;scan_malware;deploy_container,0->1;1->2,chain_medium,original,train,FALSE,FALSE,rotate_api_key;scan_malware;deploy_container
The Finance team needs us to look up the records for #42017 and at the same time switch Charlie to the new plan and send a heads-up to Engineering.,110,"db_read -> send_notification, db_read -> update_subscription",db_read;update_subscription;send_notification,0->1;0->2,fanout,original,train,FALSE,FALSE,db_read;update_subscription;send_notification
"When you get a chance, scan cdn-edge-06 for threats, and while you're at it, lock down payment-api-03 and file a bug about staging-db-02.",112,"scan_malware -> create_ticket, scan_malware -> quarantine_system",scan_malware;quarantine_system;create_ticket,0->1;0->2,fanout,original,train,FALSE,FALSE,scan_malware;quarantine_system;create_ticket
"Time to give staging-db-02 a kick, and then ping Grace about it.",71,restart_service -> send_notification,restart_service;send_notification,0->1,chain_short,original,train,FALSE,FALSE,restart_service;send_notification
"Frank reported an issue — rotate the API key for prod-web-01. Next, do a security check on payment-api-03. Finally, push the container image for HR.",302,"rotate_api_key -> scan_malware, scan_malware -> deploy_container",rotate_api_key;scan_malware;deploy_container,0->1;1->2,chain_medium,original,train,FALSE,FALSE,rotate_api_key;scan_malware;deploy_container
"Issue a new secret for cdn-edge-06, then strip Diana's access to Marketing. Finally, give Frank access to Finance's resources.",321,"revoke_access -> approve_access, rotate_api_key -> revoke_access",rotate_api_key;revoke_access;approve_access,0->1;1->2,chain_medium,original,train,FALSE,FALSE,rotate_api_key;revoke_access;approve_access
"From Legal: look up the records for #53698 — in parallel, give Frank their money back and notify the Finance team.",114,"db_read -> process_refund, db_read -> send_notification",db_read;process_refund;send_notification,0->1;0->2,fanout,original,train,FALSE,FALSE,db_read;process_refund;send_notification
"Charlie reported an issue — deploy a server for Legal. Once that's done, shoot Bob an email.",79,provision_vm -> send_notification,provision_vm;send_notification,0->1,chain_short,original,train,FALSE,FALSE,provision_vm;send_notification
"I need you to reverse the charge on #42017 and flip the feature toggle on for Marketing. Once both are done, launch an instance for Marketing.",488,"enable_feature_flag -> provision_vm, process_refund -> provision_vm",process_refund;enable_feature_flag;provision_vm,0->2;1->2,fanin,original,train,FALSE,FALSE,process_refund;enable_feature_flag;provision_vm
Eve reported an issue — grab Frank's account details — then hand ml-infer-05 over to Legal. Last step: shoot Eve an email.,373,"db_read -> transfer_ownership, transfer_ownership -> send_notification",db_read;transfer_ownership;send_notification,0->1;1->2,chain_medium,original,train,FALSE,FALSE,db_read;transfer_ownership;send_notification
"Quick one — notify the Marketing team and plan maintenance on auth-svc-04 for Legal. After those finish, give Bob a new password.",491,"schedule_maintenance -> reset_password, send_notification -> reset_password",send_notification;schedule_maintenance;reset_password,0->2;1->2,fanin,original,train,FALSE,FALSE,send_notification;schedule_maintenance;reset_password
"Credit the account and cancel the sub, then shoot Eve a message about the changes.",13,"process_refund -> send_notification, update_subscription -> send_notification",process_refund;update_subscription;send_notification,0->2;1->2,fanin,original,train,FALSE,FALSE,process_refund;update_subscription;send_notification
"Do me a favor and spin up a VM for Engineering. Once that's done, send a heads-up to Engineering.",79,provision_vm -> send_notification,provision_vm;send_notification,0->1,chain_short,original,train,FALSE,FALSE,provision_vm;send_notification
"Frank reported an issue — scale auth-svc-04 down to save costs. Once that's done, roll out the containerised app to ml-infer-05. End with flip the feature toggle on for Finance.",287,"deploy_container -> enable_feature_flag, scale_service -> deploy_container",scale_service;deploy_container;enable_feature_flag,0->1;1->2,chain_medium,original,train,FALSE,FALSE,scale_service;deploy_container;enable_feature_flag
"For the Legal team, look up the records for #10234 and concurrently refund Alice and ping Charlie about it.",114,"db_read -> process_refund, db_read -> send_notification",db_read;process_refund;send_notification,0->1;0->2,fanout,original,train,FALSE,FALSE,db_read;process_refund;send_notification
"Credit the account and cancel the sub, then shoot Bob a message about the changes.",13,"process_refund -> send_notification, update_subscription -> send_notification",process_refund;update_subscription;send_notification,0->2;1->2,fanin,original,train,FALSE,FALSE,process_refund;update_subscription;send_notification
"From Engineering: log Frank's action for compliance. Once that's done, give auth-svc-04 a kick.",258,log_audit_event -> restart_service,log_audit_event;restart_service,0->1,chain_short,original,train,FALSE,FALSE,log_audit_event;restart_service
Urgent: rotate Bob's credentials and at the same time shoot Charlie an email and create an audit trail for #20891.,119,"reset_password -> log_audit_event, reset_password -> send_notification",reset_password;send_notification;log_audit_event,0->1;0->2,fanout,original,train,FALSE,FALSE,reset_password;send_notification;log_audit_event
"Time to check if staging-db-02 is up, followed by do a security check on payment-api-03. Next, isolate prod-web-01. After that, record the event in Marketing's log. Finally, ping Alice about it.",150,"check_status -> scan_malware, log_audit_event -> send_notification, quarantine_system -> log_audit_event, scan_malware -> quarantine_system",check_status;scan_malware;quarantine_system;log_audit_event;send_notification,0->1;1->2;2->3;3->4,chain_long,original,train,FALSE,FALSE,check_status;scan_malware;quarantine_system;log_audit_event;send_notification
"ASAP — dig up the history on Grace — in parallel, adjust the billing tier for Alice and shoot Diana an email.",110,"db_read -> send_notification, db_read -> update_subscription",db_read;update_subscription;send_notification,0->1;0->2,fanout,original,train,FALSE,FALSE,db_read;update_subscription;send_notification
"Eve reported an issue — approve Grace's access request, followed by compile a summary for Legal. End with see what's going on with ml-infer-05.",309,"approve_access -> generate_report, generate_report -> check_status",approve_access;generate_report;check_status,0->1;1->2,chain_medium,original,train,FALSE,FALSE,approve_access;generate_report;check_status
Do me a favor and generate the Legal analytics — then run the deployment pipeline for Legal. Last step: take a snapshot of payment-api-03's DB.,357,"generate_report -> run_pipeline, run_pipeline -> backup_database",generate_report;run_pipeline;backup_database,0->1;1->2,chain_medium,original,train,FALSE,FALSE,generate_report;run_pipeline;backup_database
I need you to check payment-api-03 for vulnerabilities and simultaneously quarantine prod-web-01 and file a bug about prod-web-01.,112,"scan_malware -> create_ticket, scan_malware -> quarantine_system",scan_malware;quarantine_system;create_ticket,0->1;0->2,fanout,original,train,FALSE,FALSE,scan_malware;quarantine_system;create_ticket
"Time to create an audit trail for #60122. After that, restart the main process on ml-infer-05.",258,log_audit_event -> restart_service,log_audit_event;restart_service,0->1,chain_short,original,train,FALSE,FALSE,log_audit_event;restart_service
"We gotta reset Alice's password, and then reverse the charge on #20891, and lastly transfer ownership of ml-infer-05 to Alice.",279,"process_refund -> transfer_ownership, reset_password -> process_refund",reset_password;process_refund;transfer_ownership,0->1;1->2,chain_medium,original,train,FALSE,FALSE,reset_password;process_refund;transfer_ownership
I need you to investigate cdn-edge-06 for infections and simultaneously yank auth-svc-04 off the network and open a ticket for Diana.,112,"scan_malware -> create_ticket, scan_malware -> quarantine_system",scan_malware;quarantine_system;create_ticket,0->1;0->2,fanout,original,train,FALSE,FALSE,scan_malware;quarantine_system;create_ticket
"Diana is asking us to assess auth-svc-04's status. Next, create an audit trail for #42017. Finally, update Bob's subscription.",308,"check_status -> log_audit_event, log_audit_event -> update_subscription",check_status;log_audit_event;update_subscription,0->1;1->2,chain_medium,original,train,FALSE,FALSE,check_status;log_audit_event;update_subscription
"Time to rotate Alice's credentials, and then reverse the charge on #53698. End with move payment-api-03's ownership to Marketing.",279,"process_refund -> transfer_ownership, reset_password -> process_refund",reset_password;process_refund;transfer_ownership,0->1;1->2,chain_medium,original,train,FALSE,FALSE,reset_password;process_refund;transfer_ownership
"ASAP — swap out ml-infer-05's credentials — then do a security check on cdn-edge-06, and lastly roll out the containerised app to prod-web-01.",302,"rotate_api_key -> scan_malware, scan_malware -> deploy_container",rotate_api_key;scan_malware;deploy_container,0->1;1->2,chain_medium,original,train,FALSE,FALSE,rotate_api_key;scan_malware;deploy_container
Just commit Grace's update to the database. Nothing else needed.,52,db_write,db_write,,single_node,original,train,FALSE,FALSE,db_write
"Alice reported an issue — deploy a server for Finance. Once that's done, shoot Charlie an email.",79,provision_vm -> send_notification,provision_vm;send_notification,0->1,chain_short,original,train,FALSE,FALSE,provision_vm;send_notification
"ASAP — do a security check on staging-db-02, then isolate ml-infer-05 — in parallel, ping Bob about it and record the event in Finance's log.",142,"quarantine_system -> log_audit_event, quarantine_system -> send_notification, scan_malware -> quarantine_system",scan_malware;quarantine_system;send_notification;log_audit_event,0->1;1->2;1->3,fanout,original,train,FALSE,FALSE,scan_malware;quarantine_system;send_notification;log_audit_event
"See what's going on with auth-svc-04 and look up the records for #42017, then converge and shoot Alice an email.",125,"check_status -> send_notification, db_read -> send_notification",check_status;db_read;send_notification,0->2;1->2,fanin,original,train,FALSE,FALSE,check_status;db_read;send_notification
"Credit the account and cancel the sub, then shoot Eve a message about the changes.",13,"process_refund -> send_notification, update_subscription -> send_notification",process_refund;update_subscription;send_notification,0->2;1->2,fanin,original,train,FALSE,FALSE,process_refund;update_subscription;send_notification
"Massive outage on prod-web-01: check it, scan for bugs, quarantine, reboot, escalate to on-call, notify Finance, and log everything.",16,"check_status -> scan_malware, escalate_to_human -> send_notification, quarantine_system -> restart_service, restart_service -> escalate_to_human, scan_malware -> quarantine_system, send_notification -> log_audit_event",check_status;scan_malware;quarantine_system;restart_service;escalate_to_human;send_notification;log_audit_event,0->1;1->2;2->3;3->4;4->5;5->6,chain_long,original,train,FALSE,FALSE,check_status;scan_malware;quarantine_system;restart_service;escalate_to_human;send_notification;log_audit_event
"Pull the access logs and run a malware sweep, then log both findings together.",12,"db_read -> log_audit_event, scan_malware -> log_audit_event",db_read;scan_malware;log_audit_event,0->2;1->2,fanin,original,train,FALSE,FALSE,db_read;scan_malware;log_audit_event
Ticket INC-8842 says pull prod-web-01 back from the last good backup while also reverse the charge on #53698 and spin up a tracking ticket for Charlie.,445,"restore_backup -> create_ticket, restore_backup -> process_refund",restore_backup;process_refund;create_ticket,0->1;0->2,fanout,original,train,FALSE,FALSE,restore_backup;process_refund;create_ticket
"Do me a favor and generate a new API key for payment-api-03, and then pull Grace's credentials for payment-api-03. Finally, sign off on Alice's permission request.",321,"revoke_access -> approve_access, rotate_api_key -> revoke_access",rotate_api_key;revoke_access;approve_access,0->1;1->2,chain_medium,original,train,FALSE,FALSE,rotate_api_key;revoke_access;approve_access
"Bob is asking us to check the DB for Diana. After that, change the owner of staging-db-02 to Marketing. Last step: notify the HR team.",373,"db_read -> transfer_ownership, transfer_ownership -> send_notification",db_read;transfer_ownership;send_notification,0->1;1->2,chain_medium,original,train,FALSE,FALSE,db_read;transfer_ownership;send_notification
"Bob is asking us to create an audit trail for #31450 and create a ticket about the Marketing issue, then converge and loop in a Engineering manager.",472,"create_ticket -> escalate_to_human, log_audit_event -> escalate_to_human",log_audit_event;create_ticket;escalate_to_human,0->2;1->2,fanin,original,train,FALSE,FALSE,log_audit_event;create_ticket;escalate_to_human
"Urgent: send a heads-up to Finance and book a maintenance window for payment-api-03. When all of that's complete, give Eve a new password.",491,"schedule_maintenance -> reset_password, send_notification -> reset_password",send_notification;schedule_maintenance;reset_password,0->2;1->2,fanin,original,train,FALSE,FALSE,send_notification;schedule_maintenance;reset_password
"Time to check if cdn-edge-06 is up, followed by do a security check on ml-infer-05. Next, isolate staging-db-02. After that, record the event in HR's log. Finally, ping Diana about it.",150,"check_status -> scan_malware, log_audit_event -> send_notification, quarantine_system -> log_audit_event, scan_malware -> quarantine_system",check_status;scan_malware;quarantine_system;log_audit_event;send_notification,0->1;1->2;2->3;3->4,chain_long,original,train,FALSE,FALSE,check_status;scan_malware;quarantine_system;log_audit_event;send_notification
"The Finance team needs us to cut off Bob's permissions. After that, write the new data for #42017 back — then downgrade Diana's account. End with arrange a maintenance slot for cdn-edge-06.",424,"db_write -> update_subscription, revoke_access -> db_write, update_subscription -> schedule_maintenance",revoke_access;db_write;update_subscription;schedule_maintenance,0->1;1->2;2->3,chain_medium,original,train,FALSE,FALSE,revoke_access;db_write;update_subscription;schedule_maintenance
"For the Engineering team, resize payment-api-03's resources. Once that's done, get the container running on staging-db-02, and lastly light up the feature for ml-infer-05.",287,"deploy_container -> enable_feature_flag, scale_service -> deploy_container",scale_service;deploy_container;enable_feature_flag,0->1;1->2,chain_medium,original,train,FALSE,FALSE,scale_service;deploy_container;enable_feature_flag
"Frank is asking us to force a credential change for Eve. Once that's done, email Charlie the update, and lastly read Frank's profile from the database.",360,"reset_password -> send_notification, send_notification -> db_read",reset_password;send_notification;db_read,0->1;1->2,chain_medium,original,train,FALSE,FALSE,reset_password;send_notification;db_read
I need you to check staging-db-02 for vulnerabilities and simultaneously quarantine ml-infer-05 and file a bug about cdn-edge-06.,112,"scan_malware -> create_ticket, scan_malware -> quarantine_system",scan_malware;quarantine_system;create_ticket,0->1;0->2,fanout,original,train,FALSE,FALSE,scan_malware;quarantine_system;create_ticket
"For the Marketing team, resize cdn-edge-06's resources. Once that's done, get the container running on prod-web-01, and lastly light up the feature for cdn-edge-06.",287,"deploy_container -> enable_feature_flag, scale_service -> deploy_container",scale_service;deploy_container;enable_feature_flag,0->1;1->2,chain_medium,original,train,FALSE,FALSE,scale_service;deploy_container;enable_feature_flag
"Urgent: check cdn-edge-06 for vulnerabilities, followed by quarantine prod-web-01, and while you're at it, ping Eve about it and log the whole prod-web-01 incident.",142,"quarantine_system -> log_audit_event, quarantine_system -> send_notification, scan_malware -> quarantine_system",scan_malware;quarantine_system;send_notification;log_audit_event,0->1;1->2;1->3,fanout,original,train,FALSE,FALSE,scan_malware;quarantine_system;send_notification;log_audit_event
"ASAP — roll prod-web-01 back to the last stable release. After that, blast an alert to Finance. Last step: deploy the container for Finance.",301,"rollback_deployment -> send_notification, send_notification -> deploy_container",rollback_deployment;send_notification;deploy_container,0->1;1->2,chain_medium,original,train,FALSE,FALSE,rollback_deployment;send_notification;deploy_container
"From HR: roll prod-web-01 back to the last stable release. Once that's done, ping Bob about it. To wrap up, get the container running on payment-api-03.",301,"rollback_deployment -> send_notification, send_notification -> deploy_container",rollback_deployment;send_notification;deploy_container,0->1;1->2,chain_medium,original,train,FALSE,FALSE,rollback_deployment;send_notification;deploy_container
"We gotta check if prod-web-01 is up, and then log the whole cdn-edge-06 incident. Last step: change Grace's plan.",308,"check_status -> log_audit_event, log_audit_event -> update_subscription",check_status;log_audit_event;update_subscription,0->1;1->2,chain_medium,original,train,FALSE,FALSE,check_status;log_audit_event;update_subscription
The Legal team needs us to pull Bob's data — then whip up a report for Engineering and concurrently blast an alert to Finance and log the whole cdn-edge-06 incident.,140,"db_read -> generate_report, generate_report -> log_audit_event, generate_report -> send_notification",db_read;generate_report;send_notification;log_audit_event,0->1;1->2;1->3,fanout,original,train,FALSE,FALSE,db_read;generate_report;send_notification;log_audit_event
"For the Legal team, check prod-web-01 for vulnerabilities — then pull ml-infer-05 from production and simultaneously notify the Legal team and log the whole cdn-edge-06 incident.",142,"quarantine_system -> log_audit_event, quarantine_system -> send_notification, scan_malware -> quarantine_system",scan_malware;quarantine_system;send_notification;log_audit_event,0->1;1->2;1->3,fanout,original,train,FALSE,FALSE,scan_malware;quarantine_system;send_notification;log_audit_event
"Ticket INC-8842 says scan auth-svc-04 for threats and snapshot the database for prod-web-01, merge everything and clear the cache for Marketing.",498,"backup_database -> invalidate_cache, scan_malware -> invalidate_cache",scan_malware;backup_database;invalidate_cache,0->2;1->2,fanin,original,train,FALSE,FALSE,scan_malware;backup_database;invalidate_cache
"Time to check if auth-svc-04 is up, followed by do a security check on staging-db-02. Next, isolate ml-infer-05. After that, record the event in Engineering's log. Finally, ping Eve about it.",150,"check_status -> scan_malware, log_audit_event -> send_notification, quarantine_system -> log_audit_event, scan_malware -> quarantine_system",check_status;scan_malware;quarantine_system;log_audit_event;send_notification,0->1;1->2;2->3;3->4,chain_long,original,train,FALSE,FALSE,check_status;scan_malware;quarantine_system;log_audit_event;send_notification
"Ticket INC-4021 says check the DB for Alice. After that, build a compliance doc for Marketing. Last step: shoot Grace an email.",101,"db_read -> generate_report, generate_report -> send_notification",db_read;generate_report;send_notification,0->1;1->2,chain_medium,original,train,FALSE,FALSE,db_read;generate_report;send_notification
Simple request — save the changes for Frank to the DB and we're good.,52,db_write,db_write,,single_node,original,train,FALSE,FALSE,db_write
Urgent: set up downtime for auth-svc-04 and concurrently make a compliance log about Charlie and send a heads-up to Engineering.,456,"schedule_maintenance -> log_audit_event, schedule_maintenance -> send_notification",schedule_maintenance;log_audit_event;send_notification,0->1;0->2,fanout,original,train,FALSE,FALSE,schedule_maintenance;log_audit_event;send_notification
"ASAP — change Bob's plan. Next, check if ml-infer-05 is up.",194,update_subscription -> check_status,update_subscription;check_status,0->1,chain_short,original,train,FALSE,FALSE,update_subscription;check_status
"Per Charlie's request, give Grace access to HR's resources, followed by build a compliance doc for Marketing. To wrap up, check if auth-svc-04 is up.",309,"approve_access -> generate_report, generate_report -> check_status",approve_access;generate_report;check_status,0->1;1->2,chain_medium,original,train,FALSE,FALSE,approve_access;generate_report;check_status
"For the HR team, send a heads-up to Engineering and arrange a maintenance slot for prod-web-01, then converge and rotate Eve's credentials.",491,"schedule_maintenance -> reset_password, send_notification -> reset_password",send_notification;schedule_maintenance;reset_password,0->2;1->2,fanin,original,train,FALSE,FALSE,send_notification;schedule_maintenance;reset_password
"Quick one — scan cdn-edge-06 for threats. Next, fire off a notification to Bob, followed by archive the old entries for Bob. Finally, launch an instance for Marketing.",412,"archive_data -> provision_vm, scan_malware -> send_notification, send_notification -> archive_data",scan_malware;send_notification;archive_data;provision_vm,0->1;1->2;2->3,chain_medium,original,train,FALSE,FALSE,scan_malware;send_notification;archive_data;provision_vm
The Engineering team needs us to pull Alice's data — then whip up a report for Marketing and concurrently blast an alert to Marketing and log the whole staging-db-02 incident.,140,"db_read -> generate_report, generate_report -> log_audit_event, generate_report -> send_notification",db_read;generate_report;send_notification;log_audit_event,0->1;1->2;1->3,fanout,original,train,FALSE,FALSE,db_read;generate_report;send_notification;log_audit_event
"Urgent: look up the records for #20891, then produce the HR performance summary. To wrap up, shoot Eve an email.",101,"db_read -> generate_report, generate_report -> send_notification",db_read;generate_report;send_notification,0->1;1->2,chain_medium,original,train,FALSE,FALSE,db_read;generate_report;send_notification
"Do me a favor and pull Grace's data. Once that's done, pass ml-infer-05 to Alice. Finally, ping Diana about it.",373,"db_read -> transfer_ownership, transfer_ownership -> send_notification",db_read;transfer_ownership;send_notification,0->1;1->2,chain_medium,original,train,FALSE,FALSE,db_read;transfer_ownership;send_notification
"From HR: check staging-db-02 for vulnerabilities — then shoot Frank an email. After that, shelve Marketing's outdated data. Last step: deploy a server for Marketing.",412,"archive_data -> provision_vm, scan_malware -> send_notification, send_notification -> archive_data",scan_malware;send_notification;archive_data;provision_vm,0->1;1->2;2->3,chain_medium,original,train,FALSE,FALSE,scan_malware;send_notification;archive_data;provision_vm
"Urgent: look up the records for #42017, then produce the Finance performance summary. To wrap up, shoot Diana an email.",101,"db_read -> generate_report, generate_report -> send_notification",db_read;generate_report;send_notification,0->1;1->2,chain_medium,original,train,FALSE,FALSE,db_read;generate_report;send_notification
Diagnose payment-api-03 while also reboot staging-db-02 and file a bug about staging-db-02.,111,"check_status -> create_ticket, check_status -> restart_service",check_status;restart_service;create_ticket,0->1;0->2,fanout,original,train,FALSE,FALSE,check_status;restart_service;create_ticket
"We gotta bump the capacity on staging-db-02, then deploy the container for Marketing. End with light up the feature for ml-infer-05.",287,"deploy_container -> enable_feature_flag, scale_service -> deploy_container",scale_service;deploy_container;enable_feature_flag,0->1;1->2,chain_medium,original,train,FALSE,FALSE,scale_service;deploy_container;enable_feature_flag
"We gotta move Legal's stale data to cold storage. Next, cut off Alice's permissions. To wrap up, adjust the billing tier for Bob.",327,"archive_data -> revoke_access, revoke_access -> update_subscription",archive_data;revoke_access;update_subscription,0->1;1->2,chain_medium,original,train,FALSE,FALSE,archive_data;revoke_access;update_subscription
"Ticket INC-8842 says scan cdn-edge-06 for threats and snapshot the database for cdn-edge-06, merge everything and clear the cache for Marketing.",498,"backup_database -> invalidate_cache, scan_malware -> invalidate_cache",scan_malware;backup_database;invalidate_cache,0->2;1->2,fanin,original,train,FALSE,FALSE,scan_malware;backup_database;invalidate_cache
"Quick one — notify the Legal team and plan maintenance on ml-infer-05 for Engineering. After those finish, give Frank a new password.",491,"schedule_maintenance -> reset_password, send_notification -> reset_password",send_notification;schedule_maintenance;reset_password,0->2;1->2,fanin,original,train,FALSE,FALSE,send_notification;schedule_maintenance;reset_password
"I need you to reverse the charge on #60122 and flip the feature toggle on for Engineering. Once both are done, launch an instance for Marketing.",488,"enable_feature_flag -> provision_vm, process_refund -> provision_vm",process_refund;enable_feature_flag;provision_vm,0->2;1->2,fanin,original,train,FALSE,FALSE,process_refund;enable_feature_flag;provision_vm
Do me a favor and roll cdn-edge-06 back to the last stable release while also file a bug about ml-infer-05 and pull staging-db-02 back from the last good backup.,433,"rollback_deployment -> create_ticket, rollback_deployment -> restore_backup",rollback_deployment;create_ticket;restore_backup,0->1;0->2,fanout,original,train,FALSE,FALSE,rollback_deployment;create_ticket;restore_backup
Diagnose staging-db-02 while also reboot ml-infer-05 and file a bug about auth-svc-04.,111,"check_status -> create_ticket, check_status -> restart_service",check_status;restart_service;create_ticket,0->1;0->2,fanout,original,train,FALSE,FALSE,check_status;restart_service;create_ticket
"We gotta shoot Eve an email and arrange a maintenance slot for cdn-edge-06. When all of that's complete, rotate Diana's credentials.",491,"schedule_maintenance -> reset_password, send_notification -> reset_password",send_notification;schedule_maintenance;reset_password,0->2;1->2,fanin,original,train,FALSE,FALSE,send_notification;schedule_maintenance;reset_password
Bob reported an issue — grab Charlie's account details — then hand auth-svc-04 over to Engineering. Last step: shoot Charlie an email.,373,"db_read -> transfer_ownership, transfer_ownership -> send_notification",db_read;transfer_ownership;send_notification,0->1;1->2,chain_medium,original,train,FALSE,FALSE,db_read;transfer_ownership;send_notification
"I need you to push the refund through for #42017 and enable the flag for prod-web-01. After those finish, provision a new instance for Engineering.",488,"enable_feature_flag -> provision_vm, process_refund -> provision_vm",process_refund;enable_feature_flag;provision_vm,0->2;1->2,fanin,original,train,FALSE,FALSE,process_refund;enable_feature_flag;provision_vm
"Time to give Eve a new password. After that, send a heads-up to Marketing, and lastly grab Diana's account details.",360,"reset_password -> send_notification, send_notification -> db_read",reset_password;send_notification;db_read,0->1;1->2,chain_medium,original,train,FALSE,FALSE,reset_password;send_notification;db_read
"When you get a chance, diagnose payment-api-03, and while you're at it, restart the main process on ml-infer-05 and open a ticket for Diana.",111,"check_status -> create_ticket, check_status -> restart_service",check_status;restart_service;create_ticket,0->1;0->2,fanout,original,train,FALSE,FALSE,check_status;restart_service;create_ticket
"Per Eve's request, bring ml-infer-05 back from the snapshot and lock down prod-web-01, then converge and grant Grace permissions to staging-db-02.",504,"quarantine_system -> approve_access, restore_backup -> approve_access",restore_backup;quarantine_system;approve_access,0->2;1->2,fanin,original,train,FALSE,FALSE,restore_backup;quarantine_system;approve_access
"Alice reported an issue — deploy a server for HR. Once that's done, shoot Diana an email.",79,provision_vm -> send_notification,provision_vm;send_notification,0->1,chain_short,original,train,FALSE,FALSE,provision_vm;send_notification
"We gotta give Diana their money back. After that, switch off the flag for Finance. End with restart the service on ml-infer-05.",366,"disable_feature_flag -> restart_service, process_refund -> disable_feature_flag",process_refund;disable_feature_flag;restart_service,0->1;1->2,chain_medium,original,train,FALSE,FALSE,process_refund;disable_feature_flag;restart_service
"Do me a favor and force a credential change for Frank, and then push the refund through for #60122. Finally, change the owner of prod-web-01 to HR.",279,"process_refund -> transfer_ownership, reset_password -> process_refund",reset_password;process_refund;transfer_ownership,0->1;1->2,chain_medium,original,train,FALSE,FALSE,reset_password;process_refund;transfer_ownership
"Credit Bob's account. After that, kill the feature toggle for HR. Finally, give cdn-edge-06 a kick.",366,"disable_feature_flag -> restart_service, process_refund -> disable_feature_flag",process_refund;disable_feature_flag;restart_service,0->1;1->2,chain_medium,original,train,FALSE,FALSE,process_refund;disable_feature_flag;restart_service
"Do me a favor and pull Alice's data. Once that's done, pass auth-svc-04 to Frank. Finally, ping Bob about it.",373,"db_read -> transfer_ownership, transfer_ownership -> send_notification",db_read;transfer_ownership;send_notification,0->1;1->2,chain_medium,original,train,FALSE,FALSE,db_read;transfer_ownership;send_notification
"From Engineering: grant Alice permissions to auth-svc-04. Next, produce the HR performance summary. Finally, verify staging-db-02's health.",309,"approve_access -> generate_report, generate_report -> check_status",approve_access;generate_report;check_status,0->1;1->2,chain_medium,original,train,FALSE,FALSE,approve_access;generate_report;check_status
"The Finance team needs us to dig up the history on Bob, and then shut down the feature on staging-db-02 — then push the refund through for #10234. To wrap up, archive Diana's old records.",379,"db_read -> disable_feature_flag, disable_feature_flag -> process_refund, process_refund -> archive_data",db_read;disable_feature_flag;process_refund;archive_data,0->1;1->2;2->3,chain_medium,original,train,FALSE,FALSE,db_read;disable_feature_flag;process_refund;archive_data
"Alice reported an issue — push the refund through for #10234, then generate a new API key for staging-db-02. To wrap up, save the changes for Grace to the DB.",332,"process_refund -> rotate_api_key, rotate_api_key -> db_write",process_refund;rotate_api_key;db_write,0->1;1->2,chain_medium,original,train,FALSE,FALSE,process_refund;rotate_api_key;db_write
"When you get a chance, schedule maintenance for auth-svc-04, and while you're at it, drop an audit entry for prod-web-01 and send a heads-up to Engineering.",456,"schedule_maintenance -> log_audit_event, schedule_maintenance -> send_notification",schedule_maintenance;log_audit_event;send_notification,0->1;0->2,fanout,original,train,FALSE,FALSE,schedule_maintenance;log_audit_event;send_notification
"From Legal: grab Alice's account details, then move auth-svc-04's ownership to Engineering. Finally, email Eve the update.",373,"db_read -> transfer_ownership, transfer_ownership -> send_notification",db_read;transfer_ownership;send_notification,0->1;1->2,chain_medium,original,train,FALSE,FALSE,db_read;transfer_ownership;send_notification
"Quick one — shoot Eve an email, followed by switch on the flag for Marketing. End with modify Charlie's subscription.",359,"enable_feature_flag -> update_subscription, send_notification -> enable_feature_flag",send_notification;enable_feature_flag;update_subscription,0->1;1->2,chain_medium,original,train,FALSE,FALSE,send_notification;enable_feature_flag;update_subscription
"For the Marketing team, scan cdn-edge-06 for threats — then isolate prod-web-01, and while you're at it, notify the HR team and record the event in Legal's log.",142,"quarantine_system -> log_audit_event, quarantine_system -> send_notification, scan_malware -> quarantine_system",scan_malware;quarantine_system;send_notification;log_audit_event,0->1;1->2;1->3,fanout,original,train,FALSE,FALSE,scan_malware;quarantine_system;send_notification;log_audit_event
"Time to pull Bob's data, and while you're at it, downgrade Bob's account and notify the Legal team.",110,"db_read -> send_notification, db_read -> update_subscription",db_read;update_subscription;send_notification,0->1;0->2,fanout,original,train,FALSE,FALSE,db_read;update_subscription;send_notification
"Alice is asking us to verify auth-svc-04's health and check the DB for Grace. When all of that's complete, send a heads-up to Engineering.",125,"check_status -> send_notification, db_read -> send_notification",check_status;db_read;send_notification,0->2;1->2,fanin,original,train,FALSE,FALSE,check_status;db_read;send_notification
"Ticket INC-5560 says ping staging-db-02 for a health check and investigate auth-svc-04 for infections. Once both are done, make a compliance log about Charlie.",494,"check_status -> log_audit_event, scan_malware -> log_audit_event",check_status;scan_malware;log_audit_event,0->2;1->2,fanin,original,train,FALSE,FALSE,check_status;scan_malware;log_audit_event
"For the Marketing team, dig up the history on Frank, then generate the Engineering analytics and at the same time blast an alert to Finance and create an audit trail for #42017.",140,"db_read -> generate_report, generate_report -> log_audit_event, generate_report -> send_notification",db_read;generate_report;send_notification;log_audit_event,0->1;1->2;1->3,fanout,original,train,FALSE,FALSE,db_read;generate_report;send_notification;log_audit_event
"Urgent: send a heads-up to Legal and book a maintenance window for staging-db-02. When all of that's complete, give Frank a new password.",491,"schedule_maintenance -> reset_password, send_notification -> reset_password",send_notification;schedule_maintenance;reset_password,0->2;1->2,fanin,original,train,FALSE,FALSE,send_notification;schedule_maintenance;reset_password
"Massive outage on ml-infer-05: check it, scan for bugs, quarantine, reboot, escalate to on-call, notify Finance, and log everything.",16,"check_status -> scan_malware, escalate_to_human -> send_notification, quarantine_system -> restart_service, restart_service -> escalate_to_human, scan_malware -> quarantine_system, send_notification -> log_audit_event",check_status;scan_malware;quarantine_system;restart_service;escalate_to_human;send_notification;log_audit_event,0->1;1->2;2->3;3->4;4->5;5->6,chain_long,original,train,FALSE,FALSE,check_status;scan_malware;quarantine_system;restart_service;escalate_to_human;send_notification;log_audit_event
Time to take prod-web-01 back to the prior build and simultaneously open a ticket for Frank and pull ml-infer-05 back from the last good backup.,433,"rollback_deployment -> create_ticket, rollback_deployment -> restore_backup",rollback_deployment;create_ticket;restore_backup,0->1;0->2,fanout,original,train,FALSE,FALSE,rollback_deployment;create_ticket;restore_backup
"Urgent: look up the records for #42017, then produce the Finance performance summary. To wrap up, shoot Grace an email.",101,"db_read -> generate_report, generate_report -> send_notification",db_read;generate_report;send_notification,0->1;1->2,chain_medium,original,train,FALSE,FALSE,db_read;generate_report;send_notification
Do me a favor and generate the Finance analytics — then run the deployment pipeline for Finance. Last step: take a snapshot of ml-infer-05's DB.,357,"generate_report -> run_pipeline, run_pipeline -> backup_database",generate_report;run_pipeline;backup_database,0->1;1->2,chain_medium,original,train,FALSE,FALSE,generate_report;run_pipeline;backup_database
"Ticket INC-1198 says notify the HR team, and then activate the feature flag on auth-svc-04. End with update Alice's subscription.",359,"enable_feature_flag -> update_subscription, send_notification -> enable_feature_flag",send_notification;enable_feature_flag;update_subscription,0->1;1->2,chain_medium,original,train,FALSE,FALSE,send_notification;enable_feature_flag;update_subscription
"Check the DB for Diana and check if prod-web-01 is up. Once both are done, put together a report on auth-svc-04, and lastly ping Eve about it.",135,"check_status -> generate_report, db_read -> generate_report, generate_report -> send_notification",db_read;check_status;generate_report;send_notification,0->2;1->2;2->3,fanin,original,train,FALSE,FALSE,db_read;check_status;generate_report;send_notification
"From Legal: grab Grace's account details, then move payment-api-03's ownership to Legal. Finally, email Alice the update.",373,"db_read -> transfer_ownership, transfer_ownership -> send_notification",db_read;transfer_ownership;send_notification,0->1;1->2,chain_medium,original,train,FALSE,FALSE,db_read;transfer_ownership;send_notification
"Ticket INC-4021 says check the DB for Grace. Once that's done, produce the Legal performance summary and simultaneously notify the Engineering team and create an audit trail for #31450.",140,"db_read -> generate_report, generate_report -> log_audit_event, generate_report -> send_notification",db_read;generate_report;send_notification;log_audit_event,0->1;1->2;1->3,fanout,original,train,FALSE,FALSE,db_read;generate_report;send_notification;log_audit_event
"When you get a chance, scan auth-svc-04 for threats, and while you're at it, lock down payment-api-03 and file a bug about cdn-edge-06.",112,"scan_malware -> create_ticket, scan_malware -> quarantine_system",scan_malware;quarantine_system;create_ticket,0->1;0->2,fanout,original,train,FALSE,FALSE,scan_malware;quarantine_system;create_ticket
"Urgent: whip up a report for Finance — then start the CI job for ml-infer-05. Finally, take a snapshot of staging-db-02's DB.",357,"generate_report -> run_pipeline, run_pipeline -> backup_database",generate_report;run_pipeline;backup_database,0->1;1->2,chain_medium,original,train,FALSE,FALSE,generate_report;run_pipeline;backup_database
"Hey, can you send a heads-up to Finance, then switch on the flag for Marketing. Finally, downgrade Grace's account.",359,"enable_feature_flag -> update_subscription, send_notification -> enable_feature_flag",send_notification;enable_feature_flag;update_subscription,0->1;1->2,chain_medium,original,train,FALSE,FALSE,send_notification;enable_feature_flag;update_subscription
"For the Engineering team, scan payment-api-03 for threats — then isolate cdn-edge-06, and while you're at it, notify the HR team and record the event in Marketing's log.",142,"quarantine_system -> log_audit_event, quarantine_system -> send_notification, scan_malware -> quarantine_system",scan_malware;quarantine_system;send_notification;log_audit_event,0->1;1->2;1->3,fanout,original,train,FALSE,FALSE,scan_malware;quarantine_system;send_notification;log_audit_event
"The Marketing team needs us to scan cdn-edge-06 for threats and snapshot the database for payment-api-03, then converge and invalidate auth-svc-04's cache.",498,"backup_database -> invalidate_cache, scan_malware -> invalidate_cache",scan_malware;backup_database;invalidate_cache,0->2;1->2,fanin,original,train,FALSE,FALSE,scan_malware;backup_database;invalidate_cache
"Grace reported an issue — cycle the secret for Marketing's service. Once that's done, strip Frank's access to Marketing, and lastly green-light Diana's access to Legal.",321,"revoke_access -> approve_access, rotate_api_key -> revoke_access",rotate_api_key;revoke_access;approve_access,0->1;1->2,chain_medium,original,train,FALSE,FALSE,rotate_api_key;revoke_access;approve_access
We gotta force a credential change for Grace and concurrently blast an alert to Marketing and record the event in Marketing's log.,119,"reset_password -> log_audit_event, reset_password -> send_notification",reset_password;send_notification;log_audit_event,0->1;0->2,fanout,original,train,FALSE,FALSE,reset_password;send_notification;log_audit_event
Quick one — archive the old entries for Eve — then pull Charlie's credentials for ml-infer-05. End with downgrade Charlie's account.,327,"archive_data -> revoke_access, revoke_access -> update_subscription",archive_data;revoke_access;update_subscription,0->1;1->2,chain_medium,original,train,FALSE,FALSE,archive_data;revoke_access;update_subscription
Urgent: set up downtime for cdn-edge-06 and concurrently make a compliance log about Grace and send a heads-up to Marketing.,456,"schedule_maintenance -> log_audit_event, schedule_maintenance -> send_notification",schedule_maintenance;log_audit_event;send_notification,0->1;0->2,fanout,original,train,FALSE,FALSE,schedule_maintenance;log_audit_event;send_notification
"Time to give Bob a new password. After that, send a heads-up to Finance, and lastly grab Frank's account details.",360,"reset_password -> send_notification, send_notification -> db_read",reset_password;send_notification;db_read,0->1;1->2,chain_medium,original,train,FALSE,FALSE,reset_password;send_notification;db_read
"Alice is asking us to assess payment-api-03's status. Next, create an audit trail for #10234. Finally, update Frank's subscription.",308,"check_status -> log_audit_event, log_audit_event -> update_subscription",check_status;log_audit_event;update_subscription,0->1;1->2,chain_medium,original,train,FALSE,FALSE,check_status;log_audit_event;update_subscription
"Do me a favor and generate a new API key for staging-db-02, and then pull Grace's credentials for auth-svc-04. Finally, sign off on Charlie's permission request.",321,"revoke_access -> approve_access, rotate_api_key -> revoke_access",rotate_api_key;revoke_access;approve_access,0->1;1->2,chain_medium,original,train,FALSE,FALSE,rotate_api_key;revoke_access;approve_access
"The Engineering team needs us to give Eve their money back, then generate a new API key for auth-svc-04. To wrap up, store the HR config in the database.",332,"process_refund -> rotate_api_key, rotate_api_key -> db_write",process_refund;rotate_api_key;db_write,0->1;1->2,chain_medium,original,train,FALSE,FALSE,process_refund;rotate_api_key;db_write
"Eve reported an issue — rotate the API key for ml-infer-05. Next, do a security check on ml-infer-05. Finally, push the container image for Finance.",302,"rotate_api_key -> scan_malware, scan_malware -> deploy_container",rotate_api_key;scan_malware;deploy_container,0->1;1->2,chain_medium,original,train,FALSE,FALSE,rotate_api_key;scan_malware;deploy_container
"Investigate ml-infer-05 status, do a malware check, lock it down, bounce the service, escalate to tier 2, email Legal, and record the event.",16,"check_status -> scan_malware, escalate_to_human -> send_notification, quarantine_system -> restart_service, restart_service -> escalate_to_human, scan_malware -> quarantine_system, send_notification -> log_audit_event",check_status;scan_malware;quarantine_system;restart_service;escalate_to_human;send_notification;log_audit_event,0->1;1->2;2->3;3->4;4->5;5->6,chain_long,original,train,FALSE,FALSE,check_status;scan_malware;quarantine_system;restart_service;escalate_to_human;send_notification;log_audit_event
Alice reported an issue — push the refund through for #20891 — then swap out ml-infer-05's credentials. Last step: save the changes for Bob to the DB.,332,"process_refund -> rotate_api_key, rotate_api_key -> db_write",process_refund;rotate_api_key;db_write,0->1;1->2,chain_medium,original,train,FALSE,FALSE,process_refund;rotate_api_key;db_write
"Urgent: bring payment-api-03 back from the snapshot, and while you're at it, give Eve their money back and create a ticket about the Legal issue.",445,"restore_backup -> create_ticket, restore_backup -> process_refund",restore_backup;process_refund;create_ticket,0->1;0->2,fanout,original,train,FALSE,FALSE,restore_backup;process_refund;create_ticket
"The Engineering team needs us to give Charlie their money back, then generate a new API key for cdn-edge-06. To wrap up, store the Marketing config in the database.",332,"process_refund -> rotate_api_key, rotate_api_key -> db_write",process_refund;rotate_api_key;db_write,0->1;1->2,chain_medium,original,train,FALSE,FALSE,process_refund;rotate_api_key;db_write
"Cycle prod-web-01, then send a heads-up to Engineering.",71,restart_service -> send_notification,restart_service;send_notification,0->1,chain_short,original,train,FALSE,FALSE,restart_service;send_notification
We gotta force a credential change for Diana and concurrently blast an alert to Engineering and record the event in Legal's log.,119,"reset_password -> log_audit_event, reset_password -> send_notification",reset_password;send_notification;log_audit_event,0->1;0->2,fanout,original,train,FALSE,FALSE,reset_password;send_notification;log_audit_event
"Hey, can you process the payout for Charlie. After that, turn off the feature flag for Legal. Last step: restart the main process on staging-db-02.",366,"disable_feature_flag -> restart_service, process_refund -> disable_feature_flag",process_refund;disable_feature_flag;restart_service,0->1;1->2,chain_medium,original,train,FALSE,FALSE,process_refund;disable_feature_flag;restart_service
"For the HR team, check prod-web-01 for vulnerabilities — then pull payment-api-03 from production and simultaneously notify the Engineering team and log the whole staging-db-02 incident.",142,"quarantine_system -> log_audit_event, quarantine_system -> send_notification, scan_malware -> quarantine_system",scan_malware;quarantine_system;send_notification;log_audit_event,0->1;1->2;1->3,fanout,original,train,FALSE,FALSE,scan_malware;quarantine_system;send_notification;log_audit_event
Do me a favor and look up the records for #20891 and at the same time process the payout for Diana and blast an alert to Engineering.,114,"db_read -> process_refund, db_read -> send_notification",db_read;process_refund;send_notification,0->1;0->2,fanout,original,train,FALSE,FALSE,db_read;process_refund;send_notification
"Charlie is asking us to email Grace the update and plan maintenance on ml-infer-05 for HR. Once both are done, rotate Alice's credentials.",491,"schedule_maintenance -> reset_password, send_notification -> reset_password",send_notification;schedule_maintenance;reset_password,0->2;1->2,fanin,original,train,FALSE,FALSE,send_notification;schedule_maintenance;reset_password
"Hey, can you pull staging-db-02 back from the last good backup, and while you're at it, process the payout for Charlie and spin up a tracking ticket for Alice.",445,"restore_backup -> create_ticket, restore_backup -> process_refund",restore_backup;process_refund;create_ticket,0->1;0->2,fanout,original,train,FALSE,FALSE,restore_backup;process_refund;create_ticket
"Time to pull Grace's data, and while you're at it, downgrade Alice's account and notify the Engineering team.",110,"db_read -> send_notification, db_read -> update_subscription",db_read;update_subscription;send_notification,0->1;0->2,fanout,original,train,FALSE,FALSE,db_read;update_subscription;send_notification
"Per Grace's request, give Frank access to Legal's resources, followed by build a compliance doc for Engineering. To wrap up, check if ml-infer-05 is up.",309,"approve_access -> generate_report, generate_report -> check_status",approve_access;generate_report;check_status,0->1;1->2,chain_medium,original,train,FALSE,FALSE,approve_access;generate_report;check_status
"Quick one — shoot Frank an email, followed by switch on the flag for Legal. End with modify Bob's subscription.",359,"enable_feature_flag -> update_subscription, send_notification -> enable_feature_flag",send_notification;enable_feature_flag;update_subscription,0->1;1->2,chain_medium,original,train,FALSE,FALSE,send_notification;enable_feature_flag;update_subscription
"We gotta check payment-api-03 for vulnerabilities, and while you're at it, lock down payment-api-03 and open a ticket for Charlie.",112,"scan_malware -> create_ticket, scan_malware -> quarantine_system",scan_malware;quarantine_system;create_ticket,0->1;0->2,fanout,original,train,FALSE,FALSE,scan_malware;quarantine_system;create_ticket
"Do me a favor and undo the latest release on staging-db-02 — then shoot Charlie an email. Finally, deploy the container for HR.",301,"rollback_deployment -> send_notification, send_notification -> deploy_container",rollback_deployment;send_notification;deploy_container,0->1;1->2,chain_medium,original,train,FALSE,FALSE,rollback_deployment;send_notification;deploy_container
"Hey, can you send a heads-up to Marketing, then switch on the flag for Finance. Finally, downgrade Frank's account.",359,"enable_feature_flag -> update_subscription, send_notification -> enable_feature_flag",send_notification;enable_feature_flag;update_subscription,0->1;1->2,chain_medium,original,train,FALSE,FALSE,send_notification;enable_feature_flag;update_subscription
Time to grab Frank's account details while also push the refund through for #60122 and notify the HR team.,114,"db_read -> process_refund, db_read -> send_notification",db_read;process_refund;send_notification,0->1;0->2,fanout,original,train,FALSE,FALSE,db_read;process_refund;send_notification
"ASAP — dig up the history on Frank — in parallel, adjust the billing tier for Grace and shoot Eve an email.",110,"db_read -> send_notification, db_read -> update_subscription",db_read;update_subscription;send_notification,0->1;0->2,fanout,original,train,FALSE,FALSE,db_read;update_subscription;send_notification
"Charlie is asking us to diagnose prod-web-01, then run a malware sweep on auth-svc-04, followed by yank staging-db-02 off the network. Once that's done, make a compliance log about Diana. Last step: blast an alert to Marketing.",150,"check_status -> scan_malware, log_audit_event -> send_notification, quarantine_system -> log_audit_event, scan_malware -> quarantine_system",check_status;scan_malware;quarantine_system;log_audit_event;send_notification,0->1;1->2;2->3;3->4,chain_long,original,train,FALSE,FALSE,check_status;scan_malware;quarantine_system;log_audit_event;send_notification
"We gotta bring prod-web-01 back from the snapshot and lock down prod-web-01, merge everything and give Alice access to Legal's resources.",504,"quarantine_system -> approve_access, restore_backup -> approve_access",restore_backup;quarantine_system;approve_access,0->2;1->2,fanin,original,train,FALSE,FALSE,restore_backup;quarantine_system;approve_access
"From Legal: log Frank's action for compliance. Once that's done, give staging-db-02 a kick.",258,log_audit_event -> restart_service,log_audit_event;restart_service,0->1,chain_short,original,train,FALSE,FALSE,log_audit_event;restart_service
"Bob reported an issue — nuke Diana's old login and issue a fresh one. After that, credit Alice's account. Finally, change the owner of ml-infer-05 to HR.",279,"process_refund -> transfer_ownership, reset_password -> process_refund",reset_password;process_refund;transfer_ownership,0->1;1->2,chain_medium,original,train,FALSE,FALSE,reset_password;process_refund;transfer_ownership
Bob reported an issue — refund Eve — then rotate the API key for ml-infer-05. End with store the Legal config in the database.,332,"process_refund -> rotate_api_key, rotate_api_key -> db_write",process_refund;rotate_api_key;db_write,0->1;1->2,chain_medium,original,train,FALSE,FALSE,process_refund;rotate_api_key;db_write
"The Marketing team needs us to fetch #31450's info and ping payment-api-03 for a health check. Once both are done, whip up a report for Finance. End with blast an alert to HR.",135,"check_status -> generate_report, db_read -> generate_report, generate_report -> send_notification",db_read;check_status;generate_report;send_notification,0->2;1->2;2->3,fanin,original,train,FALSE,FALSE,db_read;check_status;generate_report;send_notification
"We gotta nuke Frank's old login and issue a fresh one, and then blast an alert to Engineering. Last step: look up the records for #20891.",360,"reset_password -> send_notification, send_notification -> db_read",reset_password;send_notification;db_read,0->1;1->2,chain_medium,original,train,FALSE,FALSE,reset_password;send_notification;db_read
"Hey, can you query the database about #53698 and diagnose ml-infer-05, merge everything and build a compliance doc for Marketing. To wrap up, send a heads-up to Legal.",135,"check_status -> generate_report, db_read -> generate_report, generate_report -> send_notification",db_read;check_status;generate_report;send_notification,0->2;1->2;2->3,fanin,original,train,FALSE,FALSE,db_read;check_status;generate_report;send_notification
"When you get a chance, nuke Diana's old login and issue a fresh one, then fire off a notification to Bob, and lastly dig up the history on Grace.",360,"reset_password -> send_notification, send_notification -> db_read",reset_password;send_notification;db_read,0->1;1->2,chain_medium,original,train,FALSE,FALSE,reset_password;send_notification;db_read
We gotta yank cdn-edge-06 off the network — then record the event in Engineering's log.,63,quarantine_system -> log_audit_event,quarantine_system;log_audit_event,0->1,chain_short,original,train,FALSE,FALSE,quarantine_system;log_audit_event
"Diana is asking us to diagnose prod-web-01, then run a malware sweep on auth-svc-04, followed by yank ml-infer-05 off the network. Once that's done, make a compliance log about Eve. Last step: blast an alert to Finance.",150,"check_status -> scan_malware, log_audit_event -> send_notification, quarantine_system -> log_audit_event, scan_malware -> quarantine_system",check_status;scan_malware;quarantine_system;log_audit_event;send_notification,0->1;1->2;2->3;3->4,chain_long,original,train,FALSE,FALSE,check_status;scan_malware;quarantine_system;log_audit_event;send_notification
"ASAP — dig up the history on Diana — in parallel, adjust the billing tier for Eve and shoot Grace an email.",110,"db_read -> send_notification, db_read -> update_subscription",db_read;update_subscription;send_notification,0->1;0->2,fanout,original,train,FALSE,FALSE,db_read;update_subscription;send_notification
"Charlie reported an issue — deploy a server for Legal. Once that's done, shoot Alice an email.",79,provision_vm -> send_notification,provision_vm;send_notification,0->1,chain_short,original,train,FALSE,FALSE,provision_vm;send_notification
"The Legal team needs us to give Charlie their money back, then generate a new API key for cdn-edge-06. To wrap up, store the Finance config in the database.",332,"process_refund -> rotate_api_key, rotate_api_key -> db_write",process_refund;rotate_api_key;db_write,0->1;1->2,chain_medium,original,train,FALSE,FALSE,process_refund;rotate_api_key;db_write
"Check the DB records and scan staging-db-02 for threats, then dump it all in the audit log.",12,"db_read -> log_audit_event, scan_malware -> log_audit_event",db_read;scan_malware;log_audit_event,0->2;1->2,fanin,original,train,FALSE,FALSE,db_read;scan_malware;log_audit_event
"I need you to blast an alert to Legal. After that, activate the feature flag on cdn-edge-06. Last step: modify Bob's subscription.",359,"enable_feature_flag -> update_subscription, send_notification -> enable_feature_flag",send_notification;enable_feature_flag;update_subscription,0->1;1->2,chain_medium,original,train,FALSE,FALSE,send_notification;enable_feature_flag;update_subscription
"Quick one — query the database about #10234. Once that's done, shut down the feature on payment-api-03, then reverse the charge on #31450. Finally, archive the old entries for Frank.",379,"db_read -> disable_feature_flag, disable_feature_flag -> process_refund, process_refund -> archive_data",db_read;disable_feature_flag;process_refund;archive_data,0->1;1->2;2->3,chain_medium,original,train,FALSE,FALSE,db_read;disable_feature_flag;process_refund;archive_data
"Urgent: force a credential change for Grace. Once that's done, shoot Frank an email. End with look up the records for #31450.",360,"reset_password -> send_notification, send_notification -> db_read",reset_password;send_notification;db_read,0->1;1->2,chain_medium,original,train,FALSE,FALSE,reset_password;send_notification;db_read
"When you get a chance, load the backup onto auth-svc-04 while also push the refund through for #60122 and log a Jira for Bob's issue.",445,"restore_backup -> create_ticket, restore_backup -> process_refund",restore_backup;process_refund;create_ticket,0->1;0->2,fanout,original,train,FALSE,FALSE,restore_backup;process_refund;create_ticket
"Time to look up the records for #53698. Next, kill the feature toggle for HR, then give Diana their money back. Finally, cold-store the old records for Grace.",379,"db_read -> disable_feature_flag, disable_feature_flag -> process_refund, process_refund -> archive_data",db_read;disable_feature_flag;process_refund;archive_data,0->1;1->2;2->3,chain_medium,original,train,FALSE,FALSE,db_read;disable_feature_flag;process_refund;archive_data
"Time to give Bob a new password. After that, send a heads-up to HR, and lastly grab Bob's account details.",360,"reset_password -> send_notification, send_notification -> db_read",reset_password;send_notification;db_read,0->1;1->2,chain_medium,original,train,FALSE,FALSE,reset_password;send_notification;db_read
"Time to diagnose staging-db-02 — then drop an audit entry for payment-api-03, and lastly downgrade Bob's account.",308,"check_status -> log_audit_event, log_audit_event -> update_subscription",check_status;log_audit_event;update_subscription,0->1;1->2,chain_medium,original,train,FALSE,FALSE,check_status;log_audit_event;update_subscription
"Retrieve the historical data and do a live scan, then record everything for compliance.",12,"db_read -> log_audit_event, scan_malware -> log_audit_event",db_read;scan_malware;log_audit_event,0->2;1->2,fanin,original,train,FALSE,FALSE,db_read;scan_malware;log_audit_event
"I need you to reverse the charge on #60122 and flip the feature toggle on for Marketing. Once both are done, launch an instance for Finance.",488,"enable_feature_flag -> provision_vm, process_refund -> provision_vm",process_refund;enable_feature_flag;provision_vm,0->2;1->2,fanin,original,train,FALSE,FALSE,process_refund;enable_feature_flag;provision_vm
"I need you to assess payment-api-03's status. Next, do a security check on ml-infer-05, and then yank cdn-edge-06 off the network. After that, make a compliance log about Alice, and lastly shoot Charlie an email.",150,"check_status -> scan_malware, log_audit_event -> send_notification, quarantine_system -> log_audit_event, scan_malware -> quarantine_system",check_status;scan_malware;quarantine_system;log_audit_event;send_notification,0->1;1->2;2->3;3->4,chain_long,original,train,FALSE,FALSE,check_status;scan_malware;quarantine_system;log_audit_event;send_notification
"ASAP — reboot ml-infer-05. After that, plan maintenance on prod-web-01 for Engineering. Once that's done, email Eve the update, and lastly investigate cdn-edge-06 for infections.",413,"restart_service -> schedule_maintenance, schedule_maintenance -> send_notification, send_notification -> scan_malware",restart_service;schedule_maintenance;send_notification;scan_malware,0->1;1->2;2->3,chain_medium,original,train,FALSE,FALSE,restart_service;schedule_maintenance;send_notification;scan_malware
"Ticket INC-8842 says check the DB for Diana, then disable the flag on ml-infer-05, then push the refund through for #60122. To wrap up, archive Grace's old records.",379,"db_read -> disable_feature_flag, disable_feature_flag -> process_refund, process_refund -> archive_data",db_read;disable_feature_flag;process_refund;archive_data,0->1;1->2;2->3,chain_medium,original,train,FALSE,FALSE,db_read;disable_feature_flag;process_refund;archive_data
"Eve is asking us to read Bob's profile from the database and verify ml-infer-05's health. Once both are done, compile a summary for Engineering, and lastly notify the Engineering team.",135,"check_status -> generate_report, db_read -> generate_report, generate_report -> send_notification",db_read;check_status;generate_report;send_notification,0->2;1->2;2->3,fanin,original,train,FALSE,FALSE,db_read;check_status;generate_report;send_notification
"For the Marketing team, look up the records for #31450 and concurrently refund Charlie and ping Frank about it.",114,"db_read -> process_refund, db_read -> send_notification",db_read;process_refund;send_notification,0->1;0->2,fanout,original,train,FALSE,FALSE,db_read;process_refund;send_notification
"Urgent: check staging-db-02 for vulnerabilities and take a snapshot of auth-svc-04's DB, then converge and invalidate ml-infer-05's cache.",498,"backup_database -> invalidate_cache, scan_malware -> invalidate_cache",scan_malware;backup_database;invalidate_cache,0->2;1->2,fanin,original,train,FALSE,FALSE,scan_malware;backup_database;invalidate_cache
"Massive outage on payment-api-03: check it, scan for bugs, quarantine, reboot, escalate to on-call, notify Engineering, and log everything.",16,"check_status -> scan_malware, escalate_to_human -> send_notification, quarantine_system -> restart_service, restart_service -> escalate_to_human, scan_malware -> quarantine_system, send_notification -> log_audit_event",check_status;scan_malware;quarantine_system;restart_service;escalate_to_human;send_notification;log_audit_event,0->1;1->2;2->3;3->4;4->5;5->6,chain_long,original,train,FALSE,FALSE,check_status;scan_malware;quarantine_system;restart_service;escalate_to_human;send_notification;log_audit_event
"Do me a favor and drop an audit entry for staging-db-02 and file a bug about cdn-edge-06, merge everything and wake up the on-call about prod-web-01.",472,"create_ticket -> escalate_to_human, log_audit_event -> escalate_to_human",log_audit_event;create_ticket;escalate_to_human,0->2;1->2,fanin,original,train,FALSE,FALSE,log_audit_event;create_ticket;escalate_to_human
The Finance team needs us to look up the records for #20891 and at the same time switch Charlie to the new plan and send a heads-up to Marketing.,110,"db_read -> send_notification, db_read -> update_subscription",db_read;update_subscription;send_notification,0->1;0->2,fanout,original,train,FALSE,FALSE,db_read;update_subscription;send_notification
"The HR team needs us to assess cdn-edge-06's status, followed by do a security check on payment-api-03. Once that's done, lock down ml-infer-05 — then create an audit trail for #60122. Last step: shoot Eve an email.",150,"check_status -> scan_malware, log_audit_event -> send_notification, quarantine_system -> log_audit_event, scan_malware -> quarantine_system",check_status;scan_malware;quarantine_system;log_audit_event;send_notification,0->1;1->2;2->3;3->4,chain_long,original,train,FALSE,FALSE,check_status;scan_malware;quarantine_system;log_audit_event;send_notification
Ticket INC-8842 says pull cdn-edge-06 back from the last good backup while also reverse the charge on #10234 and spin up a tracking ticket for Eve.,445,"restore_backup -> create_ticket, restore_backup -> process_refund",restore_backup;process_refund;create_ticket,0->1;0->2,fanout,original,train,FALSE,FALSE,restore_backup;process_refund;create_ticket
"For the Engineering team, cycle ml-infer-05, then schedule maintenance for auth-svc-04 — then blast an alert to Marketing. To wrap up, do a security check on cdn-edge-06.",413,"restart_service -> schedule_maintenance, schedule_maintenance -> send_notification, send_notification -> scan_malware",restart_service;schedule_maintenance;send_notification;scan_malware,0->1;1->2;2->3,chain_medium,original,train,FALSE,FALSE,restart_service;schedule_maintenance;send_notification;scan_malware
"For the Legal team, restart the service on ml-infer-05, followed by book a maintenance window for staging-db-02, then fire off a notification to Frank. Finally, scan prod-web-01 for threats.",413,"restart_service -> schedule_maintenance, schedule_maintenance -> send_notification, send_notification -> scan_malware",restart_service;schedule_maintenance;send_notification;scan_malware,0->1;1->2;2->3,chain_medium,original,train,FALSE,FALSE,restart_service;schedule_maintenance;send_notification;scan_malware
"Do me a favor and ping ml-infer-05 for a health check and sweep payment-api-03 for IOCs, then converge and log the whole staging-db-02 incident.",494,"check_status -> log_audit_event, scan_malware -> log_audit_event",check_status;scan_malware;log_audit_event,0->2;1->2,fanin,original,train,FALSE,FALSE,check_status;scan_malware;log_audit_event
"We gotta nuke Grace's old login and issue a fresh one, and then blast an alert to Marketing. Last step: look up the records for #20891.",360,"reset_password -> send_notification, send_notification -> db_read",reset_password;send_notification;db_read,0->1;1->2,chain_medium,original,train,FALSE,FALSE,reset_password;send_notification;db_read
"Charlie is asking us to grab Diana's account details, then produce the Legal performance summary. Finally, ping Alice about it.",101,"db_read -> generate_report, generate_report -> send_notification",db_read;generate_report;send_notification,0->1;1->2,chain_medium,original,train,FALSE,FALSE,db_read;generate_report;send_notification
"We gotta ping prod-web-01 for a health check, followed by run a malware sweep on cdn-edge-06, then disconnect staging-db-02 from everything, and then record the event in Legal's log. Last step: email Grace the update.",150,"check_status -> scan_malware, log_audit_event -> send_notification, quarantine_system -> log_audit_event, scan_malware -> quarantine_system",check_status;scan_malware;quarantine_system;log_audit_event;send_notification,0->1;1->2;2->3;3->4,chain_long,original,train,FALSE,FALSE,check_status;scan_malware;quarantine_system;log_audit_event;send_notification
"Urgent: refund Charlie and flip the feature toggle on for Engineering, then converge and spin up a VM for Marketing.",488,"enable_feature_flag -> provision_vm, process_refund -> provision_vm",process_refund;enable_feature_flag;provision_vm,0->2;1->2,fanin,original,train,FALSE,FALSE,process_refund;enable_feature_flag;provision_vm
"Diana reported an issue — switch Grace to the new plan. After that, check if staging-db-02 is up.",194,update_subscription -> check_status,update_subscription;check_status,0->1,chain_short,original,train,FALSE,FALSE,update_subscription;check_status
"Do me a favor and reboot auth-svc-04, then ping Diana about it.",71,restart_service -> send_notification,restart_service;send_notification,0->1,chain_short,original,train,FALSE,FALSE,restart_service;send_notification
"Per Bob's request, verify staging-db-02's health and scan staging-db-02 for threats. Once both are done, create an audit trail for #20891.",494,"check_status -> log_audit_event, scan_malware -> log_audit_event",check_status;scan_malware;log_audit_event,0->2;1->2,fanin,original,train,FALSE,FALSE,check_status;scan_malware;log_audit_event
"Urgent: check payment-api-03 for vulnerabilities, followed by quarantine prod-web-01, and while you're at it, ping Frank about it and log the whole prod-web-01 incident.",142,"quarantine_system -> log_audit_event, quarantine_system -> send_notification, scan_malware -> quarantine_system",scan_malware;quarantine_system;send_notification;log_audit_event,0->1;1->2;1->3,fanout,original,train,FALSE,FALSE,scan_malware;quarantine_system;send_notification;log_audit_event
"The Marketing team needs us to roll back the last deploy on payment-api-03. Next, notify the Engineering team. Last step: push the container image for HR.",301,"rollback_deployment -> send_notification, send_notification -> deploy_container",rollback_deployment;send_notification;deploy_container,0->1;1->2,chain_medium,original,train,FALSE,FALSE,rollback_deployment;send_notification;deploy_container
"Alice reported an issue — scale auth-svc-04 down to save costs. Once that's done, roll out the containerised app to prod-web-01. End with flip the feature toggle on for Marketing.",287,"deploy_container -> enable_feature_flag, scale_service -> deploy_container",scale_service;deploy_container;enable_feature_flag,0->1;1->2,chain_medium,original,train,FALSE,FALSE,scale_service;deploy_container;enable_feature_flag
"For the Legal team, look up the records for #10234 and concurrently refund Bob and ping Alice about it.",114,"db_read -> process_refund, db_read -> send_notification",db_read;process_refund;send_notification,0->1;0->2,fanout,original,train,FALSE,FALSE,db_read;process_refund;send_notification
"Per Charlie's request, revoke Eve's access to ml-infer-05, followed by write the new data for #20891 back, then update Diana's subscription. To wrap up, set up downtime for cdn-edge-06.",424,"db_write -> update_subscription, revoke_access -> db_write, update_subscription -> schedule_maintenance",revoke_access;db_write;update_subscription;schedule_maintenance,0->1;1->2;2->3,chain_medium,original,train,FALSE,FALSE,revoke_access;db_write;update_subscription;schedule_maintenance
Urgent: rotate Charlie's credentials and at the same time shoot Frank an email and create an audit trail for #53698.,119,"reset_password -> log_audit_event, reset_password -> send_notification",reset_password;send_notification;log_audit_event,0->1;0->2,fanout,original,train,FALSE,FALSE,reset_password;send_notification;log_audit_event
From Marketing: check the DB for Alice while also change Grace's plan and blast an alert to Engineering.,110,"db_read -> send_notification, db_read -> update_subscription",db_read;update_subscription;send_notification,0->1;0->2,fanout,original,train,FALSE,FALSE,db_read;update_subscription;send_notification
"I need you to take cdn-edge-06 back to the prior build, and then fire off a notification to Charlie. Finally, roll out the containerised app to prod-web-01.",301,"rollback_deployment -> send_notification, send_notification -> deploy_container",rollback_deployment;send_notification;deploy_container,0->1;1->2,chain_medium,original,train,FALSE,FALSE,rollback_deployment;send_notification;deploy_container
"Reverse the charge for #53698 and update the billing tier, then notify the customer.",13,"process_refund -> send_notification, update_subscription -> send_notification",process_refund;update_subscription;send_notification,0->2;1->2,fanin,original,train,FALSE,FALSE,process_refund;update_subscription;send_notification
"Frank is asking us to change Frank's plan. Once that's done, check if payment-api-03 is up.",194,update_subscription -> check_status,update_subscription;check_status,0->1,chain_short,original,train,FALSE,FALSE,update_subscription;check_status
"I need you to restart the main process on cdn-edge-06. Once that's done, ping Charlie about it.",71,restart_service -> send_notification,restart_service;send_notification,0->1,chain_short,original,train,FALSE,FALSE,restart_service;send_notification
"Time to give cdn-edge-06 a kick, and then ping Eve about it.",71,restart_service -> send_notification,restart_service;send_notification,0->1,chain_short,original,train,FALSE,FALSE,restart_service;send_notification
"From Legal: pull payment-api-03 from production, and then log Frank's action for compliance.",63,quarantine_system -> log_audit_event,quarantine_system;log_audit_event,0->1,chain_short,original,train,FALSE,FALSE,quarantine_system;log_audit_event
"I need you to move Legal's stale data to cold storage, and then revoke Diana's access to prod-web-01. To wrap up, modify Frank's subscription.",327,"archive_data -> revoke_access, revoke_access -> update_subscription",archive_data;revoke_access;update_subscription,0->1;1->2,chain_medium,original,train,FALSE,FALSE,archive_data;revoke_access;update_subscription
From Finance: look up the records for #53698 and simultaneously downgrade Bob's account and fire off a notification to Frank.,110,"db_read -> send_notification, db_read -> update_subscription",db_read;update_subscription;send_notification,0->1;0->2,fanout,original,train,FALSE,FALSE,db_read;update_subscription;send_notification
"I need you to blast an alert to Engineering. After that, activate the feature flag on auth-svc-04. Last step: modify Diana's subscription.",359,"enable_feature_flag -> update_subscription, send_notification -> enable_feature_flag",send_notification;enable_feature_flag;update_subscription,0->1;1->2,chain_medium,original,train,FALSE,FALSE,send_notification;enable_feature_flag;update_subscription
"I need you to assess prod-web-01's status. Next, do a security check on payment-api-03, and then yank payment-api-03 off the network. After that, make a compliance log about Charlie, and lastly shoot Charlie an email.",150,"check_status -> scan_malware, log_audit_event -> send_notification, quarantine_system -> log_audit_event, scan_malware -> quarantine_system",check_status;scan_malware;quarantine_system;log_audit_event;send_notification,0->1;1->2;2->3;3->4,chain_long,original,train,FALSE,FALSE,check_status;scan_malware;quarantine_system;log_audit_event;send_notification
"Ticket INC-7733 says ping ml-infer-05 for a health check and investigate cdn-edge-06 for infections. Once both are done, make a compliance log about Grace.",494,"check_status -> log_audit_event, scan_malware -> log_audit_event",check_status;scan_malware;log_audit_event,0->2;1->2,fanin,original,train,FALSE,FALSE,check_status;scan_malware;log_audit_event
"The Marketing team needs us to assess ml-infer-05's status, followed by do a security check on cdn-edge-06. Once that's done, lock down payment-api-03 — then create an audit trail for #20891. Last step: shoot Alice an email.",150,"check_status -> scan_malware, log_audit_event -> send_notification, quarantine_system -> log_audit_event, scan_malware -> quarantine_system",check_status;scan_malware;quarantine_system;log_audit_event;send_notification,0->1;1->2;2->3;3->4,chain_long,original,train,FALSE,FALSE,check_status;scan_malware;quarantine_system;log_audit_event;send_notification
"Refund the money and change Frank's subscription, sending a single alert afterwards.",13,"process_refund -> send_notification, update_subscription -> send_notification",process_refund;update_subscription;send_notification,0->2;1->2,fanin,original,train,FALSE,FALSE,process_refund;update_subscription;send_notification
"Query the database about #20891, then whip up a report for Engineering and simultaneously blast an alert to Legal and log Alice's action for compliance.",140,"db_read -> generate_report, generate_report -> log_audit_event, generate_report -> send_notification",db_read;generate_report;send_notification;log_audit_event,0->1;1->2;1->3,fanout,original,train,FALSE,FALSE,db_read;generate_report;send_notification;log_audit_event
"We gotta reset Diana's password, and then reverse the charge on #20891, and lastly transfer ownership of prod-web-01 to Charlie.",279,"process_refund -> transfer_ownership, reset_password -> process_refund",reset_password;process_refund;transfer_ownership,0->1;1->2,chain_medium,original,train,FALSE,FALSE,reset_password;process_refund;transfer_ownership
"Process the payout and modify the subscription status, then email a receipt.",13,"process_refund -> send_notification, update_subscription -> send_notification",process_refund;update_subscription;send_notification,0->2;1->2,fanin,original,train,FALSE,FALSE,process_refund;update_subscription;send_notification
"Hey, can you process the payout for Bob. After that, turn off the feature flag for Marketing. Last step: restart the main process on ml-infer-05.",366,"disable_feature_flag -> restart_service, process_refund -> disable_feature_flag",process_refund;disable_feature_flag;restart_service,0->1;1->2,chain_medium,original,train,FALSE,FALSE,process_refund;disable_feature_flag;restart_service
"Do me a favor and reboot cdn-edge-06, then ping Alice about it.",71,restart_service -> send_notification,restart_service;send_notification,0->1,chain_short,original,train,FALSE,FALSE,restart_service;send_notification
"Per Frank's request, bring payment-api-03 back from the snapshot and lock down cdn-edge-06, then converge and grant Grace permissions to prod-web-01.",504,"quarantine_system -> approve_access, restore_backup -> approve_access",restore_backup;quarantine_system;approve_access,0->2;1->2,fanin,original,train,FALSE,FALSE,restore_backup;quarantine_system;approve_access
Do me a favor and roll prod-web-01 back to the last stable release while also file a bug about cdn-edge-06 and pull ml-infer-05 back from the last good backup.,433,"rollback_deployment -> create_ticket, rollback_deployment -> restore_backup",rollback_deployment;create_ticket;restore_backup,0->1;0->2,fanout,original,train,FALSE,FALSE,rollback_deployment;create_ticket;restore_backup
"Per Eve's request, verify staging-db-02's health and scan prod-web-01 for threats. Once both are done, create an audit trail for #20891.",494,"check_status -> log_audit_event, scan_malware -> log_audit_event",check_status;scan_malware;log_audit_event,0->2;1->2,fanin,original,train,FALSE,FALSE,check_status;scan_malware;log_audit_event
"Quick one — notify the HR team and plan maintenance on payment-api-03 for Finance. After those finish, give Grace a new password.",491,"schedule_maintenance -> reset_password, send_notification -> reset_password",send_notification;schedule_maintenance;reset_password,0->2;1->2,fanin,original,train,FALSE,FALSE,send_notification;schedule_maintenance;reset_password
"Time to scale prod-web-01 down to save costs, then push the container image for Finance, and lastly switch on the flag for Marketing.",287,"deploy_container -> enable_feature_flag, scale_service -> deploy_container",scale_service;deploy_container;enable_feature_flag,0->1;1->2,chain_medium,original,train,FALSE,FALSE,scale_service;deploy_container;enable_feature_flag
"ASAP — archive Charlie's old records — then undo the latest release on payment-api-03. Finally, flush the cache on cdn-edge-06.",282,"archive_data -> rollback_deployment, rollback_deployment -> invalidate_cache",archive_data;rollback_deployment;invalidate_cache,0->1;1->2,chain_medium,original,train,FALSE,FALSE,archive_data;rollback_deployment;invalidate_cache
"I need you to take prod-web-01 back to the prior build, and then fire off a notification to Diana. Finally, roll out the containerised app to auth-svc-04.",301,"rollback_deployment -> send_notification, send_notification -> deploy_container",rollback_deployment;send_notification;deploy_container,0->1;1->2,chain_medium,original,train,FALSE,FALSE,rollback_deployment;send_notification;deploy_container
"We gotta reset Eve's password, and then reverse the charge on #42017, and lastly transfer ownership of cdn-edge-06 to Grace.",279,"process_refund -> transfer_ownership, reset_password -> process_refund",reset_password;process_refund;transfer_ownership,0->1;1->2,chain_medium,original,train,FALSE,FALSE,reset_password;process_refund;transfer_ownership
"Frank is asking us to read Alice's profile from the database and verify staging-db-02's health. Once both are done, compile a summary for Engineering, and lastly notify the Marketing team.",135,"check_status -> generate_report, db_read -> generate_report, generate_report -> send_notification",db_read;check_status;generate_report;send_notification,0->2;1->2;2->3,fanin,original,train,FALSE,FALSE,db_read;check_status;generate_report;send_notification
"ASAP — swap out ml-infer-05's credentials — then do a security check on auth-svc-04, and lastly roll out the containerised app to staging-db-02.",302,"rotate_api_key -> scan_malware, scan_malware -> deploy_container",rotate_api_key;scan_malware;deploy_container,0->1;1->2,chain_medium,original,train,FALSE,FALSE,rotate_api_key;scan_malware;deploy_container
"Scan prod-web-01 for threats, then email Charlie the update. Once that's done, archive the old entries for Bob, and lastly provision a new instance for HR.",412,"archive_data -> provision_vm, scan_malware -> send_notification, send_notification -> archive_data",scan_malware;send_notification;archive_data;provision_vm,0->1;1->2;2->3,chain_medium,original,train,FALSE,FALSE,scan_malware;send_notification;archive_data;provision_vm
"Do me a favor and undo the latest release on ml-infer-05 — then shoot Grace an email. Finally, deploy the container for Legal.",301,"rollback_deployment -> send_notification, send_notification -> deploy_container",rollback_deployment;send_notification;deploy_container,0->1;1->2,chain_medium,original,train,FALSE,FALSE,rollback_deployment;send_notification;deploy_container
"When you get a chance, move Finance's stale data to cold storage, then roll auth-svc-04 back to the last stable release. To wrap up, invalidate cdn-edge-06's cache.",282,"archive_data -> rollback_deployment, rollback_deployment -> invalidate_cache",archive_data;rollback_deployment;invalidate_cache,0->1;1->2,chain_medium,original,train,FALSE,FALSE,archive_data;rollback_deployment;invalidate_cache
"Do me a favor and undo the latest release on prod-web-01 — then shoot Diana an email. Finally, deploy the container for Legal.",301,"rollback_deployment -> send_notification, send_notification -> deploy_container",rollback_deployment;send_notification;deploy_container,0->1;1->2,chain_medium,original,train,FALSE,FALSE,rollback_deployment;send_notification;deploy_container
"The HR team needs us to scan auth-svc-04 for threats and snapshot the database for cdn-edge-06, then converge and invalidate ml-infer-05's cache.",498,"backup_database -> invalidate_cache, scan_malware -> invalidate_cache",scan_malware;backup_database;invalidate_cache,0->2;1->2,fanin,original,train,FALSE,FALSE,scan_malware;backup_database;invalidate_cache
"From Marketing: email Frank the update. After that, turn on the feature flag for Marketing. To wrap up, switch Alice to the new plan.",359,"enable_feature_flag -> update_subscription, send_notification -> enable_feature_flag",send_notification;enable_feature_flag;update_subscription,0->1;1->2,chain_medium,original,train,FALSE,FALSE,send_notification;enable_feature_flag;update_subscription
I need you to investigate staging-db-02 for infections and simultaneously yank cdn-edge-06 off the network and open a ticket for Bob.,112,"scan_malware -> create_ticket, scan_malware -> quarantine_system",scan_malware;quarantine_system;create_ticket,0->1;0->2,fanout,original,train,FALSE,FALSE,scan_malware;quarantine_system;create_ticket
"Hey, can you refund Grace. After that, kill the feature toggle for Engineering. End with cycle staging-db-02.",366,"disable_feature_flag -> restart_service, process_refund -> disable_feature_flag",process_refund;disable_feature_flag;restart_service,0->1;1->2,chain_medium,original,train,FALSE,FALSE,process_refund;disable_feature_flag;restart_service
"From Legal: grant Eve permissions to staging-db-02. Next, produce the Marketing performance summary. Finally, verify ml-infer-05's health.",309,"approve_access -> generate_report, generate_report -> check_status",approve_access;generate_report;check_status,0->1;1->2,chain_medium,original,train,FALSE,FALSE,approve_access;generate_report;check_status
"Time to scale cdn-edge-06 down to save costs, then push the container image for Engineering, and lastly switch on the flag for Legal.",287,"deploy_container -> enable_feature_flag, scale_service -> deploy_container",scale_service;deploy_container;enable_feature_flag,0->1;1->2,chain_medium,original,train,FALSE,FALSE,scale_service;deploy_container;enable_feature_flag
"Scan prod-web-01 for threats, then email Alice the update. Once that's done, archive the old entries for Frank, and lastly provision a new instance for HR.",412,"archive_data -> provision_vm, scan_malware -> send_notification, send_notification -> archive_data",scan_malware;send_notification;archive_data;provision_vm,0->1;1->2;2->3,chain_medium,original,train,FALSE,FALSE,scan_malware;send_notification;archive_data;provision_vm
"We gotta archive Diana's old records, followed by roll cdn-edge-06 back to the last stable release. To wrap up, wipe the cache layer for HR.",282,"archive_data -> rollback_deployment, rollback_deployment -> invalidate_cache",archive_data;rollback_deployment;invalidate_cache,0->1;1->2,chain_medium,original,train,FALSE,FALSE,archive_data;rollback_deployment;invalidate_cache
All I need is for someone to save the changes for Grace to the DB.,52,db_write,db_write,,single_node,original,train,FALSE,FALSE,db_write
"Diana is asking us to yank payment-api-03 off the network. Once that's done, drop an audit entry for staging-db-02.",63,quarantine_system -> log_audit_event,quarantine_system;log_audit_event,0->1,chain_short,original,train,FALSE,FALSE,quarantine_system;log_audit_event
"Time to give prod-web-01 a kick, and then ping Diana about it.",71,restart_service -> send_notification,restart_service;send_notification,0->1,chain_short,original,train,FALSE,FALSE,restart_service;send_notification
"Do me a favor and provision a new instance for HR. Next, ping Eve about it.",79,provision_vm -> send_notification,provision_vm;send_notification,0->1,chain_short,original,train,FALSE,FALSE,provision_vm;send_notification
"Credit Frank's account. After that, kill the feature toggle for Legal. Finally, give prod-web-01 a kick.",366,"disable_feature_flag -> restart_service, process_refund -> disable_feature_flag",process_refund;disable_feature_flag;restart_service,0->1;1->2,chain_medium,original,train,FALSE,FALSE,process_refund;disable_feature_flag;restart_service
The HR team needs us to look up the records for #53698 and at the same time switch Eve to the new plan and send a heads-up to Finance.,110,"db_read -> send_notification, db_read -> update_subscription",db_read;update_subscription;send_notification,0->1;0->2,fanout,original,train,FALSE,FALSE,db_read;update_subscription;send_notification
"The Legal team needs us to recover HR's data from backup and quarantine payment-api-03. When all of that's complete, give Diana access to HR's resources.",504,"quarantine_system -> approve_access, restore_backup -> approve_access",restore_backup;quarantine_system;approve_access,0->2;1->2,fanin,original,train,FALSE,FALSE,restore_backup;quarantine_system;approve_access
"Per Alice's request, bring cdn-edge-06 back from the snapshot and lock down ml-infer-05, then converge and grant Frank permissions to prod-web-01.",504,"quarantine_system -> approve_access, restore_backup -> approve_access",restore_backup;quarantine_system;approve_access,0->2;1->2,fanin,original,train,FALSE,FALSE,restore_backup;quarantine_system;approve_access
"For the Marketing team, pull Bob's data. Next, pass payment-api-03 to Diana. To wrap up, blast an alert to Engineering.",373,"db_read -> transfer_ownership, transfer_ownership -> send_notification",db_read;transfer_ownership;send_notification,0->1;1->2,chain_medium,original,train,FALSE,FALSE,db_read;transfer_ownership;send_notification
"For the HR team, move HR's stale data to cold storage, followed by roll back the last deploy on auth-svc-04. Finally, bust the cache on auth-svc-04.",282,"archive_data -> rollback_deployment, rollback_deployment -> invalidate_cache",archive_data;rollback_deployment;invalidate_cache,0->1;1->2,chain_medium,original,train,FALSE,FALSE,archive_data;rollback_deployment;invalidate_cache
"For the Engineering team, dig up the history on Frank, then generate the HR analytics and at the same time blast an alert to HR and create an audit trail for #60122.",140,"db_read -> generate_report, generate_report -> log_audit_event, generate_report -> send_notification",db_read;generate_report;send_notification;log_audit_event,0->1;1->2;1->3,fanout,original,train,FALSE,FALSE,db_read;generate_report;send_notification;log_audit_event
"For the Finance team, restart the service on staging-db-02, followed by book a maintenance window for prod-web-01, then fire off a notification to Frank. Finally, scan cdn-edge-06 for threats.",413,"restart_service -> schedule_maintenance, schedule_maintenance -> send_notification, send_notification -> scan_malware",restart_service;schedule_maintenance;send_notification;scan_malware,0->1;1->2;2->3,chain_medium,original,train,FALSE,FALSE,restart_service;schedule_maintenance;send_notification;scan_malware
"Urgent: refund Charlie and flip the feature toggle on for Legal, then converge and spin up a VM for Finance.",488,"enable_feature_flag -> provision_vm, process_refund -> provision_vm",process_refund;enable_feature_flag;provision_vm,0->2;1->2,fanin,original,train,FALSE,FALSE,process_refund;enable_feature_flag;provision_vm
"Urgent: bring ml-infer-05 back from the snapshot, and while you're at it, give Bob their money back and create a ticket about the Engineering issue.",445,"restore_backup -> create_ticket, restore_backup -> process_refund",restore_backup;process_refund;create_ticket,0->1;0->2,fanout,original,train,FALSE,FALSE,restore_backup;process_refund;create_ticket
"ASAP — archive Alice's old records — then undo the latest release on ml-infer-05. Finally, flush the cache on payment-api-03.",282,"archive_data -> rollback_deployment, rollback_deployment -> invalidate_cache",archive_data;rollback_deployment;invalidate_cache,0->1;1->2,chain_medium,original,train,FALSE,FALSE,archive_data;rollback_deployment;invalidate_cache
Nuke Grace's old login and issue a fresh one and concurrently fire off a notification to Bob and record the event in Marketing's log.,119,"reset_password -> log_audit_event, reset_password -> send_notification",reset_password;send_notification;log_audit_event,0->1;0->2,fanout,original,train,FALSE,FALSE,reset_password;send_notification;log_audit_event
"The HR team needs us to remove Eve from HR's access list. Once that's done, push the changes for Charlie to the DB. Once that's done, downgrade Eve's account. Last step: queue a maintenance window for HR.",424,"db_write -> update_subscription, revoke_access -> db_write, update_subscription -> schedule_maintenance",revoke_access;db_write;update_subscription;schedule_maintenance,0->1;1->2;2->3,chain_medium,original,train,FALSE,FALSE,revoke_access;db_write;update_subscription;schedule_maintenance
"The Engineering team needs us to modify Alice's subscription, then switch off the flag for Marketing.",174,update_subscription -> disable_feature_flag,update_subscription;disable_feature_flag,0->1,chain_short,original,train,FALSE,FALSE,update_subscription;disable_feature_flag
"When you get a chance, schedule maintenance for staging-db-02, and while you're at it, drop an audit entry for cdn-edge-06 and send a heads-up to Marketing.",456,"schedule_maintenance -> log_audit_event, schedule_maintenance -> send_notification",schedule_maintenance;log_audit_event;send_notification,0->1;0->2,fanout,original,train,FALSE,FALSE,schedule_maintenance;log_audit_event;send_notification
"Per Frank's request, disconnect ml-infer-05 from everything. Next, drop an audit entry for staging-db-02.",63,quarantine_system -> log_audit_event,quarantine_system;log_audit_event,0->1,chain_short,original,train,FALSE,FALSE,quarantine_system;log_audit_event
"Grace is asking us to downgrade Diana's account. Next, disable the flag on ml-infer-05.",174,update_subscription -> disable_feature_flag,update_subscription;disable_feature_flag,0->1,chain_short,original,train,FALSE,FALSE,update_subscription;disable_feature_flag
"The HR team needs us to downgrade Bob's account. Next, kill the feature toggle for Marketing.",174,update_subscription -> disable_feature_flag,update_subscription;disable_feature_flag,0->1,chain_short,original,train,FALSE,FALSE,update_subscription;disable_feature_flag
"Check health of cdn-edge-06, run security sweep, quarantine, reboot, escalate the incident, send a blast to Legal, and make an audit entry.",16,"check_status -> scan_malware, escalate_to_human -> send_notification, quarantine_system -> restart_service, restart_service -> escalate_to_human, scan_malware -> quarantine_system, send_notification -> log_audit_event",check_status;scan_malware;quarantine_system;restart_service;escalate_to_human;send_notification;log_audit_event,0->1;1->2;2->3;3->4;4->5;5->6,chain_long,original,train,FALSE,FALSE,check_status;scan_malware;quarantine_system;restart_service;escalate_to_human;send_notification;log_audit_event
"The Legal team needs us to scan cdn-edge-06 for threats and snapshot the database for payment-api-03, then converge and invalidate ml-infer-05's cache.",498,"backup_database -> invalidate_cache, scan_malware -> invalidate_cache",scan_malware;backup_database;invalidate_cache,0->2;1->2,fanin,original,train,FALSE,FALSE,scan_malware;backup_database;invalidate_cache
"Time to rotate Bob's credentials. Next, credit Charlie's account. Last step: pass prod-web-01 to Frank.",279,"process_refund -> transfer_ownership, reset_password -> process_refund",reset_password;process_refund;transfer_ownership,0->1;1->2,chain_medium,original,train,FALSE,FALSE,reset_password;process_refund;transfer_ownership
ASAP — reverse the charge on #53698 — then swap out staging-db-02's credentials. End with update Alice's record in the DB.,332,"process_refund -> rotate_api_key, rotate_api_key -> db_write",process_refund;rotate_api_key;db_write,0->1;1->2,chain_medium,original,train,FALSE,FALSE,process_refund;rotate_api_key;db_write
"Urgent: verify cdn-edge-06's health and look up the records for #20891. When all of that's complete, send a heads-up to Legal.",125,"check_status -> send_notification, db_read -> send_notification",check_status;db_read;send_notification,0->2;1->2,fanin,original,train,FALSE,FALSE,check_status;db_read;send_notification
"Do me a favor and diagnose ml-infer-05 and check prod-web-01 for vulnerabilities. When all of that's complete, log Diana's action for compliance.",494,"check_status -> log_audit_event, scan_malware -> log_audit_event",check_status;scan_malware;log_audit_event,0->2;1->2,fanin,original,train,FALSE,FALSE,check_status;scan_malware;log_audit_event
"We gotta ping payment-api-03 for a health check, followed by run a malware sweep on cdn-edge-06, then disconnect auth-svc-04 from everything, and then record the event in Legal's log. Last step: email Grace the update.",150,"check_status -> scan_malware, log_audit_event -> send_notification, quarantine_system -> log_audit_event, scan_malware -> quarantine_system",check_status;scan_malware;quarantine_system;log_audit_event;send_notification,0->1;1->2;2->3;3->4,chain_long,original,train,FALSE,FALSE,check_status;scan_malware;quarantine_system;log_audit_event;send_notification
"The Marketing team needs us to modify Alice's subscription, then switch off the flag for Finance.",174,update_subscription -> disable_feature_flag,update_subscription;disable_feature_flag,0->1,chain_short,original,train,FALSE,FALSE,update_subscription;disable_feature_flag
"Investigate cdn-edge-06 status, do a malware check, lock it down, bounce the service, escalate to tier 2, email HR, and record the event.",16,"check_status -> scan_malware, escalate_to_human -> send_notification, quarantine_system -> restart_service, restart_service -> escalate_to_human, scan_malware -> quarantine_system, send_notification -> log_audit_event",check_status;scan_malware;quarantine_system;restart_service;escalate_to_human;send_notification;log_audit_event,0->1;1->2;2->3;3->4;4->5;5->6,chain_long,original,train,FALSE,FALSE,check_status;scan_malware;quarantine_system;restart_service;escalate_to_human;send_notification;log_audit_event
Ticket INC-1198 says pull staging-db-02 back from the last good backup while also reverse the charge on #10234 and spin up a tracking ticket for Charlie.,445,"restore_backup -> create_ticket, restore_backup -> process_refund",restore_backup;process_refund;create_ticket,0->1;0->2,fanout,original,train,FALSE,FALSE,restore_backup;process_refund;create_ticket
"The HR team needs us to downgrade Diana's account. Next, kill the feature toggle for Marketing.",174,update_subscription -> disable_feature_flag,update_subscription;disable_feature_flag,0->1,chain_short,original,train,FALSE,FALSE,update_subscription;disable_feature_flag
"Per Frank's request, put Finance's historical data into the archive, then roll payment-api-03 back to the last stable release, and lastly bust the cache on payment-api-03.",282,"archive_data -> rollback_deployment, rollback_deployment -> invalidate_cache",archive_data;rollback_deployment;invalidate_cache,0->1;1->2,chain_medium,original,train,FALSE,FALSE,archive_data;rollback_deployment;invalidate_cache
"We gotta read Alice's profile from the database. Next, build a compliance doc for Marketing. To wrap up, fire off a notification to Alice.",101,"db_read -> generate_report, generate_report -> send_notification",db_read;generate_report;send_notification,0->1;1->2,chain_medium,original,train,FALSE,FALSE,db_read;generate_report;send_notification
"We gotta downgrade Frank's account. After that, verify cdn-edge-06's health.",194,update_subscription -> check_status,update_subscription;check_status,0->1,chain_short,original,train,FALSE,FALSE,update_subscription;check_status
"Per Diana's request, revoke Frank's access to cdn-edge-06, followed by write the new data for #53698 back, then update Bob's subscription. To wrap up, set up downtime for ml-infer-05.",424,"db_write -> update_subscription, revoke_access -> db_write, update_subscription -> schedule_maintenance",revoke_access;db_write;update_subscription;schedule_maintenance,0->1;1->2;2->3,chain_medium,original,train,FALSE,FALSE,revoke_access;db_write;update_subscription;schedule_maintenance
"For the Legal team, scan prod-web-01 for threats — then isolate staging-db-02, and while you're at it, notify the Engineering team and record the event in Legal's log.",142,"quarantine_system -> log_audit_event, quarantine_system -> send_notification, scan_malware -> quarantine_system",scan_malware;quarantine_system;send_notification;log_audit_event,0->1;1->2;1->3,fanout,original,train,FALSE,FALSE,scan_malware;quarantine_system;send_notification;log_audit_event
"Process the payout and modify the subscription status, then email a receipt.",13,"process_refund -> send_notification, update_subscription -> send_notification",process_refund;update_subscription;send_notification,0->2;1->2,fanin,original,train,FALSE,FALSE,process_refund;update_subscription;send_notification
We gotta see what's going on with cdn-edge-06 while also restart the main process on cdn-edge-06 and open a ticket for Grace.,111,"check_status -> create_ticket, check_status -> restart_service",check_status;restart_service;create_ticket,0->1;0->2,fanout,original,train,FALSE,FALSE,check_status;restart_service;create_ticket
"Quick one — do a security check on ml-infer-05 and take a snapshot of prod-web-01's DB, then converge and flush the cache on ml-infer-05.",498,"backup_database -> invalidate_cache, scan_malware -> invalidate_cache",scan_malware;backup_database;invalidate_cache,0->2;1->2,fanin,original,train,FALSE,FALSE,scan_malware;backup_database;invalidate_cache
"The Engineering team needs us to resize ml-infer-05's resources. Once that's done, launch the docker deployment for Finance. Finally, flip the feature toggle on for Marketing.",287,"deploy_container -> enable_feature_flag, scale_service -> deploy_container",scale_service;deploy_container;enable_feature_flag,0->1;1->2,chain_medium,original,train,FALSE,FALSE,scale_service;deploy_container;enable_feature_flag
"Time to restart the service on staging-db-02, and then arrange a maintenance slot for cdn-edge-06, then notify the Engineering team. To wrap up, sweep ml-infer-05 for IOCs.",413,"restart_service -> schedule_maintenance, schedule_maintenance -> send_notification, send_notification -> scan_malware",restart_service;schedule_maintenance;send_notification;scan_malware,0->1;1->2;2->3,chain_medium,original,train,FALSE,FALSE,restart_service;schedule_maintenance;send_notification;scan_malware
"ASAP — give Charlie access to HR's resources — then build a compliance doc for HR. To wrap up, ping cdn-edge-06 for a health check.",309,"approve_access -> generate_report, generate_report -> check_status",approve_access;generate_report;check_status,0->1;1->2,chain_medium,original,train,FALSE,FALSE,approve_access;generate_report;check_status
"ASAP — archive Charlie's old records — then undo the latest release on cdn-edge-06. Finally, flush the cache on ml-infer-05.",282,"archive_data -> rollback_deployment, rollback_deployment -> invalidate_cache",archive_data;rollback_deployment;invalidate_cache,0->1;1->2,chain_medium,original,train,FALSE,FALSE,archive_data;rollback_deployment;invalidate_cache
"Ticket INC-5560 says whip up a report for HR. Once that's done, start the CI job for staging-db-02, and lastly take a snapshot of staging-db-02's DB.",357,"generate_report -> run_pipeline, run_pipeline -> backup_database",generate_report;run_pipeline;backup_database,0->1;1->2,chain_medium,original,train,FALSE,FALSE,generate_report;run_pipeline;backup_database
"Hey, can you fetch #20891's info. After that, compile a summary for Legal and at the same time ping Frank about it and drop an audit entry for auth-svc-04.",140,"db_read -> generate_report, generate_report -> log_audit_event, generate_report -> send_notification",db_read;generate_report;send_notification;log_audit_event,0->1;1->2;1->3,fanout,original,train,FALSE,FALSE,db_read;generate_report;send_notification;log_audit_event
"We gotta give Frank their money back. After that, switch off the flag for Marketing. End with restart the service on ml-infer-05.",366,"disable_feature_flag -> restart_service, process_refund -> disable_feature_flag",process_refund;disable_feature_flag;restart_service,0->1;1->2,chain_medium,original,train,FALSE,FALSE,process_refund;disable_feature_flag;restart_service
Alice reported an issue — push the refund through for #60122 — then swap out ml-infer-05's credentials. Last step: save the changes for Diana to the DB.,332,"process_refund -> rotate_api_key, rotate_api_key -> db_write",process_refund;rotate_api_key;db_write,0->1;1->2,chain_medium,original,train,FALSE,FALSE,process_refund;rotate_api_key;db_write
Diagnose cdn-edge-06 while also reboot staging-db-02 and file a bug about payment-api-03.,111,"check_status -> create_ticket, check_status -> restart_service",check_status;restart_service;create_ticket,0->1;0->2,fanout,original,train,FALSE,FALSE,check_status;restart_service;create_ticket
"Grace is asking us to verify staging-db-02's health and check the DB for Diana. When all of that's complete, send a heads-up to Legal.",125,"check_status -> send_notification, db_read -> send_notification",check_status;db_read;send_notification,0->2;1->2,fanin,original,train,FALSE,FALSE,check_status;db_read;send_notification
I need you to check payment-api-03 for vulnerabilities and simultaneously quarantine cdn-edge-06 and file a bug about staging-db-02.,112,"scan_malware -> create_ticket, scan_malware -> quarantine_system",scan_malware;quarantine_system;create_ticket,0->1;0->2,fanout,original,train,FALSE,FALSE,scan_malware;quarantine_system;create_ticket
"Hey, can you process the payout for Eve. After that, turn off the feature flag for Legal. Last step: restart the main process on cdn-edge-06.",366,"disable_feature_flag -> restart_service, process_refund -> disable_feature_flag",process_refund;disable_feature_flag;restart_service,0->1;1->2,chain_medium,original,train,FALSE,FALSE,process_refund;disable_feature_flag;restart_service
"Ticket INC-5560 says ping staging-db-02 for a health check and investigate staging-db-02 for infections. Once both are done, make a compliance log about Charlie.",494,"check_status -> log_audit_event, scan_malware -> log_audit_event",check_status;scan_malware;log_audit_event,0->2;1->2,fanin,original,train,FALSE,FALSE,check_status;scan_malware;log_audit_event
"ASAP — ping payment-api-03 for a health check and fetch #10234's info. After those finish, notify the Marketing team.",125,"check_status -> send_notification, db_read -> send_notification",check_status;db_read;send_notification,0->2;1->2,fanin,original,train,FALSE,FALSE,check_status;db_read;send_notification
"For the Marketing team, pull Charlie's data. Next, pass ml-infer-05 to Frank. To wrap up, blast an alert to HR.",373,"db_read -> transfer_ownership, transfer_ownership -> send_notification",db_read;transfer_ownership;send_notification,0->1;1->2,chain_medium,original,train,FALSE,FALSE,db_read;transfer_ownership;send_notification
"I need you to push the refund through for #53698 and enable the flag for cdn-edge-06. After those finish, provision a new instance for Engineering.",488,"enable_feature_flag -> provision_vm, process_refund -> provision_vm",process_refund;enable_feature_flag;provision_vm,0->2;1->2,fanin,original,train,FALSE,FALSE,process_refund;enable_feature_flag;provision_vm
"Ticket INC-1198 says notify the Finance team, and then activate the feature flag on ml-infer-05. End with update Diana's subscription.",359,"enable_feature_flag -> update_subscription, send_notification -> enable_feature_flag",send_notification;enable_feature_flag;update_subscription,0->1;1->2,chain_medium,original,train,FALSE,FALSE,send_notification;enable_feature_flag;update_subscription
"For the HR team, cycle ml-infer-05, then schedule maintenance for auth-svc-04 — then blast an alert to Marketing. To wrap up, do a security check on staging-db-02.",413,"restart_service -> schedule_maintenance, schedule_maintenance -> send_notification, send_notification -> scan_malware",restart_service;schedule_maintenance;send_notification;scan_malware,0->1;1->2;2->3,chain_medium,original,train,FALSE,FALSE,restart_service;schedule_maintenance;send_notification;scan_malware
"The Legal team needs us to fetch #20891's info and ping auth-svc-04 for a health check. Once both are done, whip up a report for HR. End with blast an alert to Engineering.",135,"check_status -> generate_report, db_read -> generate_report, generate_report -> send_notification",db_read;check_status;generate_report;send_notification,0->2;1->2;2->3,fanin,original,train,FALSE,FALSE,db_read;check_status;generate_report;send_notification
"Do a security check on staging-db-02 — in parallel, lock down prod-web-01 and file a bug about ml-infer-05.",112,"scan_malware -> create_ticket, scan_malware -> quarantine_system",scan_malware;quarantine_system;create_ticket,0->1;0->2,fanout,original,train,FALSE,FALSE,scan_malware;quarantine_system;create_ticket
"Hey, can you arrange a maintenance slot for prod-web-01 and concurrently record the event in Marketing's log and shoot Bob an email.",456,"schedule_maintenance -> log_audit_event, schedule_maintenance -> send_notification",schedule_maintenance;log_audit_event;send_notification,0->1;0->2,fanout,original,train,FALSE,FALSE,schedule_maintenance;log_audit_event;send_notification
"Urgent: give Alice a new password — in parallel, email Diana the update and create an audit trail for #20891.",119,"reset_password -> log_audit_event, reset_password -> send_notification",reset_password;send_notification;log_audit_event,0->1;0->2,fanout,original,train,FALSE,FALSE,reset_password;send_notification;log_audit_event
"Hey, can you archive the old entries for Alice. Once that's done, strip Bob's access to HR, and lastly downgrade Bob's account.",327,"archive_data -> revoke_access, revoke_access -> update_subscription",archive_data;revoke_access;update_subscription,0->1;1->2,chain_medium,original,train,FALSE,FALSE,archive_data;revoke_access;update_subscription
"Credit Bob's account. After that, kill the feature toggle for Finance. Finally, give cdn-edge-06 a kick.",366,"disable_feature_flag -> restart_service, process_refund -> disable_feature_flag",process_refund;disable_feature_flag;restart_service,0->1;1->2,chain_medium,original,train,FALSE,FALSE,process_refund;disable_feature_flag;restart_service
"Retrieve the historical data and do a live scan, then record everything for compliance.",12,"db_read -> log_audit_event, scan_malware -> log_audit_event",db_read;scan_malware;log_audit_event,0->2;1->2,fanin,original,train,FALSE,FALSE,db_read;scan_malware;log_audit_event
"Frank is asking us to create an audit trail for #20891 and create a ticket about the Engineering issue, then converge and loop in a HR manager.",472,"create_ticket -> escalate_to_human, log_audit_event -> escalate_to_human",log_audit_event;create_ticket;escalate_to_human,0->2;1->2,fanin,original,train,FALSE,FALSE,log_audit_event;create_ticket;escalate_to_human
"Hey, can you file a bug about auth-svc-04 and query the database about #31450, then converge and revoke Frank's access to prod-web-01. Last step: reverse the charge on #10234.",10000,"create_ticket -> revoke_access, db_read -> revoke_access, revoke_access -> process_refund",create_ticket;db_read;revoke_access;process_refund,0->2;1->2;2->3,y_shape,generated,train,FALSE,FALSE,create_ticket;db_read;revoke_access;process_refund
"ASAP — create a ticket about the Legal issue and grab Eve's account details, then converge and pull Frank's credentials for staging-db-02. To wrap up, reverse the charge on #31450.",10000,"create_ticket -> revoke_access, db_read -> revoke_access, revoke_access -> process_refund",create_ticket;db_read;revoke_access;process_refund,0->2;1->2;2->3,y_shape,generated,train,FALSE,FALSE,create_ticket;db_read;revoke_access;process_refund
"When you get a chance, spin up a tracking ticket for Diana and query the database about #53698, merge everything and strip Grace's access to Marketing. End with reverse the charge on #60122.",10000,"create_ticket -> revoke_access, db_read -> revoke_access, revoke_access -> process_refund",create_ticket;db_read;revoke_access;process_refund,0->2;1->2;2->3,y_shape,generated,train,FALSE,FALSE,create_ticket;db_read;revoke_access;process_refund
"I need you to file an incident report about cdn-edge-06 and check the DB for Eve, then converge and disable Bob's account on payment-api-03. Finally, reverse the charge on #53698.",10000,"create_ticket -> revoke_access, db_read -> revoke_access, revoke_access -> process_refund",create_ticket;db_read;revoke_access;process_refund,0->2;1->2;2->3,y_shape,generated,train,FALSE,FALSE,create_ticket;db_read;revoke_access;process_refund
"ASAP — load the backup onto ml-infer-05 while also query the database about #60122 and issue a new secret for ml-infer-05, then converge and sweep payment-api-03 for IOCs — in parallel, give Diana access to Legal's resources and resize cdn-edge-06's resources. Once both are done, grant Grace permissions to auth-svc-04.",10004,"approve_access -> approve_access, db_read -> scan_malware, restore_backup -> db_read, restore_backup -> rotate_api_key, rotate_api_key -> scan_malware, scale_service -> approve_access, scan_malware -> approve_access, scan_malware -> scale_service",restore_backup;db_read;rotate_api_key;scan_malware;approve_access;scale_service;approve_access,0->1;0->2;1->3;2->3;3->4;3->5;4->6;5->6,double_diamond,generated,train,TRUE,TRUE,restore_backup;db_read;rotate_api_key;scan_malware;approve_access;scale_service;approve_access
"We gotta load the backup onto payment-api-03 while also grab Grace's account details and issue a new secret for staging-db-02, then converge and sweep ml-infer-05 for IOCs, and while you're at it, give Frank access to Engineering's resources and bump the capacity on auth-svc-04. After those finish, sign off on Bob's permission request.",10004,"approve_access -> approve_access, db_read -> scan_malware, restore_backup -> db_read, restore_backup -> rotate_api_key, rotate_api_key -> scan_malware, scale_service -> approve_access, scan_malware -> approve_access, scan_malware -> scale_service",restore_backup;db_read;rotate_api_key;scan_malware;approve_access;scale_service;approve_access,0->1;0->2;1->3;2->3;3->4;3->5;4->6;5->6,double_diamond,generated,train,TRUE,TRUE,restore_backup;db_read;rotate_api_key;scan_malware;approve_access;scale_service;approve_access
"Pull cdn-edge-06 back from the last good backup and simultaneously read Diana's profile from the database and refresh the API token for Marketing. Once both are done, do a security check on auth-svc-04 and simultaneously give Eve access to Marketing's resources and adjust the instance count for auth-svc-04. After those finish, give Bob access to Finance's resources.",10004,"approve_access -> approve_access, db_read -> scan_malware, restore_backup -> db_read, restore_backup -> rotate_api_key, rotate_api_key -> scan_malware, scale_service -> approve_access, scan_malware -> approve_access, scan_malware -> scale_service",restore_backup;db_read;rotate_api_key;scan_malware;approve_access;scale_service;approve_access,0->1;0->2;1->3;2->3;3->4;3->5;4->6;5->6,double_diamond,generated,train,TRUE,TRUE,restore_backup;db_read;rotate_api_key;scan_malware;approve_access;scale_service;approve_access
"Time to recover Legal's data from backup and at the same time fetch #53698's info and issue a new secret for cdn-edge-06, then converge and run a malware sweep on cdn-edge-06 — in parallel, authorize Bob for staging-db-02 and scale up cdn-edge-06. Once both are done, approve Frank's access request.",10004,"approve_access -> approve_access, db_read -> scan_malware, restore_backup -> db_read, restore_backup -> rotate_api_key, rotate_api_key -> scan_malware, scale_service -> approve_access, scan_malware -> approve_access, scan_malware -> scale_service",restore_backup;db_read;rotate_api_key;scan_malware;approve_access;scale_service;approve_access,0->1;0->2;1->3;2->3;3->4;3->5;4->6;5->6,double_diamond,generated,train,TRUE,TRUE,restore_backup;db_read;rotate_api_key;scan_malware;approve_access;scale_service;approve_access
"Urgent: loop in a HR manager and simultaneously generate the Legal analytics and log the whole staging-db-02 incident. When all of that's complete, save a backup of Engineering's data, and while you're at it, give Charlie their money back and arrange a maintenance slot for cdn-edge-06. After those finish, activate the feature flag on ml-infer-05.",10005,"backup_database -> process_refund, backup_database -> schedule_maintenance, escalate_to_human -> generate_report, escalate_to_human -> log_audit_event, generate_report -> backup_database, log_audit_event -> backup_database, process_refund -> enable_feature_flag, schedule_maintenance -> enable_feature_flag",escalate_to_human;generate_report;log_audit_event;backup_database;process_refund;schedule_maintenance;enable_feature_flag,0->1;0->2;1->3;2->3;3->4;3->5;4->6;5->6,double_diamond,generated,train,FALSE,FALSE,escalate_to_human;generate_report;log_audit_event;backup_database;process_refund;schedule_maintenance;enable_feature_flag
"When you get a chance, get a human involved for Alice, and while you're at it, compile a summary for Finance and record the event in Marketing's log, merge everything and take a snapshot of cdn-edge-06's DB — in parallel, reverse the charge on #42017 and arrange a maintenance slot for staging-db-02. Once both are done, turn on the feature flag for Marketing.",10005,"backup_database -> process_refund, backup_database -> schedule_maintenance, escalate_to_human -> generate_report, escalate_to_human -> log_audit_event, generate_report -> backup_database, log_audit_event -> backup_database, process_refund -> enable_feature_flag, schedule_maintenance -> enable_feature_flag",escalate_to_human;generate_report;log_audit_event;backup_database;process_refund;schedule_maintenance;enable_feature_flag,0->1;0->2;1->3;2->3;3->4;3->5;4->6;5->6,double_diamond,generated,train,FALSE,FALSE,escalate_to_human;generate_report;log_audit_event;backup_database;process_refund;schedule_maintenance;enable_feature_flag
"For the Legal team, wake up the on-call about auth-svc-04 and concurrently produce the Marketing performance summary and record the event in Legal's log. When all of that's complete, take a snapshot of ml-infer-05's DB — in parallel, credit Bob's account and plan maintenance on prod-web-01 for Engineering. Once both are done, turn on the feature flag for Marketing.",10005,"backup_database -> process_refund, backup_database -> schedule_maintenance, escalate_to_human -> generate_report, escalate_to_human -> log_audit_event, generate_report -> backup_database, log_audit_event -> backup_database, process_refund -> enable_feature_flag, schedule_maintenance -> enable_feature_flag",escalate_to_human;generate_report;log_audit_event;backup_database;process_refund;schedule_maintenance;enable_feature_flag,0->1;0->2;1->3;2->3;3->4;3->5;4->6;5->6,double_diamond,generated,train,FALSE,FALSE,escalate_to_human;generate_report;log_audit_event;backup_database;process_refund;schedule_maintenance;enable_feature_flag
"The HR team needs us to escalate Bob's case to the on-call and simultaneously generate the Legal analytics and drop an audit entry for auth-svc-04. Once both are done, dump the database on prod-web-01 while also reverse the charge on #20891 and plan maintenance on ml-infer-05 for Legal. Once both are done, switch on the flag for Engineering.",10005,"backup_database -> process_refund, backup_database -> schedule_maintenance, escalate_to_human -> generate_report, escalate_to_human -> log_audit_event, generate_report -> backup_database, log_audit_event -> backup_database, process_refund -> enable_feature_flag, schedule_maintenance -> enable_feature_flag",escalate_to_human;generate_report;log_audit_event;backup_database;process_refund;schedule_maintenance;enable_feature_flag,0->1;0->2;1->3;2->3;3->4;3->5;4->6;5->6,double_diamond,generated,train,FALSE,FALSE,escalate_to_human;generate_report;log_audit_event;backup_database;process_refund;schedule_maintenance;enable_feature_flag
"For the Legal team, cycle the secret for HR's service, then create a ticket about the Engineering issue. Next, bust the cache on auth-svc-04. After that, assess auth-svc-04's status — then force a credential change for Bob. When all of that's complete, swap out staging-db-02's credentials.",10010,"check_status -> reset_password, create_ticket -> invalidate_cache, invalidate_cache -> check_status, invalidate_cache -> rotate_api_key, reset_password -> rotate_api_key, rotate_api_key -> create_ticket",rotate_api_key;create_ticket;invalidate_cache;check_status;reset_password;rotate_api_key,0->1;1->2;2->3;3->4;4->5;2->5,long_chain_branched,generated,train,TRUE,TRUE,rotate_api_key;create_ticket;invalidate_cache;check_status;reset_password;rotate_api_key
"From HR: swap out payment-api-03's credentials, followed by file a bug about auth-svc-04 — then wipe the cache layer for Engineering, then diagnose auth-svc-04 — then change Diana's auth credentials. When all of that's complete, rotate the API key for cdn-edge-06.",10010,"check_status -> reset_password, create_ticket -> invalidate_cache, invalidate_cache -> check_status, invalidate_cache -> rotate_api_key, reset_password -> rotate_api_key, rotate_api_key -> create_ticket",rotate_api_key;create_ticket;invalidate_cache;check_status;reset_password;rotate_api_key,0->1;1->2;2->3;3->4;4->5;2->5,long_chain_branched,generated,train,TRUE,TRUE,rotate_api_key;create_ticket;invalidate_cache;check_status;reset_password;rotate_api_key
"Quick one — issue a new secret for auth-svc-04. After that, spin up a tracking ticket for Frank — then bust the cache on ml-infer-05. After that, ping prod-web-01 for a health check, and then rotate Grace's credentials. Once both are done, swap out auth-svc-04's credentials.",10010,"check_status -> reset_password, create_ticket -> invalidate_cache, invalidate_cache -> check_status, invalidate_cache -> rotate_api_key, reset_password -> rotate_api_key, rotate_api_key -> create_ticket",rotate_api_key;create_ticket;invalidate_cache;check_status;reset_password;rotate_api_key,0->1;1->2;2->3;3->4;4->5;2->5,long_chain_branched,generated,train,TRUE,TRUE,rotate_api_key;create_ticket;invalidate_cache;check_status;reset_password;rotate_api_key
"Per Frank's request, generate a new API key for auth-svc-04, and then file a bug about cdn-edge-06, then wipe the cache layer for HR, followed by see what's going on with auth-svc-04. After that, reset Eve's password. After those finish, issue a new secret for auth-svc-04.",10010,"check_status -> reset_password, create_ticket -> invalidate_cache, invalidate_cache -> check_status, invalidate_cache -> rotate_api_key, reset_password -> rotate_api_key, rotate_api_key -> create_ticket",rotate_api_key;create_ticket;invalidate_cache;check_status;reset_password;rotate_api_key,0->1;1->2;2->3;3->4;4->5;2->5,long_chain_branched,generated,train,TRUE,TRUE,rotate_api_key;create_ticket;invalidate_cache;check_status;reset_password;rotate_api_key
"For the HR team, build a compliance doc for HR and hand prod-web-01 over to Finance. After those finish, update Diana's subscription. Last step: change Bob's auth credentials.",10013,"generate_report -> update_subscription, transfer_ownership -> update_subscription, update_subscription -> reset_password",generate_report;transfer_ownership;update_subscription;reset_password,0->2;1->2;2->3,y_shape,generated,train,FALSE,FALSE,generate_report;transfer_ownership;update_subscription;reset_password
"Per Charlie's request, put together a report on auth-svc-04 and transfer ownership of ml-infer-05 to Eve. When all of that's complete, downgrade Grace's account. Finally, give Alice a new password.",10013,"generate_report -> update_subscription, transfer_ownership -> update_subscription, update_subscription -> reset_password",generate_report;transfer_ownership;update_subscription;reset_password,0->2;1->2;2->3,y_shape,generated,train,FALSE,FALSE,generate_report;transfer_ownership;update_subscription;reset_password
"Do me a favor and compile a summary for Engineering and change the owner of auth-svc-04 to Marketing. After those finish, modify Grace's subscription, and lastly force a credential change for Diana.",10013,"generate_report -> update_subscription, transfer_ownership -> update_subscription, update_subscription -> reset_password",generate_report;transfer_ownership;update_subscription;reset_password,0->2;1->2;2->3,y_shape,generated,train,FALSE,FALSE,generate_report;transfer_ownership;update_subscription;reset_password
"We gotta put together a report on ml-infer-05 and move staging-db-02's ownership to HR. When all of that's complete, downgrade Grace's account. Last step: nuke Frank's old login and issue a fresh one.",10013,"generate_report -> update_subscription, transfer_ownership -> update_subscription, update_subscription -> reset_password",generate_report;transfer_ownership;update_subscription;reset_password,0->2;1->2;2->3,y_shape,generated,train,FALSE,FALSE,generate_report;transfer_ownership;update_subscription;reset_password
"We gotta reset Alice's password and restore prod-web-01 from the latest backup. Once both are done, scale auth-svc-04 down to save costs. End with pull ml-infer-05 from production.",10017,"reset_password -> scale_service, restore_backup -> scale_service, scale_service -> quarantine_system",reset_password;restore_backup;scale_service;quarantine_system,0->2;1->2;2->3,y_shape,generated,train,FALSE,FALSE,reset_password;restore_backup;scale_service;quarantine_system
"Hey, can you nuke Bob's old login and issue a fresh one and restore the DB snapshot for Marketing. After those finish, add more replicas for prod-web-01. Last step: disconnect ml-infer-05 from everything.",10017,"reset_password -> scale_service, restore_backup -> scale_service, scale_service -> quarantine_system",reset_password;restore_backup;scale_service;quarantine_system,0->2;1->2;2->3,y_shape,generated,train,FALSE,FALSE,reset_password;restore_backup;scale_service;quarantine_system
"Urgent: change Eve's auth credentials and restore staging-db-02 from the latest backup. Once both are done, resize cdn-edge-06's resources. End with yank prod-web-01 off the network.",10017,"reset_password -> scale_service, restore_backup -> scale_service, scale_service -> quarantine_system",reset_password;restore_backup;scale_service;quarantine_system,0->2;1->2;2->3,y_shape,generated,train,FALSE,FALSE,reset_password;restore_backup;scale_service;quarantine_system
"When you get a chance, change Grace's auth credentials and recover Engineering's data from backup. When all of that's complete, adjust the instance count for staging-db-02. To wrap up, lock down payment-api-03.",10017,"reset_password -> scale_service, restore_backup -> scale_service, scale_service -> quarantine_system",reset_password;restore_backup;scale_service;quarantine_system,0->2;1->2;2->3,y_shape,generated,train,FALSE,FALSE,reset_password;restore_backup;scale_service;quarantine_system
"Hey, can you pull Diana's credentials for cdn-edge-06, and while you're at it, whip up a report for Engineering and disconnect cdn-edge-06 from everything, merge everything and log the whole auth-svc-04 incident while also assess staging-db-02's status and credit Alice's account. Once both are done, wipe the cache layer for Marketing.",10018,"check_status -> invalidate_cache, generate_report -> log_audit_event, log_audit_event -> check_status, log_audit_event -> process_refund, process_refund -> invalidate_cache, quarantine_system -> log_audit_event, revoke_access -> generate_report, revoke_access -> quarantine_system",revoke_access;generate_report;quarantine_system;log_audit_event;check_status;process_refund;invalidate_cache,0->1;0->2;1->3;2->3;3->4;3->5;4->6;5->6,double_diamond,generated,train,FALSE,FALSE,revoke_access;generate_report;quarantine_system;log_audit_event;check_status;process_refund;invalidate_cache
"Urgent: disable Bob's account on staging-db-02 and concurrently generate the Legal analytics and isolate prod-web-01. Once both are done, make a compliance log about Alice — in parallel, ping ml-infer-05 for a health check and reverse the charge on #60122. After those finish, wipe the cache layer for Engineering.",10018,"check_status -> invalidate_cache, generate_report -> log_audit_event, log_audit_event -> check_status, log_audit_event -> process_refund, process_refund -> invalidate_cache, quarantine_system -> log_audit_event, revoke_access -> generate_report, revoke_access -> quarantine_system",revoke_access;generate_report;quarantine_system;log_audit_event;check_status;process_refund;invalidate_cache,0->1;0->2;1->3;2->3;3->4;3->5;4->6;5->6,double_diamond,generated,train,FALSE,FALSE,revoke_access;generate_report;quarantine_system;log_audit_event;check_status;process_refund;invalidate_cache
"Do me a favor and disable Eve's account on auth-svc-04 and concurrently build a compliance doc for Finance and yank staging-db-02 off the network, merge everything and record the event in Marketing's log and at the same time diagnose cdn-edge-06 and refund Alice. Once both are done, flush the cache on auth-svc-04.",10018,"check_status -> invalidate_cache, generate_report -> log_audit_event, log_audit_event -> check_status, log_audit_event -> process_refund, process_refund -> invalidate_cache, quarantine_system -> log_audit_event, revoke_access -> generate_report, revoke_access -> quarantine_system",revoke_access;generate_report;quarantine_system;log_audit_event;check_status;process_refund;invalidate_cache,0->1;0->2;1->3;2->3;3->4;3->5;4->6;5->6,double_diamond,generated,train,FALSE,FALSE,revoke_access;generate_report;quarantine_system;log_audit_event;check_status;process_refund;invalidate_cache
"For the Marketing team, remove Grace from HR's access list and at the same time whip up a report for Marketing and lock down prod-web-01. After those finish, make a compliance log about Grace and simultaneously check if prod-web-01 is up and give Eve their money back. Once both are done, wipe the cache layer for Marketing.",10018,"check_status -> invalidate_cache, generate_report -> log_audit_event, log_audit_event -> check_status, log_audit_event -> process_refund, process_refund -> invalidate_cache, quarantine_system -> log_audit_event, revoke_access -> generate_report, revoke_access -> quarantine_system",revoke_access;generate_report;quarantine_system;log_audit_event;check_status;process_refund;invalidate_cache,0->1;0->2;1->3;2->3;3->4;3->5;4->6;5->6,double_diamond,generated,train,FALSE,FALSE,revoke_access;generate_report;quarantine_system;log_audit_event;check_status;process_refund;invalidate_cache
"Grace is asking us to kill the feature toggle for Engineering while also approve Charlie's access request, create a virtual machine for Engineering, check prod-web-01 for vulnerabilities, and resize auth-svc-04's resources, then deploy the container for Finance. End with check if cdn-edge-06 is up.",10022,"deploy_container -> check_status, disable_feature_flag -> approve_access, disable_feature_flag -> provision_vm, disable_feature_flag -> scale_service, disable_feature_flag -> scan_malware, scale_service -> deploy_container",disable_feature_flag;approve_access;provision_vm;scan_malware;scale_service;deploy_container;check_status,0->1;0->2;0->3;0->4;4->5;5->6,wide_fanout_deep,generated,train,FALSE,FALSE,disable_feature_flag;approve_access;provision_vm;scan_malware;scale_service;deploy_container;check_status
"Do me a favor and switch off the flag for HR — in parallel, authorize Grace for staging-db-02, stand up a new box for Engineering, run a malware sweep on prod-web-01, and scale up ml-infer-05, then ship the new build to ml-infer-05, and lastly see what's going on with ml-infer-05.",10022,"deploy_container -> check_status, disable_feature_flag -> approve_access, disable_feature_flag -> provision_vm, disable_feature_flag -> scale_service, disable_feature_flag -> scan_malware, scale_service -> deploy_container",disable_feature_flag;approve_access;provision_vm;scan_malware;scale_service;deploy_container;check_status,0->1;0->2;0->3;0->4;4->5;5->6,wide_fanout_deep,generated,train,FALSE,FALSE,disable_feature_flag;approve_access;provision_vm;scan_malware;scale_service;deploy_container;check_status
"Time to kill the feature toggle for Engineering — in parallel, green-light Alice's access to Legal, deploy a server for Marketing, scan staging-db-02 for threats, and add more replicas for payment-api-03, then roll out the containerised app to payment-api-03. To wrap up, check if auth-svc-04 is up.",10022,"deploy_container -> check_status, disable_feature_flag -> approve_access, disable_feature_flag -> provision_vm, disable_feature_flag -> scale_service, disable_feature_flag -> scan_malware, scale_service -> deploy_container",disable_feature_flag;approve_access;provision_vm;scan_malware;scale_service;deploy_container;check_status,0->1;0->2;0->3;0->4;4->5;5->6,wide_fanout_deep,generated,train,FALSE,FALSE,disable_feature_flag;approve_access;provision_vm;scan_malware;scale_service;deploy_container;check_status
"We gotta shut down the feature on payment-api-03 and at the same time authorize Frank for staging-db-02, launch an instance for Legal, investigate staging-db-02 for infections, and adjust the instance count for auth-svc-04, then get the container running on prod-web-01. Finally, check if staging-db-02 is up.",10022,"deploy_container -> check_status, disable_feature_flag -> approve_access, disable_feature_flag -> provision_vm, disable_feature_flag -> scale_service, disable_feature_flag -> scan_malware, scale_service -> deploy_container",disable_feature_flag;approve_access;provision_vm;scan_malware;scale_service;deploy_container;check_status,0->1;0->2;0->3;0->4;4->5;5->6,wide_fanout_deep,generated,train,FALSE,FALSE,disable_feature_flag;approve_access;provision_vm;scan_malware;scale_service;deploy_container;check_status
"Per Alice's request, turn off the feature flag for HR and check if ml-infer-05 is up, and while you're at it, save a backup of Legal's data and give prod-web-01 a kick. After those finish, put together a report on auth-svc-04.",10025,"backup_database -> generate_report, check_status -> restart_service, disable_feature_flag -> backup_database, restart_service -> generate_report",disable_feature_flag;backup_database;check_status;restart_service;generate_report,0->1;2->3;1->4;3->4,w_shape,generated,train,FALSE,FALSE,disable_feature_flag;backup_database;check_status;restart_service;generate_report
"We gotta turn off the feature flag for Finance and diagnose cdn-edge-06 and concurrently back up the database for Engineering and reboot cdn-edge-06, merge everything and whip up a report for Engineering.",10025,"backup_database -> generate_report, check_status -> restart_service, disable_feature_flag -> backup_database, restart_service -> generate_report",disable_feature_flag;backup_database;check_status;restart_service;generate_report,0->1;2->3;1->4;3->4,w_shape,generated,train,FALSE,FALSE,disable_feature_flag;backup_database;check_status;restart_service;generate_report
"The HR team needs us to disable the flag on ml-infer-05 and verify payment-api-03's health — in parallel, take a snapshot of prod-web-01's DB and bounce staging-db-02. Once both are done, build a compliance doc for Marketing.",10025,"backup_database -> generate_report, check_status -> restart_service, disable_feature_flag -> backup_database, restart_service -> generate_report",disable_feature_flag;backup_database;check_status;restart_service;generate_report,0->1;2->3;1->4;3->4,w_shape,generated,train,FALSE,FALSE,disable_feature_flag;backup_database;check_status;restart_service;generate_report
"Grace reported an issue — kill the feature toggle for Engineering and assess staging-db-02's status while also take a snapshot of staging-db-02's DB and restart the main process on staging-db-02. When all of that's complete, whip up a report for Legal.",10025,"backup_database -> generate_report, check_status -> restart_service, disable_feature_flag -> backup_database, restart_service -> generate_report",disable_feature_flag;backup_database;check_status;restart_service;generate_report,0->1;2->3;1->4;3->4,w_shape,generated,train,FALSE,FALSE,disable_feature_flag;backup_database;check_status;restart_service;generate_report
"From Engineering: roll back the last deploy on cdn-edge-06 and save the changes for Alice to the DB. Once that's done, launch the docker deployment for Legal, and then change Eve's auth credentials, then converge and change the owner of cdn-edge-06 to Finance.",10026,"db_write -> transfer_ownership, deploy_container -> reset_password, reset_password -> transfer_ownership, rollback_deployment -> deploy_container",rollback_deployment;deploy_container;reset_password;transfer_ownership;db_write,0->1;1->2;2->3;4->3,deep_asymmetric_merge,generated,train,FALSE,FALSE,rollback_deployment;deploy_container;reset_password;transfer_ownership;db_write
"Quick one — take ml-infer-05 back to the prior build and save the changes for Eve to the DB, and then roll out the containerised app to prod-web-01 — then give Diana a new password, then converge and transfer ownership of prod-web-01 to Diana.",10026,"db_write -> transfer_ownership, deploy_container -> reset_password, reset_password -> transfer_ownership, rollback_deployment -> deploy_container",rollback_deployment;deploy_container;reset_password;transfer_ownership;db_write,0->1;1->2;2->3;4->3,deep_asymmetric_merge,generated,train,FALSE,FALSE,rollback_deployment;deploy_container;reset_password;transfer_ownership;db_write
"Quick one — roll back the last deploy on ml-infer-05 and persist Alice's data to the database, then launch the docker deployment for HR. Once that's done, nuke Bob's old login and issue a fresh one, merge everything and hand prod-web-01 over to Marketing.",10026,"db_write -> transfer_ownership, deploy_container -> reset_password, reset_password -> transfer_ownership, rollback_deployment -> deploy_container",rollback_deployment;deploy_container;reset_password;transfer_ownership;db_write,0->1;1->2;2->3;4->3,deep_asymmetric_merge,generated,train,FALSE,FALSE,rollback_deployment;deploy_container;reset_password;transfer_ownership;db_write
"Bob is asking us to revert prod-web-01 to the previous version and write the new data for #10234 back. Once that's done, push the container image for Marketing, followed by give Bob a new password, merge everything and change the owner of cdn-edge-06 to Finance.",10026,"db_write -> transfer_ownership, deploy_container -> reset_password, reset_password -> transfer_ownership, rollback_deployment -> deploy_container",rollback_deployment;deploy_container;reset_password;transfer_ownership;db_write,0->1;1->2;2->3;4->3,deep_asymmetric_merge,generated,train,FALSE,FALSE,rollback_deployment;deploy_container;reset_password;transfer_ownership;db_write
"Do me a favor and blast an alert to Finance, and while you're at it, resize staging-db-02's resources and disconnect cdn-edge-06 from everything, then converge and arrange a maintenance slot for cdn-edge-06. End with trigger a build for ml-infer-05.",10027,"quarantine_system -> schedule_maintenance, scale_service -> schedule_maintenance, schedule_maintenance -> run_pipeline, send_notification -> quarantine_system, send_notification -> scale_service",send_notification;scale_service;quarantine_system;schedule_maintenance;run_pipeline,0->1;0->2;1->3;2->3;3->4,asymmetric_fork_join,generated,train,FALSE,FALSE,send_notification;scale_service;quarantine_system;schedule_maintenance;run_pipeline
"We gotta ping Charlie about it and concurrently add more replicas for cdn-edge-06 and yank ml-infer-05 off the network. Once both are done, schedule maintenance for ml-infer-05, and lastly fire off the pipeline for Marketing.",10027,"quarantine_system -> schedule_maintenance, scale_service -> schedule_maintenance, schedule_maintenance -> run_pipeline, send_notification -> quarantine_system, send_notification -> scale_service",send_notification;scale_service;quarantine_system;schedule_maintenance;run_pipeline,0->1;0->2;1->3;2->3;3->4,asymmetric_fork_join,generated,train,FALSE,FALSE,send_notification;scale_service;quarantine_system;schedule_maintenance;run_pipeline
"Bob reported an issue — email Bob the update and at the same time scale prod-web-01 down to save costs and disconnect ml-infer-05 from everything. After those finish, set up downtime for staging-db-02. End with trigger a build for ml-infer-05.",10027,"quarantine_system -> schedule_maintenance, scale_service -> schedule_maintenance, schedule_maintenance -> run_pipeline, send_notification -> quarantine_system, send_notification -> scale_service",send_notification;scale_service;quarantine_system;schedule_maintenance;run_pipeline,0->1;0->2;1->3;2->3;3->4,asymmetric_fork_join,generated,train,FALSE,FALSE,send_notification;scale_service;quarantine_system;schedule_maintenance;run_pipeline
"For the Marketing team, email Alice the update and at the same time add more replicas for auth-svc-04 and yank cdn-edge-06 off the network, merge everything and arrange a maintenance slot for auth-svc-04. To wrap up, fire off the pipeline for Finance.",10027,"quarantine_system -> schedule_maintenance, scale_service -> schedule_maintenance, schedule_maintenance -> run_pipeline, send_notification -> quarantine_system, send_notification -> scale_service",send_notification;scale_service;quarantine_system;schedule_maintenance;run_pipeline,0->1;0->2;1->3;2->3;3->4,asymmetric_fork_join,generated,train,FALSE,FALSE,send_notification;scale_service;quarantine_system;schedule_maintenance;run_pipeline
"Recover Engineering's data from backup and ping auth-svc-04 for a health check — in parallel, rotate Charlie's credentials and log the whole cdn-edge-06 incident, then converge and roll back the last deploy on cdn-edge-06.",10028,"check_status -> log_audit_event, log_audit_event -> rollback_deployment, reset_password -> rollback_deployment, restore_backup -> reset_password",restore_backup;reset_password;check_status;log_audit_event;rollback_deployment,0->1;2->3;1->4;3->4,w_shape,generated,train,FALSE,FALSE,restore_backup;reset_password;check_status;log_audit_event;rollback_deployment
"I need you to recover Marketing's data from backup and check if auth-svc-04 is up and concurrently give Frank a new password and create an audit trail for #31450. After those finish, back out the deployment on ml-infer-05.",10028,"check_status -> log_audit_event, log_audit_event -> rollback_deployment, reset_password -> rollback_deployment, restore_backup -> reset_password",restore_backup;reset_password;check_status;log_audit_event;rollback_deployment,0->1;2->3;1->4;3->4,w_shape,generated,train,FALSE,FALSE,restore_backup;reset_password;check_status;log_audit_event;rollback_deployment
"When you get a chance, load the backup onto prod-web-01 and verify auth-svc-04's health and concurrently rotate Eve's credentials and log the whole cdn-edge-06 incident. When all of that's complete, roll cdn-edge-06 back to the last stable release.",10028,"check_status -> log_audit_event, log_audit_event -> rollback_deployment, reset_password -> rollback_deployment, restore_backup -> reset_password",restore_backup;reset_password;check_status;log_audit_event;rollback_deployment,0->1;2->3;1->4;3->4,w_shape,generated,train,FALSE,FALSE,restore_backup;reset_password;check_status;log_audit_event;rollback_deployment
"Do me a favor and pull ml-infer-05 back from the last good backup and see what's going on with cdn-edge-06 and concurrently nuke Alice's old login and issue a fresh one and record the event in Legal's log, merge everything and back out the deployment on staging-db-02.",10028,"check_status -> log_audit_event, log_audit_event -> rollback_deployment, reset_password -> rollback_deployment, restore_backup -> reset_password",restore_backup;reset_password;check_status;log_audit_event;rollback_deployment,0->1;2->3;1->4;3->4,w_shape,generated,train,FALSE,FALSE,restore_backup;reset_password;check_status;log_audit_event;rollback_deployment
"Move auth-svc-04's ownership to Finance and simultaneously give Diana their money back and move ml-infer-05's ownership to HR. After those finish, adjust the instance count for auth-svc-04 and concurrently create a virtual machine for Marketing and file a bug about cdn-edge-06. After those finish, change Frank's plan.",10031,"create_ticket -> update_subscription, process_refund -> scale_service, provision_vm -> update_subscription, scale_service -> create_ticket, scale_service -> provision_vm, transfer_ownership -> process_refund, transfer_ownership -> scale_service, transfer_ownership -> transfer_ownership",transfer_ownership;process_refund;transfer_ownership;scale_service;provision_vm;create_ticket;update_subscription,0->1;0->2;1->3;2->3;3->4;3->5;4->6;5->6,double_diamond,generated,train,TRUE,TRUE,transfer_ownership;process_refund;transfer_ownership;scale_service;provision_vm;create_ticket;update_subscription
"I need you to transfer ownership of prod-web-01 to Alice, and while you're at it, reverse the charge on #20891 and pass auth-svc-04 to Bob. After those finish, resize ml-infer-05's resources and at the same time launch an instance for Marketing and create a ticket about the Engineering issue, then converge and adjust the billing tier for Eve.",10031,"create_ticket -> update_subscription, process_refund -> scale_service, provision_vm -> update_subscription, scale_service -> create_ticket, scale_service -> provision_vm, transfer_ownership -> process_refund, transfer_ownership -> scale_service, transfer_ownership -> transfer_ownership",transfer_ownership;process_refund;transfer_ownership;scale_service;provision_vm;create_ticket;update_subscription,0->1;0->2;1->3;2->3;3->4;3->5;4->6;5->6,double_diamond,generated,train,TRUE,TRUE,transfer_ownership;process_refund;transfer_ownership;scale_service;provision_vm;create_ticket;update_subscription
"Hey, can you reassign staging-db-02 to Frank and simultaneously reverse the charge on #60122 and hand payment-api-03 over to Marketing. Once both are done, adjust the instance count for ml-infer-05 — in parallel, launch an instance for Legal and create a ticket about the Finance issue, merge everything and downgrade Frank's account.",10031,"create_ticket -> update_subscription, process_refund -> scale_service, provision_vm -> update_subscription, scale_service -> create_ticket, scale_service -> provision_vm, transfer_ownership -> process_refund, transfer_ownership -> scale_service, transfer_ownership -> transfer_ownership",transfer_ownership;process_refund;transfer_ownership;scale_service;provision_vm;create_ticket;update_subscription,0->1;0->2;1->3;2->3;3->4;3->5;4->6;5->6,double_diamond,generated,train,TRUE,TRUE,transfer_ownership;process_refund;transfer_ownership;scale_service;provision_vm;create_ticket;update_subscription
"Ticket INC-1198 says hand prod-web-01 over to Legal and simultaneously push the refund through for #42017 and hand prod-web-01 over to Marketing. Once both are done, adjust the instance count for prod-web-01 and at the same time stand up a new box for Finance and spin up a tracking ticket for Eve. After those finish, update Frank's subscription.",10031,"create_ticket -> update_subscription, process_refund -> scale_service, provision_vm -> update_subscription, scale_service -> create_ticket, scale_service -> provision_vm, transfer_ownership -> process_refund, transfer_ownership -> scale_service, transfer_ownership -> transfer_ownership",transfer_ownership;process_refund;transfer_ownership;scale_service;provision_vm;create_ticket;update_subscription,0->1;0->2;1->3;2->3;3->4;3->5;4->6;5->6,double_diamond,generated,train,TRUE,TRUE,transfer_ownership;process_refund;transfer_ownership;scale_service;provision_vm;create_ticket;update_subscription
"Ticket INC-1198 says wipe the cache layer for Engineering and concurrently create a ticket about the Finance issue and activate the feature flag on cdn-edge-06. After those finish, add more replicas for auth-svc-04 and at the same time update Grace's subscription and move Marketing's stale data to cold storage. After those finish, bump the capacity on staging-db-02.",10034,"archive_data -> scale_service, create_ticket -> scale_service, enable_feature_flag -> scale_service, invalidate_cache -> create_ticket, invalidate_cache -> enable_feature_flag, scale_service -> archive_data, scale_service -> update_subscription, update_subscription -> scale_service",invalidate_cache;create_ticket;enable_feature_flag;scale_service;update_subscription;archive_data;scale_service,0->1;0->2;1->3;2->3;3->4;3->5;4->6;5->6,double_diamond,generated,train,TRUE,TRUE,invalidate_cache;create_ticket;enable_feature_flag;scale_service;update_subscription;archive_data;scale_service
"We gotta wipe the cache layer for HR and concurrently spin up a tracking ticket for Eve and light up the feature for payment-api-03, merge everything and adjust the instance count for staging-db-02 while also change Bob's plan and move HR's stale data to cold storage. When all of that's complete, resize cdn-edge-06's resources.",10034,"archive_data -> scale_service, create_ticket -> scale_service, enable_feature_flag -> scale_service, invalidate_cache -> create_ticket, invalidate_cache -> enable_feature_flag, scale_service -> archive_data, scale_service -> update_subscription, update_subscription -> scale_service",invalidate_cache;create_ticket;enable_feature_flag;scale_service;update_subscription;archive_data;scale_service,0->1;0->2;1->3;2->3;3->4;3->5;4->6;5->6,double_diamond,generated,train,TRUE,TRUE,invalidate_cache;create_ticket;enable_feature_flag;scale_service;update_subscription;archive_data;scale_service
"Do me a favor and wipe the cache layer for HR, and while you're at it, log a Jira for Bob's issue and flip the feature toggle on for Marketing, then converge and scale up cdn-edge-06 and concurrently downgrade Grace's account and archive Bob's old records. Once both are done, scale staging-db-02 down to save costs.",10034,"archive_data -> scale_service, create_ticket -> scale_service, enable_feature_flag -> scale_service, invalidate_cache -> create_ticket, invalidate_cache -> enable_feature_flag, scale_service -> archive_data, scale_service -> update_subscription, update_subscription -> scale_service",invalidate_cache;create_ticket;enable_feature_flag;scale_service;update_subscription;archive_data;scale_service,0->1;0->2;1->3;2->3;3->4;3->5;4->6;5->6,double_diamond,generated,train,TRUE,TRUE,invalidate_cache;create_ticket;enable_feature_flag;scale_service;update_subscription;archive_data;scale_service
"Hey, can you wipe the cache layer for Marketing and at the same time create a ticket about the Marketing issue and light up the feature for cdn-edge-06, merge everything and adjust the instance count for auth-svc-04, and while you're at it, update Bob's subscription and move Engineering's stale data to cold storage, merge everything and add more replicas for cdn-edge-06.",10034,"archive_data -> scale_service, create_ticket -> scale_service, enable_feature_flag -> scale_service, invalidate_cache -> create_ticket, invalidate_cache -> enable_feature_flag, scale_service -> archive_data, scale_service -> update_subscription, update_subscription -> scale_service",invalidate_cache;create_ticket;enable_feature_flag;scale_service;update_subscription;archive_data;scale_service,0->1;0->2;1->3;2->3;3->4;3->5;4->6;5->6,double_diamond,generated,train,TRUE,TRUE,invalidate_cache;create_ticket;enable_feature_flag;scale_service;update_subscription;archive_data;scale_service
"We gotta load the backup onto auth-svc-04 and simultaneously do a security check on payment-api-03 and fire off a notification to Grace. When all of that's complete, reboot ml-infer-05 and simultaneously hand payment-api-03 over to Marketing and quarantine staging-db-02, then converge and generate a new API key for auth-svc-04.",10035,"quarantine_system -> rotate_api_key, restart_service -> quarantine_system, restart_service -> transfer_ownership, restore_backup -> scan_malware, restore_backup -> send_notification, scan_malware -> restart_service, send_notification -> restart_service, transfer_ownership -> rotate_api_key",restore_backup;scan_malware;send_notification;restart_service;transfer_ownership;quarantine_system;rotate_api_key,0->1;0->2;1->3;2->3;3->4;3->5;4->6;5->6,double_diamond,generated,train,FALSE,FALSE,restore_backup;scan_malware;send_notification;restart_service;transfer_ownership;quarantine_system;rotate_api_key
"From Engineering: load the backup onto prod-web-01 while also run a malware sweep on auth-svc-04 and fire off a notification to Bob, merge everything and bounce prod-web-01 and simultaneously move ml-infer-05's ownership to HR and yank auth-svc-04 off the network. When all of that's complete, refresh the API token for Engineering.",10035,"quarantine_system -> rotate_api_key, restart_service -> quarantine_system, restart_service -> transfer_ownership, restore_backup -> scan_malware, restore_backup -> send_notification, scan_malware -> restart_service, send_notification -> restart_service, transfer_ownership -> rotate_api_key",restore_backup;scan_malware;send_notification;restart_service;transfer_ownership;quarantine_system;rotate_api_key,0->1;0->2;1->3;2->3;3->4;3->5;4->6;5->6,double_diamond,generated,train,FALSE,FALSE,restore_backup;scan_malware;send_notification;restart_service;transfer_ownership;quarantine_system;rotate_api_key
"Urgent: restore auth-svc-04 from the latest backup — in parallel, scan staging-db-02 for threats and blast an alert to Marketing, merge everything and restart the service on ml-infer-05 and simultaneously hand auth-svc-04 over to Engineering and pull staging-db-02 from production. After those finish, cycle the secret for Legal's service.",10035,"quarantine_system -> rotate_api_key, restart_service -> quarantine_system, restart_service -> transfer_ownership, restore_backup -> scan_malware, restore_backup -> send_notification, scan_malware -> restart_service, send_notification -> restart_service, transfer_ownership -> rotate_api_key",restore_backup;scan_malware;send_notification;restart_service;transfer_ownership;quarantine_system;rotate_api_key,0->1;0->2;1->3;2->3;3->4;3->5;4->6;5->6,double_diamond,generated,train,FALSE,FALSE,restore_backup;scan_malware;send_notification;restart_service;transfer_ownership;quarantine_system;rotate_api_key
"Recover Finance's data from backup and at the same time sweep prod-web-01 for IOCs and blast an alert to HR, then converge and cycle staging-db-02 and at the same time move staging-db-02's ownership to Finance and quarantine staging-db-02. After those finish, refresh the API token for Engineering.",10035,"quarantine_system -> rotate_api_key, restart_service -> quarantine_system, restart_service -> transfer_ownership, restore_backup -> scan_malware, restore_backup -> send_notification, scan_malware -> restart_service, send_notification -> restart_service, transfer_ownership -> rotate_api_key",restore_backup;scan_malware;send_notification;restart_service;transfer_ownership;quarantine_system;rotate_api_key,0->1;0->2;1->3;2->3;3->4;3->5;4->6;5->6,double_diamond,generated,train,FALSE,FALSE,restore_backup;scan_malware;send_notification;restart_service;transfer_ownership;quarantine_system;rotate_api_key
"From Finance: flush the cache on cdn-edge-06, and while you're at it, grab Alice's account details and bring ml-infer-05 back from the snapshot. Once both are done, stand up a new box for Finance — in parallel, push the container image for HR and check the DB for Grace, then converge and create a ticket about the Marketing issue.",10036,"db_read -> create_ticket, db_read -> provision_vm, deploy_container -> create_ticket, invalidate_cache -> db_read, invalidate_cache -> restore_backup, provision_vm -> db_read, provision_vm -> deploy_container, restore_backup -> provision_vm",invalidate_cache;db_read;restore_backup;provision_vm;deploy_container;db_read;create_ticket,0->1;0->2;1->3;2->3;3->4;3->5;4->6;5->6,double_diamond,generated,train,TRUE,TRUE,invalidate_cache;db_read;restore_backup;provision_vm;deploy_container;db_read;create_ticket
"Do me a favor and clear the cache for Engineering while also look up the records for #60122 and load the backup onto auth-svc-04, merge everything and spin up a VM for Legal and at the same time roll out the containerised app to cdn-edge-06 and fetch #20891's info. After those finish, spin up a tracking ticket for Grace.",10036,"db_read -> create_ticket, db_read -> provision_vm, deploy_container -> create_ticket, invalidate_cache -> db_read, invalidate_cache -> restore_backup, provision_vm -> db_read, provision_vm -> deploy_container, restore_backup -> provision_vm",invalidate_cache;db_read;restore_backup;provision_vm;deploy_container;db_read;create_ticket,0->1;0->2;1->3;2->3;3->4;3->5;4->6;5->6,double_diamond,generated,train,TRUE,TRUE,invalidate_cache;db_read;restore_backup;provision_vm;deploy_container;db_read;create_ticket
"Per Eve's request, clear the cache for Legal — in parallel, look up the records for #10234 and bring auth-svc-04 back from the snapshot. After those finish, provision a new instance for Legal and at the same time roll out the containerised app to prod-web-01 and pull Charlie's data. Once both are done, create a support case for HR.",10036,"db_read -> create_ticket, db_read -> provision_vm, deploy_container -> create_ticket, invalidate_cache -> db_read, invalidate_cache -> restore_backup, provision_vm -> db_read, provision_vm -> deploy_container, restore_backup -> provision_vm",invalidate_cache;db_read;restore_backup;provision_vm;deploy_container;db_read;create_ticket,0->1;0->2;1->3;2->3;3->4;3->5;4->6;5->6,double_diamond,generated,train,TRUE,TRUE,invalidate_cache;db_read;restore_backup;provision_vm;deploy_container;db_read;create_ticket
"We gotta bust the cache on staging-db-02 — in parallel, fetch #31450's info and pull cdn-edge-06 back from the last good backup. When all of that's complete, stand up a new box for Marketing — in parallel, deploy the container for Marketing and read Grace's profile from the database, then converge and create a ticket about the Finance issue.",10036,"db_read -> create_ticket, db_read -> provision_vm, deploy_container -> create_ticket, invalidate_cache -> db_read, invalidate_cache -> restore_backup, provision_vm -> db_read, provision_vm -> deploy_container, restore_backup -> provision_vm",invalidate_cache;db_read;restore_backup;provision_vm;deploy_container;db_read;create_ticket,0->1;0->2;1->3;2->3;3->4;3->5;4->6;5->6,double_diamond,generated,train,TRUE,TRUE,invalidate_cache;db_read;restore_backup;provision_vm;deploy_container;db_read;create_ticket
"Time to cut off Bob's permissions and at the same time push the container image for Engineering and shelve Finance's outdated data. After those finish, reset Charlie's password. End with hand cdn-edge-06 over to Finance.",10039,"archive_data -> reset_password, deploy_container -> reset_password, reset_password -> transfer_ownership, revoke_access -> archive_data, revoke_access -> deploy_container",revoke_access;deploy_container;archive_data;reset_password;transfer_ownership,0->1;0->2;1->3;2->3;3->4,asymmetric_fork_join,generated,train,FALSE,FALSE,revoke_access;deploy_container;archive_data;reset_password;transfer_ownership
"I need you to cut off Charlie's permissions and at the same time roll out the containerised app to ml-infer-05 and put Legal's historical data into the archive, merge everything and force a credential change for Bob. Finally, change the owner of staging-db-02 to Legal.",10039,"archive_data -> reset_password, deploy_container -> reset_password, reset_password -> transfer_ownership, revoke_access -> archive_data, revoke_access -> deploy_container",revoke_access;deploy_container;archive_data;reset_password;transfer_ownership,0->1;0->2;1->3;2->3;3->4,asymmetric_fork_join,generated,train,FALSE,FALSE,revoke_access;deploy_container;archive_data;reset_password;transfer_ownership
"Grace reported an issue — pull Bob's credentials for payment-api-03, and while you're at it, launch the docker deployment for Engineering and archive Frank's old records. Once both are done, nuke Alice's old login and issue a fresh one. Last step: move payment-api-03's ownership to Legal.",10039,"archive_data -> reset_password, deploy_container -> reset_password, reset_password -> transfer_ownership, revoke_access -> archive_data, revoke_access -> deploy_container",revoke_access;deploy_container;archive_data;reset_password;transfer_ownership,0->1;0->2;1->3;2->3;3->4,asymmetric_fork_join,generated,train,FALSE,FALSE,revoke_access;deploy_container;archive_data;reset_password;transfer_ownership
"ASAP — cut off Eve's permissions and concurrently deploy the container for Legal and put Legal's historical data into the archive. Once both are done, change Alice's auth credentials. End with change the owner of payment-api-03 to Engineering.",10039,"archive_data -> reset_password, deploy_container -> reset_password, reset_password -> transfer_ownership, revoke_access -> archive_data, revoke_access -> deploy_container",revoke_access;deploy_container;archive_data;reset_password;transfer_ownership,0->1;0->2;1->3;2->3;3->4,asymmetric_fork_join,generated,train,FALSE,FALSE,revoke_access;deploy_container;archive_data;reset_password;transfer_ownership
"Time to transfer ownership of prod-web-01 to Grace while also shoot Alice an email and send a heads-up to Engineering, then converge and kick off the CI/CD pipeline for Engineering, and while you're at it, deploy the container for Finance and cycle the secret for Marketing's service. After those finish, lock down auth-svc-04.",10040,"deploy_container -> quarantine_system, rotate_api_key -> quarantine_system, run_pipeline -> deploy_container, run_pipeline -> rotate_api_key, send_notification -> run_pipeline, send_notification -> run_pipeline, transfer_ownership -> send_notification, transfer_ownership -> send_notification",transfer_ownership;send_notification;send_notification;run_pipeline;deploy_container;rotate_api_key;quarantine_system,0->1;0->2;1->3;2->3;3->4;3->5;4->6;5->6,double_diamond,generated,train,TRUE,TRUE,transfer_ownership;send_notification;send_notification;run_pipeline;deploy_container;rotate_api_key;quarantine_system
"Change the owner of staging-db-02 to Finance while also email Bob the update and blast an alert to Engineering. Once both are done, execute the build pipeline for ml-infer-05 while also get the container running on cdn-edge-06 and rotate the API key for cdn-edge-06. Once both are done, disconnect staging-db-02 from everything.",10040,"deploy_container -> quarantine_system, rotate_api_key -> quarantine_system, run_pipeline -> deploy_container, run_pipeline -> rotate_api_key, send_notification -> run_pipeline, send_notification -> run_pipeline, transfer_ownership -> send_notification, transfer_ownership -> send_notification",transfer_ownership;send_notification;send_notification;run_pipeline;deploy_container;rotate_api_key;quarantine_system,0->1;0->2;1->3;2->3;3->4;3->5;4->6;5->6,double_diamond,generated,train,TRUE,TRUE,transfer_ownership;send_notification;send_notification;run_pipeline;deploy_container;rotate_api_key;quarantine_system
"The Engineering team needs us to hand cdn-edge-06 over to Finance, and while you're at it, send a heads-up to Engineering and send a heads-up to Finance. Once both are done, fire off the pipeline for Legal, and while you're at it, push the container image for Legal and swap out payment-api-03's credentials, merge everything and yank staging-db-02 off the network.",10040,"deploy_container -> quarantine_system, rotate_api_key -> quarantine_system, run_pipeline -> deploy_container, run_pipeline -> rotate_api_key, send_notification -> run_pipeline, send_notification -> run_pipeline, transfer_ownership -> send_notification, transfer_ownership -> send_notification",transfer_ownership;send_notification;send_notification;run_pipeline;deploy_container;rotate_api_key;quarantine_system,0->1;0->2;1->3;2->3;3->4;3->5;4->6;5->6,double_diamond,generated,train,TRUE,TRUE,transfer_ownership;send_notification;send_notification;run_pipeline;deploy_container;rotate_api_key;quarantine_system
"Ticket INC-8842 says move payment-api-03's ownership to Engineering and simultaneously fire off a notification to Eve and send a heads-up to Marketing, then converge and execute the build pipeline for auth-svc-04 while also get the container running on staging-db-02 and cycle the secret for Legal's service, then converge and pull staging-db-02 from production.",10040,"deploy_container -> quarantine_system, rotate_api_key -> quarantine_system, run_pipeline -> deploy_container, run_pipeline -> rotate_api_key, send_notification -> run_pipeline, send_notification -> run_pipeline, transfer_ownership -> send_notification, transfer_ownership -> send_notification",transfer_ownership;send_notification;send_notification;run_pipeline;deploy_container;rotate_api_key;quarantine_system,0->1;0->2;1->3;2->3;3->4;3->5;4->6;5->6,double_diamond,generated,train,TRUE,TRUE,transfer_ownership;send_notification;send_notification;run_pipeline;deploy_container;rotate_api_key;quarantine_system
"We gotta adjust the instance count for auth-svc-04 and give auth-svc-04 a kick. When all of that's complete, create an audit trail for #53698. To wrap up, switch off the flag for HR.",10044,"log_audit_event -> disable_feature_flag, restart_service -> log_audit_event, scale_service -> log_audit_event",scale_service;restart_service;log_audit_event;disable_feature_flag,0->2;1->2;2->3,y_shape,generated,train,FALSE,FALSE,scale_service;restart_service;log_audit_event;disable_feature_flag
"Do me a favor and bump the capacity on cdn-edge-06 and restart the service on cdn-edge-06. After those finish, make a compliance log about Grace. Last step: turn off the feature flag for Finance.",10044,"log_audit_event -> disable_feature_flag, restart_service -> log_audit_event, scale_service -> log_audit_event",scale_service;restart_service;log_audit_event;disable_feature_flag,0->2;1->2;2->3,y_shape,generated,train,FALSE,FALSE,scale_service;restart_service;log_audit_event;disable_feature_flag
"I need you to adjust the instance count for auth-svc-04 and restart the main process on staging-db-02. Once both are done, log the whole payment-api-03 incident. To wrap up, disable the flag on staging-db-02.",10044,"log_audit_event -> disable_feature_flag, restart_service -> log_audit_event, scale_service -> log_audit_event",scale_service;restart_service;log_audit_event;disable_feature_flag,0->2;1->2;2->3,y_shape,generated,train,FALSE,FALSE,scale_service;restart_service;log_audit_event;disable_feature_flag
"Ticket INC-1198 says scale ml-infer-05 down to save costs and bounce prod-web-01, then converge and record the event in Marketing's log. Finally, kill the feature toggle for Finance.",10044,"log_audit_event -> disable_feature_flag, restart_service -> log_audit_event, scale_service -> log_audit_event",scale_service;restart_service;log_audit_event;disable_feature_flag,0->2;1->2;2->3,y_shape,generated,train,FALSE,FALSE,scale_service;restart_service;log_audit_event;disable_feature_flag
"Urgent: log Alice's action for compliance while also file an incident report about ml-infer-05 and produce the HR performance summary. Once both are done, put together a report on prod-web-01 and concurrently reset Bob's password and stand up a new box for Finance. Once both are done, grab Frank's account details.",10045,"create_ticket -> generate_report, generate_report -> generate_report, generate_report -> provision_vm, generate_report -> reset_password, log_audit_event -> create_ticket, log_audit_event -> generate_report, provision_vm -> db_read, reset_password -> db_read",log_audit_event;create_ticket;generate_report;generate_report;reset_password;provision_vm;db_read,0->1;0->2;1->3;2->3;3->4;3->5;4->6;5->6,double_diamond,generated,train,TRUE,TRUE,log_audit_event;create_ticket;generate_report;generate_report;reset_password;provision_vm;db_read
"Per Alice's request, log Bob's action for compliance while also file an incident report about ml-infer-05 and build a compliance doc for Engineering. When all of that's complete, compile a summary for Engineering, and while you're at it, give Frank a new password and create a virtual machine for Finance, merge everything and pull Alice's data.",10045,"create_ticket -> generate_report, generate_report -> generate_report, generate_report -> provision_vm, generate_report -> reset_password, log_audit_event -> create_ticket, log_audit_event -> generate_report, provision_vm -> db_read, reset_password -> db_read",log_audit_event;create_ticket;generate_report;generate_report;reset_password;provision_vm;db_read,0->1;0->2;1->3;2->3;3->4;3->5;4->6;5->6,double_diamond,generated,train,TRUE,TRUE,log_audit_event;create_ticket;generate_report;generate_report;reset_password;provision_vm;db_read
"Ticket INC-5560 says make a compliance log about Diana and concurrently open a ticket for Charlie and generate the Engineering analytics. When all of that's complete, whip up a report for Legal and simultaneously nuke Eve's old login and issue a fresh one and launch an instance for Finance. After those finish, fetch #42017's info.",10045,"create_ticket -> generate_report, generate_report -> generate_report, generate_report -> provision_vm, generate_report -> reset_password, log_audit_event -> create_ticket, log_audit_event -> generate_report, provision_vm -> db_read, reset_password -> db_read",log_audit_event;create_ticket;generate_report;generate_report;reset_password;provision_vm;db_read,0->1;0->2;1->3;2->3;3->4;3->5;4->6;5->6,double_diamond,generated,train,TRUE,TRUE,log_audit_event;create_ticket;generate_report;generate_report;reset_password;provision_vm;db_read
"Quick one — log the whole ml-infer-05 incident and simultaneously log a Jira for Frank's issue and compile a summary for Engineering, then converge and produce the Finance performance summary and simultaneously reset Charlie's password and launch an instance for Engineering. Once both are done, dig up the history on Grace.",10045,"create_ticket -> generate_report, generate_report -> generate_report, generate_report -> provision_vm, generate_report -> reset_password, log_audit_event -> create_ticket, log_audit_event -> generate_report, provision_vm -> db_read, reset_password -> db_read",log_audit_event;create_ticket;generate_report;generate_report;reset_password;provision_vm;db_read,0->1;0->2;1->3;2->3;3->4;3->5;4->6;5->6,double_diamond,generated,train,TRUE,TRUE,log_audit_event;create_ticket;generate_report;generate_report;reset_password;provision_vm;db_read
"Diana is asking us to swap out ml-infer-05's credentials and simultaneously build a compliance doc for Engineering, dump the database on payment-api-03, put together a report on cdn-edge-06, and query the database about #42017, then change Diana's auth credentials. To wrap up, approve Grace's access request.",10046,"db_read -> reset_password, reset_password -> approve_access, rotate_api_key -> backup_database, rotate_api_key -> db_read, rotate_api_key -> generate_report, rotate_api_key -> generate_report",rotate_api_key;generate_report;backup_database;generate_report;db_read;reset_password;approve_access,0->1;0->2;0->3;0->4;4->5;5->6,wide_fanout_deep,generated,train,TRUE,TRUE,rotate_api_key;generate_report;backup_database;generate_report;db_read;reset_password;approve_access
"Bob reported an issue — generate a new API key for payment-api-03 and simultaneously whip up a report for Engineering, back up the database for Engineering, build a compliance doc for Legal, and grab Alice's account details, and then give Alice a new password. To wrap up, give Bob access to Finance's resources.",10046,"db_read -> reset_password, reset_password -> approve_access, rotate_api_key -> backup_database, rotate_api_key -> db_read, rotate_api_key -> generate_report, rotate_api_key -> generate_report",rotate_api_key;generate_report;backup_database;generate_report;db_read;reset_password;approve_access,0->1;0->2;0->3;0->4;4->5;5->6,wide_fanout_deep,generated,train,TRUE,TRUE,rotate_api_key;generate_report;backup_database;generate_report;db_read;reset_password;approve_access
"Time to cycle the secret for Engineering's service while also whip up a report for Finance, back up the database for Finance, build a compliance doc for Finance, and read Eve's profile from the database — then give Diana a new password. Finally, sign off on Diana's permission request.",10046,"db_read -> reset_password, reset_password -> approve_access, rotate_api_key -> backup_database, rotate_api_key -> db_read, rotate_api_key -> generate_report, rotate_api_key -> generate_report",rotate_api_key;generate_report;backup_database;generate_report;db_read;reset_password;approve_access,0->1;0->2;0->3;0->4;4->5;5->6,wide_fanout_deep,generated,train,TRUE,TRUE,rotate_api_key;generate_report;backup_database;generate_report;db_read;reset_password;approve_access
"Alice reported an issue — swap out auth-svc-04's credentials while also build a compliance doc for Marketing, snapshot the database for ml-infer-05, build a compliance doc for Finance, and read Grace's profile from the database, followed by force a credential change for Alice. Last step: give Diana access to Finance's resources.",10046,"db_read -> reset_password, reset_password -> approve_access, rotate_api_key -> backup_database, rotate_api_key -> db_read, rotate_api_key -> generate_report, rotate_api_key -> generate_report",rotate_api_key;generate_report;backup_database;generate_report;db_read;reset_password;approve_access,0->1;0->2;0->3;0->4;4->5;5->6,wide_fanout_deep,generated,train,TRUE,TRUE,rotate_api_key;generate_report;backup_database;generate_report;db_read;reset_password;approve_access
"Quick one — store the Legal config in the database and produce the Finance performance summary, then converge and rotate Grace's credentials. Last step: disable the flag on cdn-edge-06.",10047,"db_write -> reset_password, generate_report -> reset_password, reset_password -> disable_feature_flag",db_write;generate_report;reset_password;disable_feature_flag,0->2;1->2;2->3,y_shape,generated,train,FALSE,FALSE,db_write;generate_report;reset_password;disable_feature_flag
"Persist Alice's data to the database and produce the Marketing performance summary. When all of that's complete, give Eve a new password. Last step: disable the flag on cdn-edge-06.",10047,"db_write -> reset_password, generate_report -> reset_password, reset_password -> disable_feature_flag",db_write;generate_report;reset_password;disable_feature_flag,0->2;1->2;2->3,y_shape,generated,train,FALSE,FALSE,db_write;generate_report;reset_password;disable_feature_flag
"Do me a favor and save the changes for Bob to the DB and put together a report on ml-infer-05, merge everything and rotate Frank's credentials. End with kill the feature toggle for Finance.",10047,"db_write -> reset_password, generate_report -> reset_password, reset_password -> disable_feature_flag",db_write;generate_report;reset_password;disable_feature_flag,0->2;1->2;2->3,y_shape,generated,train,FALSE,FALSE,db_write;generate_report;reset_password;disable_feature_flag
"Do me a favor and save the changes for Charlie to the DB and build a compliance doc for Legal, merge everything and force a credential change for Grace. To wrap up, kill the feature toggle for Marketing.",10047,"db_write -> reset_password, generate_report -> reset_password, reset_password -> disable_feature_flag",db_write;generate_report;reset_password;disable_feature_flag,0->2;1->2;2->3,y_shape,generated,train,FALSE,FALSE,db_write;generate_report;reset_password;disable_feature_flag
"For the Legal team, remove Charlie from HR's access list and roll out the containerised app to prod-web-01 — then flush the cache on ml-infer-05. After that, switch off the flag for Marketing. Once both are done, take a snapshot of staging-db-02's DB.",10050,"deploy_container -> backup_database, disable_feature_flag -> backup_database, invalidate_cache -> disable_feature_flag, revoke_access -> invalidate_cache",revoke_access;invalidate_cache;disable_feature_flag;backup_database;deploy_container,0->1;1->2;2->3;4->3,deep_asymmetric_merge,generated,train,FALSE,FALSE,revoke_access;invalidate_cache;disable_feature_flag;backup_database;deploy_container
"Alice is asking us to cut off Bob's permissions and push the container image for Marketing. After that, bust the cache on auth-svc-04, followed by shut down the feature on cdn-edge-06. Once both are done, dump the database on auth-svc-04.",10050,"deploy_container -> backup_database, disable_feature_flag -> backup_database, invalidate_cache -> disable_feature_flag, revoke_access -> invalidate_cache",revoke_access;invalidate_cache;disable_feature_flag;backup_database;deploy_container,0->1;1->2;2->3;4->3,deep_asymmetric_merge,generated,train,FALSE,FALSE,revoke_access;invalidate_cache;disable_feature_flag;backup_database;deploy_container
"The Engineering team needs us to revoke Bob's access to payment-api-03 and get the container running on ml-infer-05, then clear the cache for Engineering, and then turn off the feature flag for Marketing, then converge and back up the database for Engineering.",10050,"deploy_container -> backup_database, disable_feature_flag -> backup_database, invalidate_cache -> disable_feature_flag, revoke_access -> invalidate_cache",revoke_access;invalidate_cache;disable_feature_flag;backup_database;deploy_container,0->1;1->2;2->3;4->3,deep_asymmetric_merge,generated,train,FALSE,FALSE,revoke_access;invalidate_cache;disable_feature_flag;backup_database;deploy_container
"Pull Alice's credentials for cdn-edge-06 and get the container running on staging-db-02. After that, wipe the cache layer for Engineering, then turn off the feature flag for Finance, merge everything and save a backup of HR's data.",10050,"deploy_container -> backup_database, disable_feature_flag -> backup_database, invalidate_cache -> disable_feature_flag, revoke_access -> invalidate_cache",revoke_access;invalidate_cache;disable_feature_flag;backup_database;deploy_container,0->1;1->2;2->3;4->3,deep_asymmetric_merge,generated,train,FALSE,FALSE,revoke_access;invalidate_cache;disable_feature_flag;backup_database;deploy_container
"Hey, can you run the deployment pipeline for Marketing and concurrently get a human involved for Charlie and bounce staging-db-02, then converge and record the event in Finance's log. Last step: enable the flag for prod-web-01.",10052,"escalate_to_human -> log_audit_event, log_audit_event -> enable_feature_flag, restart_service -> log_audit_event, run_pipeline -> escalate_to_human, run_pipeline -> restart_service",run_pipeline;escalate_to_human;restart_service;log_audit_event;enable_feature_flag,0->1;0->2;1->3;2->3;3->4,asymmetric_fork_join,generated,train,FALSE,FALSE,run_pipeline;escalate_to_human;restart_service;log_audit_event;enable_feature_flag
"For the Engineering team, start the CI job for ml-infer-05 and at the same time wake up the on-call about ml-infer-05 and bounce payment-api-03, merge everything and make a compliance log about Alice. Last step: enable the flag for auth-svc-04.",10052,"escalate_to_human -> log_audit_event, log_audit_event -> enable_feature_flag, restart_service -> log_audit_event, run_pipeline -> escalate_to_human, run_pipeline -> restart_service",run_pipeline;escalate_to_human;restart_service;log_audit_event;enable_feature_flag,0->1;0->2;1->3;2->3;3->4,asymmetric_fork_join,generated,train,FALSE,FALSE,run_pipeline;escalate_to_human;restart_service;log_audit_event;enable_feature_flag
"ASAP — run the deployment pipeline for Marketing — in parallel, bring in tier-2 support for Grace and reboot staging-db-02, merge everything and make a compliance log about Eve. Finally, enable the flag for ml-infer-05.",10052,"escalate_to_human -> log_audit_event, log_audit_event -> enable_feature_flag, restart_service -> log_audit_event, run_pipeline -> escalate_to_human, run_pipeline -> restart_service",run_pipeline;escalate_to_human;restart_service;log_audit_event;enable_feature_flag,0->1;0->2;1->3;2->3;3->4,asymmetric_fork_join,generated,train,FALSE,FALSE,run_pipeline;escalate_to_human;restart_service;log_audit_event;enable_feature_flag
"Hey, can you fire off the pipeline for Legal and at the same time hand Charlie's issue off to an engineer and restart the main process on payment-api-03, merge everything and log Frank's action for compliance. To wrap up, light up the feature for payment-api-03.",10052,"escalate_to_human -> log_audit_event, log_audit_event -> enable_feature_flag, restart_service -> log_audit_event, run_pipeline -> escalate_to_human, run_pipeline -> restart_service",run_pipeline;escalate_to_human;restart_service;log_audit_event;enable_feature_flag,0->1;0->2;1->3;2->3;3->4,asymmetric_fork_join,generated,train,FALSE,FALSE,run_pipeline;escalate_to_human;restart_service;log_audit_event;enable_feature_flag
"When you get a chance, compile a summary for Marketing, and while you're at it, do a security check on payment-api-03 and issue a new secret for payment-api-03. Once both are done, record the event in Legal's log. Finally, send a heads-up to Legal.",10055,"generate_report -> rotate_api_key, generate_report -> scan_malware, log_audit_event -> send_notification, rotate_api_key -> log_audit_event, scan_malware -> log_audit_event",generate_report;scan_malware;rotate_api_key;log_audit_event;send_notification,0->1;0->2;1->3;2->3;3->4,asymmetric_fork_join,generated,train,FALSE,FALSE,generate_report;scan_malware;rotate_api_key;log_audit_event;send_notification
"For the Marketing team, produce the Engineering performance summary while also do a security check on prod-web-01 and rotate the API key for prod-web-01. Once both are done, drop an audit entry for cdn-edge-06. Finally, email Frank the update.",10055,"generate_report -> rotate_api_key, generate_report -> scan_malware, log_audit_event -> send_notification, rotate_api_key -> log_audit_event, scan_malware -> log_audit_event",generate_report;scan_malware;rotate_api_key;log_audit_event;send_notification,0->1;0->2;1->3;2->3;3->4,asymmetric_fork_join,generated,train,FALSE,FALSE,generate_report;scan_malware;rotate_api_key;log_audit_event;send_notification
"When you get a chance, whip up a report for Engineering, and while you're at it, scan cdn-edge-06 for threats and generate a new API key for ml-infer-05. When all of that's complete, log the whole staging-db-02 incident, and lastly fire off a notification to Bob.",10055,"generate_report -> rotate_api_key, generate_report -> scan_malware, log_audit_event -> send_notification, rotate_api_key -> log_audit_event, scan_malware -> log_audit_event",generate_report;scan_malware;rotate_api_key;log_audit_event;send_notification,0->1;0->2;1->3;2->3;3->4,asymmetric_fork_join,generated,train,FALSE,FALSE,generate_report;scan_malware;rotate_api_key;log_audit_event;send_notification
"Do me a favor and compile a summary for HR, and while you're at it, do a security check on staging-db-02 and generate a new API key for payment-api-03, merge everything and make a compliance log about Alice. Finally, shoot Alice an email.",10055,"generate_report -> rotate_api_key, generate_report -> scan_malware, log_audit_event -> send_notification, rotate_api_key -> log_audit_event, scan_malware -> log_audit_event",generate_report;scan_malware;rotate_api_key;log_audit_event;send_notification,0->1;0->2;1->3;2->3;3->4,asymmetric_fork_join,generated,train,FALSE,FALSE,generate_report;scan_malware;rotate_api_key;log_audit_event;send_notification
"ASAP — quarantine ml-infer-05 and make a compliance log about Diana, and while you're at it, give Frank their money back and compile a summary for Marketing. When all of that's complete, flip the feature toggle on for Marketing.",10056,"generate_report -> enable_feature_flag, log_audit_event -> generate_report, process_refund -> enable_feature_flag, quarantine_system -> process_refund",quarantine_system;process_refund;log_audit_event;generate_report;enable_feature_flag,0->1;2->3;1->4;3->4,w_shape,generated,train,FALSE,FALSE,quarantine_system;process_refund;log_audit_event;generate_report;enable_feature_flag
"I need you to quarantine payment-api-03 and log the whole cdn-edge-06 incident, and while you're at it, credit Eve's account and produce the Legal performance summary. Once both are done, activate the feature flag on auth-svc-04.",10056,"generate_report -> enable_feature_flag, log_audit_event -> generate_report, process_refund -> enable_feature_flag, quarantine_system -> process_refund",quarantine_system;process_refund;log_audit_event;generate_report;enable_feature_flag,0->1;2->3;1->4;3->4,w_shape,generated,train,FALSE,FALSE,quarantine_system;process_refund;log_audit_event;generate_report;enable_feature_flag
"Quick one — yank cdn-edge-06 off the network and create an audit trail for #60122 and concurrently credit Bob's account and produce the Engineering performance summary, merge everything and enable the flag for auth-svc-04.",10056,"generate_report -> enable_feature_flag, log_audit_event -> generate_report, process_refund -> enable_feature_flag, quarantine_system -> process_refund",quarantine_system;process_refund;log_audit_event;generate_report;enable_feature_flag,0->1;2->3;1->4;3->4,w_shape,generated,train,FALSE,FALSE,quarantine_system;process_refund;log_audit_event;generate_report;enable_feature_flag
"When you get a chance, isolate prod-web-01 and record the event in Finance's log — in parallel, push the refund through for #60122 and produce the Legal performance summary. When all of that's complete, activate the feature flag on staging-db-02.",10056,"generate_report -> enable_feature_flag, log_audit_event -> generate_report, process_refund -> enable_feature_flag, quarantine_system -> process_refund",quarantine_system;process_refund;log_audit_event;generate_report;enable_feature_flag,0->1;2->3;1->4;3->4,w_shape,generated,train,FALSE,FALSE,quarantine_system;process_refund;log_audit_event;generate_report;enable_feature_flag
"Quick one — make a compliance log about Eve and simultaneously queue a maintenance window for Marketing and switch on the flag for Marketing. Once both are done, generate a new API key for ml-infer-05. End with log a Jira for Frank's issue.",10057,"enable_feature_flag -> rotate_api_key, log_audit_event -> enable_feature_flag, log_audit_event -> schedule_maintenance, rotate_api_key -> create_ticket, schedule_maintenance -> rotate_api_key",log_audit_event;schedule_maintenance;enable_feature_flag;rotate_api_key;create_ticket,0->1;0->2;1->3;2->3;3->4,asymmetric_fork_join,generated,train,FALSE,FALSE,log_audit_event;schedule_maintenance;enable_feature_flag;rotate_api_key;create_ticket
"Quick one — make a compliance log about Alice and simultaneously book a maintenance window for prod-web-01 and flip the feature toggle on for HR, merge everything and cycle the secret for HR's service. End with file an incident report about prod-web-01.",10057,"enable_feature_flag -> rotate_api_key, log_audit_event -> enable_feature_flag, log_audit_event -> schedule_maintenance, rotate_api_key -> create_ticket, schedule_maintenance -> rotate_api_key",log_audit_event;schedule_maintenance;enable_feature_flag;rotate_api_key;create_ticket,0->1;0->2;1->3;2->3;3->4,asymmetric_fork_join,generated,train,FALSE,FALSE,log_audit_event;schedule_maintenance;enable_feature_flag;rotate_api_key;create_ticket
"Make a compliance log about Bob and simultaneously schedule maintenance for staging-db-02 and switch on the flag for Finance. When all of that's complete, cycle the secret for Engineering's service, and lastly log a Jira for Charlie's issue.",10057,"enable_feature_flag -> rotate_api_key, log_audit_event -> enable_feature_flag, log_audit_event -> schedule_maintenance, rotate_api_key -> create_ticket, schedule_maintenance -> rotate_api_key",log_audit_event;schedule_maintenance;enable_feature_flag;rotate_api_key;create_ticket,0->1;0->2;1->3;2->3;3->4,asymmetric_fork_join,generated,train,FALSE,FALSE,log_audit_event;schedule_maintenance;enable_feature_flag;rotate_api_key;create_ticket
"Quick one — create an audit trail for #10234 while also schedule maintenance for payment-api-03 and turn on the feature flag for Engineering. Once both are done, rotate the API key for ml-infer-05. End with file a bug about ml-infer-05.",10057,"enable_feature_flag -> rotate_api_key, log_audit_event -> enable_feature_flag, log_audit_event -> schedule_maintenance, rotate_api_key -> create_ticket, schedule_maintenance -> rotate_api_key",log_audit_event;schedule_maintenance;enable_feature_flag;rotate_api_key;create_ticket,0->1;0->2;1->3;2->3;3->4,asymmetric_fork_join,generated,train,FALSE,FALSE,log_audit_event;schedule_maintenance;enable_feature_flag;rotate_api_key;create_ticket
"We gotta clear the cache for Marketing and at the same time pass ml-infer-05 to Charlie and light up the feature for cdn-edge-06. After those finish, generate the Finance analytics. Finally, lock down staging-db-02.",10059,"enable_feature_flag -> generate_report, generate_report -> quarantine_system, invalidate_cache -> enable_feature_flag, invalidate_cache -> transfer_ownership, transfer_ownership -> generate_report",invalidate_cache;transfer_ownership;enable_feature_flag;generate_report;quarantine_system,0->1;0->2;1->3;2->3;3->4,asymmetric_fork_join,generated,train,FALSE,FALSE,invalidate_cache;transfer_ownership;enable_feature_flag;generate_report;quarantine_system
"Ticket INC-1198 says flush the cache on staging-db-02 and simultaneously transfer ownership of cdn-edge-06 to Charlie and flip the feature toggle on for Engineering. When all of that's complete, put together a report on prod-web-01. Last step: lock down prod-web-01.",10059,"enable_feature_flag -> generate_report, generate_report -> quarantine_system, invalidate_cache -> enable_feature_flag, invalidate_cache -> transfer_ownership, transfer_ownership -> generate_report",invalidate_cache;transfer_ownership;enable_feature_flag;generate_report;quarantine_system,0->1;0->2;1->3;2->3;3->4,asymmetric_fork_join,generated,train,FALSE,FALSE,invalidate_cache;transfer_ownership;enable_feature_flag;generate_report;quarantine_system
"Eve is asking us to flush the cache on cdn-edge-06 and at the same time transfer ownership of payment-api-03 to Charlie and light up the feature for prod-web-01. After those finish, generate the Legal analytics. End with isolate cdn-edge-06.",10059,"enable_feature_flag -> generate_report, generate_report -> quarantine_system, invalidate_cache -> enable_feature_flag, invalidate_cache -> transfer_ownership, transfer_ownership -> generate_report",invalidate_cache;transfer_ownership;enable_feature_flag;generate_report;quarantine_system,0->1;0->2;1->3;2->3;3->4,asymmetric_fork_join,generated,train,FALSE,FALSE,invalidate_cache;transfer_ownership;enable_feature_flag;generate_report;quarantine_system
"We gotta purge payment-api-03's cached data, and while you're at it, hand prod-web-01 over to Finance and flip the feature toggle on for Engineering, merge everything and put together a report on prod-web-01. End with isolate cdn-edge-06.",10059,"enable_feature_flag -> generate_report, generate_report -> quarantine_system, invalidate_cache -> enable_feature_flag, invalidate_cache -> transfer_ownership, transfer_ownership -> generate_report",invalidate_cache;transfer_ownership;enable_feature_flag;generate_report;quarantine_system,0->1;0->2;1->3;2->3;3->4,asymmetric_fork_join,generated,train,FALSE,FALSE,invalidate_cache;transfer_ownership;enable_feature_flag;generate_report;quarantine_system
"When you get a chance, quarantine staging-db-02 and concurrently save the changes for Diana to the DB and take auth-svc-04 back to the prior build, then converge and force a credential change for Alice, and while you're at it, activate the feature flag on prod-web-01 and isolate auth-svc-04. When all of that's complete, rotate Diana's credentials.",10067,"db_write -> reset_password, enable_feature_flag -> reset_password, quarantine_system -> db_write, quarantine_system -> reset_password, quarantine_system -> rollback_deployment, reset_password -> enable_feature_flag, reset_password -> quarantine_system, rollback_deployment -> reset_password",quarantine_system;db_write;rollback_deployment;reset_password;enable_feature_flag;quarantine_system;reset_password,0->1;0->2;1->3;2->3;3->4;3->5;4->6;5->6,double_diamond,generated,train,TRUE,TRUE,quarantine_system;db_write;rollback_deployment;reset_password;enable_feature_flag;quarantine_system;reset_password
"From Legal: yank cdn-edge-06 off the network while also persist Diana's data to the database and take cdn-edge-06 back to the prior build, then converge and give Grace a new password, and while you're at it, light up the feature for ml-infer-05 and pull cdn-edge-06 from production, then converge and reset Eve's password.",10067,"db_write -> reset_password, enable_feature_flag -> reset_password, quarantine_system -> db_write, quarantine_system -> reset_password, quarantine_system -> rollback_deployment, reset_password -> enable_feature_flag, reset_password -> quarantine_system, rollback_deployment -> reset_password",quarantine_system;db_write;rollback_deployment;reset_password;enable_feature_flag;quarantine_system;reset_password,0->1;0->2;1->3;2->3;3->4;3->5;4->6;5->6,double_diamond,generated,train,TRUE,TRUE,quarantine_system;db_write;rollback_deployment;reset_password;enable_feature_flag;quarantine_system;reset_password
"The HR team needs us to quarantine auth-svc-04 and simultaneously save the changes for Bob to the DB and undo the latest release on ml-infer-05. Once both are done, reset Bob's password while also flip the feature toggle on for Engineering and quarantine cdn-edge-06. Once both are done, change Grace's auth credentials.",10067,"db_write -> reset_password, enable_feature_flag -> reset_password, quarantine_system -> db_write, quarantine_system -> reset_password, quarantine_system -> rollback_deployment, reset_password -> enable_feature_flag, reset_password -> quarantine_system, rollback_deployment -> reset_password",quarantine_system;db_write;rollback_deployment;reset_password;enable_feature_flag;quarantine_system;reset_password,0->1;0->2;1->3;2->3;3->4;3->5;4->6;5->6,double_diamond,generated,train,TRUE,TRUE,quarantine_system;db_write;rollback_deployment;reset_password;enable_feature_flag;quarantine_system;reset_password
"Time to yank cdn-edge-06 off the network while also write the new data for #53698 back and roll ml-infer-05 back to the last stable release, then converge and give Diana a new password and concurrently turn on the feature flag for Engineering and isolate auth-svc-04. When all of that's complete, nuke Bob's old login and issue a fresh one.",10067,"db_write -> reset_password, enable_feature_flag -> reset_password, quarantine_system -> db_write, quarantine_system -> reset_password, quarantine_system -> rollback_deployment, reset_password -> enable_feature_flag, reset_password -> quarantine_system, rollback_deployment -> reset_password",quarantine_system;db_write;rollback_deployment;reset_password;enable_feature_flag;quarantine_system;reset_password,0->1;0->2;1->3;2->3;3->4;3->5;4->6;5->6,double_diamond,generated,train,TRUE,TRUE,quarantine_system;db_write;rollback_deployment;reset_password;enable_feature_flag;quarantine_system;reset_password
"When you get a chance, change Grace's auth credentials and at the same time kick off the CI/CD pipeline for Legal, activate the feature flag on prod-web-01, produce the Engineering performance summary, and assess auth-svc-04's status, and then open a ticket for Frank. To wrap up, shut down the feature on cdn-edge-06.",10068,"check_status -> create_ticket, create_ticket -> disable_feature_flag, reset_password -> check_status, reset_password -> enable_feature_flag, reset_password -> generate_report, reset_password -> run_pipeline",reset_password;run_pipeline;enable_feature_flag;generate_report;check_status;create_ticket;disable_feature_flag,0->1;0->2;0->3;0->4;4->5;5->6,wide_fanout_deep,generated,train,FALSE,FALSE,reset_password;run_pipeline;enable_feature_flag;generate_report;check_status;create_ticket;disable_feature_flag
"Frank is asking us to reset Eve's password, and while you're at it, start the CI job for auth-svc-04, turn on the feature flag for Engineering, build a compliance doc for Legal, and verify payment-api-03's health. Next, file an incident report about staging-db-02. Last step: deactivate the feature flag on staging-db-02.",10068,"check_status -> create_ticket, create_ticket -> disable_feature_flag, reset_password -> check_status, reset_password -> enable_feature_flag, reset_password -> generate_report, reset_password -> run_pipeline",reset_password;run_pipeline;enable_feature_flag;generate_report;check_status;create_ticket;disable_feature_flag,0->1;0->2;0->3;0->4;4->5;5->6,wide_fanout_deep,generated,train,FALSE,FALSE,reset_password;run_pipeline;enable_feature_flag;generate_report;check_status;create_ticket;disable_feature_flag
"From Legal: reset Alice's password while also kick off the CI/CD pipeline for Finance, flip the feature toggle on for Legal, put together a report on auth-svc-04, and ping staging-db-02 for a health check, followed by file an incident report about staging-db-02. Finally, kill the feature toggle for Marketing.",10068,"check_status -> create_ticket, create_ticket -> disable_feature_flag, reset_password -> check_status, reset_password -> enable_feature_flag, reset_password -> generate_report, reset_password -> run_pipeline",reset_password;run_pipeline;enable_feature_flag;generate_report;check_status;create_ticket;disable_feature_flag,0->1;0->2;0->3;0->4;4->5;5->6,wide_fanout_deep,generated,train,FALSE,FALSE,reset_password;run_pipeline;enable_feature_flag;generate_report;check_status;create_ticket;disable_feature_flag
"Per Alice's request, force a credential change for Alice, and while you're at it, start the CI job for payment-api-03, light up the feature for ml-infer-05, produce the Legal performance summary, and diagnose cdn-edge-06. After that, file an incident report about staging-db-02. To wrap up, shut down the feature on payment-api-03.",10068,"check_status -> create_ticket, create_ticket -> disable_feature_flag, reset_password -> check_status, reset_password -> enable_feature_flag, reset_password -> generate_report, reset_password -> run_pipeline",reset_password;run_pipeline;enable_feature_flag;generate_report;check_status;create_ticket;disable_feature_flag,0->1;0->2;0->3;0->4;4->5;5->6,wide_fanout_deep,generated,train,FALSE,FALSE,reset_password;run_pipeline;enable_feature_flag;generate_report;check_status;create_ticket;disable_feature_flag
"From HR: generate the Marketing analytics — in parallel, create a DB backup for Legal, load the backup onto auth-svc-04, save the changes for Bob to the DB, and pull prod-web-01 back from the last good backup — then give Charlie a new password. Finally, loop in a Legal manager.",10069,"generate_report -> backup_database, generate_report -> db_write, generate_report -> restore_backup, generate_report -> restore_backup, reset_password -> escalate_to_human, restore_backup -> reset_password",generate_report;backup_database;restore_backup;db_write;restore_backup;reset_password;escalate_to_human,0->1;0->2;0->3;0->4;4->5;5->6,wide_fanout_deep,generated,train,TRUE,TRUE,generate_report;backup_database;restore_backup;db_write;restore_backup;reset_password;escalate_to_human
"When you get a chance, generate the Finance analytics and concurrently create a DB backup for Marketing, recover Marketing's data from backup, store the Engineering config in the database, and restore prod-web-01 from the latest backup. Next, change Grace's auth credentials. To wrap up, get a human involved for Frank.",10069,"generate_report -> backup_database, generate_report -> db_write, generate_report -> restore_backup, generate_report -> restore_backup, reset_password -> escalate_to_human, restore_backup -> reset_password",generate_report;backup_database;restore_backup;db_write;restore_backup;reset_password;escalate_to_human,0->1;0->2;0->3;0->4;4->5;5->6,wide_fanout_deep,generated,train,TRUE,TRUE,generate_report;backup_database;restore_backup;db_write;restore_backup;reset_password;escalate_to_human
"From Engineering: whip up a report for Legal — in parallel, snapshot the database for auth-svc-04, load the backup onto ml-infer-05, commit Frank's update to the database, and restore auth-svc-04 from the latest backup, followed by nuke Bob's old login and issue a fresh one. Finally, wake up the on-call about staging-db-02.",10069,"generate_report -> backup_database, generate_report -> db_write, generate_report -> restore_backup, generate_report -> restore_backup, reset_password -> escalate_to_human, restore_backup -> reset_password",generate_report;backup_database;restore_backup;db_write;restore_backup;reset_password;escalate_to_human,0->1;0->2;0->3;0->4;4->5;5->6,wide_fanout_deep,generated,train,TRUE,TRUE,generate_report;backup_database;restore_backup;db_write;restore_backup;reset_password;escalate_to_human
"When you get a chance, generate the HR analytics, and while you're at it, save a backup of Legal's data, load the backup onto payment-api-03, persist Eve's data to the database, and restore cdn-edge-06 from the latest backup, then change Alice's auth credentials. To wrap up, loop in a Legal manager.",10069,"generate_report -> backup_database, generate_report -> db_write, generate_report -> restore_backup, generate_report -> restore_backup, reset_password -> escalate_to_human, restore_backup -> reset_password",generate_report;backup_database;restore_backup;db_write;restore_backup;reset_password;escalate_to_human,0->1;0->2;0->3;0->4;4->5;5->6,wide_fanout_deep,generated,train,TRUE,TRUE,generate_report;backup_database;restore_backup;db_write;restore_backup;reset_password;escalate_to_human
"Charlie reported an issue — adjust the billing tier for Charlie and record the event in HR's log. Once both are done, launch an instance for Legal. To wrap up, purge cdn-edge-06's cached data.",10073,"log_audit_event -> provision_vm, provision_vm -> invalidate_cache, update_subscription -> provision_vm",update_subscription;log_audit_event;provision_vm;invalidate_cache,0->2;1->2;2->3,y_shape,generated,train,FALSE,FALSE,update_subscription;log_audit_event;provision_vm;invalidate_cache
"Ticket INC-5560 says modify Alice's subscription and create an audit trail for #20891. After those finish, launch an instance for Legal, and lastly bust the cache on ml-infer-05.",10073,"log_audit_event -> provision_vm, provision_vm -> invalidate_cache, update_subscription -> provision_vm",update_subscription;log_audit_event;provision_vm;invalidate_cache,0->2;1->2;2->3,y_shape,generated,train,FALSE,FALSE,update_subscription;log_audit_event;provision_vm;invalidate_cache
"Charlie reported an issue — switch Bob to the new plan and log the whole auth-svc-04 incident. When all of that's complete, stand up a new box for HR. To wrap up, purge cdn-edge-06's cached data.",10073,"log_audit_event -> provision_vm, provision_vm -> invalidate_cache, update_subscription -> provision_vm",update_subscription;log_audit_event;provision_vm;invalidate_cache,0->2;1->2;2->3,y_shape,generated,train,FALSE,FALSE,update_subscription;log_audit_event;provision_vm;invalidate_cache
"Per Eve's request, update Grace's subscription and log the whole auth-svc-04 incident, then converge and deploy a server for Finance. To wrap up, bust the cache on auth-svc-04.",10073,"log_audit_event -> provision_vm, provision_vm -> invalidate_cache, update_subscription -> provision_vm",update_subscription;log_audit_event;provision_vm;invalidate_cache,0->2;1->2;2->3,y_shape,generated,train,FALSE,FALSE,update_subscription;log_audit_event;provision_vm;invalidate_cache
"Do me a favor and fetch #42017's info — in parallel, drop an audit entry for staging-db-02 and recover HR's data from backup, then converge and save a backup of Marketing's data, and lastly file a bug about payment-api-03.",10074,"backup_database -> create_ticket, db_read -> log_audit_event, db_read -> restore_backup, log_audit_event -> backup_database, restore_backup -> backup_database",db_read;log_audit_event;restore_backup;backup_database;create_ticket,0->1;0->2;1->3;2->3;3->4,asymmetric_fork_join,generated,train,FALSE,FALSE,db_read;log_audit_event;restore_backup;backup_database;create_ticket
"ASAP — fetch #53698's info — in parallel, log Diana's action for compliance and restore the DB snapshot for Legal, then converge and save a backup of Legal's data, and lastly open a ticket for Frank.",10074,"backup_database -> create_ticket, db_read -> log_audit_event, db_read -> restore_backup, log_audit_event -> backup_database, restore_backup -> backup_database",db_read;log_audit_event;restore_backup;backup_database;create_ticket,0->1;0->2;1->3;2->3;3->4,asymmetric_fork_join,generated,train,FALSE,FALSE,db_read;log_audit_event;restore_backup;backup_database;create_ticket
"For the Engineering team, grab Grace's account details while also log the whole prod-web-01 incident and pull ml-infer-05 back from the last good backup. After those finish, create a DB backup for Marketing. To wrap up, file an incident report about ml-infer-05.",10074,"backup_database -> create_ticket, db_read -> log_audit_event, db_read -> restore_backup, log_audit_event -> backup_database, restore_backup -> backup_database",db_read;log_audit_event;restore_backup;backup_database;create_ticket,0->1;0->2;1->3;2->3;3->4,asymmetric_fork_join,generated,train,FALSE,FALSE,db_read;log_audit_event;restore_backup;backup_database;create_ticket
"When you get a chance, pull Diana's data, and while you're at it, create an audit trail for #53698 and bring auth-svc-04 back from the snapshot. Once both are done, snapshot the database for staging-db-02. Finally, file an incident report about cdn-edge-06.",10074,"backup_database -> create_ticket, db_read -> log_audit_event, db_read -> restore_backup, log_audit_event -> backup_database, restore_backup -> backup_database",db_read;log_audit_event;restore_backup;backup_database;create_ticket,0->1;0->2;1->3;2->3;3->4,asymmetric_fork_join,generated,train,FALSE,FALSE,db_read;log_audit_event;restore_backup;backup_database;create_ticket
"We gotta issue a new secret for ml-infer-05 while also investigate payment-api-03 for infections and undo the latest release on prod-web-01. After those finish, refund Frank. Last step: blast an alert to Finance.",10075,"process_refund -> send_notification, rollback_deployment -> process_refund, rotate_api_key -> rollback_deployment, rotate_api_key -> scan_malware, scan_malware -> process_refund",rotate_api_key;scan_malware;rollback_deployment;process_refund;send_notification,0->1;0->2;1->3;2->3;3->4,asymmetric_fork_join,generated,train,FALSE,FALSE,rotate_api_key;scan_malware;rollback_deployment;process_refund;send_notification
"ASAP — issue a new secret for staging-db-02 — in parallel, run a malware sweep on staging-db-02 and back out the deployment on staging-db-02, merge everything and refund Frank, and lastly fire off a notification to Frank.",10075,"process_refund -> send_notification, rollback_deployment -> process_refund, rotate_api_key -> rollback_deployment, rotate_api_key -> scan_malware, scan_malware -> process_refund",rotate_api_key;scan_malware;rollback_deployment;process_refund;send_notification,0->1;0->2;1->3;2->3;3->4,asymmetric_fork_join,generated,train,FALSE,FALSE,rotate_api_key;scan_malware;rollback_deployment;process_refund;send_notification
"Per Charlie's request, swap out prod-web-01's credentials and simultaneously scan cdn-edge-06 for threats and revert prod-web-01 to the previous version, then converge and refund Frank. Last step: send a heads-up to HR.",10075,"process_refund -> send_notification, rollback_deployment -> process_refund, rotate_api_key -> rollback_deployment, rotate_api_key -> scan_malware, scan_malware -> process_refund",rotate_api_key;scan_malware;rollback_deployment;process_refund;send_notification,0->1;0->2;1->3;2->3;3->4,asymmetric_fork_join,generated,train,FALSE,FALSE,rotate_api_key;scan_malware;rollback_deployment;process_refund;send_notification
"Ticket INC-7733 says generate a new API key for payment-api-03 — in parallel, do a security check on auth-svc-04 and back out the deployment on auth-svc-04, merge everything and credit Charlie's account. Last step: fire off a notification to Diana.",10075,"process_refund -> send_notification, rollback_deployment -> process_refund, rotate_api_key -> rollback_deployment, rotate_api_key -> scan_malware, scan_malware -> process_refund",rotate_api_key;scan_malware;rollback_deployment;process_refund;send_notification,0->1;0->2;1->3;2->3;3->4,asymmetric_fork_join,generated,train,FALSE,FALSE,rotate_api_key;scan_malware;rollback_deployment;process_refund;send_notification
"I need you to log Alice's action for compliance and downgrade Diana's account, then put Engineering's historical data into the archive, then cycle the secret for Legal's service, merge everything and approve Bob's access request.",10077,"archive_data -> rotate_api_key, log_audit_event -> archive_data, rotate_api_key -> approve_access, update_subscription -> approve_access",log_audit_event;archive_data;rotate_api_key;approve_access;update_subscription,0->1;1->2;2->3;4->3,deep_asymmetric_merge,generated,train,FALSE,FALSE,log_audit_event;archive_data;rotate_api_key;approve_access;update_subscription
"I need you to record the event in Engineering's log and change Eve's plan — then shelve Marketing's outdated data — then rotate the API key for prod-web-01. When all of that's complete, sign off on Alice's permission request.",10077,"archive_data -> rotate_api_key, log_audit_event -> archive_data, rotate_api_key -> approve_access, update_subscription -> approve_access",log_audit_event;archive_data;rotate_api_key;approve_access;update_subscription,0->1;1->2;2->3;4->3,deep_asymmetric_merge,generated,train,FALSE,FALSE,log_audit_event;archive_data;rotate_api_key;approve_access;update_subscription
"Ticket INC-1198 says make a compliance log about Grace and switch Charlie to the new plan, then put Engineering's historical data into the archive — then issue a new secret for cdn-edge-06. Once both are done, sign off on Grace's permission request.",10077,"archive_data -> rotate_api_key, log_audit_event -> archive_data, rotate_api_key -> approve_access, update_subscription -> approve_access",log_audit_event;archive_data;rotate_api_key;approve_access;update_subscription,0->1;1->2;2->3;4->3,deep_asymmetric_merge,generated,train,FALSE,FALSE,log_audit_event;archive_data;rotate_api_key;approve_access;update_subscription
"Hey, can you log Bob's action for compliance and update Alice's subscription, then put HR's historical data into the archive. After that, cycle the secret for Legal's service, then converge and authorize Grace for auth-svc-04.",10077,"archive_data -> rotate_api_key, log_audit_event -> archive_data, rotate_api_key -> approve_access, update_subscription -> approve_access",log_audit_event;archive_data;rotate_api_key;approve_access;update_subscription,0->1;1->2;2->3;4->3,deep_asymmetric_merge,generated,train,FALSE,FALSE,log_audit_event;archive_data;rotate_api_key;approve_access;update_subscription
"Plan maintenance on ml-infer-05 for Marketing, and while you're at it, add more replicas for prod-web-01, roll ml-infer-05 back to the last stable release, look up the records for #20891, and fire off the pipeline for Finance, and then archive the old entries for Diana, and lastly cycle the secret for Marketing's service.",10078,"archive_data -> rotate_api_key, run_pipeline -> archive_data, schedule_maintenance -> db_read, schedule_maintenance -> rollback_deployment, schedule_maintenance -> run_pipeline, schedule_maintenance -> scale_service",schedule_maintenance;scale_service;rollback_deployment;db_read;run_pipeline;archive_data;rotate_api_key,0->1;0->2;0->3;0->4;4->5;5->6,wide_fanout_deep,generated,train,FALSE,FALSE,schedule_maintenance;scale_service;rollback_deployment;db_read;run_pipeline;archive_data;rotate_api_key
"Frank reported an issue — arrange a maintenance slot for auth-svc-04 and concurrently scale ml-infer-05 down to save costs, roll auth-svc-04 back to the last stable release, look up the records for #20891, and trigger a build for ml-infer-05 — then move Finance's stale data to cold storage. Last step: swap out prod-web-01's credentials.",10078,"archive_data -> rotate_api_key, run_pipeline -> archive_data, schedule_maintenance -> db_read, schedule_maintenance -> rollback_deployment, schedule_maintenance -> run_pipeline, schedule_maintenance -> scale_service",schedule_maintenance;scale_service;rollback_deployment;db_read;run_pipeline;archive_data;rotate_api_key,0->1;0->2;0->3;0->4;4->5;5->6,wide_fanout_deep,generated,train,FALSE,FALSE,schedule_maintenance;scale_service;rollback_deployment;db_read;run_pipeline;archive_data;rotate_api_key
"Quick one — queue a maintenance window for Marketing and concurrently add more replicas for auth-svc-04, take auth-svc-04 back to the prior build, pull Bob's data, and kick off the CI/CD pipeline for Finance. After that, shelve Legal's outdated data. End with swap out ml-infer-05's credentials.",10078,"archive_data -> rotate_api_key, run_pipeline -> archive_data, schedule_maintenance -> db_read, schedule_maintenance -> rollback_deployment, schedule_maintenance -> run_pipeline, schedule_maintenance -> scale_service",schedule_maintenance;scale_service;rollback_deployment;db_read;run_pipeline;archive_data;rotate_api_key,0->1;0->2;0->3;0->4;4->5;5->6,wide_fanout_deep,generated,train,FALSE,FALSE,schedule_maintenance;scale_service;rollback_deployment;db_read;run_pipeline;archive_data;rotate_api_key
"When you get a chance, set up downtime for prod-web-01 and concurrently scale up cdn-edge-06, revert auth-svc-04 to the previous version, check the DB for Grace, and execute the build pipeline for prod-web-01, followed by archive the old entries for Alice, and lastly issue a new secret for ml-infer-05.",10078,"archive_data -> rotate_api_key, run_pipeline -> archive_data, schedule_maintenance -> db_read, schedule_maintenance -> rollback_deployment, schedule_maintenance -> run_pipeline, schedule_maintenance -> scale_service",schedule_maintenance;scale_service;rollback_deployment;db_read;run_pipeline;archive_data;rotate_api_key,0->1;0->2;0->3;0->4;4->5;5->6,wide_fanout_deep,generated,train,FALSE,FALSE,schedule_maintenance;scale_service;rollback_deployment;db_read;run_pipeline;archive_data;rotate_api_key
"From Legal: reverse the charge on #42017 and refresh the API token for HR, followed by log a Jira for Diana's issue, followed by deactivate the feature flag on prod-web-01, then converge and revoke Charlie's access to ml-infer-05.",10080,"create_ticket -> disable_feature_flag, disable_feature_flag -> revoke_access, process_refund -> create_ticket, rotate_api_key -> revoke_access",process_refund;create_ticket;disable_feature_flag;revoke_access;rotate_api_key,0->1;1->2;2->3;4->3,deep_asymmetric_merge,generated,train,FALSE,FALSE,process_refund;create_ticket;disable_feature_flag;revoke_access;rotate_api_key
"Per Eve's request, credit Eve's account and refresh the API token for Engineering — then file an incident report about staging-db-02 — then turn off the feature flag for Marketing. When all of that's complete, remove Bob from HR's access list.",10080,"create_ticket -> disable_feature_flag, disable_feature_flag -> revoke_access, process_refund -> create_ticket, rotate_api_key -> revoke_access",process_refund;create_ticket;disable_feature_flag;revoke_access;rotate_api_key,0->1;1->2;2->3;4->3,deep_asymmetric_merge,generated,train,FALSE,FALSE,process_refund;create_ticket;disable_feature_flag;revoke_access;rotate_api_key
"Diana is asking us to push the refund through for #60122 and cycle the secret for Legal's service, followed by file a bug about cdn-edge-06, followed by turn off the feature flag for Marketing, merge everything and remove Grace from Engineering's access list.",10080,"create_ticket -> disable_feature_flag, disable_feature_flag -> revoke_access, process_refund -> create_ticket, rotate_api_key -> revoke_access",process_refund;create_ticket;disable_feature_flag;revoke_access;rotate_api_key,0->1;1->2;2->3;4->3,deep_asymmetric_merge,generated,train,FALSE,FALSE,process_refund;create_ticket;disable_feature_flag;revoke_access;rotate_api_key
"Time to process the payout for Charlie and cycle the secret for HR's service, and then open a ticket for Bob. Once that's done, turn off the feature flag for HR. When all of that's complete, remove Bob from Marketing's access list.",10080,"create_ticket -> disable_feature_flag, disable_feature_flag -> revoke_access, process_refund -> create_ticket, rotate_api_key -> revoke_access",process_refund;create_ticket;disable_feature_flag;revoke_access;rotate_api_key,0->1;1->2;2->3;4->3,deep_asymmetric_merge,generated,train,FALSE,FALSE,process_refund;create_ticket;disable_feature_flag;revoke_access;rotate_api_key
"Urgent: refund Alice and approve Grace's access request. Once that's done, modify Eve's subscription, and then bring staging-db-02 back from the snapshot. Once both are done, check cdn-edge-06 for vulnerabilities.",10081,"approve_access -> scan_malware, process_refund -> update_subscription, restore_backup -> scan_malware, update_subscription -> restore_backup",process_refund;update_subscription;restore_backup;scan_malware;approve_access,0->1;1->2;2->3;4->3,deep_asymmetric_merge,generated,train,FALSE,FALSE,process_refund;update_subscription;restore_backup;scan_malware;approve_access
"I need you to credit Alice's account and authorize Alice for staging-db-02, followed by adjust the billing tier for Frank. Once that's done, bring prod-web-01 back from the snapshot. Once both are done, do a security check on staging-db-02.",10081,"approve_access -> scan_malware, process_refund -> update_subscription, restore_backup -> scan_malware, update_subscription -> restore_backup",process_refund;update_subscription;restore_backup;scan_malware;approve_access,0->1;1->2;2->3;4->3,deep_asymmetric_merge,generated,train,FALSE,FALSE,process_refund;update_subscription;restore_backup;scan_malware;approve_access
"Hey, can you refund Charlie and authorize Grace for payment-api-03 — then switch Bob to the new plan, followed by bring ml-infer-05 back from the snapshot, merge everything and check prod-web-01 for vulnerabilities.",10081,"approve_access -> scan_malware, process_refund -> update_subscription, restore_backup -> scan_malware, update_subscription -> restore_backup",process_refund;update_subscription;restore_backup;scan_malware;approve_access,0->1;1->2;2->3;4->3,deep_asymmetric_merge,generated,train,FALSE,FALSE,process_refund;update_subscription;restore_backup;scan_malware;approve_access
"Eve is asking us to push the refund through for #10234 and give Frank access to Finance's resources, followed by change Frank's plan — then restore prod-web-01 from the latest backup. Once both are done, check cdn-edge-06 for vulnerabilities.",10081,"approve_access -> scan_malware, process_refund -> update_subscription, restore_backup -> scan_malware, update_subscription -> restore_backup",process_refund;update_subscription;restore_backup;scan_malware;approve_access,0->1;1->2;2->3;4->3,deep_asymmetric_merge,generated,train,FALSE,FALSE,process_refund;update_subscription;restore_backup;scan_malware;approve_access
"Per Eve's request, launch the docker deployment for Legal and at the same time process the payout for Eve and disable the flag on auth-svc-04. Once both are done, purge payment-api-03's cached data — in parallel, activate the feature flag on staging-db-02 and update Bob's record in the DB, merge everything and force a credential change for Eve.",10083,"db_write -> reset_password, deploy_container -> disable_feature_flag, deploy_container -> process_refund, disable_feature_flag -> invalidate_cache, enable_feature_flag -> reset_password, invalidate_cache -> db_write, invalidate_cache -> enable_feature_flag, process_refund -> invalidate_cache",deploy_container;process_refund;disable_feature_flag;invalidate_cache;enable_feature_flag;db_write;reset_password,0->1;0->2;1->3;2->3;3->4;3->5;4->6;5->6,double_diamond,generated,train,FALSE,FALSE,deploy_container;process_refund;disable_feature_flag;invalidate_cache;enable_feature_flag;db_write;reset_password
"Per Charlie's request, ship the new build to cdn-edge-06 — in parallel, credit Alice's account and turn off the feature flag for Marketing, merge everything and wipe the cache layer for Finance, and while you're at it, enable the flag for cdn-edge-06 and commit Grace's update to the database. When all of that's complete, give Diana a new password.",10083,"db_write -> reset_password, deploy_container -> disable_feature_flag, deploy_container -> process_refund, disable_feature_flag -> invalidate_cache, enable_feature_flag -> reset_password, invalidate_cache -> db_write, invalidate_cache -> enable_feature_flag, process_refund -> invalidate_cache",deploy_container;process_refund;disable_feature_flag;invalidate_cache;enable_feature_flag;db_write;reset_password,0->1;0->2;1->3;2->3;3->4;3->5;4->6;5->6,double_diamond,generated,train,FALSE,FALSE,deploy_container;process_refund;disable_feature_flag;invalidate_cache;enable_feature_flag;db_write;reset_password
"The HR team needs us to push the container image for Legal — in parallel, credit Bob's account and switch off the flag for Legal. Once both are done, invalidate staging-db-02's cache and simultaneously light up the feature for ml-infer-05 and update Alice's record in the DB. When all of that's complete, force a credential change for Frank.",10083,"db_write -> reset_password, deploy_container -> disable_feature_flag, deploy_container -> process_refund, disable_feature_flag -> invalidate_cache, enable_feature_flag -> reset_password, invalidate_cache -> db_write, invalidate_cache -> enable_feature_flag, process_refund -> invalidate_cache",deploy_container;process_refund;disable_feature_flag;invalidate_cache;enable_feature_flag;db_write;reset_password,0->1;0->2;1->3;2->3;3->4;3->5;4->6;5->6,double_diamond,generated,train,FALSE,FALSE,deploy_container;process_refund;disable_feature_flag;invalidate_cache;enable_feature_flag;db_write;reset_password
"Time to launch the docker deployment for Finance and simultaneously credit Charlie's account and deactivate the feature flag on payment-api-03. When all of that's complete, flush the cache on staging-db-02, and while you're at it, light up the feature for ml-infer-05 and save the changes for Frank to the DB. After those finish, nuke Diana's old login and issue a fresh one.",10083,"db_write -> reset_password, deploy_container -> disable_feature_flag, deploy_container -> process_refund, disable_feature_flag -> invalidate_cache, enable_feature_flag -> reset_password, invalidate_cache -> db_write, invalidate_cache -> enable_feature_flag, process_refund -> invalidate_cache",deploy_container;process_refund;disable_feature_flag;invalidate_cache;enable_feature_flag;db_write;reset_password,0->1;0->2;1->3;2->3;3->4;3->5;4->6;5->6,double_diamond,generated,train,FALSE,FALSE,deploy_container;process_refund;disable_feature_flag;invalidate_cache;enable_feature_flag;db_write;reset_password
"Quick one — pull ml-infer-05 from production. Next, strip Eve's access to Marketing. Next, record the event in Engineering's log, and lastly lock down payment-api-03.",10086,"log_audit_event -> quarantine_system, quarantine_system -> revoke_access, revoke_access -> log_audit_event",quarantine_system;revoke_access;log_audit_event;quarantine_system,0->1;1->2;2->3,repeated_tool,generated,train,TRUE,TRUE,quarantine_system;revoke_access;log_audit_event;quarantine_system
"For the Engineering team, lock down cdn-edge-06 — then disable Diana's account on auth-svc-04 — then log Diana's action for compliance. End with pull payment-api-03 from production.",10086,"log_audit_event -> quarantine_system, quarantine_system -> revoke_access, revoke_access -> log_audit_event",quarantine_system;revoke_access;log_audit_event;quarantine_system,0->1;1->2;2->3,repeated_tool,generated,train,TRUE,TRUE,quarantine_system;revoke_access;log_audit_event;quarantine_system
"For the HR team, isolate cdn-edge-06 — then cut off Eve's permissions. Once that's done, log Frank's action for compliance. Last step: lock down ml-infer-05.",10086,"log_audit_event -> quarantine_system, quarantine_system -> revoke_access, revoke_access -> log_audit_event",quarantine_system;revoke_access;log_audit_event;quarantine_system,0->1;1->2;2->3,repeated_tool,generated,train,TRUE,TRUE,quarantine_system;revoke_access;log_audit_event;quarantine_system
"ASAP — isolate prod-web-01, then remove Grace from Engineering's access list. Next, record the event in Marketing's log. To wrap up, pull staging-db-02 from production.",10086,"log_audit_event -> quarantine_system, quarantine_system -> revoke_access, revoke_access -> log_audit_event",quarantine_system;revoke_access;log_audit_event;quarantine_system,0->1;1->2;2->3,repeated_tool,generated,train,TRUE,TRUE,quarantine_system;revoke_access;log_audit_event;quarantine_system
"Time to give Diana access to Finance's resources and simultaneously get a human involved for Bob and refresh the API token for Marketing. Once both are done, dig up the history on Eve and simultaneously file an incident report about payment-api-03 and nuke Frank's old login and issue a fresh one. When all of that's complete, turn off the feature flag for Engineering.",10087,"approve_access -> escalate_to_human, approve_access -> rotate_api_key, create_ticket -> disable_feature_flag, db_read -> create_ticket, db_read -> reset_password, escalate_to_human -> db_read, reset_password -> disable_feature_flag, rotate_api_key -> db_read",approve_access;escalate_to_human;rotate_api_key;db_read;create_ticket;reset_password;disable_feature_flag,0->1;0->2;1->3;2->3;3->4;3->5;4->6;5->6,double_diamond,generated,train,FALSE,FALSE,approve_access;escalate_to_human;rotate_api_key;db_read;create_ticket;reset_password;disable_feature_flag
"When you get a chance, green-light Bob's access to Legal and at the same time loop in a Marketing manager and refresh the API token for HR, merge everything and query the database about #10234, and while you're at it, file an incident report about prod-web-01 and rotate Grace's credentials, then converge and shut down the feature on prod-web-01.",10087,"approve_access -> escalate_to_human, approve_access -> rotate_api_key, create_ticket -> disable_feature_flag, db_read -> create_ticket, db_read -> reset_password, escalate_to_human -> db_read, reset_password -> disable_feature_flag, rotate_api_key -> db_read",approve_access;escalate_to_human;rotate_api_key;db_read;create_ticket;reset_password;disable_feature_flag,0->1;0->2;1->3;2->3;3->4;3->5;4->6;5->6,double_diamond,generated,train,FALSE,FALSE,approve_access;escalate_to_human;rotate_api_key;db_read;create_ticket;reset_password;disable_feature_flag
"Charlie is asking us to green-light Bob's access to Marketing while also bring in tier-2 support for Diana and rotate the API key for cdn-edge-06. When all of that's complete, fetch #60122's info while also file an incident report about auth-svc-04 and nuke Frank's old login and issue a fresh one, then converge and deactivate the feature flag on payment-api-03.",10087,"approve_access -> escalate_to_human, approve_access -> rotate_api_key, create_ticket -> disable_feature_flag, db_read -> create_ticket, db_read -> reset_password, escalate_to_human -> db_read, reset_password -> disable_feature_flag, rotate_api_key -> db_read",approve_access;escalate_to_human;rotate_api_key;db_read;create_ticket;reset_password;disable_feature_flag,0->1;0->2;1->3;2->3;3->4;3->5;4->6;5->6,double_diamond,generated,train,FALSE,FALSE,approve_access;escalate_to_human;rotate_api_key;db_read;create_ticket;reset_password;disable_feature_flag
"When you get a chance, authorize Frank for prod-web-01, and while you're at it, escalate Frank's case to the on-call and rotate the API key for cdn-edge-06. After those finish, read Eve's profile from the database and concurrently open a ticket for Frank and reset Diana's password, merge everything and kill the feature toggle for Legal.",10087,"approve_access -> escalate_to_human, approve_access -> rotate_api_key, create_ticket -> disable_feature_flag, db_read -> create_ticket, db_read -> reset_password, escalate_to_human -> db_read, reset_password -> disable_feature_flag, rotate_api_key -> db_read",approve_access;escalate_to_human;rotate_api_key;db_read;create_ticket;reset_password;disable_feature_flag,0->1;0->2;1->3;2->3;3->4;3->5;4->6;5->6,double_diamond,generated,train,FALSE,FALSE,approve_access;escalate_to_human;rotate_api_key;db_read;create_ticket;reset_password;disable_feature_flag
"I need you to plan maintenance on staging-db-02 for HR and look up the records for #31450. Next, lock down ml-infer-05, and then disable the flag on prod-web-01, merge everything and hand Diana's issue off to an engineer.",10094,"db_read -> escalate_to_human, disable_feature_flag -> escalate_to_human, quarantine_system -> disable_feature_flag, schedule_maintenance -> quarantine_system",schedule_maintenance;quarantine_system;disable_feature_flag;escalate_to_human;db_read,0->1;1->2;2->3;4->3,deep_asymmetric_merge,generated,train,FALSE,FALSE,schedule_maintenance;quarantine_system;disable_feature_flag;escalate_to_human;db_read
"We gotta plan maintenance on cdn-edge-06 for Finance and dig up the history on Grace, followed by disconnect prod-web-01 from everything, then turn off the feature flag for Marketing. After those finish, wake up the on-call about auth-svc-04.",10094,"db_read -> escalate_to_human, disable_feature_flag -> escalate_to_human, quarantine_system -> disable_feature_flag, schedule_maintenance -> quarantine_system",schedule_maintenance;quarantine_system;disable_feature_flag;escalate_to_human;db_read,0->1;1->2;2->3;4->3,deep_asymmetric_merge,generated,train,FALSE,FALSE,schedule_maintenance;quarantine_system;disable_feature_flag;escalate_to_human;db_read
"I need you to set up downtime for cdn-edge-06 and read Diana's profile from the database, and then quarantine prod-web-01, followed by kill the feature toggle for Marketing, merge everything and loop in a Finance manager.",10094,"db_read -> escalate_to_human, disable_feature_flag -> escalate_to_human, quarantine_system -> disable_feature_flag, schedule_maintenance -> quarantine_system",schedule_maintenance;quarantine_system;disable_feature_flag;escalate_to_human;db_read,0->1;1->2;2->3;4->3,deep_asymmetric_merge,generated,train,FALSE,FALSE,schedule_maintenance;quarantine_system;disable_feature_flag;escalate_to_human;db_read
"Time to schedule maintenance for prod-web-01 and query the database about #53698, followed by lock down staging-db-02. Next, turn off the feature flag for Marketing, merge everything and loop in a Legal manager.",10094,"db_read -> escalate_to_human, disable_feature_flag -> escalate_to_human, quarantine_system -> disable_feature_flag, schedule_maintenance -> quarantine_system",schedule_maintenance;quarantine_system;disable_feature_flag;escalate_to_human;db_read,0->1;1->2;2->3;4->3,deep_asymmetric_merge,generated,train,FALSE,FALSE,schedule_maintenance;quarantine_system;disable_feature_flag;escalate_to_human;db_read
"Grace reported an issue — pull Diana's credentials for auth-svc-04 and get a human involved for Frank. After that, wipe the cache layer for Finance. Once that's done, create a virtual machine for Legal. Once both are done, queue a maintenance window for Marketing.",10095,"escalate_to_human -> schedule_maintenance, invalidate_cache -> provision_vm, provision_vm -> schedule_maintenance, revoke_access -> invalidate_cache",revoke_access;invalidate_cache;provision_vm;schedule_maintenance;escalate_to_human,0->1;1->2;2->3;4->3,deep_asymmetric_merge,generated,train,FALSE,FALSE,revoke_access;invalidate_cache;provision_vm;schedule_maintenance;escalate_to_human
"Quick one — strip Frank's access to Legal and escalate Frank's case to the on-call. Next, bust the cache on prod-web-01, then launch an instance for Marketing, merge everything and set up downtime for ml-infer-05.",10095,"escalate_to_human -> schedule_maintenance, invalidate_cache -> provision_vm, provision_vm -> schedule_maintenance, revoke_access -> invalidate_cache",revoke_access;invalidate_cache;provision_vm;schedule_maintenance;escalate_to_human,0->1;1->2;2->3;4->3,deep_asymmetric_merge,generated,train,FALSE,FALSE,revoke_access;invalidate_cache;provision_vm;schedule_maintenance;escalate_to_human
"We gotta strip Alice's access to Engineering and bring in tier-2 support for Eve. After that, purge prod-web-01's cached data. After that, launch an instance for Marketing. Once both are done, plan maintenance on auth-svc-04 for HR.",10095,"escalate_to_human -> schedule_maintenance, invalidate_cache -> provision_vm, provision_vm -> schedule_maintenance, revoke_access -> invalidate_cache",revoke_access;invalidate_cache;provision_vm;schedule_maintenance;escalate_to_human,0->1;1->2;2->3;4->3,deep_asymmetric_merge,generated,train,FALSE,FALSE,revoke_access;invalidate_cache;provision_vm;schedule_maintenance;escalate_to_human
"Urgent: disable Eve's account on cdn-edge-06 and loop in a Legal manager, then wipe the cache layer for Finance, then stand up a new box for Marketing, then converge and plan maintenance on auth-svc-04 for Marketing.",10095,"escalate_to_human -> schedule_maintenance, invalidate_cache -> provision_vm, provision_vm -> schedule_maintenance, revoke_access -> invalidate_cache",revoke_access;invalidate_cache;provision_vm;schedule_maintenance;escalate_to_human,0->1;1->2;2->3;4->3,deep_asymmetric_merge,generated,train,FALSE,FALSE,revoke_access;invalidate_cache;provision_vm;schedule_maintenance;escalate_to_human
"I need you to pull prod-web-01 from production — then schedule maintenance for auth-svc-04, followed by give Eve access to Engineering's resources. Finally, isolate prod-web-01.",10097,"approve_access -> quarantine_system, quarantine_system -> schedule_maintenance, schedule_maintenance -> approve_access",quarantine_system;schedule_maintenance;approve_access;quarantine_system,0->1;1->2;2->3,repeated_tool,generated,train,TRUE,TRUE,quarantine_system;schedule_maintenance;approve_access;quarantine_system
"Grace is asking us to disconnect prod-web-01 from everything. Once that's done, set up downtime for cdn-edge-06. Once that's done, authorize Eve for payment-api-03. End with disconnect ml-infer-05 from everything.",10097,"approve_access -> quarantine_system, quarantine_system -> schedule_maintenance, schedule_maintenance -> approve_access",quarantine_system;schedule_maintenance;approve_access;quarantine_system,0->1;1->2;2->3,repeated_tool,generated,train,TRUE,TRUE,quarantine_system;schedule_maintenance;approve_access;quarantine_system
"Per Frank's request, yank cdn-edge-06 off the network. Next, arrange a maintenance slot for staging-db-02, then sign off on Grace's permission request. End with lock down cdn-edge-06.",10097,"approve_access -> quarantine_system, quarantine_system -> schedule_maintenance, schedule_maintenance -> approve_access",quarantine_system;schedule_maintenance;approve_access;quarantine_system,0->1;1->2;2->3,repeated_tool,generated,train,TRUE,TRUE,quarantine_system;schedule_maintenance;approve_access;quarantine_system
"Frank reported an issue — lock down cdn-edge-06 — then queue a maintenance window for HR, followed by grant Frank permissions to ml-infer-05. Last step: pull staging-db-02 from production.",10097,"approve_access -> quarantine_system, quarantine_system -> schedule_maintenance, schedule_maintenance -> approve_access",quarantine_system;schedule_maintenance;approve_access;quarantine_system,0->1;1->2;2->3,repeated_tool,generated,train,TRUE,TRUE,quarantine_system;schedule_maintenance;approve_access;quarantine_system
"I need you to assess auth-svc-04's status and at the same time enable the flag for staging-db-02 and store the Finance config in the database. Once both are done, roll out the containerised app to auth-svc-04. End with generate the Engineering analytics.",10098,"check_status -> db_write, check_status -> enable_feature_flag, db_write -> deploy_container, deploy_container -> generate_report, enable_feature_flag -> deploy_container",check_status;enable_feature_flag;db_write;deploy_container;generate_report,0->1;0->2;1->3;2->3;3->4,asymmetric_fork_join,generated,train,FALSE,FALSE,check_status;enable_feature_flag;db_write;deploy_container;generate_report
"We gotta diagnose payment-api-03 — in parallel, light up the feature for prod-web-01 and push the changes for Grace to the DB. When all of that's complete, get the container running on ml-infer-05. End with produce the HR performance summary.",10098,"check_status -> db_write, check_status -> enable_feature_flag, db_write -> deploy_container, deploy_container -> generate_report, enable_feature_flag -> deploy_container",check_status;enable_feature_flag;db_write;deploy_container;generate_report,0->1;0->2;1->3;2->3;3->4,asymmetric_fork_join,generated,train,FALSE,FALSE,check_status;enable_feature_flag;db_write;deploy_container;generate_report
"Grace is asking us to see what's going on with cdn-edge-06, and while you're at it, activate the feature flag on cdn-edge-06 and commit Grace's update to the database, then converge and push the container image for Finance. Finally, produce the Legal performance summary.",10098,"check_status -> db_write, check_status -> enable_feature_flag, db_write -> deploy_container, deploy_container -> generate_report, enable_feature_flag -> deploy_container",check_status;enable_feature_flag;db_write;deploy_container;generate_report,0->1;0->2;1->3;2->3;3->4,asymmetric_fork_join,generated,train,FALSE,FALSE,check_status;enable_feature_flag;db_write;deploy_container;generate_report
"Per Diana's request, check if cdn-edge-06 is up while also activate the feature flag on ml-infer-05 and persist Frank's data to the database, then converge and launch the docker deployment for Marketing. Last step: build a compliance doc for Legal.",10098,"check_status -> db_write, check_status -> enable_feature_flag, db_write -> deploy_container, deploy_container -> generate_report, enable_feature_flag -> deploy_container",check_status;enable_feature_flag;db_write;deploy_container;generate_report,0->1;0->2;1->3;2->3;3->4,asymmetric_fork_join,generated,train,FALSE,FALSE,check_status;enable_feature_flag;db_write;deploy_container;generate_report
"From Marketing: create a virtual machine for Engineering — in parallel, grab Diana's account details and create a ticket about the Legal issue, then converge and turn off the feature flag for Legal and at the same time give Bob their money back and lock down prod-web-01. When all of that's complete, back up the database for HR.",10103,"create_ticket -> disable_feature_flag, db_read -> disable_feature_flag, disable_feature_flag -> process_refund, disable_feature_flag -> quarantine_system, process_refund -> backup_database, provision_vm -> create_ticket, provision_vm -> db_read, quarantine_system -> backup_database",provision_vm;db_read;create_ticket;disable_feature_flag;process_refund;quarantine_system;backup_database,0->1;0->2;1->3;2->3;3->4;3->5;4->6;5->6,double_diamond,generated,train,FALSE,FALSE,provision_vm;db_read;create_ticket;disable_feature_flag;process_refund;quarantine_system;backup_database
"Ticket INC-5560 says create a virtual machine for Marketing — in parallel, query the database about #31450 and file a bug about cdn-edge-06. When all of that's complete, turn off the feature flag for Engineering, and while you're at it, reverse the charge on #60122 and quarantine auth-svc-04. After those finish, dump the database on auth-svc-04.",10103,"create_ticket -> disable_feature_flag, db_read -> disable_feature_flag, disable_feature_flag -> process_refund, disable_feature_flag -> quarantine_system, process_refund -> backup_database, provision_vm -> create_ticket, provision_vm -> db_read, quarantine_system -> backup_database",provision_vm;db_read;create_ticket;disable_feature_flag;process_refund;quarantine_system;backup_database,0->1;0->2;1->3;2->3;3->4;3->5;4->6;5->6,double_diamond,generated,train,FALSE,FALSE,provision_vm;db_read;create_ticket;disable_feature_flag;process_refund;quarantine_system;backup_database
"Hey, can you provision a new instance for Finance while also grab Diana's account details and log a Jira for Diana's issue, merge everything and disable the flag on payment-api-03 while also give Frank their money back and pull auth-svc-04 from production. When all of that's complete, take a snapshot of auth-svc-04's DB.",10103,"create_ticket -> disable_feature_flag, db_read -> disable_feature_flag, disable_feature_flag -> process_refund, disable_feature_flag -> quarantine_system, process_refund -> backup_database, provision_vm -> create_ticket, provision_vm -> db_read, quarantine_system -> backup_database",provision_vm;db_read;create_ticket;disable_feature_flag;process_refund;quarantine_system;backup_database,0->1;0->2;1->3;2->3;3->4;3->5;4->6;5->6,double_diamond,generated,train,FALSE,FALSE,provision_vm;db_read;create_ticket;disable_feature_flag;process_refund;quarantine_system;backup_database
"The HR team needs us to deploy a server for Finance and at the same time look up the records for #20891 and create a ticket about the Engineering issue, then converge and kill the feature toggle for Finance and simultaneously push the refund through for #20891 and disconnect payment-api-03 from everything, then converge and snapshot the database for staging-db-02.",10103,"create_ticket -> disable_feature_flag, db_read -> disable_feature_flag, disable_feature_flag -> process_refund, disable_feature_flag -> quarantine_system, process_refund -> backup_database, provision_vm -> create_ticket, provision_vm -> db_read, quarantine_system -> backup_database",provision_vm;db_read;create_ticket;disable_feature_flag;process_refund;quarantine_system;backup_database,0->1;0->2;1->3;2->3;3->4;3->5;4->6;5->6,double_diamond,generated,train,FALSE,FALSE,provision_vm;db_read;create_ticket;disable_feature_flag;process_refund;quarantine_system;backup_database
"We gotta roll cdn-edge-06 back to the last stable release and concurrently create a ticket about the Finance issue, ping payment-api-03 for a health check, kill the feature toggle for Finance, and dump the database on auth-svc-04, then do a security check on payment-api-03. End with credit Eve's account.",10106,"backup_database -> scan_malware, rollback_deployment -> backup_database, rollback_deployment -> check_status, rollback_deployment -> create_ticket, rollback_deployment -> disable_feature_flag, scan_malware -> process_refund",rollback_deployment;create_ticket;check_status;disable_feature_flag;backup_database;scan_malware;process_refund,0->1;0->2;0->3;0->4;4->5;5->6,wide_fanout_deep,generated,train,FALSE,FALSE,rollback_deployment;create_ticket;check_status;disable_feature_flag;backup_database;scan_malware;process_refund
"For the Marketing team, revert prod-web-01 to the previous version and at the same time file an incident report about cdn-edge-06, see what's going on with ml-infer-05, kill the feature toggle for Marketing, and take a snapshot of staging-db-02's DB. After that, scan staging-db-02 for threats. Last step: credit Eve's account.",10106,"backup_database -> scan_malware, rollback_deployment -> backup_database, rollback_deployment -> check_status, rollback_deployment -> create_ticket, rollback_deployment -> disable_feature_flag, scan_malware -> process_refund",rollback_deployment;create_ticket;check_status;disable_feature_flag;backup_database;scan_malware;process_refund,0->1;0->2;0->3;0->4;4->5;5->6,wide_fanout_deep,generated,train,FALSE,FALSE,rollback_deployment;create_ticket;check_status;disable_feature_flag;backup_database;scan_malware;process_refund
"Bob is asking us to roll staging-db-02 back to the last stable release and concurrently file an incident report about staging-db-02, see what's going on with cdn-edge-06, turn off the feature flag for Marketing, and dump the database on ml-infer-05 — then scan payment-api-03 for threats, and lastly give Grace their money back.",10106,"backup_database -> scan_malware, rollback_deployment -> backup_database, rollback_deployment -> check_status, rollback_deployment -> create_ticket, rollback_deployment -> disable_feature_flag, scan_malware -> process_refund",rollback_deployment;create_ticket;check_status;disable_feature_flag;backup_database;scan_malware;process_refund,0->1;0->2;0->3;0->4;4->5;5->6,wide_fanout_deep,generated,train,FALSE,FALSE,rollback_deployment;create_ticket;check_status;disable_feature_flag;backup_database;scan_malware;process_refund
"For the Legal team, undo the latest release on ml-infer-05 and concurrently create a support case for Finance, verify staging-db-02's health, disable the flag on payment-api-03, and save a backup of Finance's data, followed by sweep prod-web-01 for IOCs. Last step: reverse the charge on #31450.",10106,"backup_database -> scan_malware, rollback_deployment -> backup_database, rollback_deployment -> check_status, rollback_deployment -> create_ticket, rollback_deployment -> disable_feature_flag, scan_malware -> process_refund",rollback_deployment;create_ticket;check_status;disable_feature_flag;backup_database;scan_malware;process_refund,0->1;0->2;0->3;0->4;4->5;5->6,wide_fanout_deep,generated,train,FALSE,FALSE,rollback_deployment;create_ticket;check_status;disable_feature_flag;backup_database;scan_malware;process_refund
"Time to trigger a build for ml-infer-05, and while you're at it, pull Bob's credentials for auth-svc-04 and pull Diana's credentials for auth-svc-04. Once both are done, strip Diana's access to Engineering and concurrently start the CI job for payment-api-03 and sweep staging-db-02 for IOCs. When all of that's complete, reboot cdn-edge-06.",10108,"revoke_access -> revoke_access, revoke_access -> revoke_access, revoke_access -> run_pipeline, revoke_access -> scan_malware, run_pipeline -> restart_service, run_pipeline -> revoke_access, run_pipeline -> revoke_access, scan_malware -> restart_service",run_pipeline;revoke_access;revoke_access;revoke_access;run_pipeline;scan_malware;restart_service,0->1;0->2;1->3;2->3;3->4;3->5;4->6;5->6,double_diamond,generated,train,TRUE,TRUE,run_pipeline;revoke_access;revoke_access;revoke_access;run_pipeline;scan_malware;restart_service
"The Finance team needs us to start the CI job for payment-api-03, and while you're at it, remove Eve from Legal's access list and revoke Diana's access to prod-web-01. When all of that's complete, revoke Diana's access to prod-web-01 and concurrently start the CI job for auth-svc-04 and run a malware sweep on prod-web-01, then converge and reboot payment-api-03.",10108,"revoke_access -> revoke_access, revoke_access -> revoke_access, revoke_access -> run_pipeline, revoke_access -> scan_malware, run_pipeline -> restart_service, run_pipeline -> revoke_access, run_pipeline -> revoke_access, scan_malware -> restart_service",run_pipeline;revoke_access;revoke_access;revoke_access;run_pipeline;scan_malware;restart_service,0->1;0->2;1->3;2->3;3->4;3->5;4->6;5->6,double_diamond,generated,train,TRUE,TRUE,run_pipeline;revoke_access;revoke_access;revoke_access;run_pipeline;scan_malware;restart_service
"For the Finance team, trigger a build for staging-db-02 — in parallel, strip Eve's access to Marketing and pull Grace's credentials for ml-infer-05. When all of that's complete, pull Eve's credentials for auth-svc-04 and concurrently kick off the CI/CD pipeline for HR and scan auth-svc-04 for threats. When all of that's complete, reboot prod-web-01.",10108,"revoke_access -> revoke_access, revoke_access -> revoke_access, revoke_access -> run_pipeline, revoke_access -> scan_malware, run_pipeline -> restart_service, run_pipeline -> revoke_access, run_pipeline -> revoke_access, scan_malware -> restart_service",run_pipeline;revoke_access;revoke_access;revoke_access;run_pipeline;scan_malware;restart_service,0->1;0->2;1->3;2->3;3->4;3->5;4->6;5->6,double_diamond,generated,train,TRUE,TRUE,run_pipeline;revoke_access;revoke_access;revoke_access;run_pipeline;scan_malware;restart_service
"The Legal team needs us to trigger a build for ml-infer-05 — in parallel, pull Diana's credentials for cdn-edge-06 and remove Grace from Marketing's access list. Once both are done, remove Diana from Marketing's access list and concurrently run the deployment pipeline for Marketing and check auth-svc-04 for vulnerabilities, then converge and give staging-db-02 a kick.",10108,"revoke_access -> revoke_access, revoke_access -> revoke_access, revoke_access -> run_pipeline, revoke_access -> scan_malware, run_pipeline -> restart_service, run_pipeline -> revoke_access, run_pipeline -> revoke_access, scan_malware -> restart_service",run_pipeline;revoke_access;revoke_access;revoke_access;run_pipeline;scan_malware;restart_service,0->1;0->2;1->3;2->3;3->4;3->5;4->6;5->6,double_diamond,generated,train,TRUE,TRUE,run_pipeline;revoke_access;revoke_access;revoke_access;run_pipeline;scan_malware;restart_service
"Hey, can you take auth-svc-04 back to the prior build, and then downgrade Grace's account — then execute the build pipeline for auth-svc-04. To wrap up, roll back the last deploy on cdn-edge-06.",10111,"rollback_deployment -> update_subscription, run_pipeline -> rollback_deployment, update_subscription -> run_pipeline",rollback_deployment;update_subscription;run_pipeline;rollback_deployment,0->1;1->2;2->3,repeated_tool,generated,train,TRUE,TRUE,rollback_deployment;update_subscription;run_pipeline;rollback_deployment
"Quick one — back out the deployment on prod-web-01, and then downgrade Alice's account, followed by execute the build pipeline for staging-db-02, and lastly roll back the last deploy on staging-db-02.",10111,"rollback_deployment -> update_subscription, run_pipeline -> rollback_deployment, update_subscription -> run_pipeline",rollback_deployment;update_subscription;run_pipeline;rollback_deployment,0->1;1->2;2->3,repeated_tool,generated,train,TRUE,TRUE,rollback_deployment;update_subscription;run_pipeline;rollback_deployment
"Take auth-svc-04 back to the prior build. After that, update Frank's subscription, followed by run the deployment pipeline for Engineering. End with take cdn-edge-06 back to the prior build.",10111,"rollback_deployment -> update_subscription, run_pipeline -> rollback_deployment, update_subscription -> run_pipeline",rollback_deployment;update_subscription;run_pipeline;rollback_deployment,0->1;1->2;2->3,repeated_tool,generated,train,TRUE,TRUE,rollback_deployment;update_subscription;run_pipeline;rollback_deployment
"I need you to revert staging-db-02 to the previous version. Next, change Alice's plan. Once that's done, kick off the CI/CD pipeline for Legal. To wrap up, back out the deployment on ml-infer-05.",10111,"rollback_deployment -> update_subscription, run_pipeline -> rollback_deployment, update_subscription -> run_pipeline",rollback_deployment;update_subscription;run_pipeline;rollback_deployment,0->1;1->2;2->3,repeated_tool,generated,train,TRUE,TRUE,rollback_deployment;update_subscription;run_pipeline;rollback_deployment
"Hey, can you create a virtual machine for HR and sign off on Diana's permission request and simultaneously verify payment-api-03's health and modify Bob's subscription. After those finish, refresh the API token for HR.",10112,"approve_access -> update_subscription, check_status -> rotate_api_key, provision_vm -> check_status, update_subscription -> rotate_api_key",provision_vm;check_status;approve_access;update_subscription;rotate_api_key,0->1;2->3;1->4;3->4,w_shape,generated,train,FALSE,FALSE,provision_vm;check_status;approve_access;update_subscription;rotate_api_key
"The Finance team needs us to create a virtual machine for Engineering and approve Alice's access request and simultaneously verify staging-db-02's health and switch Alice to the new plan. When all of that's complete, issue a new secret for auth-svc-04.",10112,"approve_access -> update_subscription, check_status -> rotate_api_key, provision_vm -> check_status, update_subscription -> rotate_api_key",provision_vm;check_status;approve_access;update_subscription;rotate_api_key,0->1;2->3;1->4;3->4,w_shape,generated,train,FALSE,FALSE,provision_vm;check_status;approve_access;update_subscription;rotate_api_key
"Spin up a VM for Engineering and give Frank access to Legal's resources and at the same time diagnose staging-db-02 and switch Frank to the new plan, then converge and refresh the API token for Engineering.",10112,"approve_access -> update_subscription, check_status -> rotate_api_key, provision_vm -> check_status, update_subscription -> rotate_api_key",provision_vm;check_status;approve_access;update_subscription;rotate_api_key,0->1;2->3;1->4;3->4,w_shape,generated,train,FALSE,FALSE,provision_vm;check_status;approve_access;update_subscription;rotate_api_key
"Urgent: create a virtual machine for Marketing and green-light Eve's access to Marketing — in parallel, ping cdn-edge-06 for a health check and update Diana's subscription. Once both are done, rotate the API key for ml-infer-05.",10112,"approve_access -> update_subscription, check_status -> rotate_api_key, provision_vm -> check_status, update_subscription -> rotate_api_key",provision_vm;check_status;approve_access;update_subscription;rotate_api_key,0->1;2->3;1->4;3->4,w_shape,generated,train,FALSE,FALSE,provision_vm;check_status;approve_access;update_subscription;rotate_api_key
"Time to investigate payment-api-03 for infections and pull Eve's credentials for cdn-edge-06, followed by loop in a HR manager. Next, execute the build pipeline for payment-api-03. Once both are done, see what's going on with auth-svc-04.",10113,"escalate_to_human -> run_pipeline, revoke_access -> check_status, run_pipeline -> check_status, scan_malware -> escalate_to_human",scan_malware;escalate_to_human;run_pipeline;check_status;revoke_access,0->1;1->2;2->3;4->3,deep_asymmetric_merge,generated,train,FALSE,FALSE,scan_malware;escalate_to_human;run_pipeline;check_status;revoke_access
"Time to do a security check on ml-infer-05 and pull Bob's credentials for auth-svc-04, then wake up the on-call about prod-web-01. Once that's done, start the CI job for payment-api-03. Once both are done, diagnose cdn-edge-06.",10113,"escalate_to_human -> run_pipeline, revoke_access -> check_status, run_pipeline -> check_status, scan_malware -> escalate_to_human",scan_malware;escalate_to_human;run_pipeline;check_status;revoke_access,0->1;1->2;2->3;4->3,deep_asymmetric_merge,generated,train,FALSE,FALSE,scan_malware;escalate_to_human;run_pipeline;check_status;revoke_access
"Quick one — investigate auth-svc-04 for infections and strip Diana's access to Engineering. Next, get a human involved for Eve. Once that's done, kick off the CI/CD pipeline for Engineering, then converge and ping staging-db-02 for a health check.",10113,"escalate_to_human -> run_pipeline, revoke_access -> check_status, run_pipeline -> check_status, scan_malware -> escalate_to_human",scan_malware;escalate_to_human;run_pipeline;check_status;revoke_access,0->1;1->2;2->3;4->3,deep_asymmetric_merge,generated,train,FALSE,FALSE,scan_malware;escalate_to_human;run_pipeline;check_status;revoke_access
"From HR: do a security check on staging-db-02 and cut off Eve's permissions — then escalate Grace's case to the on-call. Once that's done, kick off the CI/CD pipeline for Engineering, merge everything and check if prod-web-01 is up.",10113,"escalate_to_human -> run_pipeline, revoke_access -> check_status, run_pipeline -> check_status, scan_malware -> escalate_to_human",scan_malware;escalate_to_human;run_pipeline;check_status;revoke_access,0->1;1->2;2->3;4->3,deep_asymmetric_merge,generated,train,FALSE,FALSE,scan_malware;escalate_to_human;run_pipeline;check_status;revoke_access
"Per Alice's request, restore cdn-edge-06 from the latest backup and cycle the secret for HR's service, followed by snapshot the database for payment-api-03. Once that's done, switch Frank to the new plan. When all of that's complete, see what's going on with staging-db-02.",10114,"backup_database -> update_subscription, restore_backup -> backup_database, rotate_api_key -> check_status, update_subscription -> check_status",restore_backup;backup_database;update_subscription;check_status;rotate_api_key,0->1;1->2;2->3;4->3,deep_asymmetric_merge,generated,train,FALSE,FALSE,restore_backup;backup_database;update_subscription;check_status;rotate_api_key
"We gotta restore the DB snapshot for HR and generate a new API key for ml-infer-05, followed by dump the database on cdn-edge-06. Next, change Diana's plan. When all of that's complete, assess auth-svc-04's status.",10114,"backup_database -> update_subscription, restore_backup -> backup_database, rotate_api_key -> check_status, update_subscription -> check_status",restore_backup;backup_database;update_subscription;check_status;rotate_api_key,0->1;1->2;2->3;4->3,deep_asymmetric_merge,generated,train,FALSE,FALSE,restore_backup;backup_database;update_subscription;check_status;rotate_api_key
"Diana is asking us to restore the DB snapshot for Marketing and cycle the secret for Finance's service. Once that's done, create a DB backup for HR, and then update Bob's subscription, then converge and diagnose auth-svc-04.",10114,"backup_database -> update_subscription, restore_backup -> backup_database, rotate_api_key -> check_status, update_subscription -> check_status",restore_backup;backup_database;update_subscription;check_status;rotate_api_key,0->1;1->2;2->3;4->3,deep_asymmetric_merge,generated,train,FALSE,FALSE,restore_backup;backup_database;update_subscription;check_status;rotate_api_key
"Diana reported an issue — pull ml-infer-05 back from the last good backup and generate a new API key for payment-api-03 — then dump the database on prod-web-01. Next, adjust the billing tier for Diana, then converge and ping ml-infer-05 for a health check.",10114,"backup_database -> update_subscription, restore_backup -> backup_database, rotate_api_key -> check_status, update_subscription -> check_status",restore_backup;backup_database;update_subscription;check_status;rotate_api_key,0->1;1->2;2->3;4->3,deep_asymmetric_merge,generated,train,FALSE,FALSE,restore_backup;backup_database;update_subscription;check_status;rotate_api_key
"From Legal: bring staging-db-02 back from the snapshot and simultaneously adjust the instance count for ml-infer-05, spin up a VM for Engineering, drop an audit entry for prod-web-01, and record the event in Marketing's log — then log the whole staging-db-02 incident. Last step: execute the build pipeline for payment-api-03.",10116,"log_audit_event -> log_audit_event, log_audit_event -> run_pipeline, restore_backup -> log_audit_event, restore_backup -> log_audit_event, restore_backup -> provision_vm, restore_backup -> scale_service",restore_backup;scale_service;provision_vm;log_audit_event;log_audit_event;log_audit_event;run_pipeline,0->1;0->2;0->3;0->4;4->5;5->6,wide_fanout_deep,generated,train,TRUE,TRUE,restore_backup;scale_service;provision_vm;log_audit_event;log_audit_event;log_audit_event;run_pipeline
"We gotta recover Finance's data from backup, and while you're at it, scale up prod-web-01, deploy a server for Marketing, drop an audit entry for payment-api-03, and record the event in Legal's log, and then create an audit trail for #31450. Finally, kick off the CI/CD pipeline for Engineering.",10116,"log_audit_event -> log_audit_event, log_audit_event -> run_pipeline, restore_backup -> log_audit_event, restore_backup -> log_audit_event, restore_backup -> provision_vm, restore_backup -> scale_service",restore_backup;scale_service;provision_vm;log_audit_event;log_audit_event;log_audit_event;run_pipeline,0->1;0->2;0->3;0->4;4->5;5->6,wide_fanout_deep,generated,train,TRUE,TRUE,restore_backup;scale_service;provision_vm;log_audit_event;log_audit_event;log_audit_event;run_pipeline
"Do me a favor and load the backup onto staging-db-02 and simultaneously scale up prod-web-01, deploy a server for Marketing, log the whole auth-svc-04 incident, and make a compliance log about Bob, followed by make a compliance log about Frank, and lastly trigger a build for prod-web-01.",10116,"log_audit_event -> log_audit_event, log_audit_event -> run_pipeline, restore_backup -> log_audit_event, restore_backup -> log_audit_event, restore_backup -> provision_vm, restore_backup -> scale_service",restore_backup;scale_service;provision_vm;log_audit_event;log_audit_event;log_audit_event;run_pipeline,0->1;0->2;0->3;0->4;4->5;5->6,wide_fanout_deep,generated,train,TRUE,TRUE,restore_backup;scale_service;provision_vm;log_audit_event;log_audit_event;log_audit_event;run_pipeline
"Hey, can you bring cdn-edge-06 back from the snapshot and simultaneously scale ml-infer-05 down to save costs, provision a new instance for Marketing, log the whole ml-infer-05 incident, and log the whole staging-db-02 incident, followed by drop an audit entry for ml-infer-05. Last step: kick off the CI/CD pipeline for Engineering.",10116,"log_audit_event -> log_audit_event, log_audit_event -> run_pipeline, restore_backup -> log_audit_event, restore_backup -> log_audit_event, restore_backup -> provision_vm, restore_backup -> scale_service",restore_backup;scale_service;provision_vm;log_audit_event;log_audit_event;log_audit_event;run_pipeline,0->1;0->2;0->3;0->4;4->5;5->6,wide_fanout_deep,generated,train,TRUE,TRUE,restore_backup;scale_service;provision_vm;log_audit_event;log_audit_event;log_audit_event;run_pipeline
"Fire off the pipeline for Engineering and scale up auth-svc-04. After that, give Eve a new password, then downgrade Eve's account. When all of that's complete, back out the deployment on cdn-edge-06.",10118,"reset_password -> update_subscription, run_pipeline -> reset_password, scale_service -> rollback_deployment, update_subscription -> rollback_deployment",run_pipeline;reset_password;update_subscription;rollback_deployment;scale_service,0->1;1->2;2->3;4->3,deep_asymmetric_merge,generated,train,FALSE,FALSE,run_pipeline;reset_password;update_subscription;rollback_deployment;scale_service
"I need you to trigger a build for payment-api-03 and add more replicas for payment-api-03. Once that's done, give Eve a new password — then change Frank's plan, merge everything and revert prod-web-01 to the previous version.",10118,"reset_password -> update_subscription, run_pipeline -> reset_password, scale_service -> rollback_deployment, update_subscription -> rollback_deployment",run_pipeline;reset_password;update_subscription;rollback_deployment;scale_service,0->1;1->2;2->3;4->3,deep_asymmetric_merge,generated,train,FALSE,FALSE,run_pipeline;reset_password;update_subscription;rollback_deployment;scale_service
"Quick one — kick off the CI/CD pipeline for Finance and bump the capacity on staging-db-02. Next, rotate Frank's credentials. After that, adjust the billing tier for Diana. When all of that's complete, roll back the last deploy on ml-infer-05.",10118,"reset_password -> update_subscription, run_pipeline -> reset_password, scale_service -> rollback_deployment, update_subscription -> rollback_deployment",run_pipeline;reset_password;update_subscription;rollback_deployment;scale_service,0->1;1->2;2->3;4->3,deep_asymmetric_merge,generated,train,FALSE,FALSE,run_pipeline;reset_password;update_subscription;rollback_deployment;scale_service
"When you get a chance, execute the build pipeline for ml-infer-05 and resize cdn-edge-06's resources, followed by force a credential change for Bob — then update Bob's subscription. After those finish, undo the latest release on cdn-edge-06.",10118,"reset_password -> update_subscription, run_pipeline -> reset_password, scale_service -> rollback_deployment, update_subscription -> rollback_deployment",run_pipeline;reset_password;update_subscription;rollback_deployment;scale_service,0->1;1->2;2->3;4->3,deep_asymmetric_merge,generated,train,FALSE,FALSE,run_pipeline;reset_password;update_subscription;rollback_deployment;scale_service
"Grace reported an issue — stand up a new box for HR — in parallel, give Grace a new password, archive Eve's old records, transfer ownership of prod-web-01 to Eve, and whip up a report for Legal, followed by execute the build pipeline for prod-web-01. Last step: modify Alice's subscription.",10119,"generate_report -> run_pipeline, provision_vm -> archive_data, provision_vm -> generate_report, provision_vm -> reset_password, provision_vm -> transfer_ownership, run_pipeline -> update_subscription",provision_vm;reset_password;archive_data;transfer_ownership;generate_report;run_pipeline;update_subscription,0->1;0->2;0->3;0->4;4->5;5->6,wide_fanout_deep,generated,train,FALSE,FALSE,provision_vm;reset_password;archive_data;transfer_ownership;generate_report;run_pipeline;update_subscription
"When you get a chance, deploy a server for Engineering and at the same time change Diana's auth credentials, archive Eve's old records, move payment-api-03's ownership to Legal, and build a compliance doc for Legal. Once that's done, run the deployment pipeline for Marketing. End with update Charlie's subscription.",10119,"generate_report -> run_pipeline, provision_vm -> archive_data, provision_vm -> generate_report, provision_vm -> reset_password, provision_vm -> transfer_ownership, run_pipeline -> update_subscription",provision_vm;reset_password;archive_data;transfer_ownership;generate_report;run_pipeline;update_subscription,0->1;0->2;0->3;0->4;4->5;5->6,wide_fanout_deep,generated,train,FALSE,FALSE,provision_vm;reset_password;archive_data;transfer_ownership;generate_report;run_pipeline;update_subscription
"Time to stand up a new box for HR while also nuke Alice's old login and issue a fresh one, archive Diana's old records, transfer ownership of ml-infer-05 to Charlie, and generate the Marketing analytics, and then kick off the CI/CD pipeline for Engineering. Last step: modify Frank's subscription.",10119,"generate_report -> run_pipeline, provision_vm -> archive_data, provision_vm -> generate_report, provision_vm -> reset_password, provision_vm -> transfer_ownership, run_pipeline -> update_subscription",provision_vm;reset_password;archive_data;transfer_ownership;generate_report;run_pipeline;update_subscription,0->1;0->2;0->3;0->4;4->5;5->6,wide_fanout_deep,generated,train,FALSE,FALSE,provision_vm;reset_password;archive_data;transfer_ownership;generate_report;run_pipeline;update_subscription
"Alice reported an issue — spin up a VM for Finance while also force a credential change for Bob, archive the old entries for Grace, transfer ownership of ml-infer-05 to Alice, and compile a summary for Finance, and then start the CI job for staging-db-02. To wrap up, update Grace's subscription.",10119,"generate_report -> run_pipeline, provision_vm -> archive_data, provision_vm -> generate_report, provision_vm -> reset_password, provision_vm -> transfer_ownership, run_pipeline -> update_subscription",provision_vm;reset_password;archive_data;transfer_ownership;generate_report;run_pipeline;update_subscription,0->1;0->2;0->3;0->4;4->5;5->6,wide_fanout_deep,generated,train,FALSE,FALSE,provision_vm;reset_password;archive_data;transfer_ownership;generate_report;run_pipeline;update_subscription
"The Finance team needs us to whip up a report for Legal — in parallel, fire off a notification to Alice, cut off Eve's permissions, and file a bug about staging-db-02, and lastly execute the build pipeline for cdn-edge-06.",10001,"create_ticket -> run_pipeline, generate_report -> create_ticket, generate_report -> revoke_access, generate_report -> send_notification",generate_report;send_notification;revoke_access;create_ticket;run_pipeline,0->1;0->2;0->3;3->4,multi_branch_independent,generated,train,FALSE,FALSE,generate_report;send_notification;revoke_access;create_ticket;run_pipeline
"Time to produce the Legal performance summary while also send a heads-up to Legal, pull Diana's credentials for cdn-edge-06, and create a support case for Legal. End with run the deployment pipeline for Marketing.",10001,"create_ticket -> run_pipeline, generate_report -> create_ticket, generate_report -> revoke_access, generate_report -> send_notification",generate_report;send_notification;revoke_access;create_ticket;run_pipeline,0->1;0->2;0->3;3->4,multi_branch_independent,generated,train,FALSE,FALSE,generate_report;send_notification;revoke_access;create_ticket;run_pipeline
"When you get a chance, compile a summary for Legal and simultaneously notify the Finance team, pull Bob's credentials for staging-db-02, and file an incident report about ml-infer-05. Finally, trigger a build for payment-api-03.",10001,"create_ticket -> run_pipeline, generate_report -> create_ticket, generate_report -> revoke_access, generate_report -> send_notification",generate_report;send_notification;revoke_access;create_ticket;run_pipeline,0->1;0->2;0->3;3->4,multi_branch_independent,generated,train,FALSE,FALSE,generate_report;send_notification;revoke_access;create_ticket;run_pipeline
"Do me a favor and produce the Engineering performance summary — in parallel, send a heads-up to Legal, disable Grace's account on auth-svc-04, and spin up a tracking ticket for Bob. End with execute the build pipeline for prod-web-01.",10001,"create_ticket -> run_pipeline, generate_report -> create_ticket, generate_report -> revoke_access, generate_report -> send_notification",generate_report;send_notification;revoke_access;create_ticket;run_pipeline,0->1;0->2;0->3;3->4,multi_branch_independent,generated,train,FALSE,FALSE,generate_report;send_notification;revoke_access;create_ticket;run_pipeline
"ASAP — activate the feature flag on staging-db-02 and at the same time log a Jira for Diana's issue, verify staging-db-02's health, and credit Charlie's account. Finally, record the event in Marketing's log.",10014,"enable_feature_flag -> check_status, enable_feature_flag -> create_ticket, enable_feature_flag -> process_refund, process_refund -> log_audit_event",enable_feature_flag;create_ticket;check_status;process_refund;log_audit_event,0->1;0->2;0->3;3->4,multi_branch_independent,generated,train,FALSE,FALSE,enable_feature_flag;create_ticket;check_status;process_refund;log_audit_event
"From Engineering: light up the feature for cdn-edge-06, and while you're at it, log a Jira for Charlie's issue, check if payment-api-03 is up, and give Charlie their money back. Last step: make a compliance log about Alice.",10014,"enable_feature_flag -> check_status, enable_feature_flag -> create_ticket, enable_feature_flag -> process_refund, process_refund -> log_audit_event",enable_feature_flag;create_ticket;check_status;process_refund;log_audit_event,0->1;0->2;0->3;3->4,multi_branch_independent,generated,train,FALSE,FALSE,enable_feature_flag;create_ticket;check_status;process_refund;log_audit_event
"Urgent: turn on the feature flag for Marketing while also open a ticket for Frank, verify cdn-edge-06's health, and push the refund through for #42017. End with log Eve's action for compliance.",10014,"enable_feature_flag -> check_status, enable_feature_flag -> create_ticket, enable_feature_flag -> process_refund, process_refund -> log_audit_event",enable_feature_flag;create_ticket;check_status;process_refund;log_audit_event,0->1;0->2;0->3;3->4,multi_branch_independent,generated,train,FALSE,FALSE,enable_feature_flag;create_ticket;check_status;process_refund;log_audit_event
"Hey, can you light up the feature for prod-web-01, and while you're at it, file a bug about staging-db-02, verify payment-api-03's health, and process the payout for Alice. To wrap up, drop an audit entry for prod-web-01.",10014,"enable_feature_flag -> check_status, enable_feature_flag -> create_ticket, enable_feature_flag -> process_refund, process_refund -> log_audit_event",enable_feature_flag;create_ticket;check_status;process_refund;log_audit_event,0->1;0->2;0->3;3->4,multi_branch_independent,generated,train,FALSE,FALSE,enable_feature_flag;create_ticket;check_status;process_refund;log_audit_event
"The Engineering team needs us to credit Bob's account and at the same time fire off the pipeline for Finance, roll out the containerised app to ml-infer-05, and do a security check on auth-svc-04. Finally, rotate the API key for payment-api-03.",10049,"process_refund -> deploy_container, process_refund -> run_pipeline, process_refund -> scan_malware, scan_malware -> rotate_api_key",process_refund;run_pipeline;deploy_container;scan_malware;rotate_api_key,0->1;0->2;0->3;3->4,multi_branch_independent,generated,train,FALSE,FALSE,process_refund;run_pipeline;deploy_container;scan_malware;rotate_api_key
"Per Charlie's request, give Alice their money back and at the same time execute the build pipeline for cdn-edge-06, deploy the container for HR, and investigate cdn-edge-06 for infections, and lastly issue a new secret for prod-web-01.",10049,"process_refund -> deploy_container, process_refund -> run_pipeline, process_refund -> scan_malware, scan_malware -> rotate_api_key",process_refund;run_pipeline;deploy_container;scan_malware;rotate_api_key,0->1;0->2;0->3;3->4,multi_branch_independent,generated,train,FALSE,FALSE,process_refund;run_pipeline;deploy_container;scan_malware;rotate_api_key
"Ticket INC-1198 says give Frank their money back and concurrently run the deployment pipeline for Legal, roll out the containerised app to cdn-edge-06, and investigate auth-svc-04 for infections. Finally, issue a new secret for payment-api-03.",10049,"process_refund -> deploy_container, process_refund -> run_pipeline, process_refund -> scan_malware, scan_malware -> rotate_api_key",process_refund;run_pipeline;deploy_container;scan_malware;rotate_api_key,0->1;0->2;0->3;3->4,multi_branch_independent,generated,train,FALSE,FALSE,process_refund;run_pipeline;deploy_container;scan_malware;rotate_api_key
"The HR team needs us to push the refund through for #42017 — in parallel, execute the build pipeline for ml-infer-05, ship the new build to cdn-edge-06, and sweep payment-api-03 for IOCs. End with refresh the API token for Engineering.",10049,"process_refund -> deploy_container, process_refund -> run_pipeline, process_refund -> scan_malware, scan_malware -> rotate_api_key",process_refund;run_pipeline;deploy_container;scan_malware;rotate_api_key,0->1;0->2;0->3;3->4,multi_branch_independent,generated,train,FALSE,FALSE,process_refund;run_pipeline;deploy_container;scan_malware;rotate_api_key
"Per Bob's request, book a maintenance window for auth-svc-04 while also roll out the containerised app to cdn-edge-06, wake up the on-call about ml-infer-05, and investigate staging-db-02 for infections, and lastly file an incident report about auth-svc-04.",10051,"scan_malware -> create_ticket, schedule_maintenance -> deploy_container, schedule_maintenance -> escalate_to_human, schedule_maintenance -> scan_malware",schedule_maintenance;deploy_container;escalate_to_human;scan_malware;create_ticket,0->1;0->2;0->3;3->4,multi_branch_independent,generated,train,FALSE,FALSE,schedule_maintenance;deploy_container;escalate_to_human;scan_malware;create_ticket
"Queue a maintenance window for Legal and simultaneously push the container image for Marketing, hand Grace's issue off to an engineer, and run a malware sweep on staging-db-02. End with create a support case for HR.",10051,"scan_malware -> create_ticket, schedule_maintenance -> deploy_container, schedule_maintenance -> escalate_to_human, schedule_maintenance -> scan_malware",schedule_maintenance;deploy_container;escalate_to_human;scan_malware;create_ticket,0->1;0->2;0->3;3->4,multi_branch_independent,generated,train,FALSE,FALSE,schedule_maintenance;deploy_container;escalate_to_human;scan_malware;create_ticket
"Grace reported an issue — set up downtime for prod-web-01 and at the same time launch the docker deployment for HR, wake up the on-call about auth-svc-04, and investigate payment-api-03 for infections. Finally, file an incident report about prod-web-01.",10051,"scan_malware -> create_ticket, schedule_maintenance -> deploy_container, schedule_maintenance -> escalate_to_human, schedule_maintenance -> scan_malware",schedule_maintenance;deploy_container;escalate_to_human;scan_malware;create_ticket,0->1;0->2;0->3;3->4,multi_branch_independent,generated,train,FALSE,FALSE,schedule_maintenance;deploy_container;escalate_to_human;scan_malware;create_ticket
"Hey, can you book a maintenance window for payment-api-03, and while you're at it, ship the new build to ml-infer-05, loop in a HR manager, and investigate cdn-edge-06 for infections. To wrap up, create a ticket about the Finance issue.",10051,"scan_malware -> create_ticket, schedule_maintenance -> deploy_container, schedule_maintenance -> escalate_to_human, schedule_maintenance -> scan_malware",schedule_maintenance;deploy_container;escalate_to_human;scan_malware;create_ticket,0->1;0->2;0->3;3->4,multi_branch_independent,generated,train,FALSE,FALSE,schedule_maintenance;deploy_container;escalate_to_human;scan_malware;create_ticket
"Urgent: kick off the CI/CD pipeline for HR, and while you're at it, create a support case for HR, cycle prod-web-01, and change the owner of auth-svc-04 to Engineering. Finally, refresh the API token for Engineering.",10092,"run_pipeline -> create_ticket, run_pipeline -> restart_service, run_pipeline -> transfer_ownership, transfer_ownership -> rotate_api_key",run_pipeline;create_ticket;restart_service;transfer_ownership;rotate_api_key,0->1;0->2;0->3;3->4,multi_branch_independent,generated,train,FALSE,FALSE,run_pipeline;create_ticket;restart_service;transfer_ownership;rotate_api_key
"ASAP — run the deployment pipeline for Finance and simultaneously log a Jira for Charlie's issue, restart the main process on payment-api-03, and hand cdn-edge-06 over to HR. Last step: refresh the API token for Marketing.",10092,"run_pipeline -> create_ticket, run_pipeline -> restart_service, run_pipeline -> transfer_ownership, transfer_ownership -> rotate_api_key",run_pipeline;create_ticket;restart_service;transfer_ownership;rotate_api_key,0->1;0->2;0->3;3->4,multi_branch_independent,generated,train,FALSE,FALSE,run_pipeline;create_ticket;restart_service;transfer_ownership;rotate_api_key
"Per Alice's request, kick off the CI/CD pipeline for HR — in parallel, spin up a tracking ticket for Charlie, cycle ml-infer-05, and pass ml-infer-05 to Alice, and lastly cycle the secret for Finance's service.",10092,"run_pipeline -> create_ticket, run_pipeline -> restart_service, run_pipeline -> transfer_ownership, transfer_ownership -> rotate_api_key",run_pipeline;create_ticket;restart_service;transfer_ownership;rotate_api_key,0->1;0->2;0->3;3->4,multi_branch_independent,generated,train,FALSE,FALSE,run_pipeline;create_ticket;restart_service;transfer_ownership;rotate_api_key
"When you get a chance, execute the build pipeline for auth-svc-04, and while you're at it, create a support case for Legal, give auth-svc-04 a kick, and transfer ownership of cdn-edge-06 to Diana, and lastly generate a new API key for auth-svc-04.",10092,"run_pipeline -> create_ticket, run_pipeline -> restart_service, run_pipeline -> transfer_ownership, transfer_ownership -> rotate_api_key",run_pipeline;create_ticket;restart_service;transfer_ownership;rotate_api_key,0->1;0->2;0->3;3->4,multi_branch_independent,generated,train,FALSE,FALSE,run_pipeline;create_ticket;restart_service;transfer_ownership;rotate_api_key
"Move HR's stale data to cold storage and at the same time bust the cache on auth-svc-04, create an audit trail for #42017, and reboot payment-api-03. End with modify Bob's subscription.",10099,"archive_data -> invalidate_cache, archive_data -> log_audit_event, archive_data -> restart_service, restart_service -> update_subscription",archive_data;invalidate_cache;log_audit_event;restart_service;update_subscription,0->1;0->2;0->3;3->4,multi_branch_independent,generated,train,FALSE,FALSE,archive_data;invalidate_cache;log_audit_event;restart_service;update_subscription
"When you get a chance, archive Charlie's old records and concurrently bust the cache on payment-api-03, log the whole ml-infer-05 incident, and cycle prod-web-01. Last step: modify Grace's subscription.",10099,"archive_data -> invalidate_cache, archive_data -> log_audit_event, archive_data -> restart_service, restart_service -> update_subscription",archive_data;invalidate_cache;log_audit_event;restart_service;update_subscription,0->1;0->2;0->3;3->4,multi_branch_independent,generated,train,FALSE,FALSE,archive_data;invalidate_cache;log_audit_event;restart_service;update_subscription
"Urgent: archive Diana's old records, and while you're at it, flush the cache on ml-infer-05, log the whole ml-infer-05 incident, and bounce auth-svc-04. Finally, adjust the billing tier for Frank.",10099,"archive_data -> invalidate_cache, archive_data -> log_audit_event, archive_data -> restart_service, restart_service -> update_subscription",archive_data;invalidate_cache;log_audit_event;restart_service;update_subscription,0->1;0->2;0->3;3->4,multi_branch_independent,generated,train,FALSE,FALSE,archive_data;invalidate_cache;log_audit_event;restart_service;update_subscription
"Shelve Engineering's outdated data and simultaneously purge payment-api-03's cached data, record the event in Engineering's log, and reboot prod-web-01. To wrap up, modify Eve's subscription.",10099,"archive_data -> invalidate_cache, archive_data -> log_audit_event, archive_data -> restart_service, restart_service -> update_subscription",archive_data;invalidate_cache;log_audit_event;restart_service;update_subscription,0->1;0->2;0->3;3->4,multi_branch_independent,generated,train,FALSE,FALSE,archive_data;invalidate_cache;log_audit_event;restart_service;update_subscription
"Do me a favor and build a compliance doc for Marketing and at the same time pull Diana's data, run the deployment pipeline for Finance, and scan ml-infer-05 for threats, and lastly see what's going on with prod-web-01.",10100,"generate_report -> db_read, generate_report -> run_pipeline, generate_report -> scan_malware, scan_malware -> check_status",generate_report;db_read;run_pipeline;scan_malware;check_status,0->1;0->2;0->3;3->4,multi_branch_independent,generated,train,FALSE,FALSE,generate_report;db_read;run_pipeline;scan_malware;check_status
"Hey, can you build a compliance doc for Legal while also dig up the history on Charlie, start the CI job for cdn-edge-06, and do a security check on payment-api-03. Finally, verify payment-api-03's health.",10100,"generate_report -> db_read, generate_report -> run_pipeline, generate_report -> scan_malware, scan_malware -> check_status",generate_report;db_read;run_pipeline;scan_malware;check_status,0->1;0->2;0->3;3->4,multi_branch_independent,generated,train,FALSE,FALSE,generate_report;db_read;run_pipeline;scan_malware;check_status
"The Engineering team needs us to put together a report on payment-api-03, and while you're at it, dig up the history on Diana, start the CI job for auth-svc-04, and check payment-api-03 for vulnerabilities. End with assess staging-db-02's status.",10100,"generate_report -> db_read, generate_report -> run_pipeline, generate_report -> scan_malware, scan_malware -> check_status",generate_report;db_read;run_pipeline;scan_malware;check_status,0->1;0->2;0->3;3->4,multi_branch_independent,generated,train,FALSE,FALSE,generate_report;db_read;run_pipeline;scan_malware;check_status
"Per Bob's request, build a compliance doc for Legal and at the same time fetch #10234's info, start the CI job for ml-infer-05, and do a security check on payment-api-03. Finally, verify auth-svc-04's health.",10100,"generate_report -> db_read, generate_report -> run_pipeline, generate_report -> scan_malware, scan_malware -> check_status",generate_report;db_read;run_pipeline;scan_malware;check_status,0->1;0->2;0->3;3->4,multi_branch_independent,generated,train,FALSE,FALSE,generate_report;db_read;run_pipeline;scan_malware;check_status
"From Engineering: roll back the last deploy on cdn-edge-06 while also get the container running on cdn-edge-06, queue a maintenance window for Marketing, and turn off the feature flag for Legal. End with remove Alice from Finance's access list.",10117,"disable_feature_flag -> revoke_access, rollback_deployment -> deploy_container, rollback_deployment -> disable_feature_flag, rollback_deployment -> schedule_maintenance",rollback_deployment;deploy_container;schedule_maintenance;disable_feature_flag;revoke_access,0->1;0->2;0->3;3->4,multi_branch_independent,generated,train,FALSE,FALSE,rollback_deployment;deploy_container;schedule_maintenance;disable_feature_flag;revoke_access
"Time to revert staging-db-02 to the previous version and at the same time ship the new build to staging-db-02, plan maintenance on auth-svc-04 for HR, and deactivate the feature flag on auth-svc-04, and lastly revoke Eve's access to prod-web-01.",10117,"disable_feature_flag -> revoke_access, rollback_deployment -> deploy_container, rollback_deployment -> disable_feature_flag, rollback_deployment -> schedule_maintenance",rollback_deployment;deploy_container;schedule_maintenance;disable_feature_flag;revoke_access,0->1;0->2;0->3;3->4,multi_branch_independent,generated,train,FALSE,FALSE,rollback_deployment;deploy_container;schedule_maintenance;disable_feature_flag;revoke_access
"Per Bob's request, back out the deployment on auth-svc-04 and at the same time push the container image for Marketing, schedule maintenance for cdn-edge-06, and turn off the feature flag for Engineering. Last step: remove Charlie from Engineering's access list.",10117,"disable_feature_flag -> revoke_access, rollback_deployment -> deploy_container, rollback_deployment -> disable_feature_flag, rollback_deployment -> schedule_maintenance",rollback_deployment;deploy_container;schedule_maintenance;disable_feature_flag;revoke_access,0->1;0->2;0->3;3->4,multi_branch_independent,generated,train,FALSE,FALSE,rollback_deployment;deploy_container;schedule_maintenance;disable_feature_flag;revoke_access
"Per Charlie's request, roll back the last deploy on auth-svc-04 while also push the container image for Marketing, schedule maintenance for payment-api-03, and shut down the feature on payment-api-03. End with pull Frank's credentials for prod-web-01.",10117,"disable_feature_flag -> revoke_access, rollback_deployment -> deploy_container, rollback_deployment -> disable_feature_flag, rollback_deployment -> schedule_maintenance",rollback_deployment;deploy_container;schedule_maintenance;disable_feature_flag;revoke_access,0->1;0->2;0->3;3->4,multi_branch_independent,generated,train,FALSE,FALSE,rollback_deployment;deploy_container;schedule_maintenance;disable_feature_flag;revoke_access
"Plan maintenance on cdn-edge-06, email stakeholders and back up the data, then audit.",47,"backup_database -> log_audit_event, schedule_maintenance -> backup_database, schedule_maintenance -> send_notification, send_notification -> log_audit_event",schedule_maintenance;send_notification;backup_database;log_audit_event,0->1;0->2;1->3;2->3,diamond,original,train,FALSE,FALSE,schedule_maintenance;send_notification;backup_database;log_audit_event
"Arrange downtime, notify HR and create a backup in parallel, then drop an audit entry.",47,"backup_database -> log_audit_event, schedule_maintenance -> backup_database, schedule_maintenance -> send_notification, send_notification -> log_audit_event",schedule_maintenance;send_notification;backup_database;log_audit_event,0->1;0->2;1->3;2->3,diamond,original,train,FALSE,FALSE,schedule_maintenance;send_notification;backup_database;log_audit_event
"Do a malware scan on auth-svc-04 and fan out: quarantine, send alerts, and create audit trail.",22,"scan_malware -> log_audit_event, scan_malware -> quarantine_system, scan_malware -> send_notification",scan_malware;quarantine_system;send_notification;log_audit_event,0->1;0->2;0->3,wide_fanout,original,train,FALSE,FALSE,scan_malware;quarantine_system;send_notification;log_audit_event
"Do a malware scan on staging-db-02 and fan out: quarantine, send alerts, and create audit trail.",22,"scan_malware -> log_audit_event, scan_malware -> quarantine_system, scan_malware -> send_notification",scan_malware;quarantine_system;send_notification;log_audit_event,0->1;0->2;0->3,wide_fanout,original,train,FALSE,FALSE,scan_malware;quarantine_system;send_notification;log_audit_event
"Investigate payment-api-03, then kick off quarantine, notification, and logging all at once.",22,"scan_malware -> log_audit_event, scan_malware -> quarantine_system, scan_malware -> send_notification",scan_malware;quarantine_system;send_notification;log_audit_event,0->1;0->2;0->3,wide_fanout,original,train,FALSE,FALSE,scan_malware;quarantine_system;send_notification;log_audit_event
"Create the VM, then concurrently register it, send notifications, and log the event.",35,"provision_vm -> db_write, provision_vm -> log_audit_event, provision_vm -> send_notification",provision_vm;db_write;send_notification;log_audit_event,0->1;0->2;0->3,wide_fanout,original,train,FALSE,FALSE,provision_vm;db_write;send_notification;log_audit_event
"Stand up the machine and kick off DB write, notification, and audit logging all at once.",35,"provision_vm -> db_write, provision_vm -> log_audit_event, provision_vm -> send_notification",provision_vm;db_write;send_notification;log_audit_event,0->1;0->2;0->3,wide_fanout,original,train,FALSE,FALSE,provision_vm;db_write;send_notification;log_audit_event
"Investigate payment-api-03, then kick off quarantine, notification, and logging all at once.",22,"scan_malware -> log_audit_event, scan_malware -> quarantine_system, scan_malware -> send_notification",scan_malware;quarantine_system;send_notification;log_audit_event,0->1;0->2;0->3,wide_fanout,original,train,FALSE,FALSE,scan_malware;quarantine_system;send_notification;log_audit_event
"Provision the instance, then in parallel: write to DB, alert the team, and audit.",35,"provision_vm -> db_write, provision_vm -> log_audit_event, provision_vm -> send_notification",provision_vm;db_write;send_notification;log_audit_event,0->1;0->2;0->3,wide_fanout,original,train,FALSE,FALSE,provision_vm;db_write;send_notification;log_audit_event
"Scan ml-infer-05 and then simultaneously quarantine it, alert HR, and log the event.",22,"scan_malware -> log_audit_event, scan_malware -> quarantine_system, scan_malware -> send_notification",scan_malware;quarantine_system;send_notification;log_audit_event,0->1;0->2;0->3,wide_fanout,original,train,FALSE,FALSE,scan_malware;quarantine_system;send_notification;log_audit_event
"Verify staging-db-02 is down, bounce it while waking up on-call, then file a master ticket.",15,"check_status -> escalate_to_human, check_status -> restart_service, escalate_to_human -> create_ticket, restart_service -> create_ticket",check_status;restart_service;escalate_to_human;create_ticket,0->1;0->2;1->3;2->3,diamond,original,train,FALSE,FALSE,check_status;restart_service;escalate_to_human;create_ticket
"Diagnose the crash, try a restart and involve an engineer, then create a Jira.",15,"check_status -> escalate_to_human, check_status -> restart_service, escalate_to_human -> create_ticket, restart_service -> create_ticket",check_status;restart_service;escalate_to_human;create_ticket,0->1;0->2;1->3;2->3,diamond,original,train,FALSE,FALSE,check_status;restart_service;escalate_to_human;create_ticket
"Schedule the maintenance, notify HR and take a backup, then log it all.",47,"backup_database -> log_audit_event, schedule_maintenance -> backup_database, schedule_maintenance -> send_notification, send_notification -> log_audit_event",schedule_maintenance;send_notification;backup_database;log_audit_event,0->1;0->2;1->3;2->3,diamond,original,train,FALSE,FALSE,schedule_maintenance;send_notification;backup_database;log_audit_event
"Stand up the machine and kick off DB write, notification, and audit logging all at once.",35,"provision_vm -> db_write, provision_vm -> log_audit_event, provision_vm -> send_notification",provision_vm;db_write;send_notification;log_audit_event,0->1;0->2;0->3,wide_fanout,original,train,FALSE,FALSE,provision_vm;db_write;send_notification;log_audit_event
"Assess cdn-edge-06, reboot the service and escalate, then open an incident tracking ticket.",15,"check_status -> escalate_to_human, check_status -> restart_service, escalate_to_human -> create_ticket, restart_service -> create_ticket",check_status;restart_service;escalate_to_human;create_ticket,0->1;0->2;1->3;2->3,diamond,original,train,FALSE,FALSE,check_status;restart_service;escalate_to_human;create_ticket
"Monitor the failure, restart the node and escalate, then consolidate into one ticket.",15,"check_status -> escalate_to_human, check_status -> restart_service, escalate_to_human -> create_ticket, restart_service -> create_ticket",check_status;restart_service;escalate_to_human;create_ticket,0->1;0->2;1->3;2->3,diamond,original,train,FALSE,FALSE,check_status;restart_service;escalate_to_human;create_ticket
"Run a security check on staging-db-02, then in parallel: isolate, notify, and audit.",22,"scan_malware -> log_audit_event, scan_malware -> quarantine_system, scan_malware -> send_notification",scan_malware;quarantine_system;send_notification;log_audit_event,0->1;0->2;0->3,wide_fanout,original,train,FALSE,FALSE,scan_malware;quarantine_system;send_notification;log_audit_event
"Create the VM, then concurrently register it, send notifications, and log the event.",35,"provision_vm -> db_write, provision_vm -> log_audit_event, provision_vm -> send_notification",provision_vm;db_write;send_notification;log_audit_event,0->1;0->2;0->3,wide_fanout,original,train,FALSE,FALSE,provision_vm;db_write;send_notification;log_audit_event
"Spin up the VM and then simultaneously save the config, notify Finance, and log it.",35,"provision_vm -> db_write, provision_vm -> log_audit_event, provision_vm -> send_notification",provision_vm;db_write;send_notification;log_audit_event,0->1;0->2;0->3,wide_fanout,original,train,FALSE,FALSE,provision_vm;db_write;send_notification;log_audit_event
"Set up a maintenance window, send a heads-up and dump the database, then log the event.",47,"backup_database -> log_audit_event, schedule_maintenance -> backup_database, schedule_maintenance -> send_notification, send_notification -> log_audit_event",schedule_maintenance;send_notification;backup_database;log_audit_event,0->1;0->2;1->3;2->3,diamond,original,train,FALSE,FALSE,schedule_maintenance;send_notification;backup_database;log_audit_event
"Arrange downtime, notify Engineering and create a backup in parallel, then drop an audit entry.",47,"backup_database -> log_audit_event, schedule_maintenance -> backup_database, schedule_maintenance -> send_notification, send_notification -> log_audit_event",schedule_maintenance;send_notification;backup_database;log_audit_event,0->1;0->2;1->3;2->3,diamond,original,train,FALSE,FALSE,schedule_maintenance;send_notification;backup_database;log_audit_event
"Do a malware scan on cdn-edge-06 and fan out: quarantine, send alerts, and create audit trail.",22,"scan_malware -> log_audit_event, scan_malware -> quarantine_system, scan_malware -> send_notification",scan_malware;quarantine_system;send_notification;log_audit_event,0->1;0->2;0->3,wide_fanout,original,train,FALSE,FALSE,scan_malware;quarantine_system;send_notification;log_audit_event
"Diagnose the crash, try a restart and involve an engineer, then create a Jira.",15,"check_status -> escalate_to_human, check_status -> restart_service, escalate_to_human -> create_ticket, restart_service -> create_ticket",check_status;restart_service;escalate_to_human;create_ticket,0->1;0->2;1->3;2->3,diamond,original,train,FALSE,FALSE,check_status;restart_service;escalate_to_human;create_ticket
"Arrange downtime, notify Marketing and create a backup in parallel, then drop an audit entry.",47,"backup_database -> log_audit_event, schedule_maintenance -> backup_database, schedule_maintenance -> send_notification, send_notification -> log_audit_event",schedule_maintenance;send_notification;backup_database;log_audit_event,0->1;0->2;1->3;2->3,diamond,original,train,FALSE,FALSE,schedule_maintenance;send_notification;backup_database;log_audit_event
"Arrange downtime, notify Engineering and create a backup in parallel, then drop an audit entry.",47,"backup_database -> log_audit_event, schedule_maintenance -> backup_database, schedule_maintenance -> send_notification, send_notification -> log_audit_event",schedule_maintenance;send_notification;backup_database;log_audit_event,0->1;0->2;1->3;2->3,diamond,original,train,FALSE,FALSE,schedule_maintenance;send_notification;backup_database;log_audit_event
"Verify ml-infer-05 is down, bounce it while waking up on-call, then file a master ticket.",15,"check_status -> escalate_to_human, check_status -> restart_service, escalate_to_human -> create_ticket, restart_service -> create_ticket",check_status;restart_service;escalate_to_human;create_ticket,0->1;0->2;1->3;2->3,diamond,original,train,FALSE,FALSE,check_status;restart_service;escalate_to_human;create_ticket
"Create the VM, then concurrently register it, send notifications, and log the event.",35,"provision_vm -> db_write, provision_vm -> log_audit_event, provision_vm -> send_notification",provision_vm;db_write;send_notification;log_audit_event,0->1;0->2;0->3,wide_fanout,original,train,FALSE,FALSE,provision_vm;db_write;send_notification;log_audit_event
"Scan ml-infer-05 and then simultaneously quarantine it, alert Engineering, and log the event.",22,"scan_malware -> log_audit_event, scan_malware -> quarantine_system, scan_malware -> send_notification",scan_malware;quarantine_system;send_notification;log_audit_event,0->1;0->2;0->3,wide_fanout,original,train,FALSE,FALSE,scan_malware;quarantine_system;send_notification;log_audit_event
"Check the outage, restart the app and ping a human, then log it all in a ticket.",15,"check_status -> escalate_to_human, check_status -> restart_service, escalate_to_human -> create_ticket, restart_service -> create_ticket",check_status;restart_service;escalate_to_human;create_ticket,0->1;0->2;1->3;2->3,diamond,original,train,FALSE,FALSE,check_status;restart_service;escalate_to_human;create_ticket
"Provision the instance, then in parallel: write to DB, alert the team, and audit.",35,"provision_vm -> db_write, provision_vm -> log_audit_event, provision_vm -> send_notification",provision_vm;db_write;send_notification;log_audit_event,0->1;0->2;0->3,wide_fanout,original,train,FALSE,FALSE,provision_vm;db_write;send_notification;log_audit_event
"Schedule the maintenance, notify Legal and take a backup, then log it all.",47,"backup_database -> log_audit_event, schedule_maintenance -> backup_database, schedule_maintenance -> send_notification, send_notification -> log_audit_event",schedule_maintenance;send_notification;backup_database;log_audit_event,0->1;0->2;1->3;2->3,diamond,original,train,FALSE,FALSE,schedule_maintenance;send_notification;backup_database;log_audit_event
"Provision the instance, then in parallel: write to DB, alert the team, and audit.",35,"provision_vm -> db_write, provision_vm -> log_audit_event, provision_vm -> send_notification",provision_vm;db_write;send_notification;log_audit_event,0->1;0->2;0->3,wide_fanout,original,train,FALSE,FALSE,provision_vm;db_write;send_notification;log_audit_event
"Plan maintenance on prod-web-01, email stakeholders and back up the data, then audit.",47,"backup_database -> log_audit_event, schedule_maintenance -> backup_database, schedule_maintenance -> send_notification, send_notification -> log_audit_event",schedule_maintenance;send_notification;backup_database;log_audit_event,0->1;0->2;1->3;2->3,diamond,original,train,FALSE,FALSE,schedule_maintenance;send_notification;backup_database;log_audit_event
"Deploy the server and fan out to: persist the record, email Legal, and create an audit trail.",35,"provision_vm -> db_write, provision_vm -> log_audit_event, provision_vm -> send_notification",provision_vm;db_write;send_notification;log_audit_event,0->1;0->2;0->3,wide_fanout,original,train,FALSE,FALSE,provision_vm;db_write;send_notification;log_audit_event
"Provision the instance, then in parallel: write to DB, alert the team, and audit.",35,"provision_vm -> db_write, provision_vm -> log_audit_event, provision_vm -> send_notification",provision_vm;db_write;send_notification;log_audit_event,0->1;0->2;0->3,wide_fanout,original,train,FALSE,FALSE,provision_vm;db_write;send_notification;log_audit_event
"Assess prod-web-01, reboot the service and escalate, then open an incident tracking ticket.",15,"check_status -> escalate_to_human, check_status -> restart_service, escalate_to_human -> create_ticket, restart_service -> create_ticket",check_status;restart_service;escalate_to_human;create_ticket,0->1;0->2;1->3;2->3,diamond,original,train,FALSE,FALSE,check_status;restart_service;escalate_to_human;create_ticket
"Sweep payment-api-03 for threats, then concurrently lock it down, email the team, and record it.",22,"scan_malware -> log_audit_event, scan_malware -> quarantine_system, scan_malware -> send_notification",scan_malware;quarantine_system;send_notification;log_audit_event,0->1;0->2;0->3,wide_fanout,original,train,FALSE,FALSE,scan_malware;quarantine_system;send_notification;log_audit_event
"Schedule the maintenance, notify Marketing and take a backup, then log it all.",47,"backup_database -> log_audit_event, schedule_maintenance -> backup_database, schedule_maintenance -> send_notification, send_notification -> log_audit_event",schedule_maintenance;send_notification;backup_database;log_audit_event,0->1;0->2;1->3;2->3,diamond,original,train,FALSE,FALSE,schedule_maintenance;send_notification;backup_database;log_audit_event
"Investigate prod-web-01, then kick off quarantine, notification, and logging all at once.",22,"scan_malware -> log_audit_event, scan_malware -> quarantine_system, scan_malware -> send_notification",scan_malware;quarantine_system;send_notification;log_audit_event,0->1;0->2;0->3,wide_fanout,original,train,FALSE,FALSE,scan_malware;quarantine_system;send_notification;log_audit_event
"Spin up the VM and then simultaneously save the config, notify Marketing, and log it.",35,"provision_vm -> db_write, provision_vm -> log_audit_event, provision_vm -> send_notification",provision_vm;db_write;send_notification;log_audit_event,0->1;0->2;0->3,wide_fanout,original,train,FALSE,FALSE,provision_vm;db_write;send_notification;log_audit_event
"Spin up the VM and then simultaneously save the config, notify HR, and log it.",35,"provision_vm -> db_write, provision_vm -> log_audit_event, provision_vm -> send_notification",provision_vm;db_write;send_notification;log_audit_event,0->1;0->2;0->3,wide_fanout,original,train,FALSE,FALSE,provision_vm;db_write;send_notification;log_audit_event
"Diagnose the crash, try a restart and involve an engineer, then create a Jira.",15,"check_status -> escalate_to_human, check_status -> restart_service, escalate_to_human -> create_ticket, restart_service -> create_ticket",check_status;restart_service;escalate_to_human;create_ticket,0->1;0->2;1->3;2->3,diamond,original,train,FALSE,FALSE,check_status;restart_service;escalate_to_human;create_ticket
"Assess cdn-edge-06, reboot the service and escalate, then open an incident tracking ticket.",15,"check_status -> escalate_to_human, check_status -> restart_service, escalate_to_human -> create_ticket, restart_service -> create_ticket",check_status;restart_service;escalate_to_human;create_ticket,0->1;0->2;1->3;2->3,diamond,original,train,FALSE,FALSE,check_status;restart_service;escalate_to_human;create_ticket
"Monitor the failure, restart the node and escalate, then consolidate into one ticket.",15,"check_status -> escalate_to_human, check_status -> restart_service, escalate_to_human -> create_ticket, restart_service -> create_ticket",check_status;restart_service;escalate_to_human;create_ticket,0->1;0->2;1->3;2->3,diamond,original,train,FALSE,FALSE,check_status;restart_service;escalate_to_human;create_ticket
"Sweep cdn-edge-06 for threats, then concurrently lock it down, email the team, and record it.",22,"scan_malware -> log_audit_event, scan_malware -> quarantine_system, scan_malware -> send_notification",scan_malware;quarantine_system;send_notification;log_audit_event,0->1;0->2;0->3,wide_fanout,original,train,FALSE,FALSE,scan_malware;quarantine_system;send_notification;log_audit_event
"Set up a maintenance window, send a heads-up and dump the database, then log the event.",47,"backup_database -> log_audit_event, schedule_maintenance -> backup_database, schedule_maintenance -> send_notification, send_notification -> log_audit_event",schedule_maintenance;send_notification;backup_database;log_audit_event,0->1;0->2;1->3;2->3,diamond,original,train,FALSE,FALSE,schedule_maintenance;send_notification;backup_database;log_audit_event
"Plan maintenance on staging-db-02, email stakeholders and back up the data, then audit.",47,"backup_database -> log_audit_event, schedule_maintenance -> backup_database, schedule_maintenance -> send_notification, send_notification -> log_audit_event",schedule_maintenance;send_notification;backup_database;log_audit_event,0->1;0->2;1->3;2->3,diamond,original,train,FALSE,FALSE,schedule_maintenance;send_notification;backup_database;log_audit_event
"Schedule the maintenance, notify Finance and take a backup, then log it all.",47,"backup_database -> log_audit_event, schedule_maintenance -> backup_database, schedule_maintenance -> send_notification, send_notification -> log_audit_event",schedule_maintenance;send_notification;backup_database;log_audit_event,0->1;0->2;1->3;2->3,diamond,original,train,FALSE,FALSE,schedule_maintenance;send_notification;backup_database;log_audit_event
"Stand up the machine and kick off DB write, notification, and audit logging all at once.",35,"provision_vm -> db_write, provision_vm -> log_audit_event, provision_vm -> send_notification",provision_vm;db_write;send_notification;log_audit_event,0->1;0->2;0->3,wide_fanout,original,train,FALSE,FALSE,provision_vm;db_write;send_notification;log_audit_event
"Run a security check on cdn-edge-06, then in parallel: isolate, notify, and audit.",22,"scan_malware -> log_audit_event, scan_malware -> quarantine_system, scan_malware -> send_notification",scan_malware;quarantine_system;send_notification;log_audit_event,0->1;0->2;0->3,wide_fanout,original,train,FALSE,FALSE,scan_malware;quarantine_system;send_notification;log_audit_event
"Book downtime for ml-infer-05, alert the team and snapshot the DB, then record for compliance.",47,"backup_database -> log_audit_event, schedule_maintenance -> backup_database, schedule_maintenance -> send_notification, send_notification -> log_audit_event",schedule_maintenance;send_notification;backup_database;log_audit_event,0->1;0->2;1->3;2->3,diamond,original,train,FALSE,FALSE,schedule_maintenance;send_notification;backup_database;log_audit_event
"Run a security check on payment-api-03, then in parallel: isolate, notify, and audit.",22,"scan_malware -> log_audit_event, scan_malware -> quarantine_system, scan_malware -> send_notification",scan_malware;quarantine_system;send_notification;log_audit_event,0->1;0->2;0->3,wide_fanout,original,train,FALSE,FALSE,scan_malware;quarantine_system;send_notification;log_audit_event
"Spin up the VM and then simultaneously save the config, notify Finance, and log it.",35,"provision_vm -> db_write, provision_vm -> log_audit_event, provision_vm -> send_notification",provision_vm;db_write;send_notification;log_audit_event,0->1;0->2;0->3,wide_fanout,original,train,FALSE,FALSE,provision_vm;db_write;send_notification;log_audit_event
"Verify staging-db-02 is down, bounce it while waking up on-call, then file a master ticket.",15,"check_status -> escalate_to_human, check_status -> restart_service, escalate_to_human -> create_ticket, restart_service -> create_ticket",check_status;restart_service;escalate_to_human;create_ticket,0->1;0->2;1->3;2->3,diamond,original,train,FALSE,FALSE,check_status;restart_service;escalate_to_human;create_ticket
"Check the outage, restart the app and ping a human, then log it all in a ticket.",15,"check_status -> escalate_to_human, check_status -> restart_service, escalate_to_human -> create_ticket, restart_service -> create_ticket",check_status;restart_service;escalate_to_human;create_ticket,0->1;0->2;1->3;2->3,diamond,original,train,FALSE,FALSE,check_status;restart_service;escalate_to_human;create_ticket
"Assess prod-web-01, reboot the service and escalate, then open an incident tracking ticket.",15,"check_status -> escalate_to_human, check_status -> restart_service, escalate_to_human -> create_ticket, restart_service -> create_ticket",check_status;restart_service;escalate_to_human;create_ticket,0->1;0->2;1->3;2->3,diamond,original,train,FALSE,FALSE,check_status;restart_service;escalate_to_human;create_ticket
"Deploy the server and fan out to: persist the record, email Finance, and create an audit trail.",35,"provision_vm -> db_write, provision_vm -> log_audit_event, provision_vm -> send_notification",provision_vm;db_write;send_notification;log_audit_event,0->1;0->2;0->3,wide_fanout,original,train,FALSE,FALSE,provision_vm;db_write;send_notification;log_audit_event
"Set up a maintenance window, send a heads-up and dump the database, then log the event.",47,"backup_database -> log_audit_event, schedule_maintenance -> backup_database, schedule_maintenance -> send_notification, send_notification -> log_audit_event",schedule_maintenance;send_notification;backup_database;log_audit_event,0->1;0->2;1->3;2->3,diamond,original,train,FALSE,FALSE,schedule_maintenance;send_notification;backup_database;log_audit_event
"Check the outage, restart the app and ping a human, then log it all in a ticket.",15,"check_status -> escalate_to_human, check_status -> restart_service, escalate_to_human -> create_ticket, restart_service -> create_ticket",check_status;restart_service;escalate_to_human;create_ticket,0->1;0->2;1->3;2->3,diamond,original,train,FALSE,FALSE,check_status;restart_service;escalate_to_human;create_ticket
"Set up a maintenance window, send a heads-up and dump the database, then log the event.",47,"backup_database -> log_audit_event, schedule_maintenance -> backup_database, schedule_maintenance -> send_notification, send_notification -> log_audit_event",schedule_maintenance;send_notification;backup_database;log_audit_event,0->1;0->2;1->3;2->3,diamond,original,train,FALSE,FALSE,schedule_maintenance;send_notification;backup_database;log_audit_event
"Sweep staging-db-02 for threats, then concurrently lock it down, email the team, and record it.",22,"scan_malware -> log_audit_event, scan_malware -> quarantine_system, scan_malware -> send_notification",scan_malware;quarantine_system;send_notification;log_audit_event,0->1;0->2;0->3,wide_fanout,original,train,FALSE,FALSE,scan_malware;quarantine_system;send_notification;log_audit_event
"Create the VM, then concurrently register it, send notifications, and log the event.",35,"provision_vm -> db_write, provision_vm -> log_audit_event, provision_vm -> send_notification",provision_vm;db_write;send_notification;log_audit_event,0->1;0->2;0->3,wide_fanout,original,train,FALSE,FALSE,provision_vm;db_write;send_notification;log_audit_event
"Scan auth-svc-04 and then simultaneously quarantine it, alert HR, and log the event.",22,"scan_malware -> log_audit_event, scan_malware -> quarantine_system, scan_malware -> send_notification",scan_malware;quarantine_system;send_notification;log_audit_event,0->1;0->2;0->3,wide_fanout,original,train,FALSE,FALSE,scan_malware;quarantine_system;send_notification;log_audit_event
"Investigate auth-svc-04, then kick off quarantine, notification, and logging all at once.",22,"scan_malware -> log_audit_event, scan_malware -> quarantine_system, scan_malware -> send_notification",scan_malware;quarantine_system;send_notification;log_audit_event,0->1;0->2;0->3,wide_fanout,original,train,FALSE,FALSE,scan_malware;quarantine_system;send_notification;log_audit_event
"Do a malware scan on cdn-edge-06 and fan out: quarantine, send alerts, and create audit trail.",22,"scan_malware -> log_audit_event, scan_malware -> quarantine_system, scan_malware -> send_notification",scan_malware;quarantine_system;send_notification;log_audit_event,0->1;0->2;0->3,wide_fanout,original,train,FALSE,FALSE,scan_malware;quarantine_system;send_notification;log_audit_event
"Verify ml-infer-05 is down, bounce it while waking up on-call, then file a master ticket.",15,"check_status -> escalate_to_human, check_status -> restart_service, escalate_to_human -> create_ticket, restart_service -> create_ticket",check_status;restart_service;escalate_to_human;create_ticket,0->1;0->2;1->3;2->3,diamond,original,train,FALSE,FALSE,check_status;restart_service;escalate_to_human;create_ticket
"Check the outage, restart the app and ping a human, then log it all in a ticket.",15,"check_status -> escalate_to_human, check_status -> restart_service, escalate_to_human -> create_ticket, restart_service -> create_ticket",check_status;restart_service;escalate_to_human;create_ticket,0->1;0->2;1->3;2->3,diamond,original,train,FALSE,FALSE,check_status;restart_service;escalate_to_human;create_ticket
"Stand up the machine and kick off DB write, notification, and audit logging all at once.",35,"provision_vm -> db_write, provision_vm -> log_audit_event, provision_vm -> send_notification",provision_vm;db_write;send_notification;log_audit_event,0->1;0->2;0->3,wide_fanout,original,train,FALSE,FALSE,provision_vm;db_write;send_notification;log_audit_event
"Book downtime for ml-infer-05, alert the team and snapshot the DB, then record for compliance.",47,"backup_database -> log_audit_event, schedule_maintenance -> backup_database, schedule_maintenance -> send_notification, send_notification -> log_audit_event",schedule_maintenance;send_notification;backup_database;log_audit_event,0->1;0->2;1->3;2->3,diamond,original,train,FALSE,FALSE,schedule_maintenance;send_notification;backup_database;log_audit_event
"Monitor the failure, restart the node and escalate, then consolidate into one ticket.",15,"check_status -> escalate_to_human, check_status -> restart_service, escalate_to_human -> create_ticket, restart_service -> create_ticket",check_status;restart_service;escalate_to_human;create_ticket,0->1;0->2;1->3;2->3,diamond,original,train,FALSE,FALSE,check_status;restart_service;escalate_to_human;create_ticket
"Scan ml-infer-05 and then simultaneously quarantine it, alert Engineering, and log the event.",22,"scan_malware -> log_audit_event, scan_malware -> quarantine_system, scan_malware -> send_notification",scan_malware;quarantine_system;send_notification;log_audit_event,0->1;0->2;0->3,wide_fanout,original,train,FALSE,FALSE,scan_malware;quarantine_system;send_notification;log_audit_event
"Sweep payment-api-03 for threats, then concurrently lock it down, email the team, and record it.",22,"scan_malware -> log_audit_event, scan_malware -> quarantine_system, scan_malware -> send_notification",scan_malware;quarantine_system;send_notification;log_audit_event,0->1;0->2;0->3,wide_fanout,original,train,FALSE,FALSE,scan_malware;quarantine_system;send_notification;log_audit_event
"Book downtime for payment-api-03, alert the team and snapshot the DB, then record for compliance.",47,"backup_database -> log_audit_event, schedule_maintenance -> backup_database, schedule_maintenance -> send_notification, send_notification -> log_audit_event",schedule_maintenance;send_notification;backup_database;log_audit_event,0->1;0->2;1->3;2->3,diamond,original,train,FALSE,FALSE,schedule_maintenance;send_notification;backup_database;log_audit_event
"Book downtime for staging-db-02, alert the team and snapshot the DB, then record for compliance.",47,"backup_database -> log_audit_event, schedule_maintenance -> backup_database, schedule_maintenance -> send_notification, send_notification -> log_audit_event",schedule_maintenance;send_notification;backup_database;log_audit_event,0->1;0->2;1->3;2->3,diamond,original,train,FALSE,FALSE,schedule_maintenance;send_notification;backup_database;log_audit_event
"Deploy the server and fan out to: persist the record, email HR, and create an audit trail.",35,"provision_vm -> db_write, provision_vm -> log_audit_event, provision_vm -> send_notification",provision_vm;db_write;send_notification;log_audit_event,0->1;0->2;0->3,wide_fanout,original,train,FALSE,FALSE,provision_vm;db_write;send_notification;log_audit_event
"Plan maintenance on cdn-edge-06, email stakeholders and back up the data, then audit.",47,"backup_database -> log_audit_event, schedule_maintenance -> backup_database, schedule_maintenance -> send_notification, send_notification -> log_audit_event",schedule_maintenance;send_notification;backup_database;log_audit_event,0->1;0->2;1->3;2->3,diamond,original,train,FALSE,FALSE,schedule_maintenance;send_notification;backup_database;log_audit_event
"Deploy the server and fan out to: persist the record, email Legal, and create an audit trail.",35,"provision_vm -> db_write, provision_vm -> log_audit_event, provision_vm -> send_notification",provision_vm;db_write;send_notification;log_audit_event,0->1;0->2;0->3,wide_fanout,original,train,FALSE,FALSE,provision_vm;db_write;send_notification;log_audit_event
"Diagnose the crash, try a restart and involve an engineer, then create a Jira.",15,"check_status -> escalate_to_human, check_status -> restart_service, escalate_to_human -> create_ticket, restart_service -> create_ticket",check_status;restart_service;escalate_to_human;create_ticket,0->1;0->2;1->3;2->3,diamond,original,train,FALSE,FALSE,check_status;restart_service;escalate_to_human;create_ticket
"Monitor the failure, restart the node and escalate, then consolidate into one ticket.",15,"check_status -> escalate_to_human, check_status -> restart_service, escalate_to_human -> create_ticket, restart_service -> create_ticket",check_status;restart_service;escalate_to_human;create_ticket,0->1;0->2;1->3;2->3,diamond,original,train,FALSE,FALSE,check_status;restart_service;escalate_to_human;create_ticket
"Run a security check on payment-api-03, then in parallel: isolate, notify, and audit.",22,"scan_malware -> log_audit_event, scan_malware -> quarantine_system, scan_malware -> send_notification",scan_malware;quarantine_system;send_notification;log_audit_event,0->1;0->2;0->3,wide_fanout,original,train,FALSE,FALSE,scan_malware;quarantine_system;send_notification;log_audit_event
"Charlie reported an issue — kill the feature toggle for Engineering, then refresh the API token for Marketing — in parallel, reset Eve's password and create a DB backup for Legal.",10002,"disable_feature_flag -> rotate_api_key, rotate_api_key -> backup_database, rotate_api_key -> reset_password",disable_feature_flag;rotate_api_key;reset_password;backup_database,0->1;1->2;1->3,inverted_y,generated,train,FALSE,FALSE,disable_feature_flag;rotate_api_key;reset_password;backup_database
"Quick one — kill the feature toggle for Marketing — then issue a new secret for auth-svc-04 — in parallel, change Alice's auth credentials and save a backup of HR's data.",10002,"disable_feature_flag -> rotate_api_key, rotate_api_key -> backup_database, rotate_api_key -> reset_password",disable_feature_flag;rotate_api_key;reset_password;backup_database,0->1;1->2;1->3,inverted_y,generated,train,FALSE,FALSE,disable_feature_flag;rotate_api_key;reset_password;backup_database
"ASAP — disable the flag on auth-svc-04, then swap out staging-db-02's credentials and simultaneously reset Alice's password and snapshot the database for auth-svc-04.",10002,"disable_feature_flag -> rotate_api_key, rotate_api_key -> backup_database, rotate_api_key -> reset_password",disable_feature_flag;rotate_api_key;reset_password;backup_database,0->1;1->2;1->3,inverted_y,generated,train,FALSE,FALSE,disable_feature_flag;rotate_api_key;reset_password;backup_database
"Per Alice's request, deactivate the feature flag on cdn-edge-06, and then generate a new API key for payment-api-03 and concurrently nuke Frank's old login and issue a fresh one and back up the database for Engineering.",10002,"disable_feature_flag -> rotate_api_key, rotate_api_key -> backup_database, rotate_api_key -> reset_password",disable_feature_flag;rotate_api_key;reset_password;backup_database,0->1;1->2;1->3,inverted_y,generated,train,FALSE,FALSE,disable_feature_flag;rotate_api_key;reset_password;backup_database
"I need you to create a ticket about the Marketing issue and reset Grace's password. After those finish, check if prod-web-01 is up and simultaneously reboot prod-web-01 and turn on the feature flag for Engineering.",10008,"check_status -> enable_feature_flag, check_status -> restart_service, create_ticket -> check_status, reset_password -> check_status",create_ticket;reset_password;check_status;restart_service;enable_feature_flag,0->2;1->2;2->3;2->4,hourglass,generated,train,FALSE,FALSE,create_ticket;reset_password;check_status;restart_service;enable_feature_flag
"When you get a chance, spin up a tracking ticket for Eve and force a credential change for Frank, merge everything and ping prod-web-01 for a health check and simultaneously give cdn-edge-06 a kick and light up the feature for cdn-edge-06.",10008,"check_status -> enable_feature_flag, check_status -> restart_service, create_ticket -> check_status, reset_password -> check_status",create_ticket;reset_password;check_status;restart_service;enable_feature_flag,0->2;1->2;2->3;2->4,hourglass,generated,train,FALSE,FALSE,create_ticket;reset_password;check_status;restart_service;enable_feature_flag
"Bob reported an issue — file an incident report about ml-infer-05 and force a credential change for Alice. When all of that's complete, diagnose staging-db-02 and at the same time restart the service on cdn-edge-06 and light up the feature for auth-svc-04.",10008,"check_status -> enable_feature_flag, check_status -> restart_service, create_ticket -> check_status, reset_password -> check_status",create_ticket;reset_password;check_status;restart_service;enable_feature_flag,0->2;1->2;2->3;2->4,hourglass,generated,train,FALSE,FALSE,create_ticket;reset_password;check_status;restart_service;enable_feature_flag
"We gotta open a ticket for Grace and give Frank a new password. When all of that's complete, diagnose auth-svc-04 and simultaneously give payment-api-03 a kick and activate the feature flag on prod-web-01.",10008,"check_status -> enable_feature_flag, check_status -> restart_service, create_ticket -> check_status, reset_password -> check_status",create_ticket;reset_password;check_status;restart_service;enable_feature_flag,0->2;1->2;2->3;2->4,hourglass,generated,train,FALSE,FALSE,create_ticket;reset_password;check_status;restart_service;enable_feature_flag
"From HR: restore the DB snapshot for Legal and give Eve their money back. After those finish, book a maintenance window for auth-svc-04, and while you're at it, write the new data for #20891 back and pull Frank's credentials for auth-svc-04.",10009,"process_refund -> schedule_maintenance, restore_backup -> schedule_maintenance, schedule_maintenance -> db_write, schedule_maintenance -> revoke_access",restore_backup;process_refund;schedule_maintenance;db_write;revoke_access,0->2;1->2;2->3;2->4,hourglass,generated,train,FALSE,FALSE,restore_backup;process_refund;schedule_maintenance;db_write;revoke_access
"Urgent: pull cdn-edge-06 back from the last good backup and push the refund through for #60122. When all of that's complete, plan maintenance on payment-api-03 for Legal and at the same time store the Engineering config in the database and pull Bob's credentials for auth-svc-04.",10009,"process_refund -> schedule_maintenance, restore_backup -> schedule_maintenance, schedule_maintenance -> db_write, schedule_maintenance -> revoke_access",restore_backup;process_refund;schedule_maintenance;db_write;revoke_access,0->2;1->2;2->3;2->4,hourglass,generated,train,FALSE,FALSE,restore_backup;process_refund;schedule_maintenance;db_write;revoke_access
"We gotta restore auth-svc-04 from the latest backup and reverse the charge on #10234. After those finish, set up downtime for payment-api-03 while also update Diana's record in the DB and remove Charlie from Marketing's access list.",10009,"process_refund -> schedule_maintenance, restore_backup -> schedule_maintenance, schedule_maintenance -> db_write, schedule_maintenance -> revoke_access",restore_backup;process_refund;schedule_maintenance;db_write;revoke_access,0->2;1->2;2->3;2->4,hourglass,generated,train,FALSE,FALSE,restore_backup;process_refund;schedule_maintenance;db_write;revoke_access
"Quick one — restore ml-infer-05 from the latest backup and give Charlie their money back, merge everything and plan maintenance on staging-db-02 for Finance, and while you're at it, persist Frank's data to the database and strip Frank's access to Finance.",10009,"process_refund -> schedule_maintenance, restore_backup -> schedule_maintenance, schedule_maintenance -> db_write, schedule_maintenance -> revoke_access",restore_backup;process_refund;schedule_maintenance;db_write;revoke_access,0->2;1->2;2->3;2->4,hourglass,generated,train,FALSE,FALSE,restore_backup;process_refund;schedule_maintenance;db_write;revoke_access
"The Finance team needs us to snapshot the database for payment-api-03 and run a malware sweep on auth-svc-04. After those finish, authorize Frank for staging-db-02 and concurrently nuke Alice's old login and issue a fresh one and write the new data for #53698 back.",10012,"approve_access -> db_write, approve_access -> reset_password, backup_database -> approve_access, scan_malware -> approve_access",backup_database;scan_malware;approve_access;reset_password;db_write,0->2;1->2;2->3;2->4,hourglass,generated,train,FALSE,FALSE,backup_database;scan_malware;approve_access;reset_password;db_write
"Per Eve's request, take a snapshot of ml-infer-05's DB and scan ml-infer-05 for threats, then converge and authorize Bob for auth-svc-04 while also give Bob a new password and store the HR config in the database.",10012,"approve_access -> db_write, approve_access -> reset_password, backup_database -> approve_access, scan_malware -> approve_access",backup_database;scan_malware;approve_access;reset_password;db_write,0->2;1->2;2->3;2->4,hourglass,generated,train,FALSE,FALSE,backup_database;scan_malware;approve_access;reset_password;db_write
"Urgent: save a backup of Legal's data and check cdn-edge-06 for vulnerabilities. When all of that's complete, give Bob access to Engineering's resources and concurrently reset Eve's password and store the Engineering config in the database.",10012,"approve_access -> db_write, approve_access -> reset_password, backup_database -> approve_access, scan_malware -> approve_access",backup_database;scan_malware;approve_access;reset_password;db_write,0->2;1->2;2->3;2->4,hourglass,generated,train,FALSE,FALSE,backup_database;scan_malware;approve_access;reset_password;db_write
"When you get a chance, create a DB backup for Marketing and do a security check on payment-api-03, then converge and sign off on Diana's permission request and at the same time give Eve a new password and persist Charlie's data to the database.",10012,"approve_access -> db_write, approve_access -> reset_password, backup_database -> approve_access, scan_malware -> approve_access",backup_database;scan_malware;approve_access;reset_password;db_write,0->2;1->2;2->3;2->4,hourglass,generated,train,FALSE,FALSE,backup_database;scan_malware;approve_access;reset_password;db_write
"Time to archive Alice's old records and hand auth-svc-04 over to HR. Once both are done, write the new data for #20891 back — in parallel, whip up a report for Finance and arrange a maintenance slot for prod-web-01.",10020,"archive_data -> db_write, db_write -> generate_report, db_write -> schedule_maintenance, transfer_ownership -> db_write",archive_data;transfer_ownership;db_write;generate_report;schedule_maintenance,0->2;1->2;2->3;2->4,hourglass,generated,train,FALSE,FALSE,archive_data;transfer_ownership;db_write;generate_report;schedule_maintenance
"Shelve Finance's outdated data and pass cdn-edge-06 to Alice, then converge and persist Diana's data to the database while also whip up a report for Engineering and set up downtime for ml-infer-05.",10020,"archive_data -> db_write, db_write -> generate_report, db_write -> schedule_maintenance, transfer_ownership -> db_write",archive_data;transfer_ownership;db_write;generate_report;schedule_maintenance,0->2;1->2;2->3;2->4,hourglass,generated,train,FALSE,FALSE,archive_data;transfer_ownership;db_write;generate_report;schedule_maintenance
"We gotta archive Charlie's old records and hand payment-api-03 over to Finance. When all of that's complete, store the Engineering config in the database and at the same time build a compliance doc for Finance and set up downtime for ml-infer-05.",10020,"archive_data -> db_write, db_write -> generate_report, db_write -> schedule_maintenance, transfer_ownership -> db_write",archive_data;transfer_ownership;db_write;generate_report;schedule_maintenance,0->2;1->2;2->3;2->4,hourglass,generated,train,FALSE,FALSE,archive_data;transfer_ownership;db_write;generate_report;schedule_maintenance
"The Finance team needs us to put Legal's historical data into the archive and move auth-svc-04's ownership to Marketing. When all of that's complete, update Grace's record in the DB and concurrently produce the Legal performance summary and schedule maintenance for payment-api-03.",10020,"archive_data -> db_write, db_write -> generate_report, db_write -> schedule_maintenance, transfer_ownership -> db_write",archive_data;transfer_ownership;db_write;generate_report;schedule_maintenance,0->2;1->2;2->3;2->4,hourglass,generated,train,FALSE,FALSE,archive_data;transfer_ownership;db_write;generate_report;schedule_maintenance
Grace is asking us to refresh the API token for Marketing — then refund Eve while also disable Alice's account on cdn-edge-06 and create a DB backup for HR.,10024,"process_refund -> backup_database, process_refund -> revoke_access, rotate_api_key -> process_refund",rotate_api_key;process_refund;revoke_access;backup_database,0->1;1->2;1->3,inverted_y,generated,train,FALSE,FALSE,rotate_api_key;process_refund;revoke_access;backup_database
"Generate a new API key for payment-api-03, then push the refund through for #20891, and while you're at it, pull Bob's credentials for payment-api-03 and dump the database on auth-svc-04.",10024,"process_refund -> backup_database, process_refund -> revoke_access, rotate_api_key -> process_refund",rotate_api_key;process_refund;revoke_access;backup_database,0->1;1->2;1->3,inverted_y,generated,train,FALSE,FALSE,rotate_api_key;process_refund;revoke_access;backup_database
"Per Diana's request, rotate the API key for cdn-edge-06 — then process the payout for Charlie, and while you're at it, remove Alice from HR's access list and snapshot the database for prod-web-01.",10024,"process_refund -> backup_database, process_refund -> revoke_access, rotate_api_key -> process_refund",rotate_api_key;process_refund;revoke_access;backup_database,0->1;1->2;1->3,inverted_y,generated,train,FALSE,FALSE,rotate_api_key;process_refund;revoke_access;backup_database
"Rotate the API key for auth-svc-04, and then give Charlie their money back, and while you're at it, remove Frank from Engineering's access list and back up the database for Marketing.",10024,"process_refund -> backup_database, process_refund -> revoke_access, rotate_api_key -> process_refund",rotate_api_key;process_refund;revoke_access;backup_database,0->1;1->2;1->3,inverted_y,generated,train,FALSE,FALSE,rotate_api_key;process_refund;revoke_access;backup_database
"Hey, can you reverse the charge on #42017. After that, back out the deployment on cdn-edge-06 and concurrently move auth-svc-04's ownership to Engineering and lock down payment-api-03.",10033,"process_refund -> rollback_deployment, rollback_deployment -> quarantine_system, rollback_deployment -> transfer_ownership",process_refund;rollback_deployment;transfer_ownership;quarantine_system,0->1;1->2;1->3,inverted_y,generated,train,FALSE,FALSE,process_refund;rollback_deployment;transfer_ownership;quarantine_system
"Give Charlie their money back, and then roll back the last deploy on cdn-edge-06, and while you're at it, transfer ownership of prod-web-01 to Eve and yank prod-web-01 off the network.",10033,"process_refund -> rollback_deployment, rollback_deployment -> quarantine_system, rollback_deployment -> transfer_ownership",process_refund;rollback_deployment;transfer_ownership;quarantine_system,0->1;1->2;1->3,inverted_y,generated,train,FALSE,FALSE,process_refund;rollback_deployment;transfer_ownership;quarantine_system
"Quick one — push the refund through for #60122, followed by roll back the last deploy on payment-api-03 while also pass staging-db-02 to Bob and isolate cdn-edge-06.",10033,"process_refund -> rollback_deployment, rollback_deployment -> quarantine_system, rollback_deployment -> transfer_ownership",process_refund;rollback_deployment;transfer_ownership;quarantine_system,0->1;1->2;1->3,inverted_y,generated,train,FALSE,FALSE,process_refund;rollback_deployment;transfer_ownership;quarantine_system
Do me a favor and credit Charlie's account — then roll ml-infer-05 back to the last stable release and concurrently transfer ownership of prod-web-01 to Alice and disconnect prod-web-01 from everything.,10033,"process_refund -> rollback_deployment, rollback_deployment -> quarantine_system, rollback_deployment -> transfer_ownership",process_refund;rollback_deployment;transfer_ownership;quarantine_system,0->1;1->2;1->3,inverted_y,generated,train,FALSE,FALSE,process_refund;rollback_deployment;transfer_ownership;quarantine_system
"Quick one — disable the flag on auth-svc-04 and put HR's historical data into the archive, then converge and book a maintenance window for staging-db-02 and at the same time downgrade Bob's account and put together a report on auth-svc-04.",10037,"archive_data -> schedule_maintenance, disable_feature_flag -> schedule_maintenance, schedule_maintenance -> generate_report, schedule_maintenance -> update_subscription",disable_feature_flag;archive_data;schedule_maintenance;update_subscription;generate_report,0->2;1->2;2->3;2->4,hourglass,generated,train,FALSE,FALSE,disable_feature_flag;archive_data;schedule_maintenance;update_subscription;generate_report
"The Engineering team needs us to deactivate the feature flag on payment-api-03 and archive Alice's old records. After those finish, set up downtime for auth-svc-04 while also adjust the billing tier for Eve and generate the Marketing analytics.",10037,"archive_data -> schedule_maintenance, disable_feature_flag -> schedule_maintenance, schedule_maintenance -> generate_report, schedule_maintenance -> update_subscription",disable_feature_flag;archive_data;schedule_maintenance;update_subscription;generate_report,0->2;1->2;2->3;2->4,hourglass,generated,train,FALSE,FALSE,disable_feature_flag;archive_data;schedule_maintenance;update_subscription;generate_report
"Per Charlie's request, kill the feature toggle for Finance and archive Bob's old records. When all of that's complete, set up downtime for staging-db-02 and concurrently adjust the billing tier for Grace and put together a report on cdn-edge-06.",10037,"archive_data -> schedule_maintenance, disable_feature_flag -> schedule_maintenance, schedule_maintenance -> generate_report, schedule_maintenance -> update_subscription",disable_feature_flag;archive_data;schedule_maintenance;update_subscription;generate_report,0->2;1->2;2->3;2->4,hourglass,generated,train,FALSE,FALSE,disable_feature_flag;archive_data;schedule_maintenance;update_subscription;generate_report
"I need you to deactivate the feature flag on payment-api-03 and put Engineering's historical data into the archive, then converge and queue a maintenance window for Marketing — in parallel, downgrade Bob's account and compile a summary for Marketing.",10037,"archive_data -> schedule_maintenance, disable_feature_flag -> schedule_maintenance, schedule_maintenance -> generate_report, schedule_maintenance -> update_subscription",disable_feature_flag;archive_data;schedule_maintenance;update_subscription;generate_report,0->2;1->2;2->3;2->4,hourglass,generated,train,FALSE,FALSE,disable_feature_flag;archive_data;schedule_maintenance;update_subscription;generate_report
"Do me a favor and run a malware sweep on auth-svc-04, then give Alice access to HR's resources — in parallel, downgrade Grace's account and diagnose auth-svc-04.",10043,"approve_access -> check_status, approve_access -> update_subscription, scan_malware -> approve_access",scan_malware;approve_access;update_subscription;check_status,0->1;1->2;1->3,inverted_y,generated,train,FALSE,FALSE,scan_malware;approve_access;update_subscription;check_status
"For the Legal team, scan auth-svc-04 for threats, and then authorize Charlie for staging-db-02 while also downgrade Alice's account and see what's going on with ml-infer-05.",10043,"approve_access -> check_status, approve_access -> update_subscription, scan_malware -> approve_access",scan_malware;approve_access;update_subscription;check_status,0->1;1->2;1->3,inverted_y,generated,train,FALSE,FALSE,scan_malware;approve_access;update_subscription;check_status
"Hey, can you check ml-infer-05 for vulnerabilities, and then give Grace access to Finance's resources, and while you're at it, update Charlie's subscription and verify staging-db-02's health.",10043,"approve_access -> check_status, approve_access -> update_subscription, scan_malware -> approve_access",scan_malware;approve_access;update_subscription;check_status,0->1;1->2;1->3,inverted_y,generated,train,FALSE,FALSE,scan_malware;approve_access;update_subscription;check_status
"The Engineering team needs us to scan cdn-edge-06 for threats. Once that's done, give Grace access to Finance's resources, and while you're at it, adjust the billing tier for Grace and check if auth-svc-04 is up.",10043,"approve_access -> check_status, approve_access -> update_subscription, scan_malware -> approve_access",scan_malware;approve_access;update_subscription;check_status,0->1;1->2;1->3,inverted_y,generated,train,FALSE,FALSE,scan_malware;approve_access;update_subscription;check_status
"Time to store the Legal config in the database. Once that's done, execute the build pipeline for cdn-edge-06 while also scale up prod-web-01 and create a support case for HR.",10053,"db_write -> run_pipeline, run_pipeline -> create_ticket, run_pipeline -> scale_service",db_write;run_pipeline;scale_service;create_ticket,0->1;1->2;1->3,inverted_y,generated,train,FALSE,FALSE,db_write;run_pipeline;scale_service;create_ticket
"Urgent: persist Grace's data to the database. Once that's done, trigger a build for cdn-edge-06 — in parallel, scale cdn-edge-06 down to save costs and file an incident report about staging-db-02.",10053,"db_write -> run_pipeline, run_pipeline -> create_ticket, run_pipeline -> scale_service",db_write;run_pipeline;scale_service;create_ticket,0->1;1->2;1->3,inverted_y,generated,train,FALSE,FALSE,db_write;run_pipeline;scale_service;create_ticket
"Quick one — store the Finance config in the database. Next, execute the build pipeline for staging-db-02 and concurrently add more replicas for staging-db-02 and log a Jira for Frank's issue.",10053,"db_write -> run_pipeline, run_pipeline -> create_ticket, run_pipeline -> scale_service",db_write;run_pipeline;scale_service;create_ticket,0->1;1->2;1->3,inverted_y,generated,train,FALSE,FALSE,db_write;run_pipeline;scale_service;create_ticket
ASAP — store the Legal config in the database — then start the CI job for staging-db-02 and at the same time scale up prod-web-01 and spin up a tracking ticket for Diana.,10053,"db_write -> run_pipeline, run_pipeline -> create_ticket, run_pipeline -> scale_service",db_write;run_pipeline;scale_service;create_ticket,0->1;1->2;1->3,inverted_y,generated,train,FALSE,FALSE,db_write;run_pipeline;scale_service;create_ticket
"Quick one — resize ml-infer-05's resources, and while you're at it, swap out auth-svc-04's credentials and cold-store the old records for Frank, then converge and read Diana's profile from the database.",10058,"archive_data -> db_read, rotate_api_key -> db_read, scale_service -> archive_data, scale_service -> rotate_api_key",scale_service;rotate_api_key;archive_data;db_read,0->1;0->2;1->3;2->3,diamond,generated,train,FALSE,FALSE,scale_service;rotate_api_key;archive_data;db_read
"For the HR team, resize cdn-edge-06's resources — in parallel, generate a new API key for prod-web-01 and put Marketing's historical data into the archive, merge everything and grab Eve's account details.",10058,"archive_data -> db_read, rotate_api_key -> db_read, scale_service -> archive_data, scale_service -> rotate_api_key",scale_service;rotate_api_key;archive_data;db_read,0->1;0->2;1->3;2->3,diamond,generated,train,FALSE,FALSE,scale_service;rotate_api_key;archive_data;db_read
"The HR team needs us to scale staging-db-02 down to save costs — in parallel, refresh the API token for Legal and shelve Marketing's outdated data. After those finish, read Diana's profile from the database.",10058,"archive_data -> db_read, rotate_api_key -> db_read, scale_service -> archive_data, scale_service -> rotate_api_key",scale_service;rotate_api_key;archive_data;db_read,0->1;0->2;1->3;2->3,diamond,generated,train,FALSE,FALSE,scale_service;rotate_api_key;archive_data;db_read
"Quick one — scale up ml-infer-05, and while you're at it, cycle the secret for Legal's service and move Finance's stale data to cold storage. When all of that's complete, check the DB for Diana.",10058,"archive_data -> db_read, rotate_api_key -> db_read, scale_service -> archive_data, scale_service -> rotate_api_key",scale_service;rotate_api_key;archive_data;db_read,0->1;0->2;1->3;2->3,diamond,generated,train,FALSE,FALSE,scale_service;rotate_api_key;archive_data;db_read
"Time to isolate prod-web-01 — in parallel, assess staging-db-02's status and look up the records for #42017. After those finish, credit Alice's account.",10061,"check_status -> process_refund, db_read -> process_refund, quarantine_system -> check_status, quarantine_system -> db_read",quarantine_system;check_status;db_read;process_refund,0->1;0->2;1->3;2->3,diamond,generated,train,FALSE,FALSE,quarantine_system;check_status;db_read;process_refund
"For the Finance team, disconnect cdn-edge-06 from everything and concurrently see what's going on with cdn-edge-06 and check the DB for Bob. Once both are done, credit Diana's account.",10061,"check_status -> process_refund, db_read -> process_refund, quarantine_system -> check_status, quarantine_system -> db_read",quarantine_system;check_status;db_read;process_refund,0->1;0->2;1->3;2->3,diamond,generated,train,FALSE,FALSE,quarantine_system;check_status;db_read;process_refund
"Frank reported an issue — lock down staging-db-02 and concurrently check if staging-db-02 is up and look up the records for #53698. Once both are done, refund Charlie.",10061,"check_status -> process_refund, db_read -> process_refund, quarantine_system -> check_status, quarantine_system -> db_read",quarantine_system;check_status;db_read;process_refund,0->1;0->2;1->3;2->3,diamond,generated,train,FALSE,FALSE,quarantine_system;check_status;db_read;process_refund
"Eve is asking us to lock down prod-web-01 and concurrently check if payment-api-03 is up and check the DB for Eve, then converge and credit Grace's account.",10061,"check_status -> process_refund, db_read -> process_refund, quarantine_system -> check_status, quarantine_system -> db_read",quarantine_system;check_status;db_read;process_refund,0->1;0->2;1->3;2->3,diamond,generated,train,FALSE,FALSE,quarantine_system;check_status;db_read;process_refund
I need you to generate a new API key for ml-infer-05 — then persist Charlie's data to the database while also strip Bob's access to Engineering and launch an instance for Finance.,10065,"db_write -> provision_vm, db_write -> revoke_access, rotate_api_key -> db_write",rotate_api_key;db_write;revoke_access;provision_vm,0->1;1->2;1->3,inverted_y,generated,train,FALSE,FALSE,rotate_api_key;db_write;revoke_access;provision_vm
"Quick one — issue a new secret for payment-api-03, and then update Grace's record in the DB and at the same time cut off Frank's permissions and spin up a VM for Finance.",10065,"db_write -> provision_vm, db_write -> revoke_access, rotate_api_key -> db_write",rotate_api_key;db_write;revoke_access;provision_vm,0->1;1->2;1->3,inverted_y,generated,train,FALSE,FALSE,rotate_api_key;db_write;revoke_access;provision_vm
"Hey, can you refresh the API token for Finance. Once that's done, save the changes for Alice to the DB and simultaneously pull Grace's credentials for prod-web-01 and stand up a new box for Marketing.",10065,"db_write -> provision_vm, db_write -> revoke_access, rotate_api_key -> db_write",rotate_api_key;db_write;revoke_access;provision_vm,0->1;1->2;1->3,inverted_y,generated,train,FALSE,FALSE,rotate_api_key;db_write;revoke_access;provision_vm
"The Engineering team needs us to swap out auth-svc-04's credentials. Once that's done, persist Eve's data to the database, and while you're at it, revoke Alice's access to ml-infer-05 and spin up a VM for Engineering.",10065,"db_write -> provision_vm, db_write -> revoke_access, rotate_api_key -> db_write",rotate_api_key;db_write;revoke_access;provision_vm,0->1;1->2;1->3,inverted_y,generated,train,FALSE,FALSE,rotate_api_key;db_write;revoke_access;provision_vm
"Ticket INC-1198 says produce the Marketing performance summary and reverse the charge on #60122, then converge and see what's going on with auth-svc-04 and simultaneously blast an alert to Finance and kick off the CI/CD pipeline for Engineering.",10072,"check_status -> run_pipeline, check_status -> send_notification, generate_report -> check_status, process_refund -> check_status",generate_report;process_refund;check_status;send_notification;run_pipeline,0->2;1->2;2->3;2->4,hourglass,generated,train,FALSE,FALSE,generate_report;process_refund;check_status;send_notification;run_pipeline
"When you get a chance, compile a summary for Marketing and give Eve their money back. When all of that's complete, diagnose prod-web-01 while also notify the HR team and kick off the CI/CD pipeline for Engineering.",10072,"check_status -> run_pipeline, check_status -> send_notification, generate_report -> check_status, process_refund -> check_status",generate_report;process_refund;check_status;send_notification;run_pipeline,0->2;1->2;2->3;2->4,hourglass,generated,train,FALSE,FALSE,generate_report;process_refund;check_status;send_notification;run_pipeline
"I need you to whip up a report for Legal and process the payout for Frank, merge everything and assess auth-svc-04's status, and while you're at it, shoot Frank an email and kick off the CI/CD pipeline for Finance.",10072,"check_status -> run_pipeline, check_status -> send_notification, generate_report -> check_status, process_refund -> check_status",generate_report;process_refund;check_status;send_notification;run_pipeline,0->2;1->2;2->3;2->4,hourglass,generated,train,FALSE,FALSE,generate_report;process_refund;check_status;send_notification;run_pipeline
"Alice is asking us to whip up a report for Engineering and refund Eve. Once both are done, assess auth-svc-04's status and concurrently blast an alert to Engineering and run the deployment pipeline for Engineering.",10072,"check_status -> run_pipeline, check_status -> send_notification, generate_report -> check_status, process_refund -> check_status",generate_report;process_refund;check_status;send_notification;run_pipeline,0->2;1->2;2->3;2->4,hourglass,generated,train,FALSE,FALSE,generate_report;process_refund;check_status;send_notification;run_pipeline
"The HR team needs us to turn off the feature flag for HR and change Alice's auth credentials, merge everything and build a compliance doc for Finance and concurrently cycle auth-svc-04 and modify Frank's subscription.",10076,"disable_feature_flag -> generate_report, generate_report -> restart_service, generate_report -> update_subscription, reset_password -> generate_report",disable_feature_flag;reset_password;generate_report;restart_service;update_subscription,0->2;1->2;2->3;2->4,hourglass,generated,train,FALSE,FALSE,disable_feature_flag;reset_password;generate_report;restart_service;update_subscription
"We gotta disable the flag on staging-db-02 and force a credential change for Charlie. Once both are done, generate the Finance analytics, and while you're at it, reboot staging-db-02 and modify Eve's subscription.",10076,"disable_feature_flag -> generate_report, generate_report -> restart_service, generate_report -> update_subscription, reset_password -> generate_report",disable_feature_flag;reset_password;generate_report;restart_service;update_subscription,0->2;1->2;2->3;2->4,hourglass,generated,train,FALSE,FALSE,disable_feature_flag;reset_password;generate_report;restart_service;update_subscription
"Time to disable the flag on ml-infer-05 and nuke Grace's old login and issue a fresh one. After those finish, produce the Engineering performance summary and concurrently restart the main process on staging-db-02 and switch Charlie to the new plan.",10076,"disable_feature_flag -> generate_report, generate_report -> restart_service, generate_report -> update_subscription, reset_password -> generate_report",disable_feature_flag;reset_password;generate_report;restart_service;update_subscription,0->2;1->2;2->3;2->4,hourglass,generated,train,FALSE,FALSE,disable_feature_flag;reset_password;generate_report;restart_service;update_subscription
"I need you to switch off the flag for HR and change Frank's auth credentials. When all of that's complete, compile a summary for HR and concurrently reboot payment-api-03 and switch Bob to the new plan.",10076,"disable_feature_flag -> generate_report, generate_report -> restart_service, generate_report -> update_subscription, reset_password -> generate_report",disable_feature_flag;reset_password;generate_report;restart_service;update_subscription,0->2;1->2;2->3;2->4,hourglass,generated,train,FALSE,FALSE,disable_feature_flag;reset_password;generate_report;restart_service;update_subscription
"Bob reported an issue — scan prod-web-01 for threats and run the deployment pipeline for Legal. Once both are done, scale up cdn-edge-06 — in parallel, light up the feature for ml-infer-05 and process the payout for Charlie.",10082,"run_pipeline -> scale_service, scale_service -> enable_feature_flag, scale_service -> process_refund, scan_malware -> scale_service",scan_malware;run_pipeline;scale_service;enable_feature_flag;process_refund,0->2;1->2;2->3;2->4,hourglass,generated,train,FALSE,FALSE,scan_malware;run_pipeline;scale_service;enable_feature_flag;process_refund
"When you get a chance, sweep prod-web-01 for IOCs and kick off the CI/CD pipeline for Engineering, then converge and add more replicas for auth-svc-04 and simultaneously enable the flag for auth-svc-04 and refund Frank.",10082,"run_pipeline -> scale_service, scale_service -> enable_feature_flag, scale_service -> process_refund, scan_malware -> scale_service",scan_malware;run_pipeline;scale_service;enable_feature_flag;process_refund,0->2;1->2;2->3;2->4,hourglass,generated,train,FALSE,FALSE,scan_malware;run_pipeline;scale_service;enable_feature_flag;process_refund
"Bob reported an issue — check prod-web-01 for vulnerabilities and run the deployment pipeline for Engineering, then converge and scale up auth-svc-04 and at the same time enable the flag for ml-infer-05 and refund Bob.",10082,"run_pipeline -> scale_service, scale_service -> enable_feature_flag, scale_service -> process_refund, scan_malware -> scale_service",scan_malware;run_pipeline;scale_service;enable_feature_flag;process_refund,0->2;1->2;2->3;2->4,hourglass,generated,train,FALSE,FALSE,scan_malware;run_pipeline;scale_service;enable_feature_flag;process_refund
"Sweep payment-api-03 for IOCs and execute the build pipeline for prod-web-01. After those finish, add more replicas for staging-db-02 and simultaneously switch on the flag for Engineering and process the payout for Frank.",10082,"run_pipeline -> scale_service, scale_service -> enable_feature_flag, scale_service -> process_refund, scan_malware -> scale_service",scan_malware;run_pipeline;scale_service;enable_feature_flag;process_refund,0->2;1->2;2->3;2->4,hourglass,generated,train,FALSE,FALSE,scan_malware;run_pipeline;scale_service;enable_feature_flag;process_refund
We gotta disable the flag on staging-db-02 — then blast an alert to Finance and concurrently swap out auth-svc-04's credentials and push the changes for Bob to the DB.,10088,"disable_feature_flag -> send_notification, send_notification -> db_write, send_notification -> rotate_api_key",disable_feature_flag;send_notification;rotate_api_key;db_write,0->1;1->2;1->3,inverted_y,generated,train,FALSE,FALSE,disable_feature_flag;send_notification;rotate_api_key;db_write
"Hey, can you switch off the flag for HR, followed by notify the Marketing team and concurrently generate a new API key for ml-infer-05 and store the Engineering config in the database.",10088,"disable_feature_flag -> send_notification, send_notification -> db_write, send_notification -> rotate_api_key",disable_feature_flag;send_notification;rotate_api_key;db_write,0->1;1->2;1->3,inverted_y,generated,train,FALSE,FALSE,disable_feature_flag;send_notification;rotate_api_key;db_write
Time to turn off the feature flag for HR — then fire off a notification to Eve and at the same time cycle the secret for Engineering's service and store the HR config in the database.,10088,"disable_feature_flag -> send_notification, send_notification -> db_write, send_notification -> rotate_api_key",disable_feature_flag;send_notification;rotate_api_key;db_write,0->1;1->2;1->3,inverted_y,generated,train,FALSE,FALSE,disable_feature_flag;send_notification;rotate_api_key;db_write
"Do me a favor and shut down the feature on staging-db-02. After that, notify the Marketing team, and while you're at it, generate a new API key for payment-api-03 and persist Bob's data to the database.",10088,"disable_feature_flag -> send_notification, send_notification -> db_write, send_notification -> rotate_api_key",disable_feature_flag;send_notification;rotate_api_key;db_write,0->1;1->2;1->3,inverted_y,generated,train,FALSE,FALSE,disable_feature_flag;send_notification;rotate_api_key;db_write
"From Marketing: back up the database for HR and refresh the API token for HR. Once both are done, email Alice the update and concurrently loop in a Legal manager and commit Eve's update to the database.",10089,"backup_database -> send_notification, rotate_api_key -> send_notification, send_notification -> db_write, send_notification -> escalate_to_human",backup_database;rotate_api_key;send_notification;escalate_to_human;db_write,0->2;1->2;2->3;2->4,hourglass,generated,train,FALSE,FALSE,backup_database;rotate_api_key;send_notification;escalate_to_human;db_write
"Urgent: save a backup of HR's data and refresh the API token for HR. When all of that's complete, notify the HR team — in parallel, wake up the on-call about prod-web-01 and update Frank's record in the DB.",10089,"backup_database -> send_notification, rotate_api_key -> send_notification, send_notification -> db_write, send_notification -> escalate_to_human",backup_database;rotate_api_key;send_notification;escalate_to_human;db_write,0->2;1->2;2->3;2->4,hourglass,generated,train,FALSE,FALSE,backup_database;rotate_api_key;send_notification;escalate_to_human;db_write
"Grace reported an issue — back up the database for Engineering and issue a new secret for payment-api-03. Once both are done, shoot Frank an email and concurrently loop in a Legal manager and store the Legal config in the database.",10089,"backup_database -> send_notification, rotate_api_key -> send_notification, send_notification -> db_write, send_notification -> escalate_to_human",backup_database;rotate_api_key;send_notification;escalate_to_human;db_write,0->2;1->2;2->3;2->4,hourglass,generated,train,FALSE,FALSE,backup_database;rotate_api_key;send_notification;escalate_to_human;db_write
"From Engineering: snapshot the database for payment-api-03 and generate a new API key for auth-svc-04. When all of that's complete, email Alice the update while also bring in tier-2 support for Frank and update Alice's record in the DB.",10089,"backup_database -> send_notification, rotate_api_key -> send_notification, send_notification -> db_write, send_notification -> escalate_to_human",backup_database;rotate_api_key;send_notification;escalate_to_human;db_write,0->2;1->2;2->3;2->4,hourglass,generated,train,FALSE,FALSE,backup_database;rotate_api_key;send_notification;escalate_to_human;db_write
"ASAP — disable the flag on staging-db-02 — in parallel, restart the main process on cdn-edge-06 and sweep auth-svc-04 for IOCs. When all of that's complete, trigger a build for staging-db-02.",10091,"disable_feature_flag -> restart_service, disable_feature_flag -> scan_malware, restart_service -> run_pipeline, scan_malware -> run_pipeline",disable_feature_flag;restart_service;scan_malware;run_pipeline,0->1;0->2;1->3;2->3,diamond,generated,train,FALSE,FALSE,disable_feature_flag;restart_service;scan_malware;run_pipeline
"Time to switch off the flag for Legal and at the same time give cdn-edge-06 a kick and scan payment-api-03 for threats. Once both are done, run the deployment pipeline for Legal.",10091,"disable_feature_flag -> restart_service, disable_feature_flag -> scan_malware, restart_service -> run_pipeline, scan_malware -> run_pipeline",disable_feature_flag;restart_service;scan_malware;run_pipeline,0->1;0->2;1->3;2->3,diamond,generated,train,FALSE,FALSE,disable_feature_flag;restart_service;scan_malware;run_pipeline
"From Finance: shut down the feature on ml-infer-05 and simultaneously restart the service on auth-svc-04 and sweep staging-db-02 for IOCs. When all of that's complete, start the CI job for payment-api-03.",10091,"disable_feature_flag -> restart_service, disable_feature_flag -> scan_malware, restart_service -> run_pipeline, scan_malware -> run_pipeline",disable_feature_flag;restart_service;scan_malware;run_pipeline,0->1;0->2;1->3;2->3,diamond,generated,train,FALSE,FALSE,disable_feature_flag;restart_service;scan_malware;run_pipeline
"Hey, can you deactivate the feature flag on payment-api-03 while also cycle prod-web-01 and check cdn-edge-06 for vulnerabilities. After those finish, run the deployment pipeline for Finance.",10091,"disable_feature_flag -> restart_service, disable_feature_flag -> scan_malware, restart_service -> run_pipeline, scan_malware -> run_pipeline",disable_feature_flag;restart_service;scan_malware;run_pipeline,0->1;0->2;1->3;2->3,diamond,generated,train,FALSE,FALSE,disable_feature_flag;restart_service;scan_malware;run_pipeline
"The Finance team needs us to give Frank their money back and enable the flag for prod-web-01. After those finish, give Bob a new password — in parallel, transfer ownership of staging-db-02 to Eve and restart the service on staging-db-02.",10101,"enable_feature_flag -> reset_password, process_refund -> reset_password, reset_password -> restart_service, reset_password -> transfer_ownership",process_refund;enable_feature_flag;reset_password;transfer_ownership;restart_service,0->2;1->2;2->3;2->4,hourglass,generated,train,FALSE,FALSE,process_refund;enable_feature_flag;reset_password;transfer_ownership;restart_service
"Process the payout for Diana and turn on the feature flag for Marketing, merge everything and nuke Grace's old login and issue a fresh one while also reassign prod-web-01 to Eve and restart the service on payment-api-03.",10101,"enable_feature_flag -> reset_password, process_refund -> reset_password, reset_password -> restart_service, reset_password -> transfer_ownership",process_refund;enable_feature_flag;reset_password;transfer_ownership;restart_service,0->2;1->2;2->3;2->4,hourglass,generated,train,FALSE,FALSE,process_refund;enable_feature_flag;reset_password;transfer_ownership;restart_service
"Quick one — credit Bob's account and flip the feature toggle on for Finance, then converge and give Eve a new password and at the same time pass payment-api-03 to Frank and give payment-api-03 a kick.",10101,"enable_feature_flag -> reset_password, process_refund -> reset_password, reset_password -> restart_service, reset_password -> transfer_ownership",process_refund;enable_feature_flag;reset_password;transfer_ownership;restart_service,0->2;1->2;2->3;2->4,hourglass,generated,train,FALSE,FALSE,process_refund;enable_feature_flag;reset_password;transfer_ownership;restart_service
"We gotta refund Bob and turn on the feature flag for HR. Once both are done, change Charlie's auth credentials — in parallel, pass ml-infer-05 to Eve and give auth-svc-04 a kick.",10101,"enable_feature_flag -> reset_password, process_refund -> reset_password, reset_password -> restart_service, reset_password -> transfer_ownership",process_refund;enable_feature_flag;reset_password;transfer_ownership;restart_service,0->2;1->2;2->3;2->4,hourglass,generated,train,FALSE,FALSE,process_refund;enable_feature_flag;reset_password;transfer_ownership;restart_service
"Per Grace's request, run the deployment pipeline for HR and flip the feature toggle on for HR, then converge and file a bug about payment-api-03 and concurrently strip Charlie's access to HR and switch off the flag for Legal.",10110,"create_ticket -> disable_feature_flag, create_ticket -> revoke_access, enable_feature_flag -> create_ticket, run_pipeline -> create_ticket",run_pipeline;enable_feature_flag;create_ticket;revoke_access;disable_feature_flag,0->2;1->2;2->3;2->4,hourglass,generated,train,FALSE,FALSE,run_pipeline;enable_feature_flag;create_ticket;revoke_access;disable_feature_flag
"Fire off the pipeline for HR and switch on the flag for Engineering. After those finish, open a ticket for Eve and simultaneously disable Eve's account on ml-infer-05 and switch off the flag for HR.",10110,"create_ticket -> disable_feature_flag, create_ticket -> revoke_access, enable_feature_flag -> create_ticket, run_pipeline -> create_ticket",run_pipeline;enable_feature_flag;create_ticket;revoke_access;disable_feature_flag,0->2;1->2;2->3;2->4,hourglass,generated,train,FALSE,FALSE,run_pipeline;enable_feature_flag;create_ticket;revoke_access;disable_feature_flag
"Run the deployment pipeline for Engineering and flip the feature toggle on for Marketing, merge everything and spin up a tracking ticket for Charlie, and while you're at it, strip Bob's access to Marketing and turn off the feature flag for HR.",10110,"create_ticket -> disable_feature_flag, create_ticket -> revoke_access, enable_feature_flag -> create_ticket, run_pipeline -> create_ticket",run_pipeline;enable_feature_flag;create_ticket;revoke_access;disable_feature_flag,0->2;1->2;2->3;2->4,hourglass,generated,train,FALSE,FALSE,run_pipeline;enable_feature_flag;create_ticket;revoke_access;disable_feature_flag
"Hey, can you start the CI job for prod-web-01 and turn on the feature flag for Marketing. When all of that's complete, file a bug about payment-api-03 and simultaneously cut off Eve's permissions and deactivate the feature flag on cdn-edge-06.",10110,"create_ticket -> disable_feature_flag, create_ticket -> revoke_access, enable_feature_flag -> create_ticket, run_pipeline -> create_ticket",run_pipeline;enable_feature_flag;create_ticket;revoke_access;disable_feature_flag,0->2;1->2;2->3;2->4,hourglass,generated,train,FALSE,FALSE,run_pipeline;enable_feature_flag;create_ticket;revoke_access;disable_feature_flag
