source_row_id,original_query,query,ground_truth,generation_type,lexical_cues_removed,paraphrase_family,confusable_with,ground_truth_tool,class_id,predicted_tool,correct,rank,top5_tools
804,check the status of cdn-edge-06.,What's going on with prod-web-01?,check_status,lexical_cue_reduced,check;status,,,check_status,12,generate_report,False,12,generate_report;provision_vm;quarantine_system;scan_malware;create_ticket
805,verify whether payment-api-03 is healthy.,Is staging-db-02 still working?,check_status,lexical_cue_reduced,verify,,,check_status,12,db_write,False,6,db_write;db_read;generate_report;process_refund;restart_service
806,see if ml-infer-05 is up.,We haven't heard from staging-db-02 in a while.,check_status,lexical_cue_reduced,up,,,check_status,12,db_write,False,7,db_write;db_read;generate_report;send_notification;provision_vm
807,inspect the current state of ml-infer-05.,What's going on with cdn-edge-06?,check_status,lexical_cue_reduced,,,,check_status,12,generate_report,False,9,generate_report;provision_vm;create_ticket;send_notification;quarantine_system
808,look into auth-svc-04's health.,Can you confirm prod-web-01 is operational?,check_status,lexical_cue_reduced,health,,,check_status,12,generate_report,False,10,generate_report;quarantine_system;provision_vm;send_notification;process_refund
809,confirm that auth-svc-04 is running normally.,Give me a quick look at how auth-svc-04 is doing.,check_status,lexical_cue_reduced,,,,check_status,12,reset_password,False,12,reset_password;generate_report;quarantine_system;create_ticket;provision_vm
810,check whether cdn-edge-06 is operational.,Is everything okay with prod-web-01?,check_status,lexical_cue_reduced,check,,,check_status,12,generate_report,False,11,generate_report;provision_vm;quarantine_system;scan_malware;create_ticket
811,review the status of ml-infer-05.,What's going on with staging-db-02?,check_status,lexical_cue_reduced,status,,,check_status,12,db_write,False,9,db_write;db_read;generate_report;provision_vm;quarantine_system
812,Please check the status of payment-api-03.,We haven't heard from ml-infer-05 in a while.,check_status,lexical_cue_reduced,check;status,,,check_status,12,generate_report,False,13,generate_report;process_refund;send_notification;quarantine_system;provision_vm
813,Please verify whether staging-db-02 is healthy.,Give me a quick look at how prod-web-01 is doing.,check_status,lexical_cue_reduced,verify,,,check_status,12,generate_report,False,12,generate_report;provision_vm;quarantine_system;create_ticket;scan_malware
814,Please see if prod-web-01 is up.,Can you confirm staging-db-02 is operational?,check_status,lexical_cue_reduced,up,,,check_status,12,db_write,False,4,db_write;generate_report;db_read;check_status;send_notification
815,Please inspect the current state of payment-api-03.,Can you confirm auth-svc-04 is operational?,check_status,lexical_cue_reduced,,,,check_status,12,quarantine_system,False,6,quarantine_system;generate_report;log_audit_event;send_notification;process_refund
816,Please look into auth-svc-04's health.,We haven't heard from auth-svc-04 in a while.,check_status,lexical_cue_reduced,health,,,check_status,12,generate_report,False,12,generate_report;quarantine_system;reset_password;log_audit_event;escalate_to_human
817,Please confirm that staging-db-02 is running normally.,Give me a quick look at how payment-api-03 is doing.,check_status,lexical_cue_reduced,,,,check_status,12,generate_report,False,11,generate_report;provision_vm;create_ticket;process_refund;quarantine_system
818,Please check whether auth-svc-04 is operational.,Is everything okay with staging-db-02?,check_status,lexical_cue_reduced,check,,,check_status,12,db_write,False,8,db_write;db_read;generate_report;provision_vm;quarantine_system
819,Please review the status of ml-infer-05.,Any idea what state payment-api-03 is in?,check_status,lexical_cue_reduced,status,,,check_status,12,generate_report,False,8,generate_report;create_ticket;process_refund;provision_vm;quarantine_system
820,Can you check the status of ml-infer-05?,We haven't heard from payment-api-03 in a while.,check_status,lexical_cue_reduced,check;status,,,check_status,12,generate_report,False,10,generate_report;provision_vm;process_refund;send_notification;quarantine_system
821,Can you verify whether cdn-edge-06 is healthy?,Any idea what state prod-web-01 is in?,check_status,lexical_cue_reduced,verify,,,check_status,12,generate_report,False,12,generate_report;provision_vm;quarantine_system;scan_malware;create_ticket
822,Can you see if auth-svc-04 is up?,I'd like a pulse on payment-api-03.,check_status,lexical_cue_reduced,up,,,check_status,12,generate_report,False,8,generate_report;provision_vm;send_notification;create_ticket;process_refund
823,Can you inspect the current state of payment-api-03?,Is everything okay with cdn-edge-06?,check_status,lexical_cue_reduced,,,,check_status,12,generate_report,False,9,generate_report;send_notification;provision_vm;create_ticket;quarantine_system
824,Can you look into prod-web-01's health?,We need visibility into ml-infer-05's condition.,check_status,lexical_cue_reduced,health,,,check_status,12,generate_report,False,6,generate_report;send_notification;quarantine_system;process_refund;provision_vm
825,Can you confirm that auth-svc-04 is running normally?,What's going on with auth-svc-04?,check_status,lexical_cue_reduced,,,,check_status,12,reset_password,False,11,reset_password;log_audit_event;quarantine_system;scan_malware;process_refund
826,Can you check whether payment-api-03 is operational?,What's going on with ml-infer-05?,check_status,lexical_cue_reduced,check,,,check_status,12,generate_report,False,14,generate_report;provision_vm;process_refund;quarantine_system;scan_malware
827,Can you review the status of auth-svc-04?,Is cdn-edge-06 still working?,check_status,lexical_cue_reduced,status,,,check_status,12,generate_report,False,7,generate_report;process_refund;provision_vm;send_notification;create_ticket
828,Could you check the status of staging-db-02 for me?,Give me a quick look at how staging-db-02 is doing.,check_status,lexical_cue_reduced,check;status,,,check_status,12,db_write,False,10,db_write;generate_report;db_read;provision_vm;quarantine_system
829,Could you verify whether payment-api-03 is healthy for me?,Is auth-svc-04 still working?,check_status,lexical_cue_reduced,verify,,,check_status,12,reset_password,False,10,reset_password;log_audit_event;restart_service;process_refund;generate_report
830,Could you see if payment-api-03 is up for me?,I'd like a pulse on staging-db-02.,check_status,lexical_cue_reduced,up,,,check_status,12,db_write,False,9,db_write;generate_report;db_read;send_notification;provision_vm
831,Could you inspect the current state of payment-api-03 for me?,We haven't heard from cdn-edge-06 in a while.,check_status,lexical_cue_reduced,,,,check_status,12,generate_report,False,8,generate_report;send_notification;provision_vm;escalate_to_human;create_ticket
832,Could you look into ml-infer-05's health for me?,Can someone tell me if ml-infer-05 is alive?,check_status,lexical_cue_reduced,health,,,check_status,12,generate_report,False,10,generate_report;quarantine_system;db_write;provision_vm;send_notification
833,Could you confirm that cdn-edge-06 is running normally for me?,We need visibility into auth-svc-04's condition.,check_status,lexical_cue_reduced,,,,check_status,12,check_status,True,1,check_status;log_audit_event;send_notification;generate_report;quarantine_system
834,Could you check whether payment-api-03 is operational for me?,I'd like a pulse on prod-web-01.,check_status,lexical_cue_reduced,check,,,check_status,12,generate_report,False,10,generate_report;provision_vm;create_ticket;send_notification;quarantine_system
835,Could you review the status of ml-infer-05 for me?,We haven't heard from prod-web-01 in a while.,check_status,lexical_cue_reduced,status,,,check_status,12,generate_report,False,12,generate_report;provision_vm;quarantine_system;send_notification;escalate_to_human
836,I need you to check the status of ml-infer-05.,I'd like a pulse on auth-svc-04.,check_status,lexical_cue_reduced,check;status,,,check_status,12,generate_report,False,10,generate_report;send_notification;quarantine_system;create_ticket;provision_vm
837,I need you to verify whether staging-db-02 is healthy.,Is prod-web-01 still working?,check_status,lexical_cue_reduced,verify,,,check_status,12,generate_report,False,11,generate_report;provision_vm;process_refund;quarantine_system;create_ticket
838,I need you to see if staging-db-02 is up.,We need visibility into staging-db-02's condition.,check_status,lexical_cue_reduced,up,,,check_status,12,db_write,False,4,db_write;db_read;generate_report;check_status;send_notification
839,I need you to inspect the current state of cdn-edge-06.,Can you confirm ml-infer-05 is operational?,check_status,lexical_cue_reduced,,,,check_status,12,generate_report,False,9,generate_report;send_notification;quarantine_system;process_refund;provision_vm
840,I need you to look into auth-svc-04's health.,We need visibility into prod-web-01's condition.,check_status,lexical_cue_reduced,health,,,check_status,12,generate_report,False,9,generate_report;quarantine_system;provision_vm;send_notification;create_ticket
841,I need you to confirm that ml-infer-05 is running normally.,Can someone tell me if cdn-edge-06 is alive?,check_status,lexical_cue_reduced,,,,check_status,12,generate_report,False,5,generate_report;send_notification;quarantine_system;provision_vm;check_status
842,I need you to check whether staging-db-02 is operational.,Any idea what state ml-infer-05 is in?,check_status,lexical_cue_reduced,check,,,check_status,12,generate_report,False,14,generate_report;process_refund;quarantine_system;provision_vm;scan_malware
843,I need you to review the status of cdn-edge-06.,Is ml-infer-05 still working?,check_status,lexical_cue_reduced,status,,,check_status,12,generate_report,False,13,generate_report;process_refund;quarantine_system;send_notification;db_write
844,We should check the status of auth-svc-04.,Can you confirm payment-api-03 is operational?,check_status,lexical_cue_reduced,check;status,,,check_status,12,generate_report,False,7,generate_report;send_notification;provision_vm;quarantine_system;process_refund
845,We should verify whether cdn-edge-06 is healthy.,Can someone tell me if auth-svc-04 is alive?,check_status,lexical_cue_reduced,verify,,,check_status,12,quarantine_system,False,6,quarantine_system;generate_report;log_audit_event;scan_malware;restart_service
846,We should see if cdn-edge-06 is up.,Is everything okay with ml-infer-05?,check_status,lexical_cue_reduced,up,,,check_status,12,generate_report,False,13,generate_report;send_notification;quarantine_system;db_write;scan_malware
847,We should inspect the current state of auth-svc-04.,Can someone tell me if payment-api-03 is alive?,check_status,lexical_cue_reduced,,,,check_status,12,generate_report,False,6,generate_report;quarantine_system;process_refund;provision_vm;send_notification
848,We should look into auth-svc-04's health.,Any idea what state staging-db-02 is in?,check_status,lexical_cue_reduced,health,,,check_status,12,db_read,False,8,db_read;db_write;generate_report;provision_vm;process_refund
849,We should confirm that prod-web-01 is running normally.,Can you confirm cdn-edge-06 is operational?,check_status,lexical_cue_reduced,,,,check_status,12,generate_report,False,7,generate_report;send_notification;provision_vm;quarantine_system;create_ticket
850,We should check whether payment-api-03 is operational.,Give me a quick look at how ml-infer-05 is doing.,check_status,lexical_cue_reduced,check,,,check_status,12,generate_report,False,13,generate_report;provision_vm;quarantine_system;process_refund;send_notification
851,We should review the status of staging-db-02.,Any idea what state auth-svc-04 is in?,check_status,lexical_cue_reduced,status,,,check_status,12,reset_password,False,11,reset_password;quarantine_system;process_refund;log_audit_event;create_ticket
852,Let's check the status of auth-svc-04.,We need visibility into cdn-edge-06's condition.,check_status,lexical_cue_reduced,check;status,,,check_status,12,generate_report,False,6,generate_report;send_notification;create_ticket;provision_vm;quarantine_system
853,Let's verify whether cdn-edge-06 is healthy.,Any idea what state cdn-edge-06 is in?,check_status,lexical_cue_reduced,verify,,,check_status,12,provision_vm,False,9,provision_vm;create_ticket;generate_report;quarantine_system;process_refund
854,Let's see if staging-db-02 is up.,We need visibility into payment-api-03's condition.,check_status,lexical_cue_reduced,up,,,check_status,12,generate_report,False,2,generate_report;check_status;send_notification;create_ticket;provision_vm
855,Let's inspect the current state of payment-api-03.,Give me a quick look at how cdn-edge-06 is doing.,check_status,lexical_cue_reduced,,,,check_status,12,generate_report,False,10,generate_report;provision_vm;create_ticket;send_notification;quarantine_system
856,Let's look into cdn-edge-06's health.,Is everything okay with auth-svc-04?,check_status,lexical_cue_reduced,health,,,check_status,12,reset_password,False,12,reset_password;quarantine_system;scan_malware;create_ticket;provision_vm
857,Let's confirm that ml-infer-05 is running normally.,Is payment-api-03 still working?,check_status,lexical_cue_reduced,,,,check_status,12,generate_report,False,10,generate_report;process_refund;provision_vm;create_ticket;quarantine_system
858,Let's check whether payment-api-03 is operational.,Is everything okay with payment-api-03?,check_status,lexical_cue_reduced,check,,,check_status,12,generate_report,False,11,generate_report;provision_vm;create_ticket;quarantine_system;process_refund
859,Let's review the status of auth-svc-04.,Can someone tell me if prod-web-01 is alive?,check_status,lexical_cue_reduced,status,,,check_status,12,generate_report,False,9,generate_report;quarantine_system;provision_vm;scan_malware;send_notification
860,Kindly check the status of ml-infer-05.,What's going on with payment-api-03?,check_status,lexical_cue_reduced,check;status,,,check_status,12,generate_report,False,11,generate_report;provision_vm;create_ticket;process_refund;quarantine_system
861,Kindly verify whether payment-api-03 is healthy.,Can someone tell me if staging-db-02 is alive?,check_status,lexical_cue_reduced,verify,,,check_status,12,db_read,False,4,db_read;db_write;generate_report;check_status;quarantine_system
862,Kindly see if auth-svc-04 is up.,I'd like a pulse on cdn-edge-06.,check_status,lexical_cue_reduced,up,,,check_status,12,generate_report,False,8,generate_report;send_notification;create_ticket;provision_vm;quarantine_system
863,Kindly inspect the current state of cdn-edge-06.,I'd like a pulse on ml-infer-05.,check_status,lexical_cue_reduced,,,,check_status,12,generate_report,False,11,generate_report;send_notification;provision_vm;quarantine_system;process_refund
864,Kindly look into ml-infer-05's health.,Give me a quick look at how prod-web-01 is doing.,check_status,lexical_cue_reduced,health,,,check_status,12,generate_report,False,12,generate_report;provision_vm;quarantine_system;create_ticket;scan_malware
865,Kindly confirm that payment-api-03 is running normally.,Any idea what state cdn-edge-06 is in?,check_status,lexical_cue_reduced,,,,check_status,12,provision_vm,False,9,provision_vm;create_ticket;generate_report;quarantine_system;process_refund
866,Kindly check whether payment-api-03 is operational.,We haven't heard from auth-svc-04 in a while.,check_status,lexical_cue_reduced,check,,,check_status,12,generate_report,False,12,generate_report;quarantine_system;reset_password;log_audit_event;escalate_to_human
867,Kindly review the status of cdn-edge-06.,Any idea what state cdn-edge-06 is in?,check_status,lexical_cue_reduced,status,,,check_status,12,provision_vm,False,9,provision_vm;create_ticket;generate_report;quarantine_system;process_refund
868,"When you have a moment, check the status of auth-svc-04.",Any idea what state auth-svc-04 is in?,check_status,lexical_cue_reduced,check;status,,,check_status,12,reset_password,False,11,reset_password;quarantine_system;process_refund;log_audit_event;create_ticket
869,"When you have a moment, verify whether payment-api-03 is healthy.",Is everything okay with ml-infer-05?,check_status,lexical_cue_reduced,verify,,,check_status,12,generate_report,False,13,generate_report;send_notification;quarantine_system;db_write;scan_malware
870,"When you have a moment, see if payment-api-03 is up.",Can someone tell me if prod-web-01 is alive?,check_status,lexical_cue_reduced,up,,,check_status,12,generate_report,False,9,generate_report;quarantine_system;provision_vm;scan_malware;send_notification
201,open an incident ticket for payment-api-03.,Make sure this doesn't slip through the cracks.,create_ticket,lexical_cue_reduced,incident;open;ticket,,,create_ticket,3,generate_report,False,2,generate_report;create_ticket;provision_vm;quarantine_system;send_notification
202,file a case for Bob.,We should have a reference number for Frank's issue.,create_ticket,lexical_cue_reduced,case;file,,,create_ticket,3,create_ticket,True,1,create_ticket;provision_vm;generate_report;escalate_to_human;process_refund
203,create a support case for prod-web-01.,This needs an official entry in our tracking system.,create_ticket,lexical_cue_reduced,case;create;support,,,create_ticket,3,generate_report,False,7,generate_report;send_notification;db_write;provision_vm;quarantine_system
204,log a helpdesk issue for Bob.,We should have a reference number for Charlie's issue.,create_ticket,lexical_cue_reduced,log,,,create_ticket,3,generate_report,False,2,generate_report;create_ticket;provision_vm;process_refund;quarantine_system
205,raise a service request for HR.,We need to track this issue with Bob.,create_ticket,lexical_cue_reduced,,,,create_ticket,3,create_ticket,True,1,create_ticket;escalate_to_human;generate_report;provision_vm;quarantine_system
206,submit a ticket for Alice.,This needs to be logged for follow-up.,create_ticket,lexical_cue_reduced,ticket,,,create_ticket,3,generate_report,False,3,generate_report;log_audit_event;create_ticket;send_notification;provision_vm
207,open a service desk case for Alice.,We should have a reference number for Alice's issue.,create_ticket,lexical_cue_reduced,case;open,,,create_ticket,3,escalate_to_human,False,2,escalate_to_human;create_ticket;generate_report;provision_vm;process_refund
208,create a tracking issue for Frank.,We need a paper trail for the payment-api-03 issue.,create_ticket,lexical_cue_reduced,create;tracking,,,create_ticket,3,generate_report,False,2,generate_report;create_ticket;process_refund;provision_vm;log_audit_event
209,Please open an incident ticket for auth-svc-04.,We need a paper trail for the auth-svc-04 issue.,create_ticket,lexical_cue_reduced,incident;open;ticket,,,create_ticket,3,generate_report,False,3,generate_report;log_audit_event;create_ticket;reset_password;process_refund
210,Please file a case for Alice.,This should be documented somewhere official.,create_ticket,lexical_cue_reduced,case;file,,,create_ticket,3,create_ticket,True,1,create_ticket;generate_report;provision_vm;escalate_to_human;send_notification
211,Please create a support case for ml-infer-05.,Someone should formalize this complaint from Bob.,create_ticket,lexical_cue_reduced,case;create;support,,,create_ticket,3,escalate_to_human,False,3,escalate_to_human;send_notification;create_ticket;quarantine_system;provision_vm
212,Please log an issue against staging-db-02.,Can we get a formal record of Charlie's problem?,create_ticket,lexical_cue_reduced,log,,,create_ticket,3,escalate_to_human,False,4,escalate_to_human;generate_report;quarantine_system;create_ticket;process_refund
213,Please raise a service request for Finance.,Can we get a formal record of Alice's problem?,create_ticket,lexical_cue_reduced,,,,create_ticket,3,escalate_to_human,False,2,escalate_to_human;create_ticket;generate_report;send_notification;provision_vm
214,Please submit a ticket for Frank.,Someone should formalize this complaint from Eve.,create_ticket,lexical_cue_reduced,ticket,,,create_ticket,3,escalate_to_human,False,6,escalate_to_human;send_notification;generate_report;provision_vm;quarantine_system
215,Please open a service desk case for Diana.,We should have a reference number for Diana's issue.,create_ticket,lexical_cue_reduced,case;open,,,create_ticket,3,generate_report,False,2,generate_report;create_ticket;process_refund;provision_vm;db_write
216,Please create a support issue for HR.,We need to track this issue with Diana.,create_ticket,lexical_cue_reduced,create;support,,,create_ticket,3,generate_report,False,2,generate_report;create_ticket;escalate_to_human;provision_vm;process_refund
217,Can you open an incident ticket for staging-db-02?,Eve reported something that needs tracking.,create_ticket,lexical_cue_reduced,incident;open;ticket,,,create_ticket,3,generate_report,False,8,generate_report;send_notification;escalate_to_human;log_audit_event;quarantine_system
218,Can you file a case for Charlie?,We need to track this issue with Alice.,create_ticket,lexical_cue_reduced,case;file,,,create_ticket,3,escalate_to_human,False,2,escalate_to_human;create_ticket;generate_report;provision_vm;send_notification
219,Can you create an incident ticket for Eve?,We need a paper trail for the cdn-edge-06 issue.,create_ticket,lexical_cue_reduced,create;incident;ticket,,,create_ticket,3,generate_report,False,2,generate_report;create_ticket;provision_vm;process_refund;send_notification
220,Can you log a helpdesk issue for Grace?,We need to track this issue with Grace.,create_ticket,lexical_cue_reduced,log,,,create_ticket,3,create_ticket,True,1,create_ticket;generate_report;escalate_to_human;log_audit_event;provision_vm
221,Can you raise an incident for auth-svc-04?,Can we get a formal record of Diana's problem?,create_ticket,lexical_cue_reduced,incident,,,create_ticket,3,escalate_to_human,False,3,escalate_to_human;generate_report;create_ticket;db_write;process_refund
222,Can you submit a ticket for Bob?,Someone should formalize this complaint from Frank.,create_ticket,lexical_cue_reduced,ticket,,,create_ticket,3,escalate_to_human,False,2,escalate_to_human;create_ticket;provision_vm;send_notification;quarantine_system
223,Can you open a tracking case for HR?,Can we get a formal record of Eve's problem?,create_ticket,lexical_cue_reduced,case;open;tracking,,,create_ticket,3,escalate_to_human,False,4,escalate_to_human;generate_report;log_audit_event;create_ticket;db_write
224,Can you create a support issue for Finance?,Charlie reported something that needs tracking.,create_ticket,lexical_cue_reduced,create;support,,,create_ticket,3,generate_report,False,3,generate_report;quarantine_system;create_ticket;send_notification;provision_vm
225,Could you open an incident ticket for cdn-edge-06 for me?,Someone should formalize this complaint from Alice.,create_ticket,lexical_cue_reduced,incident;open;ticket,,,create_ticket,3,escalate_to_human,False,2,escalate_to_human;create_ticket;send_notification;provision_vm;generate_report
226,Could you file a bug for payment-api-03 for me?,Alice reported something that needs tracking.,create_ticket,lexical_cue_reduced,bug;file,,,create_ticket,3,escalate_to_human,False,3,escalate_to_human;generate_report;create_ticket;send_notification;provision_vm
227,Could you create an incident ticket for Diana for me?,Someone should formalize this complaint from Grace.,create_ticket,lexical_cue_reduced,create;incident;ticket,,,create_ticket,3,escalate_to_human,False,3,escalate_to_human;send_notification;create_ticket;provision_vm;quarantine_system
228,Could you log a helpdesk issue for Frank for me?,We need to track this issue with Frank.,create_ticket,lexical_cue_reduced,log,,,create_ticket,3,create_ticket,True,1,create_ticket;generate_report;provision_vm;escalate_to_human;quarantine_system
229,Could you raise an incident for payment-api-03 for me?,Someone should formalize this complaint from Diana.,create_ticket,lexical_cue_reduced,incident,,,create_ticket,3,escalate_to_human,False,3,escalate_to_human;generate_report;create_ticket;provision_vm;send_notification
230,Could you submit a ticket for host auth-svc-04 for me?,Someone should formalize this complaint from Charlie.,create_ticket,lexical_cue_reduced,ticket,,,create_ticket,3,escalate_to_human,False,5,escalate_to_human;quarantine_system;send_notification;provision_vm;create_ticket
231,Could you open a tracking issue for ml-infer-05 for me?,We should have a reference number for Grace's issue.,create_ticket,lexical_cue_reduced,open;tracking,,,create_ticket,3,create_ticket,True,1,create_ticket;generate_report;provision_vm;process_refund;escalate_to_human
232,Could you create a service request for auth-svc-04 for me?,We need a paper trail for the prod-web-01 issue.,create_ticket,lexical_cue_reduced,create,,,create_ticket,3,generate_report,False,2,generate_report;create_ticket;provision_vm;process_refund;quarantine_system
233,I need you to open an incident ticket for prod-web-01.,We need a paper trail for the ml-infer-05 issue.,create_ticket,lexical_cue_reduced,incident;open;ticket,,,create_ticket,3,generate_report,False,6,generate_report;process_refund;send_notification;provision_vm;quarantine_system
234,I need you to file a case for Bob.,Can we get a formal record of Grace's problem?,create_ticket,lexical_cue_reduced,case;file,,,create_ticket,3,escalate_to_human,False,3,escalate_to_human;log_audit_event;create_ticket;generate_report;process_refund
235,I need you to create an incident ticket for Bob.,Grace reported something that needs tracking.,create_ticket,lexical_cue_reduced,create;incident;ticket,,,create_ticket,3,generate_report,False,2,generate_report;create_ticket;log_audit_event;escalate_to_human;send_notification
236,I need you to log a helpdesk issue for Engineering.,We need to track this issue with Charlie.,create_ticket,lexical_cue_reduced,log,,,create_ticket,3,generate_report,False,2,generate_report;create_ticket;escalate_to_human;quarantine_system;provision_vm
237,I need you to raise a service request for Marketing.,Eve reported something that needs tracking.,create_ticket,lexical_cue_reduced,,,,create_ticket,3,generate_report,False,8,generate_report;send_notification;escalate_to_human;log_audit_event;quarantine_system
238,I need you to submit a ticket for Alice.,Frank reported something that needs tracking.,create_ticket,lexical_cue_reduced,ticket,,,create_ticket,3,generate_report,False,2,generate_report;create_ticket;provision_vm;escalate_to_human;send_notification
239,I need you to open a service desk case for Eve.,We should have a reference number for Bob's issue.,create_ticket,lexical_cue_reduced,case;open,,,create_ticket,3,create_ticket,True,1,create_ticket;provision_vm;generate_report;process_refund;escalate_to_human
240,I need you to create a tracking issue for Eve.,Can we get a formal record of Bob's problem?,create_ticket,lexical_cue_reduced,create;tracking,,,create_ticket,3,escalate_to_human,False,2,escalate_to_human;create_ticket;generate_report;process_refund;quarantine_system
241,We should open a support ticket for Bob.,This needs to be logged for follow-up.,create_ticket,lexical_cue_reduced,open;support;ticket,,,create_ticket,3,generate_report,False,3,generate_report;log_audit_event;create_ticket;send_notification;provision_vm
242,We should file a case for the HR team.,We need to track this issue with Eve.,create_ticket,lexical_cue_reduced,case;file,,,create_ticket,3,generate_report,False,4,generate_report;escalate_to_human;provision_vm;create_ticket;send_notification
243,We should create a support case for staging-db-02.,Bob reported something that needs tracking.,create_ticket,lexical_cue_reduced,case;create;support,,,create_ticket,3,generate_report,False,2,generate_report;create_ticket;send_notification;escalate_to_human;quarantine_system
244,We should log an issue against prod-web-01.,Can we get a formal record of Frank's problem?,create_ticket,lexical_cue_reduced,log,,,create_ticket,3,escalate_to_human,False,2,escalate_to_human;create_ticket;generate_report;provision_vm;quarantine_system
245,We should raise an incident for cdn-edge-06.,This needs an official entry in our tracking system.,create_ticket,lexical_cue_reduced,incident,,,create_ticket,3,generate_report,False,7,generate_report;send_notification;db_write;provision_vm;quarantine_system
246,We should submit a ticket for the Engineering group.,We should have a reference number for Eve's issue.,create_ticket,lexical_cue_reduced,ticket,,,create_ticket,3,generate_report,False,3,generate_report;provision_vm;create_ticket;db_write;escalate_to_human
247,We should open a service desk case for Alice.,We need a paper trail for the staging-db-02 issue.,create_ticket,lexical_cue_reduced,case;open,,,create_ticket,3,generate_report,False,3,generate_report;db_write;create_ticket;db_read;process_refund
248,We should create a service request for prod-web-01.,We should have a reference number for Frank's issue.,create_ticket,lexical_cue_reduced,create,,,create_ticket,3,create_ticket,True,1,create_ticket;provision_vm;generate_report;escalate_to_human;process_refund
249,Let's open a support ticket for Grace.,Diana reported something that needs tracking.,create_ticket,lexical_cue_reduced,open;support;ticket,,,create_ticket,3,generate_report,False,3,generate_report;escalate_to_human;create_ticket;db_read;db_write
250,Let's file a case for the Marketing team.,This should be documented somewhere official.,create_ticket,lexical_cue_reduced,case;file,,,create_ticket,3,create_ticket,True,1,create_ticket;generate_report;provision_vm;escalate_to_human;send_notification
251,Let's create an incident ticket for Alice.,Make sure this doesn't slip through the cracks.,create_ticket,lexical_cue_reduced,create;incident;ticket,,,create_ticket,3,generate_report,False,2,generate_report;create_ticket;provision_vm;quarantine_system;send_notification
252,Let's log an issue against ml-infer-05.,We should have a reference number for Eve's issue.,create_ticket,lexical_cue_reduced,log,,,create_ticket,3,generate_report,False,3,generate_report;provision_vm;create_ticket;db_write;escalate_to_human
253,Let's raise a support request on behalf of Bob.,We need to track this issue with Charlie.,create_ticket,lexical_cue_reduced,support,,,create_ticket,3,generate_report,False,2,generate_report;create_ticket;escalate_to_human;quarantine_system;provision_vm
254,Let's submit a ticket for Charlie.,This needs an official entry in our tracking system.,create_ticket,lexical_cue_reduced,ticket,,,create_ticket,3,generate_report,False,7,generate_report;send_notification;db_write;provision_vm;quarantine_system
255,Let's open a tracking issue for cdn-edge-06.,We should have a reference number for Alice's issue.,create_ticket,lexical_cue_reduced,open;tracking,,,create_ticket,3,escalate_to_human,False,2,escalate_to_human;create_ticket;generate_report;provision_vm;process_refund
256,Let's create a support issue for Legal.,This needs to be logged for follow-up.,create_ticket,lexical_cue_reduced,create;support,,,create_ticket,3,generate_report,False,3,generate_report;log_audit_event;create_ticket;send_notification;provision_vm
257,Kindly open an incident ticket for staging-db-02.,This needs an official entry in our tracking system.,create_ticket,lexical_cue_reduced,incident;open;ticket,,,create_ticket,3,generate_report,False,7,generate_report;send_notification;db_write;provision_vm;quarantine_system
258,Kindly file a case for the HR team.,Alice reported something that needs tracking.,create_ticket,lexical_cue_reduced,case;file,,,create_ticket,3,escalate_to_human,False,3,escalate_to_human;generate_report;create_ticket;send_notification;provision_vm
259,Kindly create an incident ticket for Bob.,We should have a reference number for Eve's issue.,create_ticket,lexical_cue_reduced,create;incident;ticket,,,create_ticket,3,generate_report,False,3,generate_report;provision_vm;create_ticket;db_write;escalate_to_human
260,Kindly log an issue against cdn-edge-06.,We should have a reference number for Frank's issue.,create_ticket,lexical_cue_reduced,log,,,create_ticket,3,create_ticket,True,1,create_ticket;provision_vm;generate_report;escalate_to_human;process_refund
261,Kindly raise an incident for ml-infer-05.,Alice reported something that needs tracking.,create_ticket,lexical_cue_reduced,incident,,,create_ticket,3,escalate_to_human,False,3,escalate_to_human;generate_report;create_ticket;send_notification;provision_vm
262,Kindly submit a ticket for host ml-infer-05.,Can we get a formal record of Eve's problem?,create_ticket,lexical_cue_reduced,ticket,,,create_ticket,3,escalate_to_human,False,4,escalate_to_human;generate_report;log_audit_event;create_ticket;db_write
263,Kindly open a tracking case for Legal.,We need a paper trail for the auth-svc-04 issue.,create_ticket,lexical_cue_reduced,case;open;tracking,,,create_ticket,3,generate_report,False,3,generate_report;log_audit_event;create_ticket;reset_password;process_refund
264,Kindly create a service request for staging-db-02.,We need a paper trail for the payment-api-03 issue.,create_ticket,lexical_cue_reduced,create,,,create_ticket,3,generate_report,False,2,generate_report;create_ticket;process_refund;provision_vm;log_audit_event
265,"When you have a moment, open a support ticket for Grace.",This needs to be logged for follow-up.,create_ticket,lexical_cue_reduced,open;support;ticket,,,create_ticket,3,generate_report,False,3,generate_report;log_audit_event;create_ticket;send_notification;provision_vm
266,"When you have a moment, file a case for Diana.",Someone should formalize this complaint from Diana.,create_ticket,lexical_cue_reduced,case;file,,,create_ticket,3,escalate_to_human,False,3,escalate_to_human;generate_report;create_ticket;provision_vm;send_notification
267,"When you have a moment, create an incident ticket for Grace.",Can we get a formal record of Bob's problem?,create_ticket,lexical_cue_reduced,create;incident;ticket,,,create_ticket,3,escalate_to_human,False,2,escalate_to_human;create_ticket;generate_report;process_refund;quarantine_system
871,escalate Alice's case to a human agent.,We need human intervention for Eve.,escalate_to_human,lexical_cue_reduced,agent;escalate,,,escalate_to_human,13,escalate_to_human,True,1,escalate_to_human;quarantine_system;generate_report;provision_vm;create_ticket
872,get a human involved for Frank.,This one needs a pair of human eyes.,escalate_to_human,lexical_cue_reduced,,,,escalate_to_human,13,escalate_to_human,True,1,escalate_to_human;create_ticket;generate_report;provision_vm;quarantine_system
873,route Bob's issue to the on-call engineer.,Alice's case is too nuanced for a bot.,escalate_to_human,lexical_cue_reduced,engineer;on-call,,,escalate_to_human,13,escalate_to_human,True,1,escalate_to_human;create_ticket;provision_vm;send_notification;update_subscription
874,route the issue to the Marketing manager.,This is beyond what automation can handle.,escalate_to_human,lexical_cue_reduced,manager,,,escalate_to_human,13,escalate_to_human,True,1,escalate_to_human;provision_vm;quarantine_system;generate_report;send_notification
875,wake up the on-call for prod-web-01.,We need someone with judgment on this.,escalate_to_human,lexical_cue_reduced,on-call,,,escalate_to_human,13,escalate_to_human,True,1,escalate_to_human;quarantine_system;generate_report;process_refund;send_notification
876,hand the cdn-edge-06 case to an engineer.,Can we get a senior person to look at Grace's case?,escalate_to_human,lexical_cue_reduced,engineer;hand,,,escalate_to_human,13,escalate_to_human,True,1,escalate_to_human;create_ticket;log_audit_event;generate_report;quarantine_system
877,escalate this issue for Eve to the support team.,Automation isn't going to resolve Eve's issue.,escalate_to_human,lexical_cue_reduced,escalate,,,escalate_to_human,13,escalate_to_human,True,1,escalate_to_human;provision_vm;generate_report;quarantine_system;process_refund
878,bring a Finance manager into the loop.,Automation isn't going to resolve Bob's issue.,escalate_to_human,lexical_cue_reduced,manager,,,escalate_to_human,13,escalate_to_human,True,1,escalate_to_human;provision_vm;quarantine_system;process_refund;create_ticket
879,Please escalate Bob's case to a human agent.,Can we get a senior person to look at Eve's case?,escalate_to_human,lexical_cue_reduced,agent;escalate;human,,,escalate_to_human,13,escalate_to_human,True,1,escalate_to_human;create_ticket;generate_report;log_audit_event;quarantine_system
880,Please get a human involved for Bob.,Can we get a senior person to look at Bob's case?,escalate_to_human,lexical_cue_reduced,human,,,escalate_to_human,13,escalate_to_human,True,1,escalate_to_human;create_ticket;log_audit_event;quarantine_system;generate_report
881,Please route the cdn-edge-06 incident to a live responder.,We need human intervention for Frank.,escalate_to_human,lexical_cue_reduced,,,,escalate_to_human,13,escalate_to_human,True,1,escalate_to_human;create_ticket;quarantine_system;provision_vm;process_refund
882,Please hand Diana's request to a live agent.,This requires human decision-making.,escalate_to_human,lexical_cue_reduced,agent;hand,,,escalate_to_human,13,escalate_to_human,True,1,escalate_to_human;create_ticket;provision_vm;quarantine_system;generate_report
883,Please send Charlie's case for human review.,We need human intervention for Charlie.,escalate_to_human,lexical_cue_reduced,,,,escalate_to_human,13,escalate_to_human,True,1,escalate_to_human;quarantine_system;process_refund;create_ticket;provision_vm
884,Please loop in a manager for Frank.,Grace's case is too nuanced for a bot.,escalate_to_human,lexical_cue_reduced,manager,,,escalate_to_human,13,escalate_to_human,True,1,escalate_to_human;provision_vm;update_subscription;create_ticket;quarantine_system
885,Please escalate this issue for Eve to the support team.,Eve's case is too nuanced for a bot.,escalate_to_human,lexical_cue_reduced,escalate,,,escalate_to_human,13,escalate_to_human,True,1,escalate_to_human;provision_vm;generate_report;quarantine_system;create_ticket
886,Please transfer Grace's case to a person.,Automation isn't going to resolve Frank's issue.,escalate_to_human,lexical_cue_reduced,,,,escalate_to_human,13,escalate_to_human,True,1,escalate_to_human;provision_vm;create_ticket;quarantine_system;generate_report
887,Can you escalate the issue on ml-infer-05 to the on-call engineer?,Automation isn't going to resolve Grace's issue.,escalate_to_human,lexical_cue_reduced,engineer;escalate;on-call,,,escalate_to_human,13,escalate_to_human,True,1,escalate_to_human;provision_vm;reset_password;update_subscription;quarantine_system
888,Can you get a human involved for Eve?,Can we get a senior person to look at Charlie's case?,escalate_to_human,lexical_cue_reduced,human,,,escalate_to_human,13,escalate_to_human,True,1,escalate_to_human;create_ticket;quarantine_system;generate_report;log_audit_event
889,Can you route Charlie's issue to the on-call engineer?,Diana's situation needs a real person.,escalate_to_human,lexical_cue_reduced,engineer;on-call,,,escalate_to_human,13,escalate_to_human,True,1,escalate_to_human;quarantine_system;create_ticket;generate_report;provision_vm
890,Can you send the prod-web-01 issue for human handling?,We need human intervention for Diana.,escalate_to_human,lexical_cue_reduced,,,,escalate_to_human,13,escalate_to_human,True,1,escalate_to_human;create_ticket;quarantine_system;process_refund;generate_report
891,Can you send Grace's case for human review?,The automated response isn't going to cut it for Frank.,escalate_to_human,lexical_cue_reduced,human,,,escalate_to_human,13,escalate_to_human,True,1,escalate_to_human;provision_vm;generate_report;quarantine_system;send_notification
892,Can you loop in a manager for Bob?,Frank's case is too nuanced for a bot.,escalate_to_human,lexical_cue_reduced,manager,,,escalate_to_human,13,escalate_to_human,True,1,escalate_to_human;provision_vm;create_ticket;quarantine_system;update_subscription
893,Can you escalate this issue for Charlie to the support team?,We need human intervention for Grace.,escalate_to_human,lexical_cue_reduced,escalate,,,escalate_to_human,13,escalate_to_human,True,1,escalate_to_human;create_ticket;quarantine_system;process_refund;reset_password
894,Can you transfer Bob's case to a person?,The automated response isn't going to cut it for Alice.,escalate_to_human,lexical_cue_reduced,,,,escalate_to_human,13,escalate_to_human,True,1,escalate_to_human;generate_report;provision_vm;send_notification;quarantine_system
895,Could you escalate Bob's case to a human agent for me?,Bob's situation needs a real person.,escalate_to_human,lexical_cue_reduced,agent;escalate;human,,,escalate_to_human,13,escalate_to_human,True,1,escalate_to_human;quarantine_system;create_ticket;provision_vm;send_notification
896,Could you get a human involved for Charlie for me?,Automation isn't going to resolve Charlie's issue.,escalate_to_human,lexical_cue_reduced,human,,,escalate_to_human,13,escalate_to_human,True,1,escalate_to_human;quarantine_system;provision_vm;generate_report;process_refund
897,Could you route Alice's issue to the on-call engineer for me?,The automated response isn't going to cut it for Diana.,escalate_to_human,lexical_cue_reduced,engineer;on-call,,,escalate_to_human,13,escalate_to_human,True,1,escalate_to_human;generate_report;provision_vm;quarantine_system;process_refund
898,Could you route the issue to the HR manager for me?,Bob's case is too nuanced for a bot.,escalate_to_human,lexical_cue_reduced,manager,,,escalate_to_human,13,escalate_to_human,True,1,escalate_to_human;provision_vm;create_ticket;quarantine_system;send_notification
899,Could you send Bob's case for human review for me?,Charlie's case is too nuanced for a bot.,escalate_to_human,lexical_cue_reduced,human,,,escalate_to_human,13,escalate_to_human,True,1,escalate_to_human;quarantine_system;provision_vm;create_ticket;send_notification
900,Could you escalate the request to someone in Marketing for me?,Can we get a senior person to look at Frank's case?,escalate_to_human,lexical_cue_reduced,escalate,,,escalate_to_human,13,escalate_to_human,True,1,escalate_to_human;create_ticket;quarantine_system;provision_vm;generate_report
901,Could you escalate this issue for Alice to the support team for me?,The automated response isn't going to cut it for Bob.,escalate_to_human,lexical_cue_reduced,escalate,,,escalate_to_human,13,escalate_to_human,True,1,escalate_to_human;quarantine_system;provision_vm;generate_report;send_notification
902,Could you loop in a human for the prod-web-01 incident for me?,The automated response isn't going to cut it for Charlie.,escalate_to_human,lexical_cue_reduced,human,,,escalate_to_human,13,escalate_to_human,True,1,escalate_to_human;quarantine_system;generate_report;provision_vm;process_refund
903,I need you to escalate Eve's case to a human agent.,Eve's situation needs a real person.,escalate_to_human,lexical_cue_reduced,agent;escalate;human,,,escalate_to_human,13,escalate_to_human,True,1,escalate_to_human;quarantine_system;provision_vm;generate_report;send_notification
904,I need you to get a human involved for Charlie.,Diana's case is too nuanced for a bot.,escalate_to_human,lexical_cue_reduced,human,,,escalate_to_human,13,escalate_to_human,True,1,escalate_to_human;provision_vm;create_ticket;generate_report;quarantine_system
905,I need you to route Frank's issue to the on-call engineer.,Charlie's situation needs a real person.,escalate_to_human,lexical_cue_reduced,engineer;on-call,,,escalate_to_human,13,escalate_to_human,True,1,escalate_to_human;quarantine_system;provision_vm;create_ticket;generate_report
906,I need you to hand Bob's request to a live agent.,The automated response isn't going to cut it for Grace.,escalate_to_human,lexical_cue_reduced,agent;hand,,,escalate_to_human,13,escalate_to_human,True,1,escalate_to_human;provision_vm;quarantine_system;generate_report;send_notification
907,I need you to get the Legal team lead involved.,We need human intervention for Bob.,escalate_to_human,lexical_cue_reduced,,,,escalate_to_human,13,escalate_to_human,True,1,escalate_to_human;quarantine_system;create_ticket;process_refund;provision_vm
908,I need you to loop in a manager for Alice.,Automation isn't going to resolve Alice's issue.,escalate_to_human,lexical_cue_reduced,manager,,,escalate_to_human,13,escalate_to_human,True,1,escalate_to_human;provision_vm;generate_report;create_ticket;quarantine_system
909,I need you to escalate this issue for Grace to the support team.,Automation isn't going to resolve Diana's issue.,escalate_to_human,lexical_cue_reduced,escalate,,,escalate_to_human,13,escalate_to_human,True,1,escalate_to_human;generate_report;provision_vm;quarantine_system;process_refund
910,I need you to transfer Alice's case to a person.,Frank's situation needs a real person.,escalate_to_human,lexical_cue_reduced,,,,escalate_to_human,13,escalate_to_human,True,1,escalate_to_human;create_ticket;provision_vm;quarantine_system;generate_report
911,We should escalate Eve's case to a human agent.,We need human intervention for Frank.,escalate_to_human,lexical_cue_reduced,agent;escalate,,,escalate_to_human,13,escalate_to_human,True,1,escalate_to_human;create_ticket;quarantine_system;provision_vm;process_refund
912,We should get a human involved for Charlie.,We need human intervention for Alice.,escalate_to_human,lexical_cue_reduced,,,,escalate_to_human,13,escalate_to_human,True,1,escalate_to_human;create_ticket;quarantine_system;provision_vm;process_refund
913,We should route the auth-svc-04 incident to a live responder.,Can we get a senior person to look at Alice's case?,escalate_to_human,lexical_cue_reduced,,,,escalate_to_human,13,escalate_to_human,True,1,escalate_to_human;create_ticket;generate_report;log_audit_event;quarantine_system
914,We should hand Diana's request to a live agent.,The automated response isn't going to cut it for Eve.,escalate_to_human,lexical_cue_reduced,agent;hand,,,escalate_to_human,13,generate_report,False,2,generate_report;escalate_to_human;provision_vm;quarantine_system;send_notification
915,We should send Diana's case for human review.,Alice's situation needs a real person.,escalate_to_human,lexical_cue_reduced,human,,,escalate_to_human,13,escalate_to_human,True,1,escalate_to_human;create_ticket;provision_vm;quarantine_system;generate_report
916,We should loop in a manager for Charlie.,Can we get a senior person to look at Diana's case?,escalate_to_human,lexical_cue_reduced,manager,,,escalate_to_human,13,escalate_to_human,True,1,escalate_to_human;create_ticket;generate_report;log_audit_event;quarantine_system
917,We should escalate this issue for Bob to the support team.,The automated response isn't going to cut it for Frank.,escalate_to_human,lexical_cue_reduced,escalate,,,escalate_to_human,13,escalate_to_human,True,1,escalate_to_human;provision_vm;generate_report;quarantine_system;send_notification
918,We should bring a Engineering manager into the loop.,This one needs a pair of human eyes.,escalate_to_human,lexical_cue_reduced,manager,,,escalate_to_human,13,escalate_to_human,True,1,escalate_to_human;create_ticket;generate_report;provision_vm;quarantine_system
919,Let's escalate Charlie's case to a human agent.,We need human intervention for Frank.,escalate_to_human,lexical_cue_reduced,agent;escalate,,,escalate_to_human,13,escalate_to_human,True,1,escalate_to_human;create_ticket;quarantine_system;provision_vm;process_refund
920,Let's get a human involved for Grace.,Grace's situation needs a real person.,escalate_to_human,lexical_cue_reduced,human,,,escalate_to_human,13,escalate_to_human,True,1,escalate_to_human;create_ticket;quarantine_system;provision_vm;generate_report
921,Let's route Diana's issue to the on-call engineer.,Alice's case is too nuanced for a bot.,escalate_to_human,lexical_cue_reduced,engineer;on-call,,,escalate_to_human,13,escalate_to_human,True,1,escalate_to_human;create_ticket;provision_vm;send_notification;update_subscription
922,Let's hand Alice's request to a live agent.,This requires human decision-making.,escalate_to_human,lexical_cue_reduced,agent;hand,,,escalate_to_human,13,escalate_to_human,True,1,escalate_to_human;create_ticket;provision_vm;quarantine_system;generate_report
923,Let's send Grace's case for human review.,Can we get a senior person to look at Alice's case?,escalate_to_human,lexical_cue_reduced,human,,,escalate_to_human,13,escalate_to_human,True,1,escalate_to_human;create_ticket;generate_report;log_audit_event;quarantine_system
924,Let's loop in a manager for Alice.,The automated response isn't going to cut it for Frank.,escalate_to_human,lexical_cue_reduced,manager,,,escalate_to_human,13,escalate_to_human,True,1,escalate_to_human;provision_vm;generate_report;quarantine_system;send_notification
925,Let's escalate the alert on auth-svc-04 to a person.,We need human intervention for Eve.,escalate_to_human,lexical_cue_reduced,escalate,,,escalate_to_human,13,escalate_to_human,True,1,escalate_to_human;quarantine_system;generate_report;provision_vm;create_ticket
926,Let's transfer Alice's case to a person.,Can we get a senior person to look at Eve's case?,escalate_to_human,lexical_cue_reduced,,,,escalate_to_human,13,escalate_to_human,True,1,escalate_to_human;create_ticket;generate_report;log_audit_event;quarantine_system
927,Kindly escalate Eve's case to a human agent.,Alice's case is too nuanced for a bot.,escalate_to_human,lexical_cue_reduced,agent;escalate;human,,,escalate_to_human,13,escalate_to_human,True,1,escalate_to_human;create_ticket;provision_vm;send_notification;update_subscription
928,Kindly get a human involved for Frank.,Automation isn't going to resolve Charlie's issue.,escalate_to_human,lexical_cue_reduced,human,,,escalate_to_human,13,escalate_to_human,True,1,escalate_to_human;quarantine_system;provision_vm;generate_report;process_refund
929,Kindly route Frank's issue to the on-call engineer.,Bob's case is too nuanced for a bot.,escalate_to_human,lexical_cue_reduced,engineer;on-call,,,escalate_to_human,13,escalate_to_human,True,1,escalate_to_human;provision_vm;create_ticket;quarantine_system;send_notification
930,Kindly hand Alice's request to a live agent.,Automation isn't going to resolve Charlie's issue.,escalate_to_human,lexical_cue_reduced,agent;hand,,,escalate_to_human,13,escalate_to_human,True,1,escalate_to_human;quarantine_system;provision_vm;generate_report;process_refund
931,Kindly send Bob's case for human review.,Automation isn't going to resolve Eve's issue.,escalate_to_human,lexical_cue_reduced,human,,,escalate_to_human,13,escalate_to_human,True,1,escalate_to_human;provision_vm;generate_report;quarantine_system;process_refund
932,Kindly loop in a manager for Bob.,This requires human decision-making.,escalate_to_human,lexical_cue_reduced,manager,,,escalate_to_human,13,escalate_to_human,True,1,escalate_to_human;create_ticket;provision_vm;quarantine_system;generate_report
933,Kindly escalate this issue for Charlie to the support team.,We need human intervention for Grace.,escalate_to_human,lexical_cue_reduced,escalate,,,escalate_to_human,13,escalate_to_human,True,1,escalate_to_human;create_ticket;quarantine_system;process_refund;reset_password
934,Kindly transfer Alice's case to a person.,Automation isn't going to resolve Alice's issue.,escalate_to_human,lexical_cue_reduced,,,,escalate_to_human,13,escalate_to_human,True,1,escalate_to_human;provision_vm;generate_report;create_ticket;quarantine_system
935,"When you have a moment, escalate Bob's case to a human agent.",Can we get a senior person to look at Grace's case?,escalate_to_human,lexical_cue_reduced,agent;escalate;human,,,escalate_to_human,13,escalate_to_human,True,1,escalate_to_human;create_ticket;log_audit_event;generate_report;quarantine_system
936,"When you have a moment, get a human to review the problem on prod-web-01.",This requires human decision-making.,escalate_to_human,lexical_cue_reduced,,,,escalate_to_human,13,escalate_to_human,True,1,escalate_to_human;create_ticket;provision_vm;quarantine_system;generate_report
937,"When you have a moment, route Eve's issue to the on-call engineer.",We need someone with judgment on this.,escalate_to_human,lexical_cue_reduced,engineer;on-call,,,escalate_to_human,13,escalate_to_human,True,1,escalate_to_human;quarantine_system;generate_report;process_refund;send_notification
469,generate a report for Finance.,Finance wants a summary of what happened.,generate_report,lexical_cue_reduced,generate;report,,,generate_report,7,generate_report,True,1,generate_report;log_audit_event;process_refund;create_ticket;db_write
470,compile a summary for Finance.,It's time for the periodic review document.,generate_report,lexical_cue_reduced,compile;summary,,,generate_report,7,generate_report,True,1,generate_report;send_notification;escalate_to_human;quarantine_system;process_refund
471,create the analytics report for Legal.,The quarterly figures need packaging.,generate_report,lexical_cue_reduced,analytics;report,,,generate_report,7,generate_report,True,1,generate_report;provision_vm;send_notification;db_write;create_ticket
472,produce a compliance report for Engineering.,We need to present the findings to leadership.,generate_report,lexical_cue_reduced,compliance;produce;report,,,generate_report,7,send_notification,False,2,send_notification;generate_report;escalate_to_human;quarantine_system;provision_vm
473,put together a performance summary for Finance.,We owe Finance a write-up.,generate_report,lexical_cue_reduced,summary,,,generate_report,7,generate_report,True,1,generate_report;update_subscription;create_ticket;provision_vm;escalate_to_human
474,build a report package for Marketing.,Management is asking for numbers.,generate_report,lexical_cue_reduced,build;report,,,generate_report,7,generate_report,True,1,generate_report;process_refund;provision_vm;send_notification;quarantine_system
475,prepare the reporting bundle for Legal.,We owe Engineering a write-up.,generate_report,lexical_cue_reduced,,,,generate_report,7,generate_report,True,1,generate_report;provision_vm;escalate_to_human;create_ticket;send_notification
476,draft a metrics report for Finance.,Marketing wants a summary of what happened.,generate_report,lexical_cue_reduced,report,,,generate_report,7,generate_report,True,1,generate_report;process_refund;send_notification;provision_vm;log_audit_event
477,Please generate a diagnostics report for payment-api-03.,Stakeholders want to see the data in a digestible format.,generate_report,lexical_cue_reduced,generate;report,,,generate_report,7,generate_report,True,1,generate_report;db_read;send_notification;db_write;log_audit_event
478,Please compile a summary for Finance.,We owe HR a write-up.,generate_report,lexical_cue_reduced,compile;summary,,,generate_report,7,escalate_to_human,False,2,escalate_to_human;generate_report;create_ticket;process_refund;send_notification
479,Please create the analytics report for Engineering.,We need documentation for the stakeholders.,generate_report,lexical_cue_reduced,analytics;report,,,generate_report,7,generate_report,True,1,generate_report;create_ticket;send_notification;escalate_to_human;process_refund
480,Please produce a compliance report for Legal.,Legal wants a summary of what happened.,generate_report,lexical_cue_reduced,compliance;produce;report,,,generate_report,7,create_ticket,False,2,create_ticket;generate_report;log_audit_event;escalate_to_human;process_refund
481,Please put together a performance summary for Engineering.,Someone needs to summarize the metrics for Finance.,generate_report,lexical_cue_reduced,summary,,,generate_report,7,generate_report,True,1,generate_report;provision_vm;create_ticket;process_refund;send_notification
482,Please build an operations summary for auth-svc-04.,Someone needs to summarize the metrics for Engineering.,generate_report,lexical_cue_reduced,build;summary,,,generate_report,7,generate_report,True,1,generate_report;send_notification;provision_vm;quarantine_system;escalate_to_human
483,Please prepare the reporting bundle for Finance.,Can someone put together the overview for HR?,generate_report,lexical_cue_reduced,,,,generate_report,7,generate_report,True,1,generate_report;create_ticket;send_notification;process_refund;log_audit_event
484,Please draft a metrics report for Finance.,Engineering wants a summary of what happened.,generate_report,lexical_cue_reduced,report,,,generate_report,7,generate_report,True,1,generate_report;log_audit_event;process_refund;create_ticket;escalate_to_human
485,Can you generate a report for Legal?,HR wants a summary of what happened.,generate_report,lexical_cue_reduced,generate;report,,,generate_report,7,generate_report,True,1,generate_report;log_audit_event;process_refund;create_ticket;escalate_to_human
486,Can you compile a health summary for payment-api-03?,Can someone put together the overview for Marketing?,generate_report,lexical_cue_reduced,compile;summary,,,generate_report,7,generate_report,True,1,generate_report;send_notification;provision_vm;update_subscription;create_ticket
487,Can you create an analytics report for payment-api-03?,Can someone put together the overview for Legal?,generate_report,lexical_cue_reduced,analytics;report,,,generate_report,7,create_ticket,False,2,create_ticket;generate_report;escalate_to_human;send_notification;provision_vm
488,Can you produce a compliance report for Finance?,Someone needs to summarize the metrics for Marketing.,generate_report,lexical_cue_reduced,compliance;produce;report,,,generate_report,7,send_notification,False,2,send_notification;generate_report;provision_vm;quarantine_system;process_refund
489,Can you put together a performance summary for Engineering?,We owe Marketing a write-up.,generate_report,lexical_cue_reduced,summary,,,generate_report,7,provision_vm,False,4,provision_vm;send_notification;update_subscription;generate_report;escalate_to_human
490,Can you build an operations summary for cdn-edge-06?,Someone needs to summarize the metrics for Legal.,generate_report,lexical_cue_reduced,build;summary,,,generate_report,7,escalate_to_human,False,2,escalate_to_human;generate_report;create_ticket;send_notification;process_refund
491,Can you prepare the reporting bundle for Legal?,Can someone put together the overview for Finance?,generate_report,lexical_cue_reduced,,,,generate_report,7,generate_report,True,1,generate_report;create_ticket;update_subscription;reset_password;provision_vm
492,Can you draft a metrics report for Marketing?,Someone needs to summarize the metrics for HR.,generate_report,lexical_cue_reduced,report,,,generate_report,7,generate_report,True,1,generate_report;send_notification;escalate_to_human;process_refund;quarantine_system
493,Could you generate a diagnostics report for payment-api-03 for me?,We owe Legal a write-up.,generate_report,lexical_cue_reduced,generate;report,,,generate_report,7,escalate_to_human,False,3,escalate_to_human;create_ticket;generate_report;provision_vm;update_subscription
494,Could you compile a summary for Engineering for me?,Can someone put together the overview for Engineering?,generate_report,lexical_cue_reduced,compile;summary,,,generate_report,7,generate_report,True,1,generate_report;create_ticket;provision_vm;send_notification;quarantine_system
495,Could you create the analytics report for Marketing for me?,HR wants a summary of what happened.,generate_report,lexical_cue_reduced,analytics;report,,,generate_report,7,generate_report,True,1,generate_report;log_audit_event;process_refund;create_ticket;escalate_to_human
496,Could you produce a compliance report for Marketing for me?,We need documentation for the stakeholders.,generate_report,lexical_cue_reduced,compliance;produce;report,,,generate_report,7,generate_report,True,1,generate_report;create_ticket;send_notification;escalate_to_human;process_refund
497,Could you put together a performance summary for HR for me?,Engineering wants a summary of what happened.,generate_report,lexical_cue_reduced,,,,generate_report,7,generate_report,True,1,generate_report;log_audit_event;process_refund;create_ticket;escalate_to_human
498,Could you build a report package for Legal for me?,Someone needs to summarize the metrics for Finance.,generate_report,lexical_cue_reduced,build;report,,,generate_report,7,generate_report,True,1,generate_report;provision_vm;create_ticket;process_refund;send_notification
499,Could you prepare the reporting bundle for HR for me?,Management is asking for numbers.,generate_report,lexical_cue_reduced,,,,generate_report,7,generate_report,True,1,generate_report;process_refund;provision_vm;send_notification;quarantine_system
500,Could you draft a metrics report for Marketing for me?,Someone needs to summarize the metrics for HR.,generate_report,lexical_cue_reduced,report,,,generate_report,7,generate_report,True,1,generate_report;send_notification;escalate_to_human;process_refund;quarantine_system
501,I need you to generate a diagnostics report for prod-web-01.,Finance wants a summary of what happened.,generate_report,lexical_cue_reduced,generate;report,,,generate_report,7,generate_report,True,1,generate_report;log_audit_event;process_refund;create_ticket;db_write
502,I need you to compile a health summary for prod-web-01.,Someone needs to summarize the metrics for Marketing.,generate_report,lexical_cue_reduced,compile;summary,,,generate_report,7,send_notification,False,2,send_notification;generate_report;provision_vm;quarantine_system;process_refund
503,I need you to create the analytics report for Marketing.,Management is asking for numbers.,generate_report,lexical_cue_reduced,analytics;report,,,generate_report,7,generate_report,True,1,generate_report;process_refund;provision_vm;send_notification;quarantine_system
504,I need you to produce a compliance report for Finance.,Can someone put together the overview for Finance?,generate_report,lexical_cue_reduced,compliance;produce;report,,,generate_report,7,generate_report,True,1,generate_report;create_ticket;update_subscription;reset_password;provision_vm
505,I need you to put together a performance summary for HR.,Management is asking for numbers.,generate_report,lexical_cue_reduced,summary,,,generate_report,7,generate_report,True,1,generate_report;process_refund;provision_vm;send_notification;quarantine_system
506,I need you to build an operations summary for payment-api-03.,Management is asking for numbers.,generate_report,lexical_cue_reduced,build;summary,,,generate_report,7,generate_report,True,1,generate_report;process_refund;provision_vm;send_notification;quarantine_system
507,I need you to prepare the reporting bundle for Engineering.,It's time for the periodic review document.,generate_report,lexical_cue_reduced,,,,generate_report,7,generate_report,True,1,generate_report;send_notification;escalate_to_human;quarantine_system;process_refund
508,I need you to draft a metrics report for HR.,Someone needs to summarize the metrics for Legal.,generate_report,lexical_cue_reduced,report,,,generate_report,7,escalate_to_human,False,2,escalate_to_human;generate_report;create_ticket;send_notification;process_refund
509,We should generate a report for Legal.,Can someone put together the overview for Finance?,generate_report,lexical_cue_reduced,generate;report,,,generate_report,7,generate_report,True,1,generate_report;create_ticket;update_subscription;reset_password;provision_vm
510,We should compile a summary for Marketing.,We need to present the findings to leadership.,generate_report,lexical_cue_reduced,compile;summary,,,generate_report,7,send_notification,False,2,send_notification;generate_report;escalate_to_human;quarantine_system;provision_vm
511,We should create an analytics report for cdn-edge-06.,The quarterly figures need packaging.,generate_report,lexical_cue_reduced,analytics;report,,,generate_report,7,generate_report,True,1,generate_report;provision_vm;send_notification;db_write;create_ticket
512,We should produce a compliance report for Marketing.,Management is asking for numbers.,generate_report,lexical_cue_reduced,compliance;produce;report,,,generate_report,7,generate_report,True,1,generate_report;process_refund;provision_vm;send_notification;quarantine_system
513,We should put together a performance summary for Legal.,It's time for the periodic review document.,generate_report,lexical_cue_reduced,summary,,,generate_report,7,generate_report,True,1,generate_report;send_notification;escalate_to_human;quarantine_system;process_refund
514,We should build an operations summary for ml-infer-05.,It's time for the periodic review document.,generate_report,lexical_cue_reduced,build;summary,,,generate_report,7,generate_report,True,1,generate_report;send_notification;escalate_to_human;quarantine_system;process_refund
515,We should prepare the reporting bundle for Engineering.,It's time for the periodic review document.,generate_report,lexical_cue_reduced,,,,generate_report,7,generate_report,True,1,generate_report;send_notification;escalate_to_human;quarantine_system;process_refund
516,We should draft a metrics report for Legal.,Can someone put together the overview for Finance?,generate_report,lexical_cue_reduced,report,,,generate_report,7,generate_report,True,1,generate_report;create_ticket;update_subscription;reset_password;provision_vm
517,Let's generate a report for HR.,Can someone put together the overview for HR?,generate_report,lexical_cue_reduced,generate;report,,,generate_report,7,generate_report,True,1,generate_report;create_ticket;send_notification;process_refund;log_audit_event
518,Let's compile a summary for Finance.,Management is asking for numbers.,generate_report,lexical_cue_reduced,compile;summary,,,generate_report,7,generate_report,True,1,generate_report;process_refund;provision_vm;send_notification;quarantine_system
519,Let's create the analytics report for Marketing.,The quarterly figures need packaging.,generate_report,lexical_cue_reduced,analytics;report,,,generate_report,7,generate_report,True,1,generate_report;provision_vm;send_notification;db_write;create_ticket
520,Let's produce a compliance report for Engineering.,Management is asking for numbers.,generate_report,lexical_cue_reduced,compliance;produce;report,,,generate_report,7,generate_report,True,1,generate_report;process_refund;provision_vm;send_notification;quarantine_system
521,Let's put together a performance summary for Legal.,Management is asking for numbers.,generate_report,lexical_cue_reduced,summary,,,generate_report,7,generate_report,True,1,generate_report;process_refund;provision_vm;send_notification;quarantine_system
522,Let's build a report package for Engineering.,We need to present the findings to leadership.,generate_report,lexical_cue_reduced,build;report,,,generate_report,7,send_notification,False,2,send_notification;generate_report;escalate_to_human;quarantine_system;provision_vm
523,Let's prepare the reporting bundle for HR.,It's time for the periodic review document.,generate_report,lexical_cue_reduced,,,,generate_report,7,generate_report,True,1,generate_report;send_notification;escalate_to_human;quarantine_system;process_refund
524,Let's draft a metrics report for HR.,We need to present the findings to leadership.,generate_report,lexical_cue_reduced,report,,,generate_report,7,send_notification,False,2,send_notification;generate_report;escalate_to_human;quarantine_system;provision_vm
525,Kindly generate a diagnostics report for cdn-edge-06.,The quarterly figures need packaging.,generate_report,lexical_cue_reduced,generate;report,,,generate_report,7,generate_report,True,1,generate_report;provision_vm;send_notification;db_write;create_ticket
526,Kindly compile a summary for Finance.,Stakeholders want to see the data in a digestible format.,generate_report,lexical_cue_reduced,compile;summary,,,generate_report,7,generate_report,True,1,generate_report;db_read;send_notification;db_write;log_audit_event
527,Kindly create the analytics report for Marketing.,Management is asking for numbers.,generate_report,lexical_cue_reduced,analytics;report,,,generate_report,7,generate_report,True,1,generate_report;process_refund;provision_vm;send_notification;quarantine_system
528,Kindly produce a compliance report for Legal.,We owe Legal a write-up.,generate_report,lexical_cue_reduced,compliance;produce;report,,,generate_report,7,escalate_to_human,False,3,escalate_to_human;create_ticket;generate_report;provision_vm;update_subscription
529,Kindly put together a performance summary for Engineering.,It's time for the periodic review document.,generate_report,lexical_cue_reduced,summary,,,generate_report,7,generate_report,True,1,generate_report;send_notification;escalate_to_human;quarantine_system;process_refund
530,Kindly build a report package for Marketing.,It's time for the periodic review document.,generate_report,lexical_cue_reduced,build;report,,,generate_report,7,generate_report,True,1,generate_report;send_notification;escalate_to_human;quarantine_system;process_refund
531,Kindly prepare the reporting bundle for HR.,We owe Finance a write-up.,generate_report,lexical_cue_reduced,,,,generate_report,7,generate_report,True,1,generate_report;update_subscription;create_ticket;provision_vm;escalate_to_human
532,Kindly draft a metrics report for Engineering.,We need documentation for the stakeholders.,generate_report,lexical_cue_reduced,report,,,generate_report,7,generate_report,True,1,generate_report;create_ticket;send_notification;escalate_to_human;process_refund
533,"When you have a moment, generate a report for HR.",We need to present the findings to leadership.,generate_report,lexical_cue_reduced,generate;report,,,generate_report,7,send_notification,False,2,send_notification;generate_report;escalate_to_human;quarantine_system;provision_vm
534,"When you have a moment, compile a summary for Marketing.",Stakeholders want to see the data in a digestible format.,generate_report,lexical_cue_reduced,compile;summary,,,generate_report,7,generate_report,True,1,generate_report;db_read;send_notification;db_write;log_audit_event
535,"When you have a moment, create an analytics report for cdn-edge-06.",Finance wants a summary of what happened.,generate_report,lexical_cue_reduced,analytics;report,,,generate_report,7,generate_report,True,1,generate_report;log_audit_event;process_refund;create_ticket;db_write
938,log the event under the audit record for Legal.,We can't skip the paper trail on this one.,log_audit_event,lexical_cue_reduced,audit;event;log;record,,,log_audit_event,14,generate_report,False,3,generate_report;escalate_to_human;log_audit_event;quarantine_system;process_refund
939,record the activity tied to #53698.,Don't forget to capture this for the auditors.,log_audit_event,lexical_cue_reduced,record,,,log_audit_event,14,generate_report,False,6,generate_report;escalate_to_human;send_notification;quarantine_system;provision_vm
940,write an audit entry for the HR group.,This action needs to be documented for regulators.,log_audit_event,lexical_cue_reduced,audit;entry,,,log_audit_event,14,generate_report,False,11,generate_report;create_ticket;provision_vm;process_refund;send_notification
941,capture ml-infer-05's event in the audit log.,This needs to be in the official record.,log_audit_event,lexical_cue_reduced,audit;event;log,,,log_audit_event,14,generate_report,False,10,generate_report;create_ticket;db_write;provision_vm;escalate_to_human
942,store an audit record for staging-db-02.,We need proof that this action took place.,log_audit_event,lexical_cue_reduced,audit;record,,,log_audit_event,14,generate_report,False,5,generate_report;process_refund;escalate_to_human;create_ticket;log_audit_event
943,add Grace's action to the audit log.,We need a record of what just happened.,log_audit_event,lexical_cue_reduced,audit;log,,,log_audit_event,14,db_write,False,3,db_write;generate_report;log_audit_event;db_read;process_refund
944,document the event for HR in the audit log.,The regulator will ask if we documented this.,log_audit_event,lexical_cue_reduced,audit;document;event;log,,,log_audit_event,14,generate_report,False,9,generate_report;create_ticket;provision_vm;send_notification;process_refund
945,create a trail entry for auth-svc-04.,This should be traceable later if anyone asks.,log_audit_event,lexical_cue_reduced,entry;trail,,,log_audit_event,14,generate_report,False,6,generate_report;send_notification;quarantine_system;scan_malware;escalate_to_human
946,Please log an audit event for auth-svc-04.,Compliance will want to see this was recorded.,log_audit_event,lexical_cue_reduced,audit;event;log,,,log_audit_event,14,generate_report,False,2,generate_report;log_audit_event;create_ticket;process_refund;provision_vm
947,Please record a compliance event for Legal.,Make sure there's a trace of what was done.,log_audit_event,lexical_cue_reduced,compliance;event;record,,,log_audit_event,14,generate_report,False,2,generate_report;log_audit_event;quarantine_system;process_refund;escalate_to_human
948,Please write a compliance entry for payment-api-03.,Don't forget to capture this for the auditors.,log_audit_event,lexical_cue_reduced,compliance;entry,,,log_audit_event,14,generate_report,False,6,generate_report;escalate_to_human;send_notification;quarantine_system;provision_vm
949,Please capture Grace's activity in the compliance log.,The regulator will ask if we documented this.,log_audit_event,lexical_cue_reduced,compliance;log,,,log_audit_event,14,generate_report,False,9,generate_report;create_ticket;provision_vm;send_notification;process_refund
950,Please store an audit record for ml-infer-05.,This needs to be in the official record.,log_audit_event,lexical_cue_reduced,audit,,,log_audit_event,14,generate_report,False,10,generate_report;create_ticket;db_write;provision_vm;escalate_to_human
951,Please add a compliance record for Legal.,This needs to be in the official record.,log_audit_event,lexical_cue_reduced,compliance,,,log_audit_event,14,generate_report,False,10,generate_report;create_ticket;db_write;provision_vm;escalate_to_human
952,Please document the action taken on payment-api-03.,We can't skip the paper trail on this one.,log_audit_event,lexical_cue_reduced,document,,,log_audit_event,14,generate_report,False,3,generate_report;escalate_to_human;log_audit_event;quarantine_system;process_refund
953,Please create a compliance log entry for Eve.,This action needs to be documented for regulators.,log_audit_event,lexical_cue_reduced,compliance;entry;log,,,log_audit_event,14,generate_report,False,11,generate_report;create_ticket;provision_vm;process_refund;send_notification
954,Can you log an audit event for #53698?,We need proof that this action took place.,log_audit_event,lexical_cue_reduced,audit;event;log,,,log_audit_event,14,generate_report,False,5,generate_report;process_refund;escalate_to_human;create_ticket;log_audit_event
955,Can you record a compliance event for Engineering?,This action needs to be documented for regulators.,log_audit_event,lexical_cue_reduced,compliance;event;record,,,log_audit_event,14,generate_report,False,11,generate_report;create_ticket;provision_vm;process_refund;send_notification
956,Can you write an audit entry for Eve?,Make sure there's a trace of what was done.,log_audit_event,lexical_cue_reduced,audit;entry,,,log_audit_event,14,generate_report,False,2,generate_report;log_audit_event;quarantine_system;process_refund;escalate_to_human
957,Can you capture the Engineering event in the audit trail?,Compliance will want to see this was recorded.,log_audit_event,lexical_cue_reduced,audit;event;trail,,,log_audit_event,14,generate_report,False,2,generate_report;log_audit_event;create_ticket;process_refund;provision_vm
958,Can you store an audit record for Grace?,We need a record of what just happened.,log_audit_event,lexical_cue_reduced,audit,,,log_audit_event,14,db_write,False,3,db_write;generate_report;log_audit_event;db_read;process_refund
959,Can you add Bob's action to the audit log?,Compliance will want to see this was recorded.,log_audit_event,lexical_cue_reduced,audit;log,,,log_audit_event,14,generate_report,False,2,generate_report;log_audit_event;create_ticket;process_refund;provision_vm
960,Can you document the action taken on staging-db-02?,This needs to be in the official record.,log_audit_event,lexical_cue_reduced,document,,,log_audit_event,14,generate_report,False,10,generate_report;create_ticket;db_write;provision_vm;escalate_to_human
961,Can you create an audit trail entry for #31450?,This should be traceable later if anyone asks.,log_audit_event,lexical_cue_reduced,audit;entry;trail,,,log_audit_event,14,generate_report,False,6,generate_report;send_notification;quarantine_system;scan_malware;escalate_to_human
962,Could you log an audit event for cdn-edge-06 for me?,This should be traceable later if anyone asks.,log_audit_event,lexical_cue_reduced,audit;event;log,,,log_audit_event,14,generate_report,False,6,generate_report;send_notification;quarantine_system;scan_malware;escalate_to_human
963,Could you record a compliance event for Engineering for me?,This action needs to be documented for regulators.,log_audit_event,lexical_cue_reduced,compliance;event;record,,,log_audit_event,14,generate_report,False,11,generate_report;create_ticket;provision_vm;process_refund;send_notification
964,Could you write an audit entry for the Finance group for me?,Compliance will want to see this was recorded.,log_audit_event,lexical_cue_reduced,audit;entry,,,log_audit_event,14,generate_report,False,2,generate_report;log_audit_event;create_ticket;process_refund;provision_vm
965,Could you capture staging-db-02's event in the audit log for me?,This action needs to be documented for regulators.,log_audit_event,lexical_cue_reduced,audit;event;log,,,log_audit_event,14,generate_report,False,11,generate_report;create_ticket;provision_vm;process_refund;send_notification
966,Could you store an audit record for staging-db-02 for me?,We can't skip the paper trail on this one.,log_audit_event,lexical_cue_reduced,audit;record,,,log_audit_event,14,generate_report,False,3,generate_report;escalate_to_human;log_audit_event;quarantine_system;process_refund
967,Could you add Eve's action to the audit log for me?,We need proof that this action took place.,log_audit_event,lexical_cue_reduced,audit;log,,,log_audit_event,14,generate_report,False,5,generate_report;process_refund;escalate_to_human;create_ticket;log_audit_event
968,Could you document the event for Alice in the audit trail for me?,We need proof that this action took place.,log_audit_event,lexical_cue_reduced,audit;document;event;trail,,,log_audit_event,14,generate_report,False,5,generate_report;process_refund;escalate_to_human;create_ticket;log_audit_event
969,Could you create a trail entry for staging-db-02 for me?,This action needs to be documented for regulators.,log_audit_event,lexical_cue_reduced,entry;trail,,,log_audit_event,14,generate_report,False,11,generate_report;create_ticket;provision_vm;process_refund;send_notification
970,I need you to log an audit event for prod-web-01.,Make sure there's a trace of what was done.,log_audit_event,lexical_cue_reduced,audit;event;log,,,log_audit_event,14,generate_report,False,2,generate_report;log_audit_event;quarantine_system;process_refund;escalate_to_human
971,I need you to record a compliance event for Legal.,We need a record of what just happened.,log_audit_event,lexical_cue_reduced,compliance;event,,,log_audit_event,14,db_write,False,3,db_write;generate_report;log_audit_event;db_read;process_refund
972,I need you to write a compliance entry for #42017.,Don't forget to capture this for the auditors.,log_audit_event,lexical_cue_reduced,compliance;entry,,,log_audit_event,14,generate_report,False,6,generate_report;escalate_to_human;send_notification;quarantine_system;provision_vm
973,I need you to capture the event associated with #60122.,This action needs to be documented for regulators.,log_audit_event,lexical_cue_reduced,event,,,log_audit_event,14,generate_report,False,11,generate_report;create_ticket;provision_vm;process_refund;send_notification
974,I need you to store an audit record for Eve.,Compliance will want to see this was recorded.,log_audit_event,lexical_cue_reduced,audit;record,,,log_audit_event,14,generate_report,False,2,generate_report;log_audit_event;create_ticket;process_refund;provision_vm
975,I need you to add an audit log entry for auth-svc-04.,Make sure there's a trace of what was done.,log_audit_event,lexical_cue_reduced,audit;entry;log,,,log_audit_event,14,generate_report,False,2,generate_report;log_audit_event;quarantine_system;process_refund;escalate_to_human
976,I need you to document the event for Charlie in the audit trail.,This action needs to be documented for regulators.,log_audit_event,lexical_cue_reduced,audit;document;event;trail,,,log_audit_event,14,generate_report,False,11,generate_report;create_ticket;provision_vm;process_refund;send_notification
977,I need you to create a trail entry for prod-web-01.,This needs to be in the official record.,log_audit_event,lexical_cue_reduced,entry;trail,,,log_audit_event,14,generate_report,False,10,generate_report;create_ticket;db_write;provision_vm;escalate_to_human
978,We should log an audit event for payment-api-03.,This action needs to be documented for regulators.,log_audit_event,lexical_cue_reduced,audit;event;log,,,log_audit_event,14,generate_report,False,11,generate_report;create_ticket;provision_vm;process_refund;send_notification
979,We should record the activity tied to #60122.,We can't skip the paper trail on this one.,log_audit_event,lexical_cue_reduced,record,,,log_audit_event,14,generate_report,False,3,generate_report;escalate_to_human;log_audit_event;quarantine_system;process_refund
980,We should write a compliance entry for cdn-edge-06.,Compliance will want to see this was recorded.,log_audit_event,lexical_cue_reduced,entry,,,log_audit_event,14,generate_report,False,2,generate_report;log_audit_event;create_ticket;process_refund;provision_vm
981,We should capture auth-svc-04's event in the audit log.,Don't forget to capture this for the auditors.,log_audit_event,lexical_cue_reduced,audit;event;log,,,log_audit_event,14,generate_report,False,6,generate_report;escalate_to_human;send_notification;quarantine_system;provision_vm
982,We should store an audit record for Frank.,We can't skip the paper trail on this one.,log_audit_event,lexical_cue_reduced,audit;record,,,log_audit_event,14,generate_report,False,3,generate_report;escalate_to_human;log_audit_event;quarantine_system;process_refund
983,We should add Bob's action to the audit log.,We need a record of what just happened.,log_audit_event,lexical_cue_reduced,audit;log,,,log_audit_event,14,db_write,False,3,db_write;generate_report;log_audit_event;db_read;process_refund
984,We should document the event linked to #31450.,The regulator will ask if we documented this.,log_audit_event,lexical_cue_reduced,document;event,,,log_audit_event,14,generate_report,False,9,generate_report;create_ticket;provision_vm;send_notification;process_refund
985,We should create an audit trail entry for HR.,The regulator will ask if we documented this.,log_audit_event,lexical_cue_reduced,audit;entry;trail,,,log_audit_event,14,generate_report,False,9,generate_report;create_ticket;provision_vm;send_notification;process_refund
986,Let's log Frank's action in the audit trail.,We can't skip the paper trail on this one.,log_audit_event,lexical_cue_reduced,audit;log,,,log_audit_event,14,generate_report,False,3,generate_report;escalate_to_human;log_audit_event;quarantine_system;process_refund
987,Let's record an audit event for Diana.,This needs to be in the official record.,log_audit_event,lexical_cue_reduced,audit;event,,,log_audit_event,14,generate_report,False,10,generate_report;create_ticket;db_write;provision_vm;escalate_to_human
988,Let's write an audit entry for Alice.,Don't forget to capture this for the auditors.,log_audit_event,lexical_cue_reduced,audit;entry,,,log_audit_event,14,generate_report,False,6,generate_report;escalate_to_human;send_notification;quarantine_system;provision_vm
989,Let's capture ml-infer-05's event in the audit log.,The regulator will ask if we documented this.,log_audit_event,lexical_cue_reduced,audit;event;log,,,log_audit_event,14,generate_report,False,9,generate_report;create_ticket;provision_vm;send_notification;process_refund
990,Let's store an audit record for staging-db-02.,We need proof that this action took place.,log_audit_event,lexical_cue_reduced,audit;record,,,log_audit_event,14,generate_report,False,5,generate_report;process_refund;escalate_to_human;create_ticket;log_audit_event
991,Let's add #31450 to the audit log.,Don't forget to capture this for the auditors.,log_audit_event,lexical_cue_reduced,audit;log,,,log_audit_event,14,generate_report,False,6,generate_report;escalate_to_human;send_notification;quarantine_system;provision_vm
992,Let's document the event for Grace in the audit trail.,Compliance will want to see this was recorded.,log_audit_event,lexical_cue_reduced,audit;document;event;trail,,,log_audit_event,14,generate_report,False,2,generate_report;log_audit_event;create_ticket;process_refund;provision_vm
993,Let's create an audit trail entry for #20891.,The regulator will ask if we documented this.,log_audit_event,lexical_cue_reduced,audit;entry;trail,,,log_audit_event,14,generate_report,False,9,generate_report;create_ticket;provision_vm;send_notification;process_refund
994,Kindly log an audit event for #10234.,We need proof that this action took place.,log_audit_event,lexical_cue_reduced,audit;event;log,,,log_audit_event,14,generate_report,False,5,generate_report;process_refund;escalate_to_human;create_ticket;log_audit_event
995,Kindly record an audit event for Alice.,Make sure there's a trace of what was done.,log_audit_event,lexical_cue_reduced,audit;event;record,,,log_audit_event,14,generate_report,False,2,generate_report;log_audit_event;quarantine_system;process_refund;escalate_to_human
996,Kindly write an audit entry for Bob.,The regulator will ask if we documented this.,log_audit_event,lexical_cue_reduced,audit;entry,,,log_audit_event,14,generate_report,False,9,generate_report;create_ticket;provision_vm;send_notification;process_refund
997,Kindly capture Grace's activity in the compliance log.,We need proof that this action took place.,log_audit_event,lexical_cue_reduced,compliance;log,,,log_audit_event,14,generate_report,False,5,generate_report;process_refund;escalate_to_human;create_ticket;log_audit_event
998,Kindly store an audit record for payment-api-03.,Compliance will want to see this was recorded.,log_audit_event,lexical_cue_reduced,audit;record,,,log_audit_event,14,generate_report,False,2,generate_report;log_audit_event;create_ticket;process_refund;provision_vm
999,Kindly add an audit log entry for ml-infer-05.,Compliance will want to see this was recorded.,log_audit_event,lexical_cue_reduced,audit;entry;log,,,log_audit_event,14,generate_report,False,2,generate_report;log_audit_event;create_ticket;process_refund;provision_vm
1000,Kindly document the event for HR in the audit log.,This should be traceable later if anyone asks.,log_audit_event,lexical_cue_reduced,audit;document;event;log,,,log_audit_event,14,generate_report,False,6,generate_report;send_notification;quarantine_system;scan_malware;escalate_to_human
1001,Kindly create a compliance log entry for Charlie.,Make sure there's a trace of what was done.,log_audit_event,lexical_cue_reduced,compliance;entry;log,,,log_audit_event,14,generate_report,False,2,generate_report;log_audit_event;quarantine_system;process_refund;escalate_to_human
1002,"When you have a moment, log an audit event for auth-svc-04.",This action needs to be documented for regulators.,log_audit_event,lexical_cue_reduced,audit;event;log,,,log_audit_event,14,generate_report,False,11,generate_report;create_ticket;provision_vm;process_refund;send_notification
1003,"When you have a moment, record the incident involving prod-web-01 in the audit trail.",Compliance will want to see this was recorded.,log_audit_event,lexical_cue_reduced,audit;record;trail,,,log_audit_event,14,generate_report,False,2,generate_report;log_audit_event;create_ticket;process_refund;provision_vm
1004,"When you have a moment, write an audit entry for the Legal group.",The regulator will ask if we documented this.,log_audit_event,lexical_cue_reduced,audit;entry,,,log_audit_event,14,generate_report,False,9,generate_report;create_ticket;provision_vm;send_notification;process_refund
536,refund transaction #42017.,Diana wants their money returned.,process_refund,lexical_cue_reduced,refund,,,process_refund,8,process_refund,True,1,process_refund;log_audit_event;create_ticket;generate_report;db_read
537,process the refund for Charlie.,Alice wants their money returned.,process_refund,lexical_cue_reduced,refund,,,process_refund,8,escalate_to_human,False,2,escalate_to_human;process_refund;create_ticket;update_subscription;log_audit_event
538,return the money to Diana.,Eve says they didn't authorize this charge.,process_refund,lexical_cue_reduced,money,,,process_refund,8,generate_report,False,10,generate_report;update_subscription;provision_vm;escalate_to_human;create_ticket
539,credit Frank's account.,Alice says they didn't authorize this charge.,process_refund,lexical_cue_reduced,credit,,,process_refund,8,escalate_to_human,False,8,escalate_to_human;create_ticket;generate_report;update_subscription;provision_vm
540,reverse the payment for Charlie.,The charge on #20891 was a mistake.,process_refund,lexical_cue_reduced,reverse,,,process_refund,8,create_ticket,False,4,create_ticket;generate_report;provision_vm;process_refund;update_subscription
541,send Eve a payout reversal.,Eve wants their money returned.,process_refund,lexical_cue_reduced,payout,,,process_refund,8,log_audit_event,False,2,log_audit_event;process_refund;update_subscription;generate_report;escalate_to_human
542,refund the charge for Bob.,Bob says they didn't authorize this charge.,process_refund,lexical_cue_reduced,refund,,,process_refund,8,update_subscription,False,7,update_subscription;reset_password;create_ticket;generate_report;provision_vm
543,put the refund through for Bob.,The charge on #31450 was a mistake.,process_refund,lexical_cue_reduced,refund,,,process_refund,8,generate_report,False,4,generate_report;provision_vm;create_ticket;process_refund;escalate_to_human
544,Please refund transaction #42017.,We owe Diana money.,process_refund,lexical_cue_reduced,refund,,,process_refund,8,db_write,False,4,db_write;generate_report;update_subscription;process_refund;escalate_to_human
545,Please process the refund for Frank.,Frank wants their money returned.,process_refund,lexical_cue_reduced,refund,,,process_refund,8,create_ticket,False,4,create_ticket;update_subscription;provision_vm;process_refund;escalate_to_human
546,Please return the money to Frank.,Charlie paid twice and isn't happy.,process_refund,lexical_cue_reduced,money,,,process_refund,8,update_subscription,False,4,update_subscription;create_ticket;escalate_to_human;process_refund;provision_vm
547,Please issue the refund linked to #60122.,Charlie wants their money returned.,process_refund,lexical_cue_reduced,refund,,,process_refund,8,process_refund,True,1,process_refund;create_ticket;log_audit_event;update_subscription;quarantine_system
548,Please reverse the payment for Bob.,We owe Alice money.,process_refund,lexical_cue_reduced,reverse,,,process_refund,8,escalate_to_human,False,7,escalate_to_human;update_subscription;provision_vm;create_ticket;generate_report
549,Please send Eve a payout reversal.,The amount on #10234 needs to be reversed.,process_refund,lexical_cue_reduced,payout,,,process_refund,8,process_refund,True,1,process_refund;generate_report;provision_vm;escalate_to_human;create_ticket
550,Please refund the charge for Eve.,There was a billing mistake with #20891.,process_refund,lexical_cue_reduced,charge;refund,,,process_refund,8,update_subscription,False,5,update_subscription;provision_vm;create_ticket;generate_report;process_refund
551,Please put the refund through for Charlie.,Grace shouldn't have been billed for that.,process_refund,lexical_cue_reduced,refund,,,process_refund,8,update_subscription,False,8,update_subscription;reset_password;escalate_to_human;create_ticket;provision_vm
552,Can you refund transaction #42017?,Diana says they didn't authorize this charge.,process_refund,lexical_cue_reduced,refund,,,process_refund,8,generate_report,False,7,generate_report;create_ticket;escalate_to_human;provision_vm;update_subscription
553,Can you process the refund for Eve?,Bob paid twice and isn't happy.,process_refund,lexical_cue_reduced,refund,,,process_refund,8,create_ticket,False,3,create_ticket;update_subscription;process_refund;check_status;escalate_to_human
554,Can you process a refund for #10234?,There was a billing mistake with #53698.,process_refund,lexical_cue_reduced,refund,,,process_refund,8,update_subscription,False,4,update_subscription;provision_vm;generate_report;process_refund;create_ticket
555,Can you credit Charlie's account?,We owe Grace money.,process_refund,lexical_cue_reduced,credit,,,process_refund,8,update_subscription,False,4,update_subscription;reset_password;provision_vm;process_refund;create_ticket
556,Can you reverse the payment for Charlie?,The amount on #20891 needs to be reversed.,process_refund,lexical_cue_reduced,reverse,,,process_refund,8,generate_report,False,2,generate_report;process_refund;create_ticket;provision_vm;escalate_to_human
557,Can you send Bob a payout reversal?,The amount on #53698 needs to be reversed.,process_refund,lexical_cue_reduced,payout,,,process_refund,8,process_refund,True,1,process_refund;generate_report;escalate_to_human;provision_vm;create_ticket
558,Can you refund the charge for Diana?,The charge on #53698 was a mistake.,process_refund,lexical_cue_reduced,refund,,,process_refund,8,generate_report,False,4,generate_report;provision_vm;create_ticket;process_refund;update_subscription
559,Can you put the refund through for Grace?,Grace says they didn't authorize this charge.,process_refund,lexical_cue_reduced,refund,,,process_refund,8,update_subscription,False,9,update_subscription;reset_password;create_ticket;generate_report;escalate_to_human
560,Could you issue a refund to Eve for me?,Charlie says they didn't authorize this charge.,process_refund,lexical_cue_reduced,refund,,,process_refund,8,generate_report,False,8,generate_report;update_subscription;create_ticket;provision_vm;escalate_to_human
561,Could you process the refund for Eve for me?,Frank was charged incorrectly.,process_refund,lexical_cue_reduced,refund,,,process_refund,8,escalate_to_human,False,7,escalate_to_human;create_ticket;provision_vm;quarantine_system;update_subscription
562,Could you return the money to Frank for me?,The charge on #60122 was a mistake.,process_refund,lexical_cue_reduced,money,,,process_refund,8,provision_vm,False,4,provision_vm;generate_report;create_ticket;process_refund;update_subscription
563,Could you credit Charlie's account for me?,Bob wants their money returned.,process_refund,lexical_cue_reduced,credit,,,process_refund,8,process_refund,True,1,process_refund;create_ticket;log_audit_event;escalate_to_human;restart_service
564,Could you reverse the payment for Diana for me?,Diana paid twice and isn't happy.,process_refund,lexical_cue_reduced,reverse,,,process_refund,8,create_ticket,False,5,create_ticket;update_subscription;escalate_to_human;db_read;process_refund
565,Could you send Diana a payout reversal for me?,The charge on #10234 was a mistake.,process_refund,lexical_cue_reduced,payout,,,process_refund,8,generate_report,False,4,generate_report;create_ticket;provision_vm;process_refund;escalate_to_human
566,Could you refund the charge for Frank for me?,Diana was charged incorrectly.,process_refund,lexical_cue_reduced,charge;refund,,,process_refund,8,escalate_to_human,False,3,escalate_to_human;create_ticket;process_refund;generate_report;provision_vm
567,Could you put the refund through for Bob for me?,We need to make Alice financially whole again.,process_refund,lexical_cue_reduced,refund,,,process_refund,8,update_subscription,False,6,update_subscription;escalate_to_human;create_ticket;provision_vm;reset_password
568,I need you to refund transaction #53698.,The charge on #42017 was a mistake.,process_refund,lexical_cue_reduced,refund,,,process_refund,8,provision_vm,False,4,provision_vm;generate_report;create_ticket;process_refund;update_subscription
569,I need you to process the refund for Diana.,Diana shouldn't have been billed for that.,process_refund,lexical_cue_reduced,refund,,,process_refund,8,update_subscription,False,5,update_subscription;escalate_to_human;generate_report;create_ticket;process_refund
570,I need you to process a refund for #60122.,Eve shouldn't have been billed for that.,process_refund,lexical_cue_reduced,refund,,,process_refund,8,update_subscription,False,7,update_subscription;escalate_to_human;generate_report;provision_vm;quarantine_system
571,I need you to issue the refund linked to #20891.,We owe Charlie money.,process_refund,lexical_cue_reduced,refund,,,process_refund,8,update_subscription,False,6,update_subscription;provision_vm;quarantine_system;escalate_to_human;generate_report
572,I need you to reverse the payment for Frank.,Alice shouldn't have been billed for that.,process_refund,lexical_cue_reduced,reverse,,,process_refund,8,escalate_to_human,False,6,escalate_to_human;update_subscription;create_ticket;provision_vm;generate_report
573,I need you to return the funds for #10234.,Frank says they didn't authorize this charge.,process_refund,lexical_cue_reduced,,,,process_refund,8,update_subscription,False,8,update_subscription;create_ticket;generate_report;provision_vm;escalate_to_human
574,I need you to undo the charge associated with #31450.,The amount on #60122 needs to be reversed.,process_refund,lexical_cue_reduced,charge,,,process_refund,8,provision_vm,False,2,provision_vm;process_refund;generate_report;escalate_to_human;restart_service
575,I need you to put the refund through for Eve.,Frank paid twice and isn't happy.,process_refund,lexical_cue_reduced,refund,,,process_refund,8,create_ticket,False,7,create_ticket;update_subscription;escalate_to_human;provision_vm;generate_report
576,We should refund transaction #60122.,Grace was charged incorrectly.,process_refund,lexical_cue_reduced,refund,,,process_refund,8,reset_password,False,6,reset_password;escalate_to_human;update_subscription;create_ticket;provision_vm
577,We should reverse the charge tied to #60122.,Eve paid twice and isn't happy.,process_refund,lexical_cue_reduced,charge;reverse,,,process_refund,8,update_subscription,False,8,update_subscription;create_ticket;escalate_to_human;db_write;log_audit_event
578,We should return the money to Eve.,Charlie was charged incorrectly.,process_refund,lexical_cue_reduced,money,,,process_refund,8,escalate_to_human,False,5,escalate_to_human;create_ticket;quarantine_system;provision_vm;process_refund
579,We should credit Charlie's account.,Eve was charged incorrectly.,process_refund,lexical_cue_reduced,credit,,,process_refund,8,escalate_to_human,False,4,escalate_to_human;generate_report;provision_vm;process_refund;create_ticket
580,We should reverse the payment for Grace.,Alice paid twice and isn't happy.,process_refund,lexical_cue_reduced,reverse,,,process_refund,8,escalate_to_human,False,4,escalate_to_human;update_subscription;create_ticket;process_refund;provision_vm
581,We should send Grace a payout reversal.,We owe Frank money.,process_refund,lexical_cue_reduced,payout,,,process_refund,8,update_subscription,False,8,update_subscription;provision_vm;create_ticket;escalate_to_human;generate_report
582,We should refund the charge for Bob.,We need to make Frank financially whole again.,process_refund,lexical_cue_reduced,charge;refund,,,process_refund,8,create_ticket,False,6,create_ticket;update_subscription;provision_vm;generate_report;escalate_to_human
583,We should put the refund through for Frank.,Grace wants their money returned.,process_refund,lexical_cue_reduced,refund,,,process_refund,8,update_subscription,False,4,update_subscription;reset_password;log_audit_event;process_refund;create_ticket
584,Let's refund transaction #31450.,Alice was charged incorrectly.,process_refund,lexical_cue_reduced,refund,,,process_refund,8,escalate_to_human,False,5,escalate_to_human;create_ticket;provision_vm;generate_report;process_refund
585,Let's process the refund for Bob.,We need to make Eve financially whole again.,process_refund,lexical_cue_reduced,refund,,,process_refund,8,process_refund,True,1,process_refund;generate_report;update_subscription;db_write;provision_vm
586,Let's process a refund for #20891.,We need to make Charlie financially whole again.,process_refund,lexical_cue_reduced,refund,,,process_refund,8,update_subscription,False,2,update_subscription;process_refund;create_ticket;provision_vm;quarantine_system
587,Let's credit Bob's account.,Grace paid twice and isn't happy.,process_refund,lexical_cue_reduced,credit,,,process_refund,8,update_subscription,False,7,update_subscription;create_ticket;reset_password;log_audit_event;escalate_to_human
588,Let's reverse the payment for Alice.,Bob shouldn't have been billed for that.,process_refund,lexical_cue_reduced,reverse,,,process_refund,8,update_subscription,False,5,update_subscription;escalate_to_human;create_ticket;provision_vm;process_refund
589,Let's send Alice a payout reversal.,Frank shouldn't have been billed for that.,process_refund,lexical_cue_reduced,payout,,,process_refund,8,update_subscription,False,7,update_subscription;escalate_to_human;create_ticket;provision_vm;generate_report
590,Let's undo the charge associated with #20891.,We need to make Bob financially whole again.,process_refund,lexical_cue_reduced,charge,,,process_refund,8,create_ticket,False,3,create_ticket;update_subscription;process_refund;reset_password;provision_vm
591,Let's put the refund through for Diana.,The amount on #31450 needs to be reversed.,process_refund,lexical_cue_reduced,refund,,,process_refund,8,generate_report,False,3,generate_report;provision_vm;process_refund;escalate_to_human;db_write
592,Kindly issue a refund to Eve.,We need to make Grace financially whole again.,process_refund,lexical_cue_reduced,refund,,,process_refund,8,update_subscription,False,4,update_subscription;reset_password;create_ticket;process_refund;provision_vm
593,Kindly process the refund for Grace.,We need to make Diana financially whole again.,process_refund,lexical_cue_reduced,refund,,,process_refund,8,generate_report,False,2,generate_report;process_refund;create_ticket;update_subscription;db_write
594,Kindly process a refund for #10234.,There was a billing mistake with #10234.,process_refund,lexical_cue_reduced,refund,,,process_refund,8,provision_vm,False,4,provision_vm;update_subscription;generate_report;process_refund;create_ticket
595,Kindly credit Diana's account.,There was a billing mistake with #42017.,process_refund,lexical_cue_reduced,credit,,,process_refund,8,update_subscription,False,4,update_subscription;provision_vm;generate_report;process_refund;create_ticket
596,Kindly credit back the payment for #42017.,We owe Eve money.,process_refund,lexical_cue_reduced,credit,,,process_refund,8,update_subscription,False,6,update_subscription;provision_vm;generate_report;escalate_to_human;db_write
597,Kindly send Frank a payout reversal.,We owe Bob money.,process_refund,lexical_cue_reduced,payout,,,process_refund,8,update_subscription,False,4,update_subscription;provision_vm;create_ticket;process_refund;escalate_to_human
598,Kindly refund the charge for Eve.,The charge on #53698 was a mistake.,process_refund,lexical_cue_reduced,refund,,,process_refund,8,generate_report,False,4,generate_report;provision_vm;create_ticket;process_refund;update_subscription
599,Kindly put the refund through for Bob.,Bob shouldn't have been billed for that.,process_refund,lexical_cue_reduced,refund,,,process_refund,8,update_subscription,False,5,update_subscription;escalate_to_human;create_ticket;provision_vm;process_refund
600,"When you have a moment, refund transaction #60122.",Bob was charged incorrectly.,process_refund,lexical_cue_reduced,refund,,,process_refund,8,escalate_to_human,False,3,escalate_to_human;create_ticket;process_refund;provision_vm;quarantine_system
601,"When you have a moment, reverse the charge tied to #60122.",There was a billing mistake with #31450.,process_refund,lexical_cue_reduced,charge;reverse,,,process_refund,8,update_subscription,False,5,update_subscription;provision_vm;generate_report;create_ticket;process_refund
602,"When you have a moment, return the money to Diana.",Charlie shouldn't have been billed for that.,process_refund,lexical_cue_reduced,money,,,process_refund,8,update_subscription,False,6,update_subscription;escalate_to_human;provision_vm;quarantine_system;create_ticket
670,provision a new VM for Finance.,HR put in a request for new hardware resources.,provision_vm,lexical_cue_reduced,provision;vm,,,provision_vm,10,generate_report,False,3,generate_report;create_ticket;provision_vm;process_refund;quarantine_system
671,spin up a virtual machine for Legal.,Marketing needs more compute capacity.,provision_vm,lexical_cue_reduced,machine;spin;virtual,,,provision_vm,10,provision_vm,True,1,provision_vm;generate_report;update_subscription;process_refund;send_notification
672,launch a new instance for Finance.,HR is asking for a new environment.,provision_vm,lexical_cue_reduced,instance;launch,,,provision_vm,10,escalate_to_human,False,2,escalate_to_human;provision_vm;process_refund;generate_report;quarantine_system
673,create a server for Finance.,Finance needs more compute capacity.,provision_vm,lexical_cue_reduced,server,,,provision_vm,10,generate_report,False,2,generate_report;provision_vm;create_ticket;process_refund;update_subscription
674,stand up a VM for Engineering.,Can we get some fresh infrastructure for Legal?,provision_vm,lexical_cue_reduced,stand;vm,,,provision_vm,10,escalate_to_human,False,6,escalate_to_human;create_ticket;process_refund;generate_report;quarantine_system
675,deploy a fresh virtual machine for Legal.,Marketing is asking for a new environment.,provision_vm,lexical_cue_reduced,deploy;machine;virtual,,,provision_vm,10,provision_vm,True,1,provision_vm;quarantine_system;escalate_to_human;send_notification;generate_report
676,bring up a compute instance for Marketing.,Engineering is asking for a new environment.,provision_vm,lexical_cue_reduced,instance,,,provision_vm,10,provision_vm,True,1,provision_vm;escalate_to_human;create_ticket;quarantine_system;generate_report
677,allocate a new VM to HR.,Marketing's current resources aren't enough.,provision_vm,lexical_cue_reduced,vm,,,provision_vm,10,generate_report,False,2,generate_report;provision_vm;send_notification;update_subscription;process_refund
678,Please provision a new VM for Legal.,The Marketing team needs their own isolated environment.,provision_vm,lexical_cue_reduced,provision;vm,,,provision_vm,10,provision_vm,True,1,provision_vm;send_notification;quarantine_system;escalate_to_human;generate_report
679,Please spin up a virtual machine for Engineering.,HR's current resources aren't enough.,provision_vm,lexical_cue_reduced,machine;spin;virtual,,,provision_vm,10,generate_report,False,4,generate_report;escalate_to_human;process_refund;provision_vm;create_ticket
680,Please launch a new instance for Finance.,We're short on infrastructure for HR.,provision_vm,lexical_cue_reduced,instance;launch,,,provision_vm,10,generate_report,False,4,generate_report;send_notification;escalate_to_human;provision_vm;quarantine_system
681,Please create a server for Legal.,We need another host for the Finance workload.,provision_vm,lexical_cue_reduced,server,,,provision_vm,10,provision_vm,True,1,provision_vm;generate_report;create_ticket;reset_password;update_subscription
682,Please stand up a VM for Legal.,Can we get some fresh infrastructure for Marketing?,provision_vm,lexical_cue_reduced,stand;vm,,,provision_vm,10,restart_service,False,2,restart_service;provision_vm;send_notification;quarantine_system;process_refund
683,Please deploy a fresh virtual machine for HR.,Can we get some fresh infrastructure for Engineering?,provision_vm,lexical_cue_reduced,deploy;machine;virtual,,,provision_vm,10,quarantine_system,False,3,quarantine_system;generate_report;provision_vm;process_refund;send_notification
684,Please bring up a compute instance for Engineering.,Can we get some fresh infrastructure for Finance?,provision_vm,lexical_cue_reduced,instance,,,provision_vm,10,generate_report,False,4,generate_report;process_refund;reset_password;provision_vm;db_write
685,Please allocate a new VM to HR.,Marketing put in a request for new hardware resources.,provision_vm,lexical_cue_reduced,vm,,,provision_vm,10,provision_vm,True,1,provision_vm;create_ticket;generate_report;process_refund;quarantine_system
686,Can you provision a new VM for Legal?,Finance put in a request for new hardware resources.,provision_vm,lexical_cue_reduced,provision;vm,,,provision_vm,10,create_ticket,False,2,create_ticket;provision_vm;generate_report;process_refund;db_write
687,Can you spin up a virtual machine for Legal?,We need another host for the HR workload.,provision_vm,lexical_cue_reduced,machine;spin;virtual,,,provision_vm,10,generate_report,False,2,generate_report;provision_vm;create_ticket;quarantine_system;process_refund
688,Can you launch a new instance for Engineering?,Someone needs to set up a new environment for HR.,provision_vm,lexical_cue_reduced,instance;launch,,,provision_vm,10,escalate_to_human,False,2,escalate_to_human;provision_vm;quarantine_system;generate_report;create_ticket
689,Can you create a server for Marketing?,We're short on infrastructure for Legal.,provision_vm,lexical_cue_reduced,server,,,provision_vm,10,escalate_to_human,False,4,escalate_to_human;create_ticket;send_notification;provision_vm;generate_report
690,Can you stand up a VM for Marketing?,We're running out of capacity for Engineering.,provision_vm,lexical_cue_reduced,stand;vm,,,provision_vm,10,generate_report,False,2,generate_report;provision_vm;quarantine_system;process_refund;send_notification
691,Can you deploy a fresh virtual machine for Legal?,We're short on infrastructure for Finance.,provision_vm,lexical_cue_reduced,deploy;machine;virtual,,,provision_vm,10,provision_vm,True,1,provision_vm;create_ticket;generate_report;send_notification;update_subscription
692,Can you bring up a compute instance for Legal?,Legal needs more compute capacity.,provision_vm,lexical_cue_reduced,instance,,,provision_vm,10,create_ticket,False,4,create_ticket;escalate_to_human;generate_report;provision_vm;process_refund
693,Can you allocate a new VM to HR?,We're running out of capacity for HR.,provision_vm,lexical_cue_reduced,vm,,,provision_vm,10,generate_report,False,4,generate_report;process_refund;quarantine_system;provision_vm;restart_service
694,Could you provision a new VM for HR for me?,Engineering needs more compute capacity.,provision_vm,lexical_cue_reduced,provision;vm,,,provision_vm,10,generate_report,False,2,generate_report;provision_vm;create_ticket;process_refund;quarantine_system
695,Could you spin up a virtual machine for HR for me?,Finance is asking for a new environment.,provision_vm,lexical_cue_reduced,machine;spin;virtual,,,provision_vm,10,create_ticket,False,2,create_ticket;provision_vm;generate_report;reset_password;process_refund
696,Could you launch a new instance for Finance for me?,Finance's current resources aren't enough.,provision_vm,lexical_cue_reduced,instance;launch,,,provision_vm,10,generate_report,False,4,generate_report;reset_password;create_ticket;provision_vm;process_refund
697,Could you create a server for Legal for me?,We're short on infrastructure for Engineering.,provision_vm,lexical_cue_reduced,server,,,provision_vm,10,send_notification,False,2,send_notification;provision_vm;escalate_to_human;create_ticket;generate_report
698,Could you stand up a VM for Finance for me?,The Engineering team needs their own isolated environment.,provision_vm,lexical_cue_reduced,stand;vm,,,provision_vm,10,quarantine_system,False,3,quarantine_system;escalate_to_human;provision_vm;generate_report;send_notification
699,Could you deploy a fresh virtual machine for Marketing for me?,We need another host for the Engineering workload.,provision_vm,lexical_cue_reduced,deploy;machine;virtual,,,provision_vm,10,provision_vm,True,1,provision_vm;generate_report;create_ticket;quarantine_system;send_notification
700,Could you bring up a compute instance for Legal for me?,HR needs more compute capacity.,provision_vm,lexical_cue_reduced,instance,,,provision_vm,10,generate_report,False,4,generate_report;process_refund;escalate_to_human;provision_vm;create_ticket
701,Could you allocate a new VM to Legal for me?,Someone needs to set up a new environment for Engineering.,provision_vm,lexical_cue_reduced,vm,,,provision_vm,10,escalate_to_human,False,2,escalate_to_human;provision_vm;quarantine_system;create_ticket;generate_report
702,I need you to provision a new VM for Legal.,Engineering's current resources aren't enough.,provision_vm,lexical_cue_reduced,provision;vm,,,provision_vm,10,generate_report,False,2,generate_report;provision_vm;create_ticket;escalate_to_human;quarantine_system
703,I need you to spin up a virtual machine for Marketing.,We're short on infrastructure for Marketing.,provision_vm,lexical_cue_reduced,machine;spin;virtual,,,provision_vm,10,send_notification,False,2,send_notification;provision_vm;generate_report;quarantine_system;update_subscription
704,I need you to launch a new instance for Finance.,Someone needs to set up a new environment for Finance.,provision_vm,lexical_cue_reduced,instance;launch,,,provision_vm,10,provision_vm,True,1,provision_vm;create_ticket;escalate_to_human;generate_report;reset_password
705,I need you to create a server for Legal.,We need another host for the Marketing workload.,provision_vm,lexical_cue_reduced,server,,,provision_vm,10,provision_vm,True,1,provision_vm;generate_report;send_notification;quarantine_system;create_ticket
706,I need you to stand up a VM for Finance.,We're running out of capacity for Marketing.,provision_vm,lexical_cue_reduced,stand;vm,,,provision_vm,10,provision_vm,True,1,provision_vm;generate_report;send_notification;process_refund;update_subscription
707,I need you to deploy a fresh virtual machine for HR.,The Legal team needs their own isolated environment.,provision_vm,lexical_cue_reduced,deploy;machine;virtual,,,provision_vm,10,escalate_to_human,False,3,escalate_to_human;create_ticket;provision_vm;quarantine_system;generate_report
708,I need you to bring up a compute instance for HR.,We need another host for the Legal workload.,provision_vm,lexical_cue_reduced,instance,,,provision_vm,10,create_ticket,False,2,create_ticket;provision_vm;escalate_to_human;generate_report;quarantine_system
709,I need you to allocate a new VM to Engineering.,Legal is asking for a new environment.,provision_vm,lexical_cue_reduced,vm,,,provision_vm,10,escalate_to_human,False,3,escalate_to_human;create_ticket;provision_vm;generate_report;process_refund
710,We should provision a new VM for Legal.,Engineering put in a request for new hardware resources.,provision_vm,lexical_cue_reduced,provision;vm,,,provision_vm,10,provision_vm,True,1,provision_vm;create_ticket;generate_report;quarantine_system;process_refund
711,We should spin up a virtual machine for HR.,Legal's current resources aren't enough.,provision_vm,lexical_cue_reduced,machine;spin;virtual,,,provision_vm,10,create_ticket,False,4,create_ticket;generate_report;escalate_to_human;provision_vm;process_refund
712,We should launch a new instance for HR.,The Finance team needs their own isolated environment.,provision_vm,lexical_cue_reduced,instance;launch,,,provision_vm,10,generate_report,False,2,generate_report;provision_vm;escalate_to_human;quarantine_system;create_ticket
713,We should create a server for Engineering.,The HR team needs their own isolated environment.,provision_vm,lexical_cue_reduced,server,,,provision_vm,10,escalate_to_human,False,4,escalate_to_human;quarantine_system;generate_report;provision_vm;send_notification
714,We should stand up a VM for Engineering.,Someone needs to set up a new environment for Legal.,provision_vm,lexical_cue_reduced,stand;vm,,,provision_vm,10,escalate_to_human,False,3,escalate_to_human;create_ticket;provision_vm;quarantine_system;generate_report
715,We should deploy a fresh virtual machine for Legal.,We're running out of capacity for Legal.,provision_vm,lexical_cue_reduced,deploy;machine;virtual,,,provision_vm,10,create_ticket,False,4,create_ticket;generate_report;escalate_to_human;provision_vm;process_refund
716,We should bring up a compute instance for Legal.,Someone needs to set up a new environment for Marketing.,provision_vm,lexical_cue_reduced,instance,,,provision_vm,10,provision_vm,True,1,provision_vm;escalate_to_human;quarantine_system;send_notification;generate_report
717,We should allocate a new VM to Finance.,Legal put in a request for new hardware resources.,provision_vm,lexical_cue_reduced,vm,,,provision_vm,10,create_ticket,False,2,create_ticket;provision_vm;generate_report;process_refund;quarantine_system
718,Let's provision a new VM for Marketing.,We're running out of capacity for Finance.,provision_vm,lexical_cue_reduced,provision;vm,,,provision_vm,10,generate_report,False,3,generate_report;process_refund;provision_vm;create_ticket;update_subscription
719,Let's spin up a virtual machine for Legal.,Can we get some fresh infrastructure for HR?,provision_vm,lexical_cue_reduced,machine;spin;virtual,,,provision_vm,10,generate_report,False,7,generate_report;process_refund;restart_service;quarantine_system;reset_password
720,Let's launch a new instance for Marketing.,Can we get some fresh infrastructure for Engineering?,provision_vm,lexical_cue_reduced,instance;launch,,,provision_vm,10,quarantine_system,False,3,quarantine_system;generate_report;provision_vm;process_refund;send_notification
721,Let's create a server for Finance.,Someone needs to set up a new environment for Marketing.,provision_vm,lexical_cue_reduced,server,,,provision_vm,10,provision_vm,True,1,provision_vm;escalate_to_human;quarantine_system;send_notification;generate_report
722,Let's stand up a VM for Legal.,Finance is asking for a new environment.,provision_vm,lexical_cue_reduced,stand;vm,,,provision_vm,10,create_ticket,False,2,create_ticket;provision_vm;generate_report;reset_password;process_refund
723,Let's deploy a fresh virtual machine for Marketing.,HR's current resources aren't enough.,provision_vm,lexical_cue_reduced,deploy;machine;virtual,,,provision_vm,10,generate_report,False,4,generate_report;escalate_to_human;process_refund;provision_vm;create_ticket
724,Let's bring up a compute instance for Legal.,Can we get some fresh infrastructure for Legal?,provision_vm,lexical_cue_reduced,instance,,,provision_vm,10,escalate_to_human,False,6,escalate_to_human;create_ticket;process_refund;generate_report;quarantine_system
725,Let's allocate a new VM to Marketing.,Legal put in a request for new hardware resources.,provision_vm,lexical_cue_reduced,vm,,,provision_vm,10,create_ticket,False,2,create_ticket;provision_vm;generate_report;process_refund;quarantine_system
726,Kindly provision a new VM for Legal.,The Marketing team needs their own isolated environment.,provision_vm,lexical_cue_reduced,provision;vm,,,provision_vm,10,provision_vm,True,1,provision_vm;send_notification;quarantine_system;escalate_to_human;generate_report
727,Kindly spin up a virtual machine for Marketing.,We're short on infrastructure for Finance.,provision_vm,lexical_cue_reduced,machine;spin;virtual,,,provision_vm,10,provision_vm,True,1,provision_vm;create_ticket;generate_report;send_notification;update_subscription
728,Kindly launch a new instance for Engineering.,We need another host for the Legal workload.,provision_vm,lexical_cue_reduced,instance;launch,,,provision_vm,10,create_ticket,False,2,create_ticket;provision_vm;escalate_to_human;generate_report;quarantine_system
729,Kindly create a server for Legal.,HR needs more compute capacity.,provision_vm,lexical_cue_reduced,server,,,provision_vm,10,generate_report,False,4,generate_report;process_refund;escalate_to_human;provision_vm;create_ticket
730,Kindly stand up a VM for Engineering.,Finance is asking for a new environment.,provision_vm,lexical_cue_reduced,stand;vm,,,provision_vm,10,create_ticket,False,2,create_ticket;provision_vm;generate_report;reset_password;process_refund
731,Kindly deploy a fresh virtual machine for HR.,Engineering put in a request for new hardware resources.,provision_vm,lexical_cue_reduced,deploy;machine;virtual,,,provision_vm,10,provision_vm,True,1,provision_vm;create_ticket;generate_report;quarantine_system;process_refund
732,Kindly bring up a compute instance for Engineering.,We're short on infrastructure for HR.,provision_vm,lexical_cue_reduced,instance,,,provision_vm,10,generate_report,False,4,generate_report;send_notification;escalate_to_human;provision_vm;quarantine_system
733,Kindly allocate a new VM to Finance.,The Finance team needs their own isolated environment.,provision_vm,lexical_cue_reduced,vm,,,provision_vm,10,generate_report,False,2,generate_report;provision_vm;escalate_to_human;quarantine_system;create_ticket
734,"When you have a moment, provision a new VM for Engineering.",HR put in a request for new hardware resources.,provision_vm,lexical_cue_reduced,provision;vm,,,provision_vm,10,generate_report,False,3,generate_report;create_ticket;provision_vm;process_refund;quarantine_system
735,"When you have a moment, spin up a virtual machine for Engineering.",We're running out of capacity for Engineering.,provision_vm,lexical_cue_reduced,machine;spin;virtual,,,provision_vm,10,generate_report,False,2,generate_report;provision_vm;quarantine_system;process_refund;send_notification
736,"When you have a moment, launch a new instance for Engineering.",Engineering needs more compute capacity.,provision_vm,lexical_cue_reduced,instance;launch,,,provision_vm,10,generate_report,False,2,generate_report;provision_vm;create_ticket;process_refund;quarantine_system
335,isolate ml-infer-05 from the network.,payment-api-03 is showing signs of compromise.,quarantine_system,lexical_cue_reduced,isolate;network,,,quarantine_system,5,generate_report,False,5,generate_report;provision_vm;send_notification;create_ticket;quarantine_system
336,quarantine host auth-svc-04.,Something on prod-web-01 looks compromised.,quarantine_system,lexical_cue_reduced,quarantine,,,quarantine_system,5,scan_malware,False,2,scan_malware;quarantine_system;generate_report;provision_vm;reset_password
337,take ml-infer-05 off the network.,Remove auth-svc-04 before it spreads to other hosts.,quarantine_system,lexical_cue_reduced,network,,,quarantine_system,5,reset_password,False,2,reset_password;quarantine_system;provision_vm;scan_malware;escalate_to_human
338,contain ml-infer-05 immediately.,Get payment-api-03 out of the environment until we know more.,quarantine_system,lexical_cue_reduced,,,,quarantine_system,5,provision_vm,False,3,provision_vm;generate_report;quarantine_system;process_refund;escalate_to_human
339,segment staging-db-02 from the rest of the environment.,Get auth-svc-04 out of the environment until we know more.,quarantine_system,lexical_cue_reduced,,,,quarantine_system,5,reset_password,False,2,reset_password;quarantine_system;scan_malware;provision_vm;process_refund
340,pull prod-web-01 out of production.,That box is behaving erratically -- cut it off.,quarantine_system,lexical_cue_reduced,production;pull,,,quarantine_system,5,quarantine_system,True,1,quarantine_system;provision_vm;escalate_to_human;create_ticket;send_notification
341,lock down ml-infer-05.,Get staging-db-02 out of the environment until we know more.,quarantine_system,lexical_cue_reduced,lock,,,quarantine_system,5,db_write,False,3,db_write;generate_report;quarantine_system;provision_vm;db_read
342,move prod-web-01 into quarantine.,ml-infer-05 shouldn't be connected to the rest of the network right now.,quarantine_system,lexical_cue_reduced,quarantine,,,quarantine_system,5,generate_report,False,5,generate_report;process_refund;provision_vm;send_notification;quarantine_system
343,Please isolate staging-db-02 from the network.,We need auth-svc-04 separated from production immediately.,quarantine_system,lexical_cue_reduced,isolate;network,,,quarantine_system,5,quarantine_system,True,1,quarantine_system;provision_vm;generate_report;create_ticket;escalate_to_human
344,Please quarantine host prod-web-01.,We need staging-db-02 separated from production immediately.,quarantine_system,lexical_cue_reduced,quarantine,,,quarantine_system,5,db_write,False,6,db_write;generate_report;provision_vm;process_refund;db_read
345,Please take ml-infer-05 off the network.,Something on ml-infer-05 looks compromised.,quarantine_system,lexical_cue_reduced,network,,,quarantine_system,5,scan_malware,False,3,scan_malware;generate_report;quarantine_system;provision_vm;send_notification
346,Please contain prod-web-01 immediately.,Remove staging-db-02 before it spreads to other hosts.,quarantine_system,lexical_cue_reduced,,,,quarantine_system,5,db_write,False,4,db_write;provision_vm;generate_report;quarantine_system;db_read
347,Please segment cdn-edge-06 from the rest of the environment.,Remove payment-api-03 before it spreads to other hosts.,quarantine_system,lexical_cue_reduced,,,,quarantine_system,5,provision_vm,False,3,provision_vm;create_ticket;quarantine_system;generate_report;process_refund
348,Please pull staging-db-02 out of production.,prod-web-01 is showing signs of compromise.,quarantine_system,lexical_cue_reduced,production;pull,,,quarantine_system,5,generate_report,False,3,generate_report;provision_vm;quarantine_system;send_notification;create_ticket
349,Please lock down auth-svc-04.,We need cdn-edge-06 separated from production immediately.,quarantine_system,lexical_cue_reduced,lock,,,quarantine_system,5,generate_report,False,6,generate_report;provision_vm;create_ticket;send_notification;process_refund
350,Please move prod-web-01 into quarantine.,cdn-edge-06 is a risk to the rest of the infrastructure.,quarantine_system,lexical_cue_reduced,quarantine,,,quarantine_system,5,provision_vm,False,2,provision_vm;quarantine_system;generate_report;create_ticket;scan_malware
351,Can you isolate staging-db-02 from the network?,Something on staging-db-02 looks compromised.,quarantine_system,lexical_cue_reduced,isolate;network,,,quarantine_system,5,db_write,False,5,db_write;db_read;scan_malware;generate_report;quarantine_system
352,Can you quarantine host ml-infer-05?,ml-infer-05 is acting weird -- get it away from everything else.,quarantine_system,lexical_cue_reduced,quarantine,,,quarantine_system,5,generate_report,False,2,generate_report;quarantine_system;provision_vm;send_notification;process_refund
353,Can you take ml-infer-05 off the network?,ml-infer-05 is a risk to the rest of the infrastructure.,quarantine_system,lexical_cue_reduced,network,,,quarantine_system,5,quarantine_system,True,1,quarantine_system;generate_report;scan_malware;provision_vm;process_refund
354,Can you contain ml-infer-05 immediately?,Something on cdn-edge-06 looks compromised.,quarantine_system,lexical_cue_reduced,,,,quarantine_system,5,scan_malware,False,2,scan_malware;quarantine_system;provision_vm;generate_report;send_notification
355,Can you segment prod-web-01 from the rest of the environment?,We can't trust ml-infer-05 anymore -- take it offline.,quarantine_system,lexical_cue_reduced,,,,quarantine_system,5,generate_report,False,2,generate_report;quarantine_system;process_refund;provision_vm;send_notification
356,Can you pull auth-svc-04 out of production?,ml-infer-05 is showing signs of compromise.,quarantine_system,lexical_cue_reduced,production;pull,,,quarantine_system,5,generate_report,False,3,generate_report;send_notification;quarantine_system;provision_vm;scan_malware
357,Can you lock down cdn-edge-06?,staging-db-02 is showing signs of compromise.,quarantine_system,lexical_cue_reduced,lock,,,quarantine_system,5,generate_report,False,6,generate_report;db_write;provision_vm;send_notification;db_read
358,Can you move ml-infer-05 into quarantine?,We need ml-infer-05 separated from production immediately.,quarantine_system,lexical_cue_reduced,quarantine,,,quarantine_system,5,generate_report,False,2,generate_report;quarantine_system;provision_vm;send_notification;process_refund
359,Could you isolate ml-infer-05 from the network for me?,prod-web-01 is acting weird -- get it away from everything else.,quarantine_system,lexical_cue_reduced,isolate;network,,,quarantine_system,5,provision_vm,False,3,provision_vm;generate_report;quarantine_system;scan_malware;process_refund
360,Could you quarantine host ml-infer-05 for me?,payment-api-03 is acting weird -- get it away from everything else.,quarantine_system,lexical_cue_reduced,quarantine,,,quarantine_system,5,provision_vm,False,3,provision_vm;generate_report;quarantine_system;process_refund;update_subscription
361,Could you take payment-api-03 off the network for me?,We can't trust staging-db-02 anymore -- take it offline.,quarantine_system,lexical_cue_reduced,network,,,quarantine_system,5,generate_report,False,2,generate_report;quarantine_system;provision_vm;db_write;process_refund
362,Could you contain payment-api-03 immediately for me?,Remove ml-infer-05 before it spreads to other hosts.,quarantine_system,lexical_cue_reduced,,,,quarantine_system,5,provision_vm,False,2,provision_vm;quarantine_system;generate_report;scan_malware;send_notification
363,Could you segment staging-db-02 from the rest of the environment for me?,auth-svc-04 is acting weird -- get it away from everything else.,quarantine_system,lexical_cue_reduced,,,,quarantine_system,5,reset_password,False,3,reset_password;scan_malware;quarantine_system;provision_vm;generate_report
364,Could you pull cdn-edge-06 out of production for me?,Remove prod-web-01 before it spreads to other hosts.,quarantine_system,lexical_cue_reduced,production;pull,,,quarantine_system,5,provision_vm,False,2,provision_vm;quarantine_system;generate_report;create_ticket;scan_malware
365,Could you lock down cdn-edge-06 for me?,payment-api-03 shouldn't be connected to the rest of the network right now.,quarantine_system,lexical_cue_reduced,lock,,,quarantine_system,5,provision_vm,False,6,provision_vm;process_refund;generate_report;update_subscription;create_ticket
366,Could you move payment-api-03 into quarantine for me?,staging-db-02 shouldn't be connected to the rest of the network right now.,quarantine_system,lexical_cue_reduced,quarantine,,,quarantine_system,5,db_write,False,7,db_write;db_read;generate_report;provision_vm;process_refund
367,I need you to isolate staging-db-02 from the network.,prod-web-01 is a risk to the rest of the infrastructure.,quarantine_system,lexical_cue_reduced,isolate;network,,,quarantine_system,5,provision_vm,False,2,provision_vm;quarantine_system;scan_malware;generate_report;process_refund
368,I need you to quarantine host payment-api-03.,Remove cdn-edge-06 before it spreads to other hosts.,quarantine_system,lexical_cue_reduced,quarantine,,,quarantine_system,5,provision_vm,False,2,provision_vm;quarantine_system;generate_report;create_ticket;send_notification
369,I need you to take auth-svc-04 off the network.,prod-web-01 shouldn't be connected to the rest of the network right now.,quarantine_system,lexical_cue_reduced,,,,quarantine_system,5,provision_vm,False,3,provision_vm;generate_report;quarantine_system;process_refund;create_ticket
370,I need you to contain staging-db-02 immediately.,auth-svc-04 shouldn't be connected to the rest of the network right now.,quarantine_system,lexical_cue_reduced,,,,quarantine_system,5,reset_password,False,4,reset_password;restart_service;process_refund;quarantine_system;create_ticket
371,I need you to segment cdn-edge-06 from the rest of the environment.,auth-svc-04 is a risk to the rest of the infrastructure.,quarantine_system,lexical_cue_reduced,,,,quarantine_system,5,scan_malware,False,2,scan_malware;quarantine_system;reset_password;provision_vm;escalate_to_human
372,I need you to pull cdn-edge-06 out of production.,Get ml-infer-05 out of the environment until we know more.,quarantine_system,lexical_cue_reduced,production;pull,,,quarantine_system,5,generate_report,False,2,generate_report;quarantine_system;send_notification;provision_vm;process_refund
373,I need you to lock down payment-api-03.,We can't trust auth-svc-04 anymore -- take it offline.,quarantine_system,lexical_cue_reduced,lock,,,quarantine_system,5,quarantine_system,True,1,quarantine_system;scan_malware;provision_vm;generate_report;process_refund
374,I need you to move auth-svc-04 into quarantine.,We need prod-web-01 separated from production immediately.,quarantine_system,lexical_cue_reduced,quarantine,,,quarantine_system,5,generate_report,False,3,generate_report;provision_vm;quarantine_system;create_ticket;process_refund
375,We should isolate payment-api-03 from the network.,We can't trust prod-web-01 anymore -- take it offline.,quarantine_system,lexical_cue_reduced,isolate;network,,,quarantine_system,5,quarantine_system,True,1,quarantine_system;generate_report;scan_malware;provision_vm;process_refund
376,We should quarantine host prod-web-01.,Get cdn-edge-06 out of the environment until we know more.,quarantine_system,lexical_cue_reduced,quarantine,,,quarantine_system,5,provision_vm,False,3,provision_vm;generate_report;quarantine_system;send_notification;create_ticket
377,We should take prod-web-01 off the network.,cdn-edge-06 is showing signs of compromise.,quarantine_system,lexical_cue_reduced,network,,,quarantine_system,5,send_notification,False,5,send_notification;create_ticket;provision_vm;generate_report;quarantine_system
378,We should contain auth-svc-04 immediately.,staging-db-02 is acting weird -- get it away from everything else.,quarantine_system,lexical_cue_reduced,,,,quarantine_system,5,generate_report,False,5,generate_report;db_write;db_read;provision_vm;quarantine_system
379,We should segment ml-infer-05 from the rest of the environment.,Something on payment-api-03 looks compromised.,quarantine_system,lexical_cue_reduced,,,,quarantine_system,5,scan_malware,False,2,scan_malware;quarantine_system;generate_report;provision_vm;process_refund
380,We should pull ml-infer-05 out of production.,Something on auth-svc-04 looks compromised.,quarantine_system,lexical_cue_reduced,production;pull,,,quarantine_system,5,scan_malware,False,3,scan_malware;reset_password;quarantine_system;provision_vm;log_audit_event
381,We should lock down prod-web-01.,We need payment-api-03 separated from production immediately.,quarantine_system,lexical_cue_reduced,lock,,,quarantine_system,5,provision_vm,False,5,provision_vm;generate_report;create_ticket;process_refund;quarantine_system
382,We should move ml-infer-05 into quarantine.,We can't trust cdn-edge-06 anymore -- take it offline.,quarantine_system,lexical_cue_reduced,quarantine,,,quarantine_system,5,quarantine_system,True,1,quarantine_system;generate_report;provision_vm;send_notification;process_refund
383,Let's isolate staging-db-02 from the network.,cdn-edge-06 is acting weird -- get it away from everything else.,quarantine_system,lexical_cue_reduced,isolate;network,,,quarantine_system,5,provision_vm,False,3,provision_vm;generate_report;quarantine_system;send_notification;create_ticket
384,Let's quarantine host ml-infer-05.,cdn-edge-06 shouldn't be connected to the rest of the network right now.,quarantine_system,lexical_cue_reduced,quarantine,,,quarantine_system,5,provision_vm,False,6,provision_vm;generate_report;send_notification;process_refund;create_ticket
385,Let's take payment-api-03 off the network.,ml-infer-05 is a risk to the rest of the infrastructure.,quarantine_system,lexical_cue_reduced,network,,,quarantine_system,5,quarantine_system,True,1,quarantine_system;generate_report;scan_malware;provision_vm;process_refund
386,Let's contain staging-db-02 immediately.,auth-svc-04 is showing signs of compromise.,quarantine_system,lexical_cue_reduced,,,,quarantine_system,5,scan_malware,False,2,scan_malware;quarantine_system;reset_password;create_ticket;escalate_to_human
387,Let's segment prod-web-01 from the rest of the environment.,staging-db-02 is a risk to the rest of the infrastructure.,quarantine_system,lexical_cue_reduced,,,,quarantine_system,5,db_write,False,5,db_write;generate_report;db_read;provision_vm;quarantine_system
388,Let's pull staging-db-02 out of production.,We can't trust payment-api-03 anymore -- take it offline.,quarantine_system,lexical_cue_reduced,production;pull,,,quarantine_system,5,quarantine_system,True,1,quarantine_system;generate_report;provision_vm;process_refund;scan_malware
389,Let's lock down payment-api-03.,payment-api-03 is acting weird -- get it away from everything else.,quarantine_system,lexical_cue_reduced,lock,,,quarantine_system,5,provision_vm,False,3,provision_vm;generate_report;quarantine_system;process_refund;update_subscription
390,Let's move payment-api-03 into quarantine.,Get prod-web-01 out of the environment until we know more.,quarantine_system,lexical_cue_reduced,quarantine,,,quarantine_system,5,provision_vm,False,2,provision_vm;quarantine_system;generate_report;scan_malware;process_refund
391,Kindly isolate staging-db-02 from the network.,payment-api-03 is a risk to the rest of the infrastructure.,quarantine_system,lexical_cue_reduced,isolate;network,,,quarantine_system,5,provision_vm,False,3,provision_vm;generate_report;quarantine_system;process_refund;scan_malware
392,Kindly quarantine host auth-svc-04.,That box is behaving erratically -- cut it off.,quarantine_system,lexical_cue_reduced,quarantine,,,quarantine_system,5,quarantine_system,True,1,quarantine_system;provision_vm;escalate_to_human;create_ticket;send_notification
393,Kindly take ml-infer-05 off the network.,We can't trust prod-web-01 anymore -- take it offline.,quarantine_system,lexical_cue_reduced,network,,,quarantine_system,5,quarantine_system,True,1,quarantine_system;generate_report;scan_malware;provision_vm;process_refund
394,Kindly contain cdn-edge-06 immediately.,ml-infer-05 is a risk to the rest of the infrastructure.,quarantine_system,lexical_cue_reduced,,,,quarantine_system,5,quarantine_system,True,1,quarantine_system;generate_report;scan_malware;provision_vm;process_refund
395,Kindly segment payment-api-03 from the rest of the environment.,Get staging-db-02 out of the environment until we know more.,quarantine_system,lexical_cue_reduced,,,,quarantine_system,5,db_write,False,3,db_write;generate_report;quarantine_system;provision_vm;db_read
396,Kindly pull ml-infer-05 out of production.,Get prod-web-01 out of the environment until we know more.,quarantine_system,lexical_cue_reduced,production;pull,,,quarantine_system,5,provision_vm,False,2,provision_vm;quarantine_system;generate_report;scan_malware;process_refund
397,Kindly lock down cdn-edge-06.,Remove auth-svc-04 before it spreads to other hosts.,quarantine_system,lexical_cue_reduced,lock,,,quarantine_system,5,reset_password,False,2,reset_password;quarantine_system;provision_vm;scan_malware;escalate_to_human
398,Kindly move ml-infer-05 into quarantine.,payment-api-03 is showing signs of compromise.,quarantine_system,lexical_cue_reduced,quarantine,,,quarantine_system,5,generate_report,False,5,generate_report;provision_vm;send_notification;create_ticket;quarantine_system
399,"When you have a moment, isolate prod-web-01 from the network.",Something on cdn-edge-06 looks compromised.,quarantine_system,lexical_cue_reduced,isolate;network,,,quarantine_system,5,scan_malware,False,2,scan_malware;quarantine_system;provision_vm;generate_report;send_notification
400,"When you have a moment, quarantine host cdn-edge-06.",Remove auth-svc-04 before it spreads to other hosts.,quarantine_system,lexical_cue_reduced,quarantine,,,quarantine_system,5,reset_password,False,2,reset_password;quarantine_system;provision_vm;scan_malware;escalate_to_human
401,"When you have a moment, take ml-infer-05 off the network.",Get cdn-edge-06 out of the environment until we know more.,quarantine_system,lexical_cue_reduced,network,,,quarantine_system,5,provision_vm,False,3,provision_vm;generate_report;quarantine_system;send_notification;create_ticket
0,look up the record for #60122.,I need the details on Bob.,query_database,lexical_cue_reduced,look;record,,,db_read,0,create_ticket,False,12,create_ticket;escalate_to_human;provision_vm;quarantine_system;generate_report
1,pull Alice's account details.,I need the details on Eve.,query_database,lexical_cue_reduced,pull,,,db_read,0,generate_report,False,10,generate_report;db_write;provision_vm;send_notification;escalate_to_human
2,retrieve information on Frank.,What do we have on file for Charlie?,query_database,lexical_cue_reduced,retrieve,,,db_read,0,generate_report,False,6,generate_report;provision_vm;quarantine_system;send_notification;db_write
3,check the database entry for Charlie.,I'm trying to find out about order #60122.,query_database,lexical_cue_reduced,check;database,,,db_read,0,generate_report,False,14,generate_report;provision_vm;create_ticket;process_refund;send_notification
4,fetch the record linked to #20891.,Grace called in -- what's their history with us?,query_database,lexical_cue_reduced,fetch;record,,,db_read,0,reset_password,False,15,reset_password;log_audit_event;update_subscription;create_ticket;provision_vm
5,search for transaction #20891 in the database.,I'm trying to find out about order #53698.,query_database,lexical_cue_reduced,database;search,,,db_read,0,generate_report,False,14,generate_report;create_ticket;provision_vm;process_refund;quarantine_system
6,bring up Bob's account information.,What do we have on file for Alice?,query_database,lexical_cue_reduced,,,,db_read,0,generate_report,False,7,generate_report;escalate_to_human;provision_vm;db_write;create_ticket
7,search the database for Frank.,Can someone get me Charlie's information?,query_database,lexical_cue_reduced,database;search,,,db_read,0,generate_report,False,2,generate_report;db_read;quarantine_system;scan_malware;provision_vm
8,Please look up the record for Alice.,"We got a question about #31450, need context.",query_database,lexical_cue_reduced,look;record,,,db_read,0,generate_report,False,11,generate_report;provision_vm;create_ticket;escalate_to_human;quarantine_system
9,Please retrieve the entry for #60122.,I'm trying to find out about order #20891.,query_database,lexical_cue_reduced,retrieve,,,db_read,0,create_ticket,False,15,create_ticket;generate_report;provision_vm;process_refund;send_notification
10,Please retrieve information on Frank.,Bob called in -- what's their history with us?,query_database,lexical_cue_reduced,retrieve,,,db_read,0,restart_service,False,14,restart_service;escalate_to_human;send_notification;quarantine_system;process_refund
11,Please check the database entry for Eve.,What's on record for Alice?,query_database,lexical_cue_reduced,check;database,,,db_read,0,escalate_to_human,False,6,escalate_to_human;generate_report;create_ticket;db_write;provision_vm
12,Please fetch the record linked to #10234.,I want to see the full picture for #42017.,query_database,lexical_cue_reduced,fetch;record,,,db_read,0,generate_report,False,11,generate_report;provision_vm;send_notification;create_ticket;quarantine_system
13,Please search for transaction #53698 in the database.,Show me what we've got for #31450.,query_database,lexical_cue_reduced,database;search,,,db_read,0,generate_report,False,10,generate_report;provision_vm;send_notification;db_write;create_ticket
14,Please bring up Diana's account information.,Who has the records related to #60122?,query_database,lexical_cue_reduced,,,,db_read,0,db_read,True,1,db_read;db_write;generate_report;create_ticket;process_refund
15,Please search the database for Alice.,Frank called in -- what's their history with us?,query_database,lexical_cue_reduced,database;search,,,db_read,0,create_ticket,False,13,create_ticket;provision_vm;escalate_to_human;generate_report;quarantine_system
16,Can you look up the record for Alice?,Tell me everything we know about Grace.,query_database,lexical_cue_reduced,look;record,,,db_read,0,update_subscription,False,14,update_subscription;provision_vm;scan_malware;generate_report;reset_password
17,Can you pull Bob's account details?,Who has the records related to #20891?,query_database,lexical_cue_reduced,details;pull,,,db_read,0,generate_report,False,4,generate_report;create_ticket;db_write;db_read;process_refund
18,Can you check the database for #53698?,I need the details on Frank.,query_database,lexical_cue_reduced,check;database,,,db_read,0,create_ticket,False,13,create_ticket;provision_vm;escalate_to_human;generate_report;quarantine_system
19,Can you pull the details associated with #53698?,Show me what we've got for #60122.,query_database,lexical_cue_reduced,details;pull,,,db_read,0,send_notification,False,13,send_notification;provision_vm;generate_report;quarantine_system;update_subscription
20,Can you fetch Alice's profile from the database?,Eve called in -- what's their history with us?,query_database,lexical_cue_reduced,database;fetch;profile,,,db_read,0,db_write,False,10,db_write;generate_report;escalate_to_human;send_notification;log_audit_event
21,Can you read the record tied to Eve?,"We got a question about #60122, need context.",query_database,lexical_cue_reduced,read;record,,,db_read,0,provision_vm,False,13,provision_vm;quarantine_system;generate_report;process_refund;create_ticket
22,Can you bring up the database entry for #20891?,I need the details on Alice.,query_database,lexical_cue_reduced,database,,,db_read,0,escalate_to_human,False,12,escalate_to_human;create_ticket;generate_report;provision_vm;send_notification
23,Can you read back the data for #60122?,"We got a question about #10234, need context.",query_database,lexical_cue_reduced,data;read,,,db_read,0,provision_vm,False,11,provision_vm;generate_report;create_ticket;process_refund;escalate_to_human
24,Could you look up the record for #60122 for me?,I'm trying to find out about order #10234.,query_database,lexical_cue_reduced,look;record,,,db_read,0,generate_report,False,12,generate_report;create_ticket;process_refund;provision_vm;send_notification
25,Could you pull Frank's account details for me?,What's on record for Bob?,query_database,lexical_cue_reduced,details;pull,,,db_read,0,generate_report,False,4,generate_report;create_ticket;check_status;db_read;escalate_to_human
26,Could you retrieve information on Eve for me?,What do we have on file for Bob?,query_database,lexical_cue_reduced,retrieve,,,db_read,0,generate_report,False,6,generate_report;provision_vm;send_notification;create_ticket;escalate_to_human
27,Could you check the database entry for Diana for me?,I want to see the full picture for #53698.,query_database,lexical_cue_reduced,check;database,,,db_read,0,generate_report,False,9,generate_report;provision_vm;db_write;send_notification;update_subscription
28,Could you fetch the record linked to #20891 for me?,Can you find what's associated with Alice's account?,query_database,lexical_cue_reduced,fetch;record,,,db_read,0,reset_password,False,5,reset_password;update_subscription;generate_report;escalate_to_human;db_read
29,Could you search for transaction #42017 in the database for me?,Can someone get me Frank's information?,query_database,lexical_cue_reduced,database;search,,,db_read,0,generate_report,False,7,generate_report;create_ticket;provision_vm;escalate_to_human;quarantine_system
30,Could you bring up the database entry for #31450 for me?,I want to see the full picture for #20891.,query_database,lexical_cue_reduced,database,,,db_read,0,generate_report,False,10,generate_report;provision_vm;create_ticket;send_notification;quarantine_system
31,Could you read back the data for #10234 for me?,Tell me everything we know about Charlie.,query_database,lexical_cue_reduced,data;read,,,db_read,0,quarantine_system,False,10,quarantine_system;scan_malware;provision_vm;generate_report;send_notification
32,I need you to look up the record for #20891.,Who has the records related to #42017?,query_database,lexical_cue_reduced,look;record,,,db_read,0,db_read,True,1,db_read;db_write;generate_report;process_refund;create_ticket
33,I need you to retrieve the entry for #60122.,"We got a question about #42017, need context.",query_database,lexical_cue_reduced,retrieve,,,db_read,0,provision_vm,False,15,provision_vm;generate_report;process_refund;quarantine_system;create_ticket
34,I need you to retrieve information on Diana.,I want to see the full picture for #60122.,query_database,lexical_cue_reduced,retrieve,,,db_read,0,generate_report,False,9,generate_report;provision_vm;send_notification;quarantine_system;db_write
35,I need you to pull the details associated with #31450.,Can someone get me Grace's information?,query_database,lexical_cue_reduced,details;pull,,,db_read,0,reset_password,False,6,reset_password;scan_malware;update_subscription;generate_report;log_audit_event
36,I need you to fetch the record linked to #31450.,Diana called in -- what's their history with us?,query_database,lexical_cue_reduced,fetch;record,,,db_read,0,db_read,True,1,db_read;db_write;generate_report;escalate_to_human;process_refund
37,I need you to read the record tied to Bob.,What do we have on file for Grace?,query_database,lexical_cue_reduced,read;record,,,db_read,0,generate_report,False,7,generate_report;provision_vm;db_write;log_audit_event;create_ticket
38,I need you to bring up Bob's account information.,Tell me everything we know about Eve.,query_database,lexical_cue_reduced,,,,db_read,0,generate_report,False,7,generate_report;send_notification;db_write;escalate_to_human;quarantine_system
39,I need you to search the database for Grace.,Can you find what's associated with Bob's account?,query_database,lexical_cue_reduced,database;search,,,db_read,0,reset_password,False,4,reset_password;scan_malware;update_subscription;db_read;generate_report
40,We should look up the record for Charlie.,Can you find what's associated with Frank's account?,query_database,lexical_cue_reduced,look;record,,,db_read,0,update_subscription,False,6,update_subscription;reset_password;generate_report;provision_vm;scan_malware
41,We should pull Alice's account details.,Tell me everything we know about Diana.,query_database,lexical_cue_reduced,details;pull,,,db_read,0,db_read,True,1,db_read;db_write;generate_report;escalate_to_human;quarantine_system
42,We should retrieve information on Alice.,Can you find what's associated with Eve's account?,query_database,lexical_cue_reduced,retrieve,,,db_read,0,reset_password,False,4,reset_password;generate_report;scan_malware;db_read;update_subscription
43,We should check the database entry for Diana.,Show me what we've got for #42017.,query_database,lexical_cue_reduced,check;database,,,db_read,0,send_notification,False,15,send_notification;generate_report;provision_vm;process_refund;update_subscription
44,We should fetch the record linked to #10234.,I need the details on Grace.,query_database,lexical_cue_reduced,fetch;record,,,db_read,0,reset_password,False,13,reset_password;create_ticket;provision_vm;update_subscription;escalate_to_human
45,We should read the record tied to Charlie.,Tell me everything we know about Frank.,query_database,lexical_cue_reduced,read;record,,,db_read,0,provision_vm,False,11,provision_vm;create_ticket;generate_report;quarantine_system;escalate_to_human
46,We should bring up Grace's account information.,I want to see the full picture for #10234.,query_database,lexical_cue_reduced,,,,db_read,0,generate_report,False,8,generate_report;provision_vm;send_notification;create_ticket;db_write
47,We should search the database for Charlie.,Alice called in -- what's their history with us?,query_database,lexical_cue_reduced,database;search,,,db_read,0,escalate_to_human,False,12,escalate_to_human;generate_report;create_ticket;provision_vm;send_notification
48,Let's look up the record for Charlie.,What do we have on file for Diana?,query_database,lexical_cue_reduced,look;record,,,db_read,0,db_read,True,1,db_read;generate_report;db_write;provision_vm;create_ticket
49,Let's retrieve the entry for #10234.,I'm trying to find out about order #42017.,query_database,lexical_cue_reduced,retrieve,,,db_read,0,generate_report,False,14,generate_report;provision_vm;process_refund;send_notification;create_ticket
50,Let's check the database for #60122.,Show me what we've got for #10234.,query_database,lexical_cue_reduced,check;database,,,db_read,0,generate_report,False,14,generate_report;send_notification;provision_vm;process_refund;create_ticket
51,Let's pull the details associated with #42017.,What's on record for Diana?,query_database,lexical_cue_reduced,details;pull,,,db_read,0,db_read,True,1,db_read;db_write;generate_report;escalate_to_human;process_refund
52,Let's fetch Eve's profile from the database.,What's on record for Frank?,query_database,lexical_cue_reduced,database;fetch;profile,,,db_read,0,create_ticket,False,6,create_ticket;generate_report;provision_vm;escalate_to_human;db_write
53,Let's search for transaction #10234 in the database.,Tell me everything we know about Bob.,query_database,lexical_cue_reduced,database;search,,,db_read,0,quarantine_system,False,11,quarantine_system;send_notification;provision_vm;check_status;generate_report
54,Let's bring up Alice's account information.,What's on record for Grace?,query_database,lexical_cue_reduced,,,,db_read,0,reset_password,False,5,reset_password;log_audit_event;generate_report;create_ticket;db_read
55,Let's search the database for Eve.,Can someone get me Alice's information?,query_database,lexical_cue_reduced,database;search,,,db_read,0,escalate_to_human,False,3,escalate_to_human;generate_report;db_read;db_write;update_subscription
56,Kindly look up the record for #31450.,What do we have on file for Frank?,query_database,lexical_cue_reduced,look;record,,,db_read,0,generate_report,False,8,generate_report;provision_vm;create_ticket;escalate_to_human;send_notification
57,Kindly pull Grace's account details.,Charlie called in -- what's their history with us?,query_database,lexical_cue_reduced,details;pull,,,db_read,0,quarantine_system,False,14,quarantine_system;escalate_to_human;provision_vm;send_notification;generate_report
58,Kindly check the database for #60122.,I want to see the full picture for #31450.,query_database,lexical_cue_reduced,check;database,,,db_read,0,generate_report,False,8,generate_report;provision_vm;send_notification;db_write;create_ticket
59,Kindly check the database entry for Eve.,Show me what we've got for #20891.,query_database,lexical_cue_reduced,check;database,,,db_read,0,generate_report,False,14,generate_report;provision_vm;create_ticket;send_notification;escalate_to_human
60,Kindly fetch Grace's profile from the database.,Can you find what's associated with Diana's account?,query_database,lexical_cue_reduced,database;fetch;profile,,,db_read,0,db_read,True,1,db_read;reset_password;generate_report;update_subscription;db_write
61,Kindly read the record tied to Charlie.,What's on record for Charlie?,query_database,lexical_cue_reduced,read,,,db_read,0,generate_report,False,4,generate_report;quarantine_system;process_refund;db_read;create_ticket
62,Kindly bring up the database entry for #53698.,Can someone get me Bob's information?,query_database,lexical_cue_reduced,database,,,db_read,0,generate_report,False,2,generate_report;db_read;scan_malware;check_status;provision_vm
63,Kindly search the database for Bob.,Can someone get me Eve's information?,query_database,lexical_cue_reduced,database;search,,,db_read,0,generate_report,False,2,generate_report;db_read;db_write;send_notification;log_audit_event
64,"When you have a moment, look up the record for Frank.",I'm trying to find out about order #31450.,query_database,lexical_cue_reduced,look;record,,,db_read,0,generate_report,False,13,generate_report;provision_vm;create_ticket;send_notification;process_refund
65,"When you have a moment, retrieve the entry for #10234.",What's on record for Eve?,query_database,lexical_cue_reduced,retrieve,,,db_read,0,db_write,False,4,db_write;generate_report;log_audit_event;db_read;escalate_to_human
66,"When you have a moment, retrieve information on Frank.",I need the details on Charlie.,query_database,lexical_cue_reduced,retrieve,,,db_read,0,quarantine_system,False,11,quarantine_system;provision_vm;generate_report;escalate_to_human;create_ticket
134,reset Bob's password.,Frank can't log in anymore.,reset_password,lexical_cue_reduced,password;reset,,,reset_password,2,reset_password,True,1,reset_password;update_subscription;process_refund;create_ticket;provision_vm
135,issue a new password for Eve.,Grace is complaining about being locked out.,reset_password,lexical_cue_reduced,password,,,reset_password,2,reset_password,True,1,reset_password;create_ticket;escalate_to_human;update_subscription;provision_vm
136,force a password reset for Alice.,Alice can't log in anymore.,reset_password,lexical_cue_reduced,force;password;reset,,,reset_password,2,reset_password,True,1,reset_password;log_audit_event;process_refund;escalate_to_human;update_subscription
137,rotate Grace's login credentials.,Eve forgot how to access the system.,reset_password,lexical_cue_reduced,credentials;login;rotate,,,reset_password,2,process_refund,False,5,process_refund;generate_report;provision_vm;quarantine_system;reset_password
138,replace Alice's current password.,Diana can't log in anymore.,reset_password,lexical_cue_reduced,password,,,reset_password,2,reset_password,True,1,reset_password;log_audit_event;process_refund;generate_report;scan_malware
139,set a fresh password for Grace.,Eve is complaining about being locked out.,reset_password,lexical_cue_reduced,password,,,reset_password,2,escalate_to_human,False,6,escalate_to_human;create_ticket;provision_vm;generate_report;quarantine_system
140,trigger a credential reset for Alice.,Diana keeps getting 'access denied'.,reset_password,lexical_cue_reduced,credential;reset,,,reset_password,2,reset_password,True,1,reset_password;scan_malware;log_audit_event;generate_report;process_refund
141,invalidate the old password and create a new one for Bob.,We need to restore Grace's access.,reset_password,lexical_cue_reduced,password,,,reset_password,2,reset_password,True,1,reset_password;update_subscription;scan_malware;log_audit_event;process_refund
142,Please reset Frank's password.,Eve can't authenticate since this morning.,reset_password,lexical_cue_reduced,password;reset,,,reset_password,2,reset_password,True,1,reset_password;generate_report;scan_malware;escalate_to_human;log_audit_event
143,Please issue a new password for Bob.,Charlie says the system won't let them in.,reset_password,lexical_cue_reduced,password,,,reset_password,2,quarantine_system,False,10,quarantine_system;provision_vm;generate_report;process_refund;scan_malware
144,Please force a password reset for Grace.,Frank can't authenticate since this morning.,reset_password,lexical_cue_reduced,force;password;reset,,,reset_password,2,reset_password,True,1,reset_password;escalate_to_human;update_subscription;quarantine_system;provision_vm
145,Please rotate Frank's login credentials.,Charlie can't authenticate since this morning.,reset_password,lexical_cue_reduced,credentials;login;rotate,,,reset_password,2,reset_password,True,1,reset_password;quarantine_system;scan_malware;escalate_to_human;generate_report
146,Please replace Diana's current password.,Charlie forgot how to access the system.,reset_password,lexical_cue_reduced,password,,,reset_password,2,process_refund,False,7,process_refund;quarantine_system;provision_vm;restart_service;generate_report
147,Please set a fresh password for Eve.,Diana says the system won't let them in.,reset_password,lexical_cue_reduced,password,,,reset_password,2,quarantine_system,False,10,quarantine_system;generate_report;provision_vm;process_refund;escalate_to_human
148,Please trigger a credential reset for Alice.,Alice is complaining about being locked out.,reset_password,lexical_cue_reduced,credential;reset,,,reset_password,2,escalate_to_human,False,7,escalate_to_human;create_ticket;provision_vm;process_refund;generate_report
149,Please invalidate the old password and create a new one for Diana.,Grace can't authenticate since this morning.,reset_password,lexical_cue_reduced,password,,,reset_password,2,reset_password,True,1,reset_password;update_subscription;scan_malware;log_audit_event;escalate_to_human
150,Can you reset Diana's password?,Alice is locked out of their account.,reset_password,lexical_cue_reduced,password;reset,,,reset_password,2,reset_password,True,1,reset_password;escalate_to_human;update_subscription;provision_vm;create_ticket
151,Can you issue a new password for Eve?,Frank says the system won't let them in.,reset_password,lexical_cue_reduced,password,,,reset_password,2,provision_vm,False,8,provision_vm;quarantine_system;generate_report;create_ticket;escalate_to_human
152,Can you force a password reset for Diana?,Alice's credentials are expired.,reset_password,lexical_cue_reduced,force;password;reset,,,reset_password,2,reset_password,True,1,reset_password;update_subscription;escalate_to_human;provision_vm;generate_report
153,Can you rotate Eve's login credentials?,Charlie has been unable to sign in all day.,reset_password,lexical_cue_reduced,credentials;login;rotate,,,reset_password,2,reset_password,True,1,reset_password;scan_malware;quarantine_system;log_audit_event;create_ticket
154,Can you replace Charlie's current password?,We need to restore Eve's access.,reset_password,lexical_cue_reduced,password,,,reset_password,2,reset_password,True,1,reset_password;generate_report;process_refund;log_audit_event;quarantine_system
155,Can you set a fresh password for Eve?,Alice forgot how to access the system.,reset_password,lexical_cue_reduced,password,,,reset_password,2,process_refund,False,3,process_refund;provision_vm;reset_password;quarantine_system;generate_report
156,Can you trigger a credential reset for Grace?,Alice can't authenticate since this morning.,reset_password,lexical_cue_reduced,credential;reset,,,reset_password,2,reset_password,True,1,reset_password;escalate_to_human;update_subscription;log_audit_event;generate_report
157,Can you invalidate the old password and create a new one for Alice?,Grace can't log in anymore.,reset_password,lexical_cue_reduced,password,,,reset_password,2,reset_password,True,1,reset_password;log_audit_event;update_subscription;scan_malware;process_refund
158,Could you reset Frank's password for me?,We need to restore Bob's access.,reset_password,lexical_cue_reduced,password;reset,,,reset_password,2,reset_password,True,1,reset_password;process_refund;quarantine_system;log_audit_event;generate_report
159,Could you issue a new password for Frank for me?,Diana is complaining about being locked out.,reset_password,lexical_cue_reduced,password,,,reset_password,2,create_ticket,False,7,create_ticket;escalate_to_human;generate_report;provision_vm;process_refund
160,Could you force a password reset for Alice for me?,Charlie is locked out of their account.,reset_password,lexical_cue_reduced,force;password;reset,,,reset_password,2,reset_password,True,1,reset_password;update_subscription;quarantine_system;scan_malware;provision_vm
161,Could you rotate Grace's login credentials for me?,Frank is locked out of their account.,reset_password,lexical_cue_reduced,credentials;login;rotate,,,reset_password,2,reset_password,True,1,reset_password;update_subscription;provision_vm;escalate_to_human;create_ticket
162,Could you replace Charlie's current password for me?,Bob is complaining about being locked out.,reset_password,lexical_cue_reduced,password,,,reset_password,2,create_ticket,False,7,create_ticket;escalate_to_human;provision_vm;quarantine_system;process_refund
163,Could you set a fresh password for Grace for me?,Grace's credentials are expired.,reset_password,lexical_cue_reduced,password,,,reset_password,2,reset_password,True,1,reset_password;update_subscription;scan_malware;log_audit_event;provision_vm
164,Could you trigger a credential reset for Frank for me?,Eve has been unable to sign in all day.,reset_password,lexical_cue_reduced,credential;reset,,,reset_password,2,reset_password,True,1,reset_password;scan_malware;update_subscription;log_audit_event;generate_report
165,Could you invalidate the old password and create a new one for Charlie for me?,Alice has been unable to sign in all day.,reset_password,lexical_cue_reduced,password,,,reset_password,2,reset_password,True,1,reset_password;escalate_to_human;update_subscription;create_ticket;log_audit_event
166,I need you to reset Alice's password.,Diana's credentials are expired.,reset_password,lexical_cue_reduced,password;reset,,,reset_password,2,reset_password,True,1,reset_password;generate_report;process_refund;update_subscription;escalate_to_human
167,I need you to issue a new password for Charlie.,Grace has been unable to sign in all day.,reset_password,lexical_cue_reduced,password,,,reset_password,2,reset_password,True,1,reset_password;update_subscription;scan_malware;log_audit_event;create_ticket
168,I need you to force a password reset for Diana.,We need to restore Alice's access.,reset_password,lexical_cue_reduced,force;password;reset,,,reset_password,2,reset_password,True,1,reset_password;escalate_to_human;generate_report;process_refund;update_subscription
169,I need you to rotate Bob's login credentials.,We need to restore Frank's access.,reset_password,lexical_cue_reduced,credentials;login;rotate,,,reset_password,2,reset_password,True,1,reset_password;generate_report;quarantine_system;provision_vm;update_subscription
170,I need you to replace Diana's current password.,Bob has been unable to sign in all day.,reset_password,lexical_cue_reduced,password,,,reset_password,2,reset_password,True,1,reset_password;scan_malware;create_ticket;log_audit_event;quarantine_system
171,I need you to set a fresh password for Alice.,Bob forgot how to access the system.,reset_password,lexical_cue_reduced,password,,,reset_password,2,process_refund,False,5,process_refund;restart_service;quarantine_system;provision_vm;reset_password
172,I need you to trigger a credential reset for Frank.,Bob can't log in anymore.,reset_password,lexical_cue_reduced,credential;reset,,,reset_password,2,reset_password,True,1,reset_password;process_refund;log_audit_event;scan_malware;restart_service
173,I need you to invalidate the old password and create a new one for Frank.,Diana can't authenticate since this morning.,reset_password,lexical_cue_reduced,password,,,reset_password,2,reset_password,True,1,reset_password;escalate_to_human;generate_report;log_audit_event;scan_malware
174,We should reset Charlie's password.,Bob keeps getting 'access denied'.,reset_password,lexical_cue_reduced,password;reset,,,reset_password,2,reset_password,True,1,reset_password;scan_malware;log_audit_event;quarantine_system;process_refund
175,We should issue a new password for Eve.,Frank keeps getting 'access denied'.,reset_password,lexical_cue_reduced,password,,,reset_password,2,reset_password,True,1,reset_password;scan_malware;create_ticket;quarantine_system;escalate_to_human
176,We should force a password reset for Grace.,Eve's credentials are expired.,reset_password,lexical_cue_reduced,force;password;reset,,,reset_password,2,reset_password,True,1,reset_password;update_subscription;generate_report;scan_malware;provision_vm
177,We should rotate Bob's login credentials.,Grace says the system won't let them in.,reset_password,lexical_cue_reduced,credentials;login;rotate,,,reset_password,2,quarantine_system,False,2,quarantine_system;reset_password;provision_vm;scan_malware;escalate_to_human
178,We should replace Eve's current password.,Alice keeps getting 'access denied'.,reset_password,lexical_cue_reduced,password,,,reset_password,2,reset_password,True,1,reset_password;escalate_to_human;scan_malware;log_audit_event;update_subscription
179,We should set a fresh password for Alice.,Eve is locked out of their account.,reset_password,lexical_cue_reduced,password,,,reset_password,2,reset_password,True,1,reset_password;update_subscription;provision_vm;scan_malware;generate_report
180,We should trigger a credential reset for Grace.,Bob can't authenticate since this morning.,reset_password,lexical_cue_reduced,credential;reset,,,reset_password,2,reset_password,True,1,reset_password;scan_malware;escalate_to_human;quarantine_system;log_audit_event
181,We should invalidate the old password and create a new one for Frank.,Frank is complaining about being locked out.,reset_password,lexical_cue_reduced,password,,,reset_password,2,create_ticket,False,6,create_ticket;escalate_to_human;provision_vm;quarantine_system;generate_report
182,Let's reset Grace's password.,Charlie can't log in anymore.,reset_password,lexical_cue_reduced,password;reset,,,reset_password,2,reset_password,True,1,reset_password;scan_malware;process_refund;log_audit_event;quarantine_system
183,Let's issue a new password for Frank.,Eve can't log in anymore.,reset_password,lexical_cue_reduced,password,,,reset_password,2,reset_password,True,1,reset_password;log_audit_event;process_refund;scan_malware;restart_service
184,Let's force a password reset for Eve.,Alice says the system won't let them in.,reset_password,lexical_cue_reduced,force;password;reset,,,reset_password,2,escalate_to_human,False,7,escalate_to_human;provision_vm;quarantine_system;create_ticket;generate_report
185,Let's rotate Bob's login credentials.,We need to restore Charlie's access.,reset_password,lexical_cue_reduced,credentials;login;rotate,,,reset_password,2,reset_password,True,1,reset_password;quarantine_system;process_refund;generate_report;scan_malware
186,Let's replace Bob's current password.,Grace keeps getting 'access denied'.,reset_password,lexical_cue_reduced,password,,,reset_password,2,reset_password,True,1,reset_password;scan_malware;log_audit_event;update_subscription;process_refund
187,Let's set a fresh password for Charlie.,Diana forgot how to access the system.,reset_password,lexical_cue_reduced,password,,,reset_password,2,process_refund,False,7,process_refund;generate_report;restart_service;quarantine_system;provision_vm
188,Let's trigger a credential reset for Grace.,Charlie is complaining about being locked out.,reset_password,lexical_cue_reduced,credential;reset,,,reset_password,2,create_ticket,False,7,create_ticket;escalate_to_human;quarantine_system;provision_vm;process_refund
189,Let's invalidate the old password and create a new one for Bob.,Frank's credentials are expired.,reset_password,lexical_cue_reduced,password,,,reset_password,2,reset_password,True,1,reset_password;update_subscription;provision_vm;create_ticket;escalate_to_human
190,Kindly reset Eve's password.,Frank has been unable to sign in all day.,reset_password,lexical_cue_reduced,password;reset,,,reset_password,2,reset_password,True,1,reset_password;create_ticket;update_subscription;provision_vm;escalate_to_human
191,Kindly issue a new password for Grace.,Grace forgot how to access the system.,reset_password,lexical_cue_reduced,password,,,reset_password,2,reset_password,True,1,reset_password;process_refund;restart_service;provision_vm;scan_malware
192,Kindly force a password reset for Eve.,Frank forgot how to access the system.,reset_password,lexical_cue_reduced,force;password;reset,,,reset_password,2,process_refund,False,6,process_refund;provision_vm;quarantine_system;generate_report;restart_service
193,Kindly rotate Alice's login credentials.,Diana has been unable to sign in all day.,reset_password,lexical_cue_reduced,credentials;login;rotate,,,reset_password,2,reset_password,True,1,reset_password;log_audit_event;create_ticket;scan_malware;escalate_to_human
194,Kindly replace Eve's current password.,Charlie keeps getting 'access denied'.,reset_password,lexical_cue_reduced,password,,,reset_password,2,scan_malware,False,2,scan_malware;reset_password;quarantine_system;log_audit_event;process_refund
195,Kindly set a fresh password for Charlie.,Bob is locked out of their account.,reset_password,lexical_cue_reduced,password,,,reset_password,2,reset_password,True,1,reset_password;escalate_to_human;update_subscription;quarantine_system;provision_vm
196,Kindly trigger a credential reset for Diana.,Bob's credentials are expired.,reset_password,lexical_cue_reduced,credential;reset,,,reset_password,2,reset_password,True,1,reset_password;update_subscription;scan_malware;provision_vm;process_refund
197,Kindly invalidate the old password and create a new one for Alice.,Bob says the system won't let them in.,reset_password,lexical_cue_reduced,password,,,reset_password,2,quarantine_system,False,8,quarantine_system;provision_vm;process_refund;generate_report;create_ticket
198,"When you have a moment, reset Alice's password.",Grace is locked out of their account.,reset_password,lexical_cue_reduced,password;reset,,,reset_password,2,reset_password,True,1,reset_password;update_subscription;scan_malware;provision_vm;escalate_to_human
199,"When you have a moment, issue a new password for Charlie.",Diana is locked out of their account.,reset_password,lexical_cue_reduced,password,,,reset_password,2,reset_password,True,1,reset_password;update_subscription;escalate_to_human;generate_report;provision_vm
200,"When you have a moment, force a password reset for Grace.",Alice can't log in anymore.,reset_password,lexical_cue_reduced,force;password;reset,,,reset_password,2,reset_password,True,1,reset_password;log_audit_event;process_refund;escalate_to_human;update_subscription
737,restart the service on staging-db-02.,The process on ml-infer-05 is hung.,restart_service,lexical_cue_reduced,restart;service,,,restart_service,11,generate_report,False,6,generate_report;process_refund;quarantine_system;provision_vm;db_write
738,reboot staging-db-02.,Something on payment-api-03 stopped working.,restart_service,lexical_cue_reduced,reboot,,,restart_service,11,process_refund,False,13,process_refund;generate_report;provision_vm;create_ticket;quarantine_system
739,bounce the service running on prod-web-01.,Requests to staging-db-02 are timing out.,restart_service,lexical_cue_reduced,bounce;service,,,restart_service,11,generate_report,False,13,generate_report;db_write;db_read;create_ticket;process_refund
740,cycle ml-infer-05.,The application on cdn-edge-06 is frozen.,restart_service,lexical_cue_reduced,cycle,,,restart_service,11,process_refund,False,4,process_refund;provision_vm;generate_report;restart_service;quarantine_system
741,restart staging-db-02's service process.,staging-db-02 has been unresponsive.,restart_service,lexical_cue_reduced,process;restart;service,,,restart_service,11,db_write,False,2,db_write;restart_service;process_refund;generate_report;db_read
742,bring the service on staging-db-02 back up.,Something on prod-web-01 stopped working.,restart_service,lexical_cue_reduced,service,,,restart_service,11,process_refund,False,8,process_refund;generate_report;provision_vm;quarantine_system;create_ticket
743,reload the service hosted on staging-db-02.,Requests to payment-api-03 are timing out.,restart_service,lexical_cue_reduced,service,,,restart_service,11,generate_report,False,15,generate_report;create_ticket;process_refund;provision_vm;quarantine_system
744,perform a service restart on auth-svc-04.,Requests to auth-svc-04 are timing out.,restart_service,lexical_cue_reduced,restart;service,,,restart_service,11,reset_password,False,10,reset_password;create_ticket;scan_malware;log_audit_event;quarantine_system
745,Please restart the service on cdn-edge-06.,ml-infer-05 is stuck and not serving requests.,restart_service,lexical_cue_reduced,restart;service,,,restart_service,11,generate_report,False,9,generate_report;process_refund;quarantine_system;provision_vm;scan_malware
746,Please reboot prod-web-01.,cdn-edge-06 needs a fresh start.,restart_service,lexical_cue_reduced,reboot,,,restart_service,11,provision_vm,False,8,provision_vm;generate_report;process_refund;quarantine_system;create_ticket
747,Please bounce the service running on ml-infer-05.,ml-infer-05 hasn't responded in a while.,restart_service,lexical_cue_reduced,bounce;service,,,restart_service,11,generate_report,False,11,generate_report;process_refund;quarantine_system;send_notification;provision_vm
748,Please cycle staging-db-02.,Requests to ml-infer-05 are timing out.,restart_service,lexical_cue_reduced,cycle,,,restart_service,11,generate_report,False,14,generate_report;process_refund;quarantine_system;provision_vm;scan_malware
749,Please restart cdn-edge-06's service process.,Users are complaining that cdn-edge-06 is down.,restart_service,lexical_cue_reduced,process;restart;service,,,restart_service,11,send_notification,False,12,send_notification;generate_report;provision_vm;create_ticket;escalate_to_human
750,Please bring the service on payment-api-03 back up.,The process on cdn-edge-06 is hung.,restart_service,lexical_cue_reduced,service,,,restart_service,11,provision_vm,False,6,provision_vm;process_refund;generate_report;create_ticket;quarantine_system
751,Please reload the service hosted on payment-api-03.,payment-api-03 is stuck and not serving requests.,restart_service,lexical_cue_reduced,service,,,restart_service,11,process_refund,False,11,process_refund;create_ticket;generate_report;provision_vm;quarantine_system
752,Please perform a service restart on staging-db-02.,Users are complaining that staging-db-02 is down.,restart_service,lexical_cue_reduced,restart;service,,,restart_service,11,generate_report,False,11,generate_report;db_write;provision_vm;send_notification;create_ticket
753,Can you restart the service on ml-infer-05?,The service on ml-infer-05 is in a bad state.,restart_service,lexical_cue_reduced,restart,,,restart_service,11,quarantine_system,False,6,quarantine_system;generate_report;process_refund;provision_vm;send_notification
754,Can you reboot ml-infer-05?,Users are complaining that ml-infer-05 is down.,restart_service,lexical_cue_reduced,reboot,,,restart_service,11,generate_report,False,12,generate_report;send_notification;provision_vm;process_refund;quarantine_system
755,Can you bounce the service running on cdn-edge-06?,payment-api-03 hasn't responded in a while.,restart_service,lexical_cue_reduced,bounce;service,,,restart_service,11,generate_report,False,15,generate_report;provision_vm;quarantine_system;create_ticket;process_refund
756,Can you cycle cdn-edge-06?,cdn-edge-06 is stuck and not serving requests.,restart_service,lexical_cue_reduced,cycle,,,restart_service,11,process_refund,False,8,process_refund;generate_report;create_ticket;provision_vm;quarantine_system
757,Can you restart prod-web-01's service process?,The service on auth-svc-04 is in a bad state.,restart_service,lexical_cue_reduced,process;restart,,,restart_service,11,restart_service,True,1,restart_service;quarantine_system;process_refund;provision_vm;generate_report
758,Can you bring the service on staging-db-02 back up?,auth-svc-04 is stuck and not serving requests.,restart_service,lexical_cue_reduced,service,,,restart_service,11,reset_password,False,2,reset_password;restart_service;log_audit_event;process_refund;create_ticket
759,Can you reload the service hosted on payment-api-03?,prod-web-01 needs a fresh start.,restart_service,lexical_cue_reduced,service,,,restart_service,11,generate_report,False,11,generate_report;provision_vm;quarantine_system;process_refund;create_ticket
760,Can you perform a service restart on prod-web-01?,Something on cdn-edge-06 stopped working.,restart_service,lexical_cue_reduced,restart;service,,,restart_service,11,process_refund,False,6,process_refund;generate_report;create_ticket;provision_vm;quarantine_system
761,Could you restart the service on ml-infer-05 for me?,Users are complaining that prod-web-01 is down.,restart_service,lexical_cue_reduced,restart;service,,,restart_service,11,generate_report,False,12,generate_report;provision_vm;create_ticket;send_notification;quarantine_system
762,Could you reboot prod-web-01 for me?,The application on auth-svc-04 is frozen.,restart_service,lexical_cue_reduced,reboot,,,restart_service,11,restart_service,True,1,restart_service;reset_password;process_refund;quarantine_system;provision_vm
763,Could you bounce the service running on payment-api-03 for me?,ml-infer-05 has been unresponsive.,restart_service,lexical_cue_reduced,bounce;service,,,restart_service,11,process_refund,False,4,process_refund;generate_report;quarantine_system;restart_service;provision_vm
764,Could you cycle ml-infer-05 for me?,Requests to prod-web-01 are timing out.,restart_service,lexical_cue_reduced,cycle,,,restart_service,11,generate_report,False,13,generate_report;create_ticket;provision_vm;quarantine_system;process_refund
765,Could you restart cdn-edge-06's service process for me?,The process on payment-api-03 is hung.,restart_service,lexical_cue_reduced,restart;service,,,restart_service,11,process_refund,False,10,process_refund;generate_report;provision_vm;create_ticket;quarantine_system
766,Could you bring the service on auth-svc-04 back up for me?,staging-db-02 is stuck and not serving requests.,restart_service,lexical_cue_reduced,service,,,restart_service,11,db_read,False,5,db_read;db_write;generate_report;process_refund;restart_service
767,Could you reload the service hosted on auth-svc-04 for me?,The process on auth-svc-04 is hung.,restart_service,lexical_cue_reduced,service,,,restart_service,11,restart_service,True,1,restart_service;reset_password;process_refund;quarantine_system;log_audit_event
768,Could you perform a service restart on cdn-edge-06 for me?,Users are complaining that auth-svc-04 is down.,restart_service,lexical_cue_reduced,restart;service,,,restart_service,11,create_ticket,False,10,create_ticket;escalate_to_human;quarantine_system;send_notification;process_refund
769,I need you to restart the service on staging-db-02.,The process on prod-web-01 is hung.,restart_service,lexical_cue_reduced,restart;service,,,restart_service,11,generate_report,False,8,generate_report;process_refund;provision_vm;quarantine_system;create_ticket
770,I need you to reboot prod-web-01.,Something on ml-infer-05 stopped working.,restart_service,lexical_cue_reduced,reboot,,,restart_service,11,generate_report,False,9,generate_report;process_refund;quarantine_system;provision_vm;log_audit_event
771,I need you to bounce the service running on ml-infer-05.,The service on payment-api-03 is in a bad state.,restart_service,lexical_cue_reduced,bounce,,,restart_service,11,provision_vm,False,9,provision_vm;process_refund;quarantine_system;generate_report;create_ticket
772,I need you to cycle cdn-edge-06.,The service on prod-web-01 is in a bad state.,restart_service,lexical_cue_reduced,cycle,,,restart_service,11,quarantine_system,False,6,quarantine_system;provision_vm;process_refund;generate_report;create_ticket
773,I need you to restart cdn-edge-06's service process.,auth-svc-04 hasn't responded in a while.,restart_service,lexical_cue_reduced,process;restart;service,,,restart_service,11,reset_password,False,10,reset_password;quarantine_system;generate_report;log_audit_event;escalate_to_human
774,I need you to bring the service on staging-db-02 back up.,ml-infer-05 needs a fresh start.,restart_service,lexical_cue_reduced,service,,,restart_service,11,generate_report,False,7,generate_report;process_refund;provision_vm;quarantine_system;db_write
775,I need you to reload the service hosted on prod-web-01.,cdn-edge-06 has been unresponsive.,restart_service,lexical_cue_reduced,service,,,restart_service,11,process_refund,False,2,process_refund;restart_service;create_ticket;generate_report;quarantine_system
776,I need you to perform a service restart on cdn-edge-06.,Requests to cdn-edge-06 are timing out.,restart_service,lexical_cue_reduced,restart;service,,,restart_service,11,create_ticket,False,13,create_ticket;generate_report;provision_vm;process_refund;quarantine_system
777,We should restart the service on payment-api-03.,The application on ml-infer-05 is frozen.,restart_service,lexical_cue_reduced,restart;service,,,restart_service,11,generate_report,False,6,generate_report;process_refund;quarantine_system;provision_vm;scan_malware
778,We should reboot cdn-edge-06.,cdn-edge-06 hasn't responded in a while.,restart_service,lexical_cue_reduced,reboot,,,restart_service,11,generate_report,False,12,generate_report;provision_vm;send_notification;create_ticket;quarantine_system
779,We should bounce the service running on ml-infer-05.,staging-db-02 needs a fresh start.,restart_service,lexical_cue_reduced,bounce;service,,,restart_service,11,db_write,False,6,db_write;db_read;generate_report;provision_vm;process_refund
780,We should cycle prod-web-01.,payment-api-03 needs a fresh start.,restart_service,lexical_cue_reduced,cycle,,,restart_service,11,generate_report,False,14,generate_report;provision_vm;process_refund;quarantine_system;create_ticket
781,We should restart ml-infer-05's service process.,Users are complaining that payment-api-03 is down.,restart_service,lexical_cue_reduced,process;restart;service,,,restart_service,11,create_ticket,False,13,create_ticket;provision_vm;generate_report;send_notification;escalate_to_human
782,We should bring the service on prod-web-01 back up.,The application on payment-api-03 is frozen.,restart_service,lexical_cue_reduced,service,,,restart_service,11,process_refund,False,6,process_refund;provision_vm;generate_report;quarantine_system;create_ticket
783,We should reload the service hosted on payment-api-03.,prod-web-01 has been unresponsive.,restart_service,lexical_cue_reduced,service,,,restart_service,11,process_refund,False,7,process_refund;generate_report;quarantine_system;provision_vm;create_ticket
784,We should perform a service restart on ml-infer-05.,staging-db-02 hasn't responded in a while.,restart_service,lexical_cue_reduced,restart;service,,,restart_service,11,generate_report,False,11,generate_report;db_write;db_read;provision_vm;process_refund
785,Let's restart the service on auth-svc-04.,prod-web-01 is stuck and not serving requests.,restart_service,lexical_cue_reduced,restart;service,,,restart_service,11,process_refund,False,10,process_refund;generate_report;create_ticket;provision_vm;quarantine_system
786,Let's reboot cdn-edge-06.,auth-svc-04 has been unresponsive.,restart_service,lexical_cue_reduced,reboot,,,restart_service,11,restart_service,True,1,restart_service;reset_password;process_refund;quarantine_system;scan_malware
787,Let's bounce the service running on payment-api-03.,auth-svc-04 needs a fresh start.,restart_service,lexical_cue_reduced,bounce;service,,,restart_service,11,reset_password,False,2,reset_password;restart_service;quarantine_system;process_refund;provision_vm
788,Let's cycle prod-web-01.,Something on auth-svc-04 stopped working.,restart_service,lexical_cue_reduced,cycle,,,restart_service,11,reset_password,False,2,reset_password;restart_service;process_refund;log_audit_event;quarantine_system
789,Let's restart ml-infer-05's service process.,prod-web-01 hasn't responded in a while.,restart_service,lexical_cue_reduced,process;restart;service,,,restart_service,11,generate_report,False,13,generate_report;provision_vm;quarantine_system;create_ticket;scan_malware
790,Let's bring the service on prod-web-01 back up.,payment-api-03 has been unresponsive.,restart_service,lexical_cue_reduced,service,,,restart_service,11,process_refund,False,10,process_refund;generate_report;create_ticket;quarantine_system;provision_vm
791,Let's reload the service hosted on auth-svc-04.,The application on prod-web-01 is frozen.,restart_service,lexical_cue_reduced,service,,,restart_service,11,process_refund,False,5,process_refund;provision_vm;generate_report;quarantine_system;restart_service
792,Let's perform a service restart on auth-svc-04.,Something on staging-db-02 stopped working.,restart_service,lexical_cue_reduced,restart;service,,,restart_service,11,db_write,False,5,db_write;db_read;generate_report;process_refund;restart_service
793,Kindly restart the service on prod-web-01.,The application on staging-db-02 is frozen.,restart_service,lexical_cue_reduced,restart;service,,,restart_service,11,db_write,False,3,db_write;generate_report;restart_service;process_refund;db_read
794,Kindly reboot auth-svc-04.,The service on cdn-edge-06 is in a bad state.,restart_service,lexical_cue_reduced,reboot,,,restart_service,11,provision_vm,False,5,provision_vm;quarantine_system;process_refund;generate_report;restart_service
795,Kindly bounce the service running on payment-api-03.,The process on staging-db-02 is hung.,restart_service,lexical_cue_reduced,bounce;service,,,restart_service,11,db_write,False,5,db_write;db_read;generate_report;process_refund;restart_service
796,Kindly cycle cdn-edge-06.,payment-api-03 hasn't responded in a while.,restart_service,lexical_cue_reduced,cycle,,,restart_service,11,generate_report,False,15,generate_report;provision_vm;quarantine_system;create_ticket;process_refund
797,Kindly restart auth-svc-04's service process.,ml-infer-05 has been unresponsive.,restart_service,lexical_cue_reduced,process;restart;service,,,restart_service,11,process_refund,False,4,process_refund;generate_report;quarantine_system;restart_service;provision_vm
798,Kindly bring the service on cdn-edge-06 back up.,The service on staging-db-02 is in a bad state.,restart_service,lexical_cue_reduced,,,,restart_service,11,db_write,False,2,db_write;restart_service;quarantine_system;generate_report;provision_vm
799,Kindly reload the service hosted on staging-db-02.,The application on cdn-edge-06 is frozen.,restart_service,lexical_cue_reduced,service,,,restart_service,11,process_refund,False,4,process_refund;provision_vm;generate_report;restart_service;quarantine_system
800,Kindly perform a service restart on auth-svc-04.,Users are complaining that prod-web-01 is down.,restart_service,lexical_cue_reduced,restart;service,,,restart_service,11,generate_report,False,12,generate_report;provision_vm;create_ticket;send_notification;quarantine_system
801,"When you have a moment, restart the service on staging-db-02.",prod-web-01 hasn't responded in a while.,restart_service,lexical_cue_reduced,restart;service,,,restart_service,11,generate_report,False,13,generate_report;provision_vm;quarantine_system;create_ticket;scan_malware
802,"When you have a moment, reboot cdn-edge-06.",ml-infer-05 needs a fresh start.,restart_service,lexical_cue_reduced,reboot,,,restart_service,11,generate_report,False,7,generate_report;process_refund;provision_vm;quarantine_system;db_write
803,"When you have a moment, bounce the service running on ml-infer-05.",Users are complaining that prod-web-01 is down.,restart_service,lexical_cue_reduced,bounce;service,,,restart_service,11,generate_report,False,12,generate_report;provision_vm;create_ticket;send_notification;quarantine_system
402,run a malware scan on payment-api-03.,Something weird is going on with ml-infer-05.,scan_malware,lexical_cue_reduced,malware;scan,,,scan_malware,6,generate_report,False,4,generate_report;provision_vm;quarantine_system;scan_malware;process_refund
403,scan cdn-edge-06 for malicious files.,There are suspicious processes on staging-db-02.,scan_malware,lexical_cue_reduced,scan,,,scan_malware,6,db_read,False,2,db_read;scan_malware;db_write;quarantine_system;generate_report
404,check prod-web-01 for indicators of compromise.,auth-svc-04 might have been breached.,scan_malware,lexical_cue_reduced,,,,scan_malware,6,reset_password,False,2,reset_password;scan_malware;log_audit_event;quarantine_system;generate_report
405,inspect staging-db-02 for malware activity.,cdn-edge-06 might have been breached.,scan_malware,lexical_cue_reduced,malware,,,scan_malware,6,generate_report,False,5,generate_report;quarantine_system;create_ticket;provision_vm;scan_malware
406,perform a threat scan on payment-api-03.,cdn-edge-06 has been flagged for unusual behavior.,scan_malware,lexical_cue_reduced,scan;threat,,,scan_malware,6,create_ticket,False,8,create_ticket;escalate_to_human;quarantine_system;provision_vm;generate_report
407,sweep prod-web-01 for infections.,Is auth-svc-04 clean? We're not sure.,scan_malware,lexical_cue_reduced,infections;sweep,,,scan_malware,6,reset_password,False,3,reset_password;quarantine_system;scan_malware;provision_vm;generate_report
408,scan prod-web-01 for suspicious artifacts.,There are suspicious processes on cdn-edge-06.,scan_malware,lexical_cue_reduced,scan,,,scan_malware,6,scan_malware,True,1,scan_malware;quarantine_system;generate_report;provision_vm;send_notification
409,run an IOC check against cdn-edge-06.,We need to make sure auth-svc-04 is safe.,scan_malware,lexical_cue_reduced,ioc,,,scan_malware,6,scan_malware,True,1,scan_malware;quarantine_system;reset_password;provision_vm;generate_report
410,Please run a malware scan on ml-infer-05.,Something weird is going on with payment-api-03.,scan_malware,lexical_cue_reduced,malware;scan,,,scan_malware,6,generate_report,False,7,generate_report;provision_vm;create_ticket;process_refund;quarantine_system
411,Please scan staging-db-02 for malicious files.,We're seeing unusual activity on staging-db-02.,scan_malware,lexical_cue_reduced,scan,,,scan_malware,6,generate_report,False,9,generate_report;db_read;db_write;quarantine_system;provision_vm
412,Please check payment-api-03 for indicators of compromise.,Something weird is going on with cdn-edge-06.,scan_malware,lexical_cue_reduced,,,,scan_malware,6,provision_vm,False,6,provision_vm;generate_report;create_ticket;quarantine_system;send_notification
413,Please inspect ml-infer-05 for malware activity.,ml-infer-05 might have been breached.,scan_malware,lexical_cue_reduced,malware,,,scan_malware,6,generate_report,False,2,generate_report;scan_malware;process_refund;quarantine_system;log_audit_event
414,Please perform a threat scan on staging-db-02.,prod-web-01 might have been breached.,scan_malware,lexical_cue_reduced,scan;threat,,,scan_malware,6,scan_malware,True,1,scan_malware;generate_report;reset_password;quarantine_system;provision_vm
415,Please sweep cdn-edge-06 for infections.,There are suspicious processes on auth-svc-04.,scan_malware,lexical_cue_reduced,infections;sweep,,,scan_malware,6,scan_malware,True,1,scan_malware;quarantine_system;reset_password;log_audit_event;generate_report
416,Please scan payment-api-03 for suspicious artifacts.,Can we verify that ml-infer-05 isn't compromised?,scan_malware,lexical_cue_reduced,scan,,,scan_malware,6,scan_malware,True,1,scan_malware;generate_report;quarantine_system;send_notification;provision_vm
417,Please run an IOC check against staging-db-02.,Is ml-infer-05 clean? We're not sure.,scan_malware,lexical_cue_reduced,ioc,,,scan_malware,6,quarantine_system,False,3,quarantine_system;generate_report;scan_malware;process_refund;provision_vm
418,Can you run a malware scan on cdn-edge-06?,payment-api-03 has been flagged for unusual behavior.,scan_malware,lexical_cue_reduced,malware;scan,,,scan_malware,6,create_ticket,False,10,create_ticket;process_refund;generate_report;provision_vm;escalate_to_human
419,Can you scan cdn-edge-06 for malicious files?,There could be something bad running on auth-svc-04.,scan_malware,lexical_cue_reduced,scan,,,scan_malware,6,reset_password,False,2,reset_password;scan_malware;quarantine_system;generate_report;log_audit_event
420,Can you check payment-api-03 for indicators of compromise?,payment-api-03 might have been breached.,scan_malware,lexical_cue_reduced,,,,scan_malware,6,generate_report,False,2,generate_report;scan_malware;process_refund;escalate_to_human;quarantine_system
421,Can you inspect ml-infer-05 for malware activity?,We're seeing unusual activity on ml-infer-05.,scan_malware,lexical_cue_reduced,malware,,,scan_malware,6,generate_report,False,2,generate_report;scan_malware;quarantine_system;process_refund;log_audit_event
422,Can you perform a threat scan on auth-svc-04?,We should look into what's happening on prod-web-01.,scan_malware,lexical_cue_reduced,scan;threat,,,scan_malware,6,generate_report,False,5,generate_report;quarantine_system;provision_vm;process_refund;scan_malware
423,Can you sweep payment-api-03 for infections?,ml-infer-05 has been flagged for unusual behavior.,scan_malware,lexical_cue_reduced,infections;sweep,,,scan_malware,6,generate_report,False,7,generate_report;quarantine_system;process_refund;escalate_to_human;send_notification
424,Can you scan prod-web-01 for suspicious artifacts?,We're seeing unusual activity on cdn-edge-06.,scan_malware,lexical_cue_reduced,scan,,,scan_malware,6,generate_report,False,5,generate_report;quarantine_system;send_notification;provision_vm;scan_malware
425,Can you run an IOC check against cdn-edge-06?,Can we verify that auth-svc-04 isn't compromised?,scan_malware,lexical_cue_reduced,ioc,,,scan_malware,6,scan_malware,True,1,scan_malware;quarantine_system;reset_password;log_audit_event;escalate_to_human
426,Could you run a malware scan on auth-svc-04 for me?,We need to make sure cdn-edge-06 is safe.,scan_malware,lexical_cue_reduced,malware;scan,,,scan_malware,6,quarantine_system,False,2,quarantine_system;scan_malware;generate_report;provision_vm;send_notification
427,Could you scan payment-api-03 for malicious files for me?,Is prod-web-01 clean? We're not sure.,scan_malware,lexical_cue_reduced,scan,,,scan_malware,6,quarantine_system,False,2,quarantine_system;scan_malware;generate_report;provision_vm;process_refund
428,Could you check prod-web-01 for indicators of compromise for me?,We're seeing unusual activity on prod-web-01.,scan_malware,lexical_cue_reduced,,,,scan_malware,6,generate_report,False,2,generate_report;scan_malware;quarantine_system;provision_vm;process_refund
429,Could you inspect prod-web-01 for malware activity for me?,We need to make sure ml-infer-05 is safe.,scan_malware,lexical_cue_reduced,malware,,,scan_malware,6,scan_malware,True,1,scan_malware;quarantine_system;generate_report;provision_vm;send_notification
430,Could you perform a threat scan on payment-api-03 for me?,We need to make sure prod-web-01 is safe.,scan_malware,lexical_cue_reduced,scan;threat,,,scan_malware,6,scan_malware,True,1,scan_malware;quarantine_system;generate_report;provision_vm;escalate_to_human
431,Could you sweep cdn-edge-06 for infections for me?,There could be something bad running on payment-api-03.,scan_malware,lexical_cue_reduced,infections;sweep,,,scan_malware,6,generate_report,False,6,generate_report;provision_vm;process_refund;create_ticket;quarantine_system
432,Could you scan payment-api-03 for suspicious artifacts for me?,There could be something bad running on ml-infer-05.,scan_malware,lexical_cue_reduced,scan,,,scan_malware,6,generate_report,False,2,generate_report;scan_malware;quarantine_system;provision_vm;process_refund
433,Could you run an IOC check against staging-db-02 for me?,There could be something bad running on cdn-edge-06.,scan_malware,lexical_cue_reduced,ioc,,,scan_malware,6,generate_report,False,5,generate_report;provision_vm;quarantine_system;create_ticket;scan_malware
434,I need you to run a malware scan on cdn-edge-06.,Something weird is going on with staging-db-02.,scan_malware,lexical_cue_reduced,malware;scan,,,scan_malware,6,db_write,False,9,db_write;db_read;generate_report;provision_vm;quarantine_system
435,I need you to scan auth-svc-04 for malicious files.,We should look into what's happening on ml-infer-05.,scan_malware,lexical_cue_reduced,scan,,,scan_malware,6,generate_report,False,6,generate_report;quarantine_system;send_notification;process_refund;provision_vm
436,I need you to check ml-infer-05 for indicators of compromise.,Can we verify that prod-web-01 isn't compromised?,scan_malware,lexical_cue_reduced,,,,scan_malware,6,scan_malware,True,1,scan_malware;quarantine_system;generate_report;provision_vm;escalate_to_human
437,I need you to inspect cdn-edge-06 for malware activity.,We're seeing unusual activity on payment-api-03.,scan_malware,lexical_cue_reduced,malware,,,scan_malware,6,generate_report,False,6,generate_report;quarantine_system;process_refund;provision_vm;log_audit_event
438,I need you to perform a threat scan on auth-svc-04.,staging-db-02 has been flagged for unusual behavior.,scan_malware,lexical_cue_reduced,scan;threat,,,scan_malware,6,generate_report,False,13,generate_report;db_write;escalate_to_human;create_ticket;process_refund
439,I need you to sweep ml-infer-05 for infections.,We need to make sure staging-db-02 is safe.,scan_malware,lexical_cue_reduced,infections;sweep,,,scan_malware,6,db_write,False,6,db_write;generate_report;quarantine_system;db_read;provision_vm
440,I need you to scan prod-web-01 for suspicious artifacts.,prod-web-01 has been flagged for unusual behavior.,scan_malware,lexical_cue_reduced,scan,,,scan_malware,6,quarantine_system,False,7,quarantine_system;generate_report;create_ticket;provision_vm;escalate_to_human
441,I need you to run an IOC check against prod-web-01.,Is staging-db-02 clean? We're not sure.,scan_malware,lexical_cue_reduced,ioc,,,scan_malware,6,db_write,False,11,db_write;db_read;generate_report;quarantine_system;provision_vm
442,We should run a malware scan on prod-web-01.,There could be something bad running on staging-db-02.,scan_malware,lexical_cue_reduced,malware;scan,,,scan_malware,6,db_write,False,9,db_write;db_read;generate_report;quarantine_system;provision_vm
443,We should scan cdn-edge-06 for malicious files.,We should look into what's happening on cdn-edge-06.,scan_malware,lexical_cue_reduced,scan,,,scan_malware,6,generate_report,False,10,generate_report;send_notification;provision_vm;create_ticket;quarantine_system
444,We should check staging-db-02 for indicators of compromise.,Can we verify that staging-db-02 isn't compromised?,scan_malware,lexical_cue_reduced,,,,scan_malware,6,db_read,False,3,db_read;db_write;scan_malware;generate_report;quarantine_system
445,We should inspect ml-infer-05 for malware activity.,We need to make sure payment-api-03 is safe.,scan_malware,lexical_cue_reduced,malware,,,scan_malware,6,quarantine_system,False,4,quarantine_system;generate_report;provision_vm;scan_malware;escalate_to_human
446,We should perform a threat scan on prod-web-01.,There are suspicious processes on prod-web-01.,scan_malware,lexical_cue_reduced,scan;threat,,,scan_malware,6,scan_malware,True,1,scan_malware;quarantine_system;generate_report;provision_vm;escalate_to_human
447,We should sweep payment-api-03 for infections.,We're seeing unusual activity on auth-svc-04.,scan_malware,lexical_cue_reduced,infections;sweep,,,scan_malware,6,reset_password,False,3,reset_password;log_audit_event;scan_malware;quarantine_system;generate_report
448,We should scan ml-infer-05 for suspicious artifacts.,We should look into what's happening on payment-api-03.,scan_malware,lexical_cue_reduced,scan,,,scan_malware,6,generate_report,False,9,generate_report;provision_vm;process_refund;create_ticket;quarantine_system
449,We should run an IOC check against ml-infer-05.,Can we verify that payment-api-03 isn't compromised?,scan_malware,lexical_cue_reduced,ioc,,,scan_malware,6,scan_malware,True,1,scan_malware;quarantine_system;generate_report;escalate_to_human;provision_vm
450,Let's run a malware scan on staging-db-02.,Can we verify that cdn-edge-06 isn't compromised?,scan_malware,lexical_cue_reduced,malware;scan,,,scan_malware,6,scan_malware,True,1,scan_malware;quarantine_system;generate_report;send_notification;provision_vm
451,Let's scan auth-svc-04 for malicious files.,We should look into what's happening on auth-svc-04.,scan_malware,lexical_cue_reduced,scan,,,scan_malware,6,generate_report,False,5,generate_report;reset_password;quarantine_system;log_audit_event;scan_malware
452,Let's check staging-db-02 for indicators of compromise.,There are suspicious processes on ml-infer-05.,scan_malware,lexical_cue_reduced,,,,scan_malware,6,scan_malware,True,1,scan_malware;quarantine_system;generate_report;provision_vm;send_notification
453,Let's inspect prod-web-01 for malware activity.,auth-svc-04 has been flagged for unusual behavior.,scan_malware,lexical_cue_reduced,malware,,,scan_malware,6,reset_password,False,6,reset_password;quarantine_system;create_ticket;escalate_to_human;log_audit_event
454,Let's perform a threat scan on payment-api-03.,There are suspicious processes on payment-api-03.,scan_malware,lexical_cue_reduced,scan;threat,,,scan_malware,6,scan_malware,True,1,scan_malware;quarantine_system;generate_report;provision_vm;process_refund
455,Let's sweep payment-api-03 for infections.,There could be something bad running on prod-web-01.,scan_malware,lexical_cue_reduced,infections;sweep,,,scan_malware,6,generate_report,False,2,generate_report;scan_malware;provision_vm;quarantine_system;process_refund
456,Let's scan prod-web-01 for suspicious artifacts.,Is cdn-edge-06 clean? We're not sure.,scan_malware,lexical_cue_reduced,scan,,,scan_malware,6,quarantine_system,False,5,quarantine_system;provision_vm;generate_report;send_notification;scan_malware
457,Let's run an IOC check against payment-api-03.,Something weird is going on with prod-web-01.,scan_malware,lexical_cue_reduced,ioc,,,scan_malware,6,generate_report,False,3,generate_report;provision_vm;scan_malware;quarantine_system;create_ticket
458,Kindly run a malware scan on staging-db-02.,We should look into what's happening on staging-db-02.,scan_malware,lexical_cue_reduced,malware;scan,,,scan_malware,6,db_write,False,13,db_write;generate_report;db_read;provision_vm;quarantine_system
459,Kindly scan cdn-edge-06 for malicious files.,Something weird is going on with auth-svc-04.,scan_malware,lexical_cue_reduced,scan,,,scan_malware,6,reset_password,False,2,reset_password;scan_malware;quarantine_system;generate_report;provision_vm
460,Kindly check staging-db-02 for indicators of compromise.,We're seeing unusual activity on cdn-edge-06.,scan_malware,lexical_cue_reduced,,,,scan_malware,6,generate_report,False,5,generate_report;quarantine_system;send_notification;provision_vm;scan_malware
461,Kindly inspect cdn-edge-06 for malware activity.,Is payment-api-03 clean? We're not sure.,scan_malware,lexical_cue_reduced,malware,,,scan_malware,6,generate_report,False,6,generate_report;provision_vm;quarantine_system;process_refund;create_ticket
462,Kindly perform a threat scan on prod-web-01.,prod-web-01 has been flagged for unusual behavior.,scan_malware,lexical_cue_reduced,scan;threat,,,scan_malware,6,quarantine_system,False,7,quarantine_system;generate_report;create_ticket;provision_vm;escalate_to_human
463,Kindly sweep payment-api-03 for infections.,We should look into what's happening on cdn-edge-06.,scan_malware,lexical_cue_reduced,infections;sweep,,,scan_malware,6,generate_report,False,10,generate_report;send_notification;provision_vm;create_ticket;quarantine_system
464,Kindly scan ml-infer-05 for suspicious artifacts.,staging-db-02 might have been breached.,scan_malware,lexical_cue_reduced,scan,,,scan_malware,6,db_read,False,7,db_read;db_write;generate_report;process_refund;quarantine_system
465,Kindly run an IOC check against auth-svc-04.,There are suspicious processes on prod-web-01.,scan_malware,lexical_cue_reduced,ioc,,,scan_malware,6,scan_malware,True,1,scan_malware;quarantine_system;generate_report;provision_vm;escalate_to_human
466,"When you have a moment, run a malware scan on ml-infer-05.",We need to make sure ml-infer-05 is safe.,scan_malware,lexical_cue_reduced,malware;scan,,,scan_malware,6,scan_malware,True,1,scan_malware;quarantine_system;generate_report;provision_vm;send_notification
467,"When you have a moment, scan cdn-edge-06 for malicious files.",Something weird is going on with cdn-edge-06.,scan_malware,lexical_cue_reduced,scan,,,scan_malware,6,provision_vm,False,6,provision_vm;generate_report;create_ticket;quarantine_system;send_notification
468,"When you have a moment, check staging-db-02 for indicators of compromise.",We need to make sure staging-db-02 is safe.,scan_malware,lexical_cue_reduced,,,,scan_malware,6,db_write,False,6,db_write;generate_report;quarantine_system;db_read;provision_vm
268,notify the Legal team.,Don't forget to tell Grace the news.,send_notification,lexical_cue_reduced,notify,,,send_notification,4,send_notification,True,1,send_notification;update_subscription;escalate_to_human;provision_vm;reset_password
269,send an alert to Finance.,Time to reach out to Eve about the outcome.,send_notification,lexical_cue_reduced,alert;send,,,send_notification,4,escalate_to_human,False,2,escalate_to_human;send_notification;quarantine_system;generate_report;process_refund
270,email the update to Engineering.,Grace is waiting for an update.,send_notification,lexical_cue_reduced,email,,,send_notification,4,update_subscription,False,10,update_subscription;reset_password;escalate_to_human;provision_vm;create_ticket
271,send a heads-up to Alice.,Make sure Legal hears about this.,send_notification,lexical_cue_reduced,send,,,send_notification,4,escalate_to_human,False,4,escalate_to_human;create_ticket;generate_report;send_notification;quarantine_system
272,push a notification to Legal.,We should let Grace know about the situation.,send_notification,lexical_cue_reduced,notification,,,send_notification,4,send_notification,True,1,send_notification;escalate_to_human;quarantine_system;provision_vm;create_ticket
273,forward the update to Charlie.,Time to reach out to Alice about the outcome.,send_notification,lexical_cue_reduced,,,,send_notification,4,escalate_to_human,False,2,escalate_to_human;send_notification;quarantine_system;generate_report;create_ticket
274,alert Legal.,We should let Bob know about the situation.,send_notification,lexical_cue_reduced,alert,,,send_notification,4,send_notification,True,1,send_notification;quarantine_system;escalate_to_human;create_ticket;provision_vm
275,drop a message to the Legal team.,Diana is waiting for an update.,send_notification,lexical_cue_reduced,message,,,send_notification,4,escalate_to_human,False,10,escalate_to_human;generate_report;create_ticket;provision_vm;quarantine_system
276,Please send an update to Diana.,HR hasn't been informed yet.,send_notification,lexical_cue_reduced,send,,,send_notification,4,escalate_to_human,False,2,escalate_to_human;send_notification;generate_report;quarantine_system;log_audit_event
277,Please notify Frank.,Time to reach out to Bob about the outcome.,send_notification,lexical_cue_reduced,notify,,,send_notification,4,escalate_to_human,False,2,escalate_to_human;send_notification;quarantine_system;process_refund;create_ticket
278,Please email the update to Engineering.,Keep Bob in the loop.,send_notification,lexical_cue_reduced,email,,,send_notification,4,escalate_to_human,False,9,escalate_to_human;quarantine_system;provision_vm;process_refund;restart_service
279,Please send a heads-up to Engineering.,Has anyone told Marketing about this?,send_notification,lexical_cue_reduced,send,,,send_notification,4,send_notification,True,1,send_notification;quarantine_system;provision_vm;restart_service;escalate_to_human
280,Please push a notification to Diana.,Make sure HR hears about this.,send_notification,lexical_cue_reduced,notification,,,send_notification,4,escalate_to_human,False,4,escalate_to_human;create_ticket;generate_report;send_notification;quarantine_system
281,Please forward the latest update to Marketing.,Has anyone told Finance about this?,send_notification,lexical_cue_reduced,,,,send_notification,4,generate_report,False,3,generate_report;create_ticket;send_notification;provision_vm;escalate_to_human
282,Please alert Engineering.,Engineering hasn't been informed yet.,send_notification,lexical_cue_reduced,alert,,,send_notification,4,escalate_to_human,False,3,escalate_to_human;generate_report;send_notification;quarantine_system;provision_vm
283,Please drop a message to Bob.,Diana needs to know what happened.,send_notification,lexical_cue_reduced,message,,,send_notification,4,generate_report,False,11,generate_report;process_refund;db_read;escalate_to_human;log_audit_event
284,Can you send an update to Bob?,We should let Charlie know about the situation.,send_notification,lexical_cue_reduced,send,,,send_notification,4,quarantine_system,False,2,quarantine_system;send_notification;escalate_to_human;generate_report;provision_vm
285,Can you send an alert to Finance?,Time to reach out to Diana about the outcome.,send_notification,lexical_cue_reduced,alert;send,,,send_notification,4,escalate_to_human,False,5,escalate_to_human;generate_report;process_refund;quarantine_system;send_notification
286,Can you email the update to HR?,Charlie is waiting for an update.,send_notification,lexical_cue_reduced,email,,,send_notification,4,quarantine_system,False,6,quarantine_system;provision_vm;generate_report;escalate_to_human;create_ticket
287,Can you send a heads-up to Diana?,Has anyone told HR about this?,send_notification,lexical_cue_reduced,send,,,send_notification,4,escalate_to_human,False,2,escalate_to_human;send_notification;generate_report;quarantine_system;check_status
288,Can you push a notification to Bob?,We should let Diana know about the situation.,send_notification,lexical_cue_reduced,notification,,,send_notification,4,escalate_to_human,False,4,escalate_to_human;generate_report;quarantine_system;send_notification;provision_vm
289,Can you forward the latest update to Legal?,Time to reach out to Charlie about the outcome.,send_notification,lexical_cue_reduced,,,,send_notification,4,escalate_to_human,False,3,escalate_to_human;quarantine_system;send_notification;process_refund;generate_report
290,Can you alert Bob?,Make sure Marketing hears about this.,send_notification,lexical_cue_reduced,alert,,,send_notification,4,send_notification,True,1,send_notification;generate_report;escalate_to_human;provision_vm;quarantine_system
291,Can you drop a message to Charlie?,Has anyone told Engineering about this?,send_notification,lexical_cue_reduced,message,,,send_notification,4,send_notification,True,1,send_notification;generate_report;quarantine_system;escalate_to_human;provision_vm
292,Could you notify the Finance team for me?,Keep Frank in the loop.,send_notification,lexical_cue_reduced,notify,,,send_notification,4,provision_vm,False,9,provision_vm;escalate_to_human;update_subscription;quarantine_system;create_ticket
293,Could you notify Grace for me?,Make sure Finance hears about this.,send_notification,lexical_cue_reduced,notify,,,send_notification,4,generate_report,False,5,generate_report;create_ticket;escalate_to_human;provision_vm;send_notification
294,Could you email Alice the latest status for me?,Don't forget to tell Charlie the news.,send_notification,lexical_cue_reduced,email,,,send_notification,4,send_notification,True,1,send_notification;quarantine_system;escalate_to_human;provision_vm;generate_report
295,Could you send a heads-up to Diana for me?,Keep Alice in the loop.,send_notification,lexical_cue_reduced,send,,,send_notification,4,escalate_to_human,False,9,escalate_to_human;update_subscription;provision_vm;quarantine_system;create_ticket
296,Could you push a notification to Grace for me?,Frank needs to know what happened.,send_notification,lexical_cue_reduced,notification,,,send_notification,4,generate_report,False,7,generate_report;create_ticket;escalate_to_human;provision_vm;quarantine_system
297,Could you forward the latest update to HR for me?,Someone needs to loop Alice in.,send_notification,lexical_cue_reduced,,,,send_notification,4,escalate_to_human,False,7,escalate_to_human;provision_vm;create_ticket;quarantine_system;generate_report
298,Could you alert Engineering for me?,Alice needs to know what happened.,send_notification,lexical_cue_reduced,alert,,,send_notification,4,escalate_to_human,False,8,escalate_to_human;generate_report;create_ticket;process_refund;log_audit_event
299,Could you drop a message to the Engineering team for me?,Don't forget to tell Frank the news.,send_notification,lexical_cue_reduced,message,,,send_notification,4,send_notification,True,1,send_notification;escalate_to_human;provision_vm;create_ticket;generate_report
300,I need you to send an update to Frank.,Keep Diana in the loop.,send_notification,lexical_cue_reduced,send,,,send_notification,4,escalate_to_human,False,13,escalate_to_human;process_refund;provision_vm;quarantine_system;update_subscription
301,I need you to notify Eve.,Someone needs to loop Frank in.,send_notification,lexical_cue_reduced,notify,,,send_notification,4,escalate_to_human,False,8,escalate_to_human;create_ticket;provision_vm;quarantine_system;generate_report
302,I need you to email Alice the latest status.,Someone needs to loop Bob in.,send_notification,lexical_cue_reduced,email,,,send_notification,4,escalate_to_human,False,7,escalate_to_human;quarantine_system;create_ticket;provision_vm;reset_password
303,I need you to send a heads-up to Finance.,Someone needs to loop Charlie in.,send_notification,lexical_cue_reduced,send,,,send_notification,4,escalate_to_human,False,8,escalate_to_human;quarantine_system;provision_vm;create_ticket;process_refund
304,I need you to push a notification to Bob.,Make sure Engineering hears about this.,send_notification,lexical_cue_reduced,notification,,,send_notification,4,generate_report,False,4,generate_report;create_ticket;quarantine_system;send_notification;provision_vm
305,I need you to forward the update to Diana.,Time to reach out to Frank about the outcome.,send_notification,lexical_cue_reduced,,,,send_notification,4,escalate_to_human,False,3,escalate_to_human;quarantine_system;send_notification;create_ticket;provision_vm
306,I need you to alert Legal.,Don't forget to tell Diana the news.,send_notification,lexical_cue_reduced,alert,,,send_notification,4,escalate_to_human,False,5,escalate_to_human;db_write;generate_report;db_read;send_notification
307,I need you to drop a message to Diana.,Finance hasn't been informed yet.,send_notification,lexical_cue_reduced,message,,,send_notification,4,generate_report,False,6,generate_report;escalate_to_human;provision_vm;log_audit_event;reset_password
308,We should send an update to Grace.,Legal hasn't been informed yet.,send_notification,lexical_cue_reduced,send,,,send_notification,4,escalate_to_human,False,2,escalate_to_human;send_notification;create_ticket;generate_report;provision_vm
309,We should notify Diana.,Alice is waiting for an update.,send_notification,lexical_cue_reduced,notify,,,send_notification,4,escalate_to_human,False,6,escalate_to_human;create_ticket;provision_vm;generate_report;update_subscription
310,We should email Alice the latest status.,Eve needs to know what happened.,send_notification,lexical_cue_reduced,email,,,send_notification,4,generate_report,False,5,generate_report;log_audit_event;escalate_to_human;quarantine_system;send_notification
311,We should send a heads-up to Bob.,Don't forget to tell Alice the news.,send_notification,lexical_cue_reduced,send,,,send_notification,4,escalate_to_human,False,2,escalate_to_human;send_notification;provision_vm;generate_report;create_ticket
312,We should push a notification to Diana.,Grace needs to know what happened.,send_notification,lexical_cue_reduced,notification,,,send_notification,4,log_audit_event,False,12,log_audit_event;reset_password;process_refund;generate_report;quarantine_system
313,We should forward the latest update to Engineering.,Eve is waiting for an update.,send_notification,lexical_cue_reduced,,,,send_notification,4,generate_report,False,4,generate_report;escalate_to_human;provision_vm;send_notification;quarantine_system
314,We should alert Legal.,Bob needs to know what happened.,send_notification,lexical_cue_reduced,alert,,,send_notification,4,process_refund,False,8,process_refund;generate_report;quarantine_system;create_ticket;log_audit_event
315,We should drop a message to the Marketing team.,Keep Grace in the loop.,send_notification,lexical_cue_reduced,message,,,send_notification,4,update_subscription,False,11,update_subscription;reset_password;provision_vm;process_refund;quarantine_system
316,Let's send an update to Grace.,Someone needs to loop Eve in.,send_notification,lexical_cue_reduced,send,,,send_notification,4,escalate_to_human,False,5,escalate_to_human;quarantine_system;provision_vm;generate_report;send_notification
317,Let's notify Grace.,Keep Charlie in the loop.,send_notification,lexical_cue_reduced,notify,,,send_notification,4,quarantine_system,False,11,quarantine_system;provision_vm;process_refund;update_subscription;escalate_to_human
318,Let's email Diana the latest status.,Don't forget to tell Eve the news.,send_notification,lexical_cue_reduced,email,,,send_notification,4,send_notification,True,1,send_notification;escalate_to_human;db_write;generate_report;quarantine_system
319,Let's send a heads-up to Charlie.,Marketing hasn't been informed yet.,send_notification,lexical_cue_reduced,send,,,send_notification,4,send_notification,True,1,send_notification;provision_vm;generate_report;escalate_to_human;quarantine_system
320,Let's push a notification to Diana.,Frank is waiting for an update.,send_notification,lexical_cue_reduced,notification,,,send_notification,4,provision_vm,False,7,provision_vm;create_ticket;escalate_to_human;generate_report;update_subscription
321,Let's forward the latest update to HR.,We should let Frank know about the situation.,send_notification,lexical_cue_reduced,,,,send_notification,4,escalate_to_human,False,2,escalate_to_human;send_notification;provision_vm;create_ticket;quarantine_system
322,Let's alert Frank.,Someone needs to loop Diana in.,send_notification,lexical_cue_reduced,alert,,,send_notification,4,escalate_to_human,False,11,escalate_to_human;quarantine_system;provision_vm;generate_report;create_ticket
323,Let's drop a message to Frank.,Bob is waiting for an update.,send_notification,lexical_cue_reduced,message,,,send_notification,4,create_ticket,False,5,create_ticket;escalate_to_human;provision_vm;quarantine_system;send_notification
324,Kindly notify the Finance team.,We should let Eve know about the situation.,send_notification,lexical_cue_reduced,notify,,,send_notification,4,send_notification,True,1,send_notification;escalate_to_human;quarantine_system;generate_report;provision_vm
325,Kindly send an alert to Finance.,Don't forget to tell Bob the news.,send_notification,lexical_cue_reduced,alert;send,,,send_notification,4,send_notification,True,1,send_notification;quarantine_system;escalate_to_human;provision_vm;check_status
326,Kindly email Charlie the latest status.,Alice needs to know what happened.,send_notification,lexical_cue_reduced,email,,,send_notification,4,escalate_to_human,False,8,escalate_to_human;generate_report;create_ticket;process_refund;log_audit_event
327,Kindly send a heads-up to Bob.,Charlie needs to know what happened.,send_notification,lexical_cue_reduced,send,,,send_notification,4,quarantine_system,False,8,quarantine_system;generate_report;process_refund;escalate_to_human;log_audit_event
328,Kindly push a notification to Alice.,Someone needs to loop Grace in.,send_notification,lexical_cue_reduced,notification,,,send_notification,4,reset_password,False,11,reset_password;escalate_to_human;update_subscription;quarantine_system;create_ticket
329,Kindly forward the latest update to HR.,Has anyone told Legal about this?,send_notification,lexical_cue_reduced,,,,send_notification,4,escalate_to_human,False,3,escalate_to_human;create_ticket;send_notification;generate_report;provision_vm
330,Kindly alert Frank.,We should let Frank know about the situation.,send_notification,lexical_cue_reduced,alert,,,send_notification,4,escalate_to_human,False,2,escalate_to_human;send_notification;provision_vm;create_ticket;quarantine_system
331,Kindly drop a message to Eve.,Time to reach out to Grace about the outcome.,send_notification,lexical_cue_reduced,message,,,send_notification,4,escalate_to_human,False,4,escalate_to_human;process_refund;quarantine_system;send_notification;create_ticket
332,"When you have a moment, notify the Engineering team.",We should let Diana know about the situation.,send_notification,lexical_cue_reduced,notify,,,send_notification,4,escalate_to_human,False,4,escalate_to_human;generate_report;quarantine_system;send_notification;provision_vm
333,"When you have a moment, send an alert to Engineering.",We should let Alice know about the situation.,send_notification,lexical_cue_reduced,alert;send,,,send_notification,4,escalate_to_human,False,2,escalate_to_human;send_notification;create_ticket;generate_report;quarantine_system
334,"When you have a moment, email the update to Engineering.",Keep Eve in the loop.,send_notification,lexical_cue_reduced,email,,,send_notification,4,provision_vm,False,8,provision_vm;quarantine_system;escalate_to_human;update_subscription;generate_report
67,save the latest data for Bob to the database.,Grace's file needs to reflect the changes from today.,update_database,lexical_cue_reduced,database;save,,,db_write,1,generate_report,False,6,generate_report;reset_password;provision_vm;update_subscription;log_audit_event
68,write Grace's updated information back to the database.,We got new details for Charlie that need to go into the system.,update_database,lexical_cue_reduced,database;write,,,db_write,1,quarantine_system,False,8,quarantine_system;generate_report;provision_vm;send_notification;escalate_to_human
69,persist the database changes for Marketing.,The records for Frank are stale -- please fix them.,update_database,lexical_cue_reduced,database;persist,,,db_write,1,db_write,True,1,db_write;generate_report;provision_vm;escalate_to_human;create_ticket
70,commit the new record for Alice to the database.,Diana's file needs to reflect the changes from today.,update_database,lexical_cue_reduced,commit;database;record,,,db_write,1,generate_report,False,2,generate_report;db_write;db_read;provision_vm;process_refund
71,update the stored Finance settings in the database.,Grace's profile doesn't reflect the latest info.,update_database,lexical_cue_reduced,database;update,,,db_write,1,reset_password,False,8,reset_password;update_subscription;scan_malware;db_read;generate_report
72,store the revised details for Grace.,Eve's profile doesn't reflect the latest info.,update_database,lexical_cue_reduced,store,,,db_write,1,generate_report,False,4,generate_report;reset_password;db_read;db_write;scan_malware
73,push the latest update for #10234 into the database.,We need to amend the entry for Eve.,update_database,lexical_cue_reduced,database;push;update,,,db_write,1,generate_report,False,3,generate_report;provision_vm;db_write;escalate_to_human;create_ticket
74,apply the database update for Diana.,The data for Charlie is outdated.,update_database,lexical_cue_reduced,database;update,,,db_write,1,generate_report,False,2,generate_report;db_write;db_read;provision_vm;quarantine_system
75,Please save the changes for #31450 to the database.,Some fields for Eve are wrong -- please sort it out.,update_database,lexical_cue_reduced,database;save,,,db_write,1,generate_report,False,2,generate_report;db_write;escalate_to_human;provision_vm;send_notification
76,Please write Diana's updated information back to the database.,The records for Grace are stale -- please fix them.,update_database,lexical_cue_reduced,database;write,,,db_write,1,db_write,True,1,db_write;reset_password;restart_service;process_refund;generate_report
77,Please persist the changes for Frank.,We got new details for Diana that need to go into the system.,update_database,lexical_cue_reduced,persist,,,db_write,1,generate_report,False,2,generate_report;db_write;provision_vm;quarantine_system;escalate_to_human
78,Please commit the new record for Grace to the database.,Please correct Frank's address in our system.,update_database,lexical_cue_reduced,commit;database;record,,,db_write,1,provision_vm,False,9,provision_vm;quarantine_system;generate_report;escalate_to_human;create_ticket
79,Please update the database entry for #31450.,Please correct Grace's address in our system.,update_database,lexical_cue_reduced,database;update,,,db_write,1,provision_vm,False,11,provision_vm;update_subscription;quarantine_system;escalate_to_human;generate_report
80,Please write the revised Finance config back.,We got new details for Eve that need to go into the system.,update_database,lexical_cue_reduced,write,,,db_write,1,generate_report,False,2,generate_report;db_write;provision_vm;quarantine_system;send_notification
81,Please push the Marketing database changes live.,We got new details for Bob that need to go into the system.,update_database,lexical_cue_reduced,database;push,,,db_write,1,provision_vm,False,8,provision_vm;quarantine_system;generate_report;send_notification;create_ticket
82,Please apply the database update for Finance.,Charlie's file needs to reflect the changes from today.,update_database,lexical_cue_reduced,database;update,,,db_write,1,generate_report,False,5,generate_report;provision_vm;quarantine_system;process_refund;db_write
83,Can you save the latest data for Frank to the database?,We got new details for Alice that need to go into the system.,update_database,lexical_cue_reduced,database;save,,,db_write,1,escalate_to_human,False,7,escalate_to_human;generate_report;provision_vm;send_notification;quarantine_system
84,Can you write Charlie's updated information back to the database?,We need to amend the entry for Bob.,update_database,lexical_cue_reduced,database;write,,,db_write,1,provision_vm,False,10,provision_vm;create_ticket;generate_report;escalate_to_human;reset_password
85,Can you persist the database update for #53698?,Eve's information has changed and needs correcting.,update_database,lexical_cue_reduced,database;persist;update,,,db_write,1,generate_report,False,2,generate_report;db_write;escalate_to_human;provision_vm;send_notification
86,Can you commit the new record for Frank to the database?,Bob's information has changed and needs correcting.,update_database,lexical_cue_reduced,commit;database;record,,,db_write,1,escalate_to_human,False,10,escalate_to_human;provision_vm;generate_report;send_notification;quarantine_system
87,Can you update the stored Finance settings in the database?,There are incorrect entries for Grace that need patching.,update_database,lexical_cue_reduced,database;update,,,db_write,1,reset_password,False,7,reset_password;update_subscription;create_ticket;provision_vm;generate_report
88,Can you store the revised data tied to #53698?,There are incorrect entries for Diana that need patching.,update_database,lexical_cue_reduced,store,,,db_write,1,generate_report,False,3,generate_report;create_ticket;db_write;provision_vm;escalate_to_human
89,Can you push Frank's data update into the database?,The data for Alice is outdated.,update_database,lexical_cue_reduced,database;push;update,,,db_write,1,escalate_to_human,False,3,escalate_to_human;generate_report;db_write;provision_vm;db_read
90,Can you apply the database update for Bob?,The records for Charlie are stale -- please fix them.,update_database,lexical_cue_reduced,database;update,,,db_write,1,db_write,True,1,db_write;generate_report;process_refund;restart_service;quarantine_system
91,Could you store the Finance configuration in the database for me?,Some fields for Bob are wrong -- please sort it out.,update_database,lexical_cue_reduced,database;store,,,db_write,1,escalate_to_human,False,9,escalate_to_human;generate_report;provision_vm;create_ticket;send_notification
92,Could you write the updated data for #42017 back to the database for me?,Eve's file needs to reflect the changes from today.,update_database,lexical_cue_reduced,database;write,,,db_write,1,generate_report,False,2,generate_report;db_write;provision_vm;process_refund;quarantine_system
93,Could you persist the changes for Diana for me?,Please correct Eve's address in our system.,update_database,lexical_cue_reduced,persist,,,db_write,1,provision_vm,False,5,provision_vm;quarantine_system;generate_report;escalate_to_human;db_write
94,Could you commit the new record for Charlie to the database for me?,We need to amend the entry for Charlie.,update_database,lexical_cue_reduced,commit;database;record,,,db_write,1,provision_vm,False,9,provision_vm;generate_report;quarantine_system;create_ticket;process_refund
95,Could you update the database entry for Frank for me?,Alice's information has changed and needs correcting.,update_database,lexical_cue_reduced,database;update,,,db_write,1,escalate_to_human,False,5,escalate_to_human;generate_report;provision_vm;update_subscription;db_write
96,Could you store the revised data tied to #60122 for me?,The data for Diana is outdated.,update_database,lexical_cue_reduced,store,,,db_write,1,db_read,False,2,db_read;db_write;generate_report;provision_vm;escalate_to_human
97,Could you push Eve's data update into the database for me?,There are incorrect entries for Bob that need patching.,update_database,lexical_cue_reduced,database;push;update,,,db_write,1,create_ticket,False,10,create_ticket;provision_vm;generate_report;escalate_to_human;reset_password
98,Could you apply the database update for Bob for me?,The data for Grace is outdated.,update_database,lexical_cue_reduced,database;update,,,db_write,1,generate_report,False,2,generate_report;db_write;reset_password;log_audit_event;db_read
99,I need you to save the latest data for Frank to the database.,We need to amend the entry for Alice.,update_database,lexical_cue_reduced,database;save,,,db_write,1,escalate_to_human,False,6,escalate_to_human;provision_vm;create_ticket;generate_report;update_subscription
100,I need you to write Charlie's updated information back to the database.,Charlie's information has changed and needs correcting.,update_database,lexical_cue_reduced,database;write,,,db_write,1,escalate_to_human,False,8,escalate_to_human;provision_vm;generate_report;quarantine_system;process_refund
101,I need you to persist the changes for Grace.,Some fields for Frank are wrong -- please sort it out.,update_database,lexical_cue_reduced,persist,,,db_write,1,escalate_to_human,False,8,escalate_to_human;create_ticket;provision_vm;generate_report;quarantine_system
102,I need you to commit the Engineering configuration update.,Some fields for Alice are wrong -- please sort it out.,update_database,lexical_cue_reduced,commit;update,,,db_write,1,escalate_to_human,False,6,escalate_to_human;generate_report;create_ticket;provision_vm;send_notification
103,I need you to update the database entry for Grace.,Diana's information has changed and needs correcting.,update_database,lexical_cue_reduced,database;update,,,db_write,1,db_write,True,1,db_write;generate_report;escalate_to_human;db_read;provision_vm
104,I need you to store the revised details for Alice.,Bob's file needs to reflect the changes from today.,update_database,lexical_cue_reduced,store,,,db_write,1,generate_report,False,7,generate_report;provision_vm;process_refund;quarantine_system;send_notification
105,I need you to push Grace's data update into the database.,Alice's profile doesn't reflect the latest info.,update_database,lexical_cue_reduced,database;push;update,,,db_write,1,escalate_to_human,False,7,escalate_to_human;update_subscription;generate_report;reset_password;db_read
106,I need you to apply the database write for #31450.,Some fields for Grace are wrong -- please sort it out.,update_database,lexical_cue_reduced,database;write,,,db_write,1,reset_password,False,10,reset_password;update_subscription;create_ticket;escalate_to_human;provision_vm
107,We should save the latest data for Diana to the database.,The records for Diana are stale -- please fix them.,update_database,lexical_cue_reduced,database;save,,,db_write,1,db_write,True,1,db_write;db_read;generate_report;process_refund;restart_service
108,We should write Charlie's updated information back to the database.,The records for Alice are stale -- please fix them.,update_database,lexical_cue_reduced,database;write,,,db_write,1,db_write,True,1,db_write;escalate_to_human;generate_report;db_read;process_refund
109,We should persist the database update for #10234.,Some fields for Charlie are wrong -- please sort it out.,update_database,lexical_cue_reduced,database;persist;update,,,db_write,1,escalate_to_human,False,9,escalate_to_human;generate_report;provision_vm;quarantine_system;create_ticket
110,We should commit the new record for Bob to the database.,The data for Bob is outdated.,update_database,lexical_cue_reduced,commit;database;record,,,db_write,1,generate_report,False,5,generate_report;provision_vm;db_read;escalate_to_human;db_write
111,We should update the database entry for Eve.,Diana's profile doesn't reflect the latest info.,update_database,lexical_cue_reduced,database;update,,,db_write,1,db_read,False,2,db_read;db_write;generate_report;reset_password;update_subscription
112,We should store the revised details for Frank.,Grace's information has changed and needs correcting.,update_database,lexical_cue_reduced,store,,,db_write,1,update_subscription,False,7,update_subscription;provision_vm;escalate_to_human;reset_password;generate_report
113,We should push Charlie's data update into the database.,There are incorrect entries for Alice that need patching.,update_database,lexical_cue_reduced,database;push;update,,,db_write,1,escalate_to_human,False,6,escalate_to_human;create_ticket;provision_vm;generate_report;update_subscription
114,We should apply the database update for Finance.,Charlie's profile doesn't reflect the latest info.,update_database,lexical_cue_reduced,database;update,,,db_write,1,db_read,False,9,db_read;reset_password;generate_report;scan_malware;provision_vm
115,Let's save the latest data for Frank to the database.,The records for Eve are stale -- please fix them.,update_database,lexical_cue_reduced,database;save,,,db_write,1,db_write,True,1,db_write;generate_report;db_read;process_refund;restart_service
116,Let's write the updated data for #42017 back to the database.,Please correct Diana's address in our system.,update_database,lexical_cue_reduced,database;write,,,db_write,1,provision_vm,False,4,provision_vm;generate_report;quarantine_system;db_write;escalate_to_human
117,Let's persist the database update for #42017.,We got new details for Frank that need to go into the system.,update_database,lexical_cue_reduced,database;persist;update,,,db_write,1,provision_vm,False,8,provision_vm;generate_report;quarantine_system;create_ticket;escalate_to_human
118,Let's commit the Legal configuration update.,There are incorrect entries for Eve that need patching.,update_database,lexical_cue_reduced,commit;update,,,db_write,1,generate_report,False,3,generate_report;provision_vm;db_write;create_ticket;escalate_to_human
119,Let's update the database entry for Bob.,There are incorrect entries for Charlie that need patching.,update_database,lexical_cue_reduced,database;update,,,db_write,1,provision_vm,False,7,provision_vm;create_ticket;generate_report;escalate_to_human;quarantine_system
120,Let's store the revised details for Charlie.,Some fields for Diana are wrong -- please sort it out.,update_database,lexical_cue_reduced,store,,,db_write,1,generate_report,False,4,generate_report;db_read;escalate_to_human;db_write;create_ticket
121,Let's push Bob's data update into the database.,Bob's profile doesn't reflect the latest info.,update_database,lexical_cue_reduced,database;push;update,,,db_write,1,reset_password,False,11,reset_password;db_read;generate_report;provision_vm;update_subscription
122,Let's apply the database update for Bob.,There are incorrect entries for Frank that need patching.,update_database,lexical_cue_reduced,database;update,,,db_write,1,create_ticket,False,7,create_ticket;provision_vm;generate_report;escalate_to_human;update_subscription
123,Kindly save the latest data for Frank to the database.,Frank's profile doesn't reflect the latest info.,update_database,lexical_cue_reduced,database;save,,,db_write,1,update_subscription,False,7,update_subscription;provision_vm;generate_report;reset_password;db_read
124,Kindly write Eve's updated information back to the database.,We need to amend the entry for Frank.,update_database,lexical_cue_reduced,database;write,,,db_write,1,provision_vm,False,9,provision_vm;create_ticket;generate_report;escalate_to_human;update_subscription
125,Kindly persist the changes for Eve.,Please correct Charlie's address in our system.,update_database,lexical_cue_reduced,persist,,,db_write,1,provision_vm,False,9,provision_vm;quarantine_system;generate_report;escalate_to_human;scan_malware
126,Kindly commit the new record for Charlie to the database.,Please correct Bob's address in our system.,update_database,lexical_cue_reduced,commit;database;record,,,db_write,1,provision_vm,False,12,provision_vm;quarantine_system;escalate_to_human;generate_report;send_notification
127,Kindly update the database entry for Frank.,Frank's information has changed and needs correcting.,update_database,lexical_cue_reduced,database;update,,,db_write,1,provision_vm,False,8,provision_vm;escalate_to_human;generate_report;update_subscription;create_ticket
128,Kindly store the revised details for Eve.,The data for Eve is outdated.,update_database,lexical_cue_reduced,store,,,db_write,1,db_write,True,1,db_write;generate_report;db_read;provision_vm;log_audit_event
129,Kindly push Diana's data update into the database.,Please correct Alice's address in our system.,update_database,lexical_cue_reduced,database;push;update,,,db_write,1,escalate_to_human,False,7,escalate_to_human;provision_vm;generate_report;quarantine_system;update_subscription
130,Kindly apply the database update for HR.,The records for Bob are stale -- please fix them.,update_database,lexical_cue_reduced,database;update,,,db_write,1,restart_service,False,3,restart_service;process_refund;db_write;generate_report;db_read
131,"When you have a moment, save the latest data for Diana to the database.",Frank's file needs to reflect the changes from today.,update_database,lexical_cue_reduced,database;save,,,db_write,1,generate_report,False,4,generate_report;provision_vm;create_ticket;db_write;quarantine_system
132,"When you have a moment, write the updated data for #31450 back to the database.",Please correct Grace's address in our system.,update_database,lexical_cue_reduced,database;write,,,db_write,1,provision_vm,False,11,provision_vm;update_subscription;quarantine_system;escalate_to_human;generate_report
133,"When you have a moment, persist the changes for Bob.",We got new details for Grace that need to go into the system.,update_database,lexical_cue_reduced,persist,,,db_write,1,provision_vm,False,9,provision_vm;quarantine_system;generate_report;send_notification;escalate_to_human
603,update Diana's subscription plan.,Grace's agreement needs to reflect the new pricing.,update_subscription,lexical_cue_reduced,plan;subscription,,,update_subscription,9,update_subscription,True,1,update_subscription;provision_vm;create_ticket;generate_report;process_refund
604,change Diana's billing tier.,Eve wants to change their service level.,update_subscription,lexical_cue_reduced,billing;tier,,,update_subscription,9,provision_vm,False,5,provision_vm;restart_service;process_refund;quarantine_system;update_subscription
605,switch Bob to a different plan.,Frank is requesting more capacity.,update_subscription,lexical_cue_reduced,plan,,,update_subscription,9,provision_vm,False,4,provision_vm;create_ticket;generate_report;update_subscription;escalate_to_human
606,modify Bob's subscription.,Eve's agreement needs to reflect the new pricing.,update_subscription,lexical_cue_reduced,modify;subscription,,,update_subscription,9,update_subscription,True,1,update_subscription;generate_report;provision_vm;create_ticket;process_refund
607,adjust Frank's account plan.,Charlie is requesting more capacity.,update_subscription,lexical_cue_reduced,adjust;plan,,,update_subscription,9,provision_vm,False,8,provision_vm;quarantine_system;generate_report;send_notification;create_ticket
608,move Frank to the new billing plan.,Bob asked to be moved to a different package.,update_subscription,lexical_cue_reduced,billing;plan,,,update_subscription,9,provision_vm,False,7,provision_vm;escalate_to_human;create_ticket;process_refund;quarantine_system
609,revise Alice's subscription tier.,Please move Charlie to the appropriate package.,update_subscription,lexical_cue_reduced,subscription;tier,,,update_subscription,9,quarantine_system,False,8,quarantine_system;provision_vm;escalate_to_human;generate_report;process_refund
610,change the plan on Grace's account.,The contract terms for Charlie have changed.,update_subscription,lexical_cue_reduced,plan,,,update_subscription,9,update_subscription,True,1,update_subscription;provision_vm;create_ticket;process_refund;generate_report
611,Please update Grace's subscription plan.,The contract terms for Grace have changed.,update_subscription,lexical_cue_reduced,plan;subscription,,,update_subscription,9,update_subscription,True,1,update_subscription;reset_password;provision_vm;create_ticket;process_refund
612,Please change Grace's billing tier.,Bob's service needs don't match what they're paying for.,update_subscription,lexical_cue_reduced,billing;tier,,,update_subscription,9,process_refund,False,7,process_refund;check_status;provision_vm;restart_service;create_ticket
613,Please switch Alice to a different plan.,Frank's current plan doesn't match their needs.,update_subscription,lexical_cue_reduced,,,,update_subscription,9,update_subscription,True,1,update_subscription;provision_vm;create_ticket;generate_report;escalate_to_human
614,Please modify Grace's subscription.,The contract terms for Diana have changed.,update_subscription,lexical_cue_reduced,modify;subscription,,,update_subscription,9,update_subscription,True,1,update_subscription;provision_vm;generate_report;create_ticket;process_refund
615,Please adjust Diana's account plan.,Charlie wants fewer features and a lower cost.,update_subscription,lexical_cue_reduced,adjust;plan,,,update_subscription,9,provision_vm,False,2,provision_vm;update_subscription;create_ticket;generate_report;process_refund
616,Please move Bob to the new billing plan.,Charlie's current plan doesn't match their needs.,update_subscription,lexical_cue_reduced,billing,,,update_subscription,9,update_subscription,True,1,update_subscription;generate_report;provision_vm;process_refund;create_ticket
617,Please revise Bob's subscription tier.,Eve is requesting more capacity.,update_subscription,lexical_cue_reduced,subscription;tier,,,update_subscription,9,generate_report,False,8,generate_report;send_notification;provision_vm;escalate_to_human;quarantine_system
618,Please change the plan on Frank's account.,Bob wants fewer features and a lower cost.,update_subscription,lexical_cue_reduced,plan,,,update_subscription,9,provision_vm,False,3,provision_vm;create_ticket;update_subscription;process_refund;generate_report
619,Can you update Eve's subscription plan?,Please move Grace to the appropriate package.,update_subscription,lexical_cue_reduced,plan;subscription,,,update_subscription,9,update_subscription,True,1,update_subscription;provision_vm;escalate_to_human;quarantine_system;generate_report
620,Can you change Diana's billing tier?,Eve needs a different tier.,update_subscription,lexical_cue_reduced,billing,,,update_subscription,9,update_subscription,True,1,update_subscription;generate_report;provision_vm;send_notification;quarantine_system
621,Can you switch Alice to a different plan?,Frank wants fewer features and a lower cost.,update_subscription,lexical_cue_reduced,plan,,,update_subscription,9,provision_vm,False,2,provision_vm;update_subscription;create_ticket;generate_report;escalate_to_human
622,Can you modify Eve's subscription?,Please move Frank to the appropriate package.,update_subscription,lexical_cue_reduced,modify;subscription,,,update_subscription,9,provision_vm,False,6,provision_vm;escalate_to_human;create_ticket;quarantine_system;generate_report
623,Can you adjust Bob's account plan?,Grace asked to be moved to a different package.,update_subscription,lexical_cue_reduced,adjust;plan,,,update_subscription,9,update_subscription,True,1,update_subscription;provision_vm;create_ticket;escalate_to_human;reset_password
624,Can you move Grace to the new billing plan?,Charlie asked to be moved to a different package.,update_subscription,lexical_cue_reduced,billing;plan,,,update_subscription,9,provision_vm,False,7,provision_vm;quarantine_system;escalate_to_human;create_ticket;process_refund
625,Can you revise Alice's subscription tier?,Alice's service needs don't match what they're paying for.,update_subscription,lexical_cue_reduced,subscription;tier,,,update_subscription,9,escalate_to_human,False,2,escalate_to_human;update_subscription;provision_vm;generate_report;process_refund
626,Can you change the plan on Diana's account?,Diana's current plan doesn't match their needs.,update_subscription,lexical_cue_reduced,,,,update_subscription,9,update_subscription,True,1,update_subscription;generate_report;process_refund;provision_vm;create_ticket
627,Could you update Bob's subscription plan for me?,Eve wants fewer features and a lower cost.,update_subscription,lexical_cue_reduced,plan;subscription,,,update_subscription,9,provision_vm,False,2,provision_vm;update_subscription;generate_report;create_ticket;db_write
628,Could you change Grace's billing tier for me?,The contract terms for Bob have changed.,update_subscription,lexical_cue_reduced,billing;tier,,,update_subscription,9,provision_vm,False,2,provision_vm;update_subscription;create_ticket;process_refund;escalate_to_human
629,Could you switch Eve to a different plan for me?,Alice is requesting more capacity.,update_subscription,lexical_cue_reduced,plan,,,update_subscription,9,escalate_to_human,False,5,escalate_to_human;provision_vm;create_ticket;generate_report;update_subscription
630,Could you modify Eve's subscription for me?,Alice needs a different tier.,update_subscription,lexical_cue_reduced,modify;subscription,,,update_subscription,9,update_subscription,True,1,update_subscription;escalate_to_human;provision_vm;send_notification;process_refund
631,Could you adjust Eve's account plan for me?,Frank's agreement needs to reflect the new pricing.,update_subscription,lexical_cue_reduced,adjust;plan,,,update_subscription,9,update_subscription,True,1,update_subscription;provision_vm;create_ticket;generate_report;process_refund
632,Could you move Charlie to the new billing plan for me?,Bob's current plan doesn't match their needs.,update_subscription,lexical_cue_reduced,billing,,,update_subscription,9,update_subscription,True,1,update_subscription;provision_vm;process_refund;create_ticket;generate_report
633,Could you revise Grace's subscription tier for me?,Grace wants to change their service level.,update_subscription,lexical_cue_reduced,subscription;tier,,,update_subscription,9,update_subscription,True,1,update_subscription;restart_service;provision_vm;process_refund;quarantine_system
634,Could you change the plan on Diana's account for me?,Alice wants fewer features and a lower cost.,update_subscription,lexical_cue_reduced,plan,,,update_subscription,9,update_subscription,True,1,update_subscription;provision_vm;create_ticket;escalate_to_human;generate_report
635,I need you to update Eve's subscription plan.,Diana's agreement needs to reflect the new pricing.,update_subscription,lexical_cue_reduced,plan;subscription,,,update_subscription,9,update_subscription,True,1,update_subscription;generate_report;provision_vm;create_ticket;process_refund
636,I need you to change Grace's billing tier.,Diana needs a different tier.,update_subscription,lexical_cue_reduced,billing,,,update_subscription,9,update_subscription,True,1,update_subscription;process_refund;escalate_to_human;generate_report;provision_vm
637,I need you to switch Frank to a different plan.,Bob's agreement needs to reflect the new pricing.,update_subscription,lexical_cue_reduced,plan,,,update_subscription,9,update_subscription,True,1,update_subscription;create_ticket;provision_vm;process_refund;generate_report
638,I need you to modify Eve's subscription.,Alice asked to be moved to a different package.,update_subscription,lexical_cue_reduced,modify;subscription,,,update_subscription,9,escalate_to_human,False,5,escalate_to_human;provision_vm;create_ticket;generate_report;update_subscription
639,I need you to adjust Diana's account plan.,Grace's service needs don't match what they're paying for.,update_subscription,lexical_cue_reduced,adjust;plan,,,update_subscription,9,update_subscription,True,1,update_subscription;process_refund;create_ticket;check_status;provision_vm
640,I need you to move Grace to the new billing plan.,Eve's service needs don't match what they're paying for.,update_subscription,lexical_cue_reduced,billing;plan,,,update_subscription,9,generate_report,False,5,generate_report;process_refund;provision_vm;check_status;update_subscription
641,I need you to revise Eve's subscription tier.,Please move Eve to the appropriate package.,update_subscription,lexical_cue_reduced,subscription;tier,,,update_subscription,9,provision_vm,False,8,provision_vm;generate_report;quarantine_system;escalate_to_human;send_notification
642,I need you to change the plan on Diana's account.,Alice wants to change their service level.,update_subscription,lexical_cue_reduced,plan,,,update_subscription,9,provision_vm,False,2,provision_vm;update_subscription;process_refund;escalate_to_human;quarantine_system
643,We should update Bob's subscription plan.,Diana's service needs don't match what they're paying for.,update_subscription,lexical_cue_reduced,plan;subscription,,,update_subscription,9,process_refund,False,9,process_refund;generate_report;check_status;db_write;db_read
644,We should change Frank's billing tier.,Frank needs a different tier.,update_subscription,lexical_cue_reduced,billing,,,update_subscription,9,update_subscription,True,1,update_subscription;provision_vm;escalate_to_human;quarantine_system;create_ticket
645,We should switch Grace to a different plan.,Alice's agreement needs to reflect the new pricing.,update_subscription,lexical_cue_reduced,plan,,,update_subscription,9,update_subscription,True,1,update_subscription;create_ticket;escalate_to_human;provision_vm;generate_report
646,We should modify Diana's subscription.,Frank's service needs don't match what they're paying for.,update_subscription,lexical_cue_reduced,modify;subscription,,,update_subscription,9,create_ticket,False,4,create_ticket;provision_vm;process_refund;update_subscription;check_status
647,We should adjust Diana's account plan.,Diana is requesting more capacity.,update_subscription,lexical_cue_reduced,adjust;plan,,,update_subscription,9,generate_report,False,10,generate_report;escalate_to_human;provision_vm;create_ticket;process_refund
648,We should move Charlie to the new billing plan.,Diana asked to be moved to a different package.,update_subscription,lexical_cue_reduced,billing;plan,,,update_subscription,9,provision_vm,False,8,provision_vm;escalate_to_human;generate_report;process_refund;create_ticket
649,We should revise Grace's subscription tier.,Bob needs a different tier.,update_subscription,lexical_cue_reduced,subscription,,,update_subscription,9,update_subscription,True,1,update_subscription;process_refund;provision_vm;quarantine_system;send_notification
650,We should change the plan on Bob's account.,Charlie's agreement needs to reflect the new pricing.,update_subscription,lexical_cue_reduced,plan,,,update_subscription,9,update_subscription,True,1,update_subscription;provision_vm;generate_report;create_ticket;process_refund
651,Let's update Grace's subscription plan.,Charlie's service needs don't match what they're paying for.,update_subscription,lexical_cue_reduced,plan;subscription,,,update_subscription,9,process_refund,False,8,process_refund;generate_report;check_status;provision_vm;quarantine_system
652,Let's change Frank's billing tier.,Please move Alice to the appropriate package.,update_subscription,lexical_cue_reduced,billing;tier,,,update_subscription,9,escalate_to_human,False,4,escalate_to_human;provision_vm;generate_report;update_subscription;create_ticket
653,Let's switch Charlie to a different plan.,The contract terms for Alice have changed.,update_subscription,lexical_cue_reduced,plan,,,update_subscription,9,update_subscription,True,1,update_subscription;escalate_to_human;provision_vm;create_ticket;generate_report
654,Let's modify Grace's subscription.,Grace is requesting more capacity.,update_subscription,lexical_cue_reduced,modify;subscription,,,update_subscription,9,update_subscription,True,1,update_subscription;provision_vm;create_ticket;escalate_to_human;generate_report
655,Let's adjust Grace's account plan.,Charlie wants to change their service level.,update_subscription,lexical_cue_reduced,adjust;plan,,,update_subscription,9,process_refund,False,5,process_refund;quarantine_system;provision_vm;restart_service;update_subscription
656,Let's move Eve to the new billing plan.,Please move Diana to the appropriate package.,update_subscription,lexical_cue_reduced,billing;plan,,,update_subscription,9,provision_vm,False,7,provision_vm;escalate_to_human;generate_report;quarantine_system;process_refund
657,Let's revise Diana's subscription tier.,Grace needs a different tier.,update_subscription,lexical_cue_reduced,subscription,,,update_subscription,9,update_subscription,True,1,update_subscription;reset_password;provision_vm;quarantine_system;process_refund
658,Let's change the plan on Charlie's account.,Diana wants fewer features and a lower cost.,update_subscription,lexical_cue_reduced,plan,,,update_subscription,9,provision_vm,False,3,provision_vm;create_ticket;update_subscription;generate_report;db_write
659,Kindly update Diana's subscription plan.,Charlie needs a different tier.,update_subscription,lexical_cue_reduced,plan;subscription,,,update_subscription,9,update_subscription,True,1,update_subscription;quarantine_system;provision_vm;process_refund;send_notification
660,Kindly change Alice's billing tier.,The contract terms for Frank have changed.,update_subscription,lexical_cue_reduced,billing;tier,,,update_subscription,9,update_subscription,True,1,update_subscription;provision_vm;create_ticket;generate_report;escalate_to_human
661,Kindly switch Frank to a different plan.,Frank wants to change their service level.,update_subscription,lexical_cue_reduced,plan,,,update_subscription,9,provision_vm,False,2,provision_vm;update_subscription;quarantine_system;process_refund;restart_service
662,Kindly modify Bob's subscription.,Bob wants to change their service level.,update_subscription,lexical_cue_reduced,modify;subscription,,,update_subscription,9,process_refund,False,5,process_refund;restart_service;provision_vm;quarantine_system;update_subscription
663,Kindly adjust Charlie's account plan.,Grace wants fewer features and a lower cost.,update_subscription,lexical_cue_reduced,adjust;plan,,,update_subscription,9,update_subscription,True,1,update_subscription;provision_vm;create_ticket;reset_password;generate_report
664,Kindly move Charlie to the new billing plan.,Bob is requesting more capacity.,update_subscription,lexical_cue_reduced,billing;plan,,,update_subscription,9,provision_vm,False,8,provision_vm;create_ticket;send_notification;process_refund;quarantine_system
665,Kindly revise Charlie's subscription tier.,Eve's current plan doesn't match their needs.,update_subscription,lexical_cue_reduced,subscription;tier,,,update_subscription,9,update_subscription,True,1,update_subscription;generate_report;provision_vm;send_notification;process_refund
666,Kindly change the plan on Eve's account.,Please move Bob to the appropriate package.,update_subscription,lexical_cue_reduced,plan,,,update_subscription,9,provision_vm,False,8,provision_vm;escalate_to_human;quarantine_system;send_notification;create_ticket
667,"When you have a moment, update Alice's subscription plan.",Eve asked to be moved to a different package.,update_subscription,lexical_cue_reduced,plan;subscription,,,update_subscription,9,provision_vm,False,7,provision_vm;generate_report;escalate_to_human;quarantine_system;db_write
668,"When you have a moment, change Bob's billing tier.",Grace's current plan doesn't match their needs.,update_subscription,lexical_cue_reduced,billing;tier,,,update_subscription,9,update_subscription,True,1,update_subscription;reset_password;provision_vm;generate_report;create_ticket
669,"When you have a moment, switch Bob to a different plan.",The contract terms for Eve have changed.,update_subscription,lexical_cue_reduced,plan,,,update_subscription,9,update_subscription,True,1,update_subscription;provision_vm;generate_report;create_ticket;process_refund
