{
  "seeds": [
    42,
    43,
    44,
    45,
    46
  ],
  "mode": "train_eval",
  "per_seed": [
    {
      "seed": 42,
      "checkpoint": "checkpoints\\seed_42\\best_model.pt",
      "metrics": {
        "tool_set_f1": 0.9962718505123569,
        "mean_ged_error": 0.31240506329113926,
        "recall@1": 0.8817721605300903,
        "recall@3": 0.9924050569534302,
        "recall@5": 0.9924050569534302
      },
      "baselines": {
        "S-BERT": {
          "tool_set_f1": 0.4667941805030413,
          "mean_ged_error": 4.049620253164557,
          "recall@1": 0.058101266622543335,
          "recall@3": 0.1374683529138565,
          "recall@5": 0.1940506398677826
        },
        "BM25": {
          "tool_set_f1": 0.17468354430379746,
          "mean_ged_error": 4.518987341772152,
          "recall@1": 0.0,
          "recall@3": 0.0,
          "recall@5": 0.012658228166401386
        }
      }
    },
    {
      "seed": 43,
      "checkpoint": "checkpoints\\seed_43\\best_model.pt",
      "metrics": {
        "tool_set_f1": 0.9945512265512265,
        "mean_ged_error": 0.39896103896103896,
        "recall@1": 0.8266233801841736,
        "recall@3": 0.9896103739738464,
        "recall@5": 0.9948052167892456
      },
      "baselines": {
        "S-BERT": {
          "tool_set_f1": 0.4461148966473642,
          "mean_ged_error": 4.070909090909091,
          "recall@1": 0.037012986838817596,
          "recall@3": 0.08961039036512375,
          "recall@5": 0.14233766496181488
        },
        "BM25": {
          "tool_set_f1": 0.19356833642547927,
          "mean_ged_error": 4.636363636363637,
          "recall@1": 0.0,
          "recall@3": 0.0,
          "recall@5": 0.0
        }
      }
    },
    {
      "seed": 44,
      "checkpoint": "checkpoints\\seed_44\\best_model.pt",
      "metrics": {
        "tool_set_f1": 0.9940514069264069,
        "mean_ged_error": 0.4115,
        "recall@1": 0.8454999923706055,
        "recall@3": 0.9925000071525574,
        "recall@5": 1.0
      },
      "baselines": {
        "S-BERT": {
          "tool_set_f1": 0.46288258269508264,
          "mean_ged_error": 4.211375,
          "recall@1": 0.04324999824166298,
          "recall@3": 0.11100000143051147,
          "recall@5": 0.16249999403953552
        },
        "BM25": {
          "tool_set_f1": 0.17834325396825398,
          "mean_ged_error": 4.85,
          "recall@1": 0.0,
          "recall@3": 0.0,
          "recall@5": 0.0
        }
      }
    },
    {
      "seed": 45,
      "checkpoint": "checkpoints\\seed_45\\best_model.pt",
      "metrics": {
        "tool_set_f1": 0.9950131492439185,
        "mean_ged_error": 0.35807692307692307,
        "recall@1": 0.861923098564148,
        "recall@3": 0.995769202709198,
        "recall@5": 0.9974358677864075
      },
      "baselines": {
        "S-BERT": {
          "tool_set_f1": 0.451043828678444,
          "mean_ged_error": 4.217435897435897,
          "recall@1": 0.03602563962340355,
          "recall@3": 0.11384615302085876,
          "recall@5": 0.17320512235164642
        },
        "BM25": {
          "tool_set_f1": 0.16283068783068783,
          "mean_ged_error": 4.884615384615385,
          "recall@1": 0.012820512987673283,
          "recall@3": 0.012820512987673283,
          "recall@5": 0.012820512987673283
        }
      }
    },
    {
      "seed": 46,
      "checkpoint": "checkpoints\\seed_46\\best_model.pt",
      "metrics": {
        "tool_set_f1": 0.9930101291205187,
        "mean_ged_error": 0.5737662337662338,
        "recall@1": 0.7841558456420898,
        "recall@3": 0.9850649237632751,
        "recall@5": 0.9896103739738464
      },
      "baselines": {
        "S-BERT": {
          "tool_set_f1": 0.4581546137844839,
          "mean_ged_error": 4.118701298701299,
          "recall@1": 0.04688311740756035,
          "recall@3": 0.12454545497894287,
          "recall@5": 0.18610389530658722
        },
        "BM25": {
          "tool_set_f1": 0.14558853844568131,
          "mean_ged_error": 4.675324675324675,
          "recall@1": 0.012987012974917889,
          "recall@3": 0.012987012974917889,
          "recall@5": 0.012987012974917889
        }
      }
    }
  ],
  "aggregated_mean_std": {
    "LEGR": {
      "tool_set_f1": {
        "mean": 0.9945795524708855,
        "std": 0.0012036100437129,
        "n": 5
      },
      "mean_ged_error": {
        "mean": 0.41094185181906706,
        "std": 0.0989442142660668,
        "n": 5
      },
      "recall@1": {
        "mean": 0.8399948954582215,
        "std": 0.037260196475083246,
        "n": 5
      },
      "recall@3": {
        "mean": 0.9910699129104614,
        "std": 0.004003162884975478,
        "n": 5
      },
      "recall@5": {
        "mean": 0.9948513031005859,
        "std": 0.004081747072311855,
        "n": 5
      }
    },
    "S-BERT": {
      "tool_set_f1": {
        "mean": 0.4569980204616832,
        "std": 0.008453184549304325,
        "n": 5
      },
      "mean_ged_error": {
        "mean": 4.133608308042169,
        "std": 0.07791361761647017,
        "n": 5
      },
      "recall@1": {
        "mean": 0.04425460174679756,
        "std": 0.008941549852603108,
        "n": 5
      },
      "recall@3": {
        "mean": 0.11529407054185867,
        "std": 0.01773043876231824,
        "n": 5
      },
      "recall@5": {
        "mean": 0.17163946330547333,
        "std": 0.020347341355237043,
        "n": 5
      }
    },
    "BM25": {
      "tool_set_f1": {
        "mean": 0.17100287219478,
        "std": 0.01795342366300022,
        "n": 5
      },
      "mean_ged_error": {
        "mean": 4.71305820761517,
        "std": 0.1526059444856965,
        "n": 5
      },
      "recall@1": {
        "mean": 0.005161505192518234,
        "std": 0.007067927207035692,
        "n": 5
      },
      "recall@3": {
        "mean": 0.005161505192518234,
        "std": 0.007067927207035692,
        "n": 5
      },
      "recall@5": {
        "mean": 0.007693150825798511,
        "std": 0.007023815762248479,
        "n": 5
      }
    }
  }
}